FIPS,Actual,LR_Prediction,RF_Prediction,XGB_Prediction,Stacking_Prediction,Outer_Fold
01001,38.4,38.54291328595193,38.566999999999986,38.03654,38.20923430363983,1
01029,39.4,40.021657062617216,39.55399999999999,40.147243,40.09276485376859,1
01035,44.7,44.435120938935896,44.765000000000015,44.79805,45.05360560811151,1
01045,44.3,40.705231321207144,39.669000000000004,39.9238,40.04834628504509,1
01051,36.4,38.83415591257562,37.34199999999998,38.539146,38.330954499074885,1
01059,39.6,41.49701349465232,39.904,40.918232,40.89759951602403,1
01061,38.2,41.020704336327626,40.82900000000001,40.722843,40.90209462183588,1
01063,51.0,48.35731502610372,48.93999999999999,49.00274,49.41278264534199,1
01065,44.4,44.9757183562107,44.52800000000002,45.299637,45.42226618363013,1
01087,47.7,44.9457684095284,47.732000000000006,47.132896,47.40359021656932,1
01089,35.7,35.892740787411725,37.20599999999999,36.459316,36.46870349132612,1
01091,46.1,44.81393271458458,44.83800000000003,44.91686,45.2010891200429,1
01097,42.2,41.669185040418206,40.184999999999995,40.842762,40.9280324925941,1
01103,38.7,39.27231779676007,39.117999999999995,38.45684,38.717155579643254,1
01105,50.0,46.85180463947768,48.95000000000002,47.998558,48.51931584492697,1
01113,46.9,44.04156690166496,43.57200000000001,44.258335,44.364475301008504,1
01127,42.9,40.2747967279965,40.30800000000001,40.391357,40.46088051770783,1
02013,30.9,25.497284484505577,31.782999999999998,31.518904,30.496550949407705,1
02020,29.6,31.5108165346608,30.98899999999999,30.800032,30.585163806732496,1
02050,41.5,40.37736864987,38.199999999999996,39.13006,39.12921310776437,1
02066,32.6,36.436349319934905,37.46,36.444412,36.58300398570077,1
02090,32.1,34.86146071143236,36.27099999999998,37.648403,36.96651784891007,1
02122,32.0,34.497578925166295,35.03,34.241394,34.26085142086666,1
02185,40.7,31.921107494255118,35.863000000000014,34.563854,34.3407097679496,1
02188,38.0,38.88778000183274,37.59399999999999,38.144096,38.11594063312355,1
02240,37.3,36.490564235360466,37.977999999999994,37.91358,37.73291293709968,1
04011,32.5,37.625607679624395,37.86499999999999,38.126884,38.00231729502044,1
04021,38.9,36.13780440089499,35.06000000000002,35.548134,35.39229717191983,1
04027,42.3,37.99107179739365,39.99100000000001,37.7605,38.2566145965466,1
05017,44.6,45.77796519246344,44.863000000000014,45.197792,45.526270651780855,1
05025,41.0,38.98266782745284,39.62299999999999,39.673756,39.64360471921538,1
05045,37.8,39.07935108944457,39.13500000000002,39.251877,39.25357008360512,1
05047,40.1,40.42877596739732,39.097999999999985,39.546627,39.6239800553769,1
05055,37.6,39.69562725180944,40.174000000000014,39.84162,39.97248800809078,1
05059,38.6,39.82939853225815,40.82900000000001,40.590492,40.65757452097876,1
05065,36.9,39.42551965957913,39.096,37.966118,38.38789161159304,1
05075,41.5,40.613839676879806,40.14700000000002,41.231342,41.057673795460516,1
05081,38.9,41.19153151377786,39.63499999999999,40.359642,40.40836391617685,1
05101,39.5,38.73850437295406,38.496000000000016,38.231842,38.355530366394134,1
05109,37.1,40.36807491004592,39.58700000000001,40.853554,40.639190091312464,1
05117,38.3,39.027726129644776,39.435,39.400578,39.416779780712766,1
05123,44.5,45.36460232660518,45.00000000000001,44.97391,45.346623737913994,1
05125,37.2,37.575891661419675,37.475,38.196007,37.95921537091355,1
05127,38.4,40.251923915904854,38.903000000000006,38.310165,38.692145872275304,1
05129,40.8,40.33101651124363,40.07599999999999,39.03206,39.464547563230155,1
05131,35.9,38.842982877039695,39.94299999999999,39.376484,39.48736363802857,1
05133,41.5,41.63731317747529,40.95000000000002,40.83354,41.084672711288135,1
05143,33.5,36.60462518958286,36.095000000000006,36.400856,36.275637266616805,1
05145,40.4,39.74753347551525,40.57400000000001,40.31993,40.401775941119574,1
06003,29.9,26.616803507800352,29.248999999999988,28.738735,28.136685729427604,1
06011,32.2,38.47318937042841,40.067000000000014,40.37151,40.16481716811713,1
06015,33.8,37.60153433909012,39.135999999999996,37.37012,37.74652900611999,1
06019,39.0,35.92526160576408,34.16999999999997,34.610645,34.51361463143967,1
06033,30.7,36.9895616607639,34.723,35.110043,35.12007550731198,1
06049,30.0,37.210828057376375,35.302,33.91177,34.434851778612746,1
06055,28.7,29.183243616755735,27.932000000000027,27.821741,27.533051042374023,1
06063,29.1,34.40797376813934,32.84500000000001,32.197815,32.339540521821114,1
06093,32.9,36.58238263197551,36.333999999999996,34.45927,34.964076278095824,1
06105,32.4,34.273311008114725,36.977999999999994,34.83196,35.07190436500598,1
06107,38.0,39.18145125827127,38.37299999999998,36.80924,37.38790328765715,1
08003,31.9,37.75663494661136,37.465000000000025,38.227818,38.002351084325205,1
08013,18.6,30.374354570547556,24.731999999999985,25.453331,25.325396827789,1
08017,27.6,38.191971507170464,37.57,38.061523,37.96418461533769,1
08021,30.5,39.731640464143055,38.01100000000001,39.012707,38.9234035677519,1
08023,33.7,37.57103502839566,35.10300000000001,35.80358,35.763314153082185,1
08041,28.1,34.739451467582256,35.14499999999999,35.021023,34.86327028183553,1
08049,24.9,29.347815318622096,26.858,24.326305,24.8692084006242,1
08067,24.8,33.00062552979957,30.51700000000001,28.934816,29.36437682695763,1
08073,30.3,38.53974754515933,38.254,38.273804,38.30674536927203,1
08087,31.3,38.0421730987731,38.07599999999999,37.932465,37.96520746839281,1
08091,24.8,27.751724069836676,28.234000000000005,27.548092,27.22488065654508,1
08101,31.4,37.03795357798548,38.091,37.212666,37.33602499035632,1
08105,26.4,37.08372347656413,38.39499999999999,37.23241,37.42212345504461,1
08107,24.4,29.352386884552196,26.204,26.78592,26.450946709695668,1
10001,39.3,38.24162766222065,35.47399999999999,36.703514,36.56061002086728,1
12001,33.0,36.47692205045517,35.056999999999995,34.991566,35.04471263383,1
12003,37.6,39.62276224086235,38.55500000000001,39.39032,39.29309353546977,1
12011,31.8,36.2853028565717,33.19,33.88768,33.83857168339994,1
12017,34.5,35.9236959135655,35.274,35.109802,35.10453777842191,1
12019,35.6,35.794309480280205,35.506000000000014,36.359615,36.01480690339744,1
12023,38.3,39.68469695773531,39.148,39.58735,39.56866872266388,1
12027,44.2,40.66326246303544,40.39400000000001,40.327953,40.484712526641765,1
12039,44.3,43.9559289603862,44.067000000000014,44.73497,44.795827767394925,1
12041,36.9,39.04114975386193,38.518999999999984,38.827583,38.81669148748459,1
12063,42.7,41.12759274583982,41.603,41.352478,41.52618155380807,1
12069,34.8,35.16929836351796,34.16700000000004,34.690174,34.47240993046982,1
12085,27.6,33.36334983657459,31.107999999999993,31.706509,31.482537256808882,1
12097,31.0,36.60516788731851,36.43000000000001,37.8346,37.353888861997646,1
12107,39.8,41.81135047354443,41.466000000000015,39.884014,40.55402410880137,1
12111,34.7,36.8943162196406,34.88300000000002,35.730003,35.57746619540863,1
12115,28.8,31.474517837131433,30.925000000000015,31.096027,30.774033102126836,1
13015,37.8,37.65281263799857,38.583999999999996,38.49398,38.420209489130556,1
13027,42.1,42.818316930539964,42.88999999999998,42.75329,43.00467001360284,1
13047,36.6,37.34587113457147,37.57999999999999,37.86304,37.719467136572746,1
13059,37.0,38.01884465722834,38.111000000000004,36.98592,37.3064043216356,1
13063,45.4,44.223715186146784,43.858999999999995,42.20525,43.011282659760994,1
13065,44.9,43.989834762948874,42.77200000000002,42.83926,43.188375535847214,1
13071,40.4,43.15583888670094,41.41800000000002,41.55893,41.88882699227519,1
13075,40.7,43.620697567800214,41.687000000000005,41.415615,41.906364912351286,1
13083,36.0,37.42837061546812,35.922,34.858463,35.26162465984447,1
13089,33.5,37.886694990624356,34.629999999999995,34.799355,34.996254365541105,1
13103,38.6,38.47710857724068,36.719999999999985,37.886944,37.692397481324754,1
13107,42.7,43.40183801135988,42.179,42.584694,42.805459866886565,1
13109,44.8,44.068580609019065,41.98400000000002,41.878937,42.35307979233132,1
13115,40.1,39.05771801506385,37.79800000000001,38.174458,38.203445792642356,1
13119,36.7,39.41647020274178,39.56100000000001,39.160954,39.325866594536976,1
13121,30.0,34.31201885791042,32.118999999999986,31.644762,31.78101500056492,1
13127,35.9,38.060601088403324,37.929000000000016,37.730133,37.793609235888106,1
13129,40.0,39.193534128946695,40.23500000000002,39.431847,39.63462935176799,1
13141,47.5,43.94302701154685,47.77,47.037575,47.21734864479107,1
13143,33.8,38.76452328633873,38.288000000000004,39.053936,38.88963978967975,1
13157,41.5,37.71346212940143,37.58499999999999,37.627224,37.60208788089694,1
13163,44.2,44.199000715472984,43.246999999999986,43.559902,43.82394647346217,1
13169,39.9,40.25912969566733,39.64099999999999,40.46251,40.363010015467964,1
13185,39.5,43.45882468903932,41.09099999999999,41.675117,41.93740935772403,1
13187,35.1,35.55121626414302,35.64599999999999,31.834913,32.842848060662455,1
13199,40.7,42.61379401641424,41.88799999999999,42.423336,42.52838750799187,1
13201,41.7,41.97555042556832,41.70099999999999,41.742416,41.92893586878895,1
13215,41.7,42.132361897705366,39.946000000000005,41.91513,41.68648306591839,1
13217,42.3,40.33307806849777,38.98,39.214878,39.35346631805247,1
13235,43.5,41.21885123246381,41.04600000000001,41.426086,41.467689745402936,1
13247,44.9,40.64200684727832,40.28000000000002,40.244076,40.39830053496347,1
13257,37.5,40.203857407621264,39.31000000000001,39.348476,39.50276125892239,1
13259,43.2,40.40130546806604,42.711999999999996,39.13228,40.119751749090696,1
13267,46.1,43.78744038865283,42.221,41.10829,41.828872844106236,1
13299,39.5,43.19398500721746,41.91,42.016674,42.32205037094463,1
13301,44.6,44.145818076657804,44.15100000000001,44.83562,44.90892210642914,1
13309,47.5,43.11400903440429,43.21700000000001,42.42347,42.88260318783309,1
13311,35.5,36.0420344285771,36.54,36.09045,36.0836342632914,1
13315,41.5,42.66096376268561,42.937,42.823406,43.04404557236438,1
16001,28.7,34.588794396959514,34.555,34.18136,34.12659454489353,1
16021,30.9,38.455021546727394,39.311,36.863052,37.53805705442446,1
16023,35.7,40.677034953838366,40.198,39.374737,39.77548200013563,1
16027,37.7,38.7785635469815,36.373,35.15372,35.73912273148543,1
16041,33.1,41.69193281370588,36.214000000000006,36.98584,37.35970683010193,1
16043,33.7,39.67595492451077,35.59900000000001,36.61309,36.707246889170605,1
16047,37.4,39.16316235279632,36.54600000000001,35.69642,36.20631944644368,1
16049,32.6,37.56496667567147,36.67699999999999,36.805187,36.808556297776136,1
16057,29.1,36.26142260051514,34.727999999999994,34.05483,34.28876636156016,1
16069,35.5,36.91542052901572,36.85099999999999,36.680683,36.676567282429644,1
16075,37.4,39.44905364261521,37.59600000000001,36.092636,36.749903791211764,1
16077,37.7,40.799381478583285,38.54400000000001,38.135372,38.560913630017865,1
17013,34.6,35.435624918286656,35.98699999999999,36.28872,36.024528022118304,1
17017,38.5,38.54366891515621,39.220000000000006,39.14323,39.12775281824725,1
17021,36.4,38.06647789064194,37.20000000000002,37.27558,37.316443847736814,1
17023,35.0,37.26697559184731,39.17099999999999,39.218388,39.00710145567457,1
17027,35.3,35.29342813034895,36.44999999999999,37.557884,36.99720673831522,1
17029,38.5,38.291164516054536,39.14500000000001,38.70867,38.774596609074564,1
17035,37.2,37.100700924623794,38.636,37.85351,37.91230822474815,1
17045,37.4,37.34470961720796,36.756,37.475277,37.267461200151075,1
17047,37.2,39.187914113275745,39.147999999999996,38.600033,38.8133301194521,1
17049,35.5,36.41904064573209,36.74199999999999,36.9795,36.798975556445036,1
17067,35.1,38.07168668936364,37.136999999999986,38.796955,38.36974642220467,1
17099,36.6,36.036170818002844,36.51,35.856453,35.91231173829103,1
17109,39.3,36.88272411010772,35.91699999999999,36.649036,36.44612796126859,1
17133,32.6,32.92781541844461,32.50900000000001,31.900045,31.86885571539942,1
17165,39.6,39.3357535932673,40.255999999999986,40.034527,40.079782188618104,1
17177,42.1,38.191814488251225,37.93799999999999,37.8423,37.890913455836454,1
17181,37.6,38.079738279119994,38.12999999999999,38.51848,38.39255805785452,1
17183,41.0,40.37568392784933,40.77199999999998,40.63714,40.74740177667287,1
17185,37.6,37.787260094006854,36.85400000000002,35.282314,35.8080927207373,1
17189,35.8,36.91574276464611,38.07899999999998,38.554874,38.2586555629729,1
17195,35.3,37.51898007659226,37.99100000000001,38.076935,37.98125560032967,1
18003,38.3,38.00212354564326,38.222,37.73545,37.85391226282635,1
18007,40.3,39.11795994407035,39.39599999999999,39.073956,39.19080638173978,1
18011,35.5,33.328370945935355,35.42399999999998,36.3022,35.64253188348753,1
18021,42.3,37.568882334984686,39.16199999999999,38.724506,38.69740623580998,1
18031,41.6,37.510713783977096,37.982,37.27899,37.41891857357166,1
18075,42.1,40.10838094146844,40.123,39.79828,39.98353954417271,1
18079,41.8,38.636711237371074,39.81800000000001,40.01003,39.87785719158664,1
18093,39.8,38.93327172885423,39.782999999999994,39.695236,39.68733158403298,1
18109,37.8,36.791530213832914,38.84199999999999,38.35176,38.26718696201928,1
18113,36.5,38.01738209314081,38.28099999999999,37.421635,37.648779136893154,1
18133,39.4,36.98638149558724,37.08600000000002,36.856544,36.86022685096742,1
18139,41.5,38.148125811886615,39.866000000000014,39.717453,39.621028957209745,1
18143,39.5,39.2623431749733,39.71699999999998,39.510468,39.585313473378086,1
18149,40.1,38.310657658108106,39.09,39.48618,39.31005471798813,1
18151,34.1,35.7197170681479,33.48700000000001,35.41996,34.90547588906028,1
18165,40.8,38.94238607963492,39.282999999999994,38.657574,38.85188726104246,1
18173,39.8,35.046706463617355,36.783999999999985,37.848274,37.242311402764805,1
19007,43.3,39.23291217432409,39.46500000000001,39.302246,39.380546507803714,1
19015,38.6,36.90363322508295,38.35599999999998,38.549175,38.31364649387423,1
19017,39.5,36.07401804815471,36.498000000000005,37.87599,37.33010435667433,1
19033,38.4,36.89587006919056,37.42100000000002,37.20286,37.16465030081568,1
19047,44.5,38.92294559434009,38.364000000000004,39.09455,38.95489580070218,1
19055,40.6,37.19244079038513,37.447999999999986,37.632484,37.509470999925355,1
19057,36.6,38.34533230262056,39.60300000000001,38.97733,39.069891083131054,1
19061,41.5,35.82193412837109,37.636999999999986,37.896996,37.561603365170676,1
19071,36.3,36.38620912161107,36.90499999999999,37.27944,37.040655245904304,1
19115,44.8,36.638818478871215,36.696000000000005,35.204018,35.57239680403092,1
19117,41.1,38.06094219131785,38.617000000000004,38.340168,38.371593433253665,1
19151,37.2,38.50608752904532,39.31599999999999,39.265606,39.22972197465022,1
19155,42.6,37.306439534389696,38.60799999999999,38.36704,38.29235307032837,1
19161,41.1,37.03135284190765,38.334000000000024,39.036793,38.66690315566058,1
19165,35.0,36.7179809924429,38.40799999999999,38.733738,38.43072980096668,1
19175,38.1,38.35745301453916,39.77900000000002,39.83271,39.709471894723954,1
19185,39.3,40.377794785876084,38.11800000000001,38.325066,38.54709044980101,1
20013,41.2,39.01616688711211,40.17999999999999,40.360184,40.2507349923702,1
20033,38.7,39.06756631453669,38.332,40.10544,39.67490554243865,1
20039,38.6,37.833213463604366,37.84400000000001,38.647957,38.389418567539735,1
20045,37.7,35.73082958516315,35.11999999999998,35.923264,35.61651422071006,1
20063,40.2,37.41267876447223,34.919000000000004,33.91831,34.38145594704283,1
20091,31.6,32.42098282897127,31.252,31.064152,30.943704834776803,1
20093,43.4,37.296196462202445,37.49400000000001,37.567753,37.48736550076732,1
20097,35.4,37.2622793119162,38.82199999999998,38.766144,38.61324214675506,1
20103,40.1,35.79543295659934,36.84799999999998,37.662476,37.221433876751455,1
20113,35.3,36.24353761919292,35.61899999999999,37.207947,36.69135883703106,1
20119,40.4,37.75120733636763,36.63499999999999,36.96186,36.93292219961715,1
20123,40.1,37.43402979580999,39.239999999999995,38.92784,38.83980007770839,1
20127,40.4,37.33006522199469,39.655999999999985,37.05988,37.60811265360721,1
20163,38.3,38.11006891275581,39.43899999999999,40.308857,39.93741997832849,1
20167,37.0,39.43960381671355,39.74100000000001,39.708412,39.751886409241074,1
20169,37.9,37.58924052984635,37.421000000000014,36.68789,36.89200241757366,1
20177,40.0,38.420234765413035,38.071999999999996,37.191288,37.49296399793757,1
21027,40.1,40.227794317870334,40.72,41.50279,41.323977491673354,1
21035,40.6,37.89033421489876,39.068000000000005,38.480457,38.54674662713539,1
21065,42.2,40.793527190367094,42.606000000000016,42.295322,42.363683179811474,1
21093,38.9,38.38827028491368,38.81200000000001,38.88562,38.83823285046258,1
21103,40.6,39.46525221349789,39.126000000000005,39.340725,39.36303764794468,1
21111,37.2,37.69523219987916,36.38400000000001,37.31923,37.121442235986564,1
21117,34.7,36.98266456017454,37.79099999999999,38.216602,37.9671366712671,1
21125,41.1,40.45544986935145,40.097999999999985,40.80041,40.72473016848331,1
21133,40.6,41.898694788617846,42.745,42.82415,42.90551434775955,1
21151,35.9,38.61881679001882,38.55700000000001,37.98643,38.18159331697547,1
21157,38.5,37.612630472924444,37.21999999999999,38.25591,37.950162585383204,1
21171,39.4,41.57707373446791,41.635,42.450737,42.36025254403108,1
21173,42.3,40.23428048656371,40.84900000000001,40.690285,40.783468205768735,1
21185,34.2,32.80078316196478,33.81199999999999,34.358395,33.86057500248431,1
21189,41.2,42.87198920962211,43.13500000000001,41.853706,42.43448157961808,1
21197,39.7,42.43436334167179,42.107000000000006,41.360023,41.808058185786344,1
21207,40.0,41.63968677586995,41.097000000000016,41.917923,41.87719242758856,1
21209,36.4,37.27496982857026,36.468,37.26491,37.04819046441832,1
21215,36.9,34.72813204901456,36.16999999999998,37.449394,36.787969412982136,1
21217,38.2,39.68793983259549,39.669000000000004,39.821323,39.84693155018458,1
21229,37.4,38.192691479358544,38.963999999999984,39.239132,39.09432779225078,1
21233,38.2,40.1280504141312,40.260000000000005,40.165348,40.27327823544712,1
21235,41.4,42.741848281635775,41.828999999999986,41.4989,41.883825225377805,1
22001,36.8,43.11731639868332,42.029,41.588707,42.038304323185685,1
22009,45.8,44.215690098522316,42.61100000000003,42.68289,43.07235818495519,1
22021,39.1,42.5800960951627,43.10400000000001,42.28072,42.68984085578944,1
22035,51.3,47.36954693279955,49.59100000000005,48.537483,49.103092280955195,1
22037,40.3,40.62073753866976,40.10099999999999,41.247665,41.05994247509508,1
22045,43.4,42.84768904282976,41.160999999999994,41.115223,41.48240114474134,1
22055,34.7,39.68005615386459,39.31,39.57795,39.59688826844893,1
22057,42.7,39.63658748703164,39.65100000000002,39.52133,39.626178207565246,1
22059,39.9,40.24040348560952,40.09099999999999,39.71841,39.93738055812068,1
22081,46.4,44.614154905285744,43.86500000000001,44.834343,44.90518832920221,1
22107,46.6,46.348527255108536,44.58800000000001,45.274376,45.5925391440553,1
22111,43.9,42.06469374546369,42.20399999999999,41.88752,42.15191343169032,1
23019,38.8,36.88033014265972,36.22999999999999,35.74846,35.88295882829017,1
24027,26.9,24.97066537680631,28.14,28.767197,27.704618664289963,1
24039,43.6,40.800854707589025,42.507000000000005,40.65795,41.195270078480775,1
24043,42.3,36.88622520964076,35.63699999999998,36.37556,36.19369763941177,1
25013,35.9,36.54144801486619,35.571,35.205776,35.31539860365646,1
25023,30.2,31.864766933773968,33.42400000000001,34.703915,33.89875364688243,1
25025,28.0,30.98655380374439,31.215,27.28865,28.106467989425465,1
26003,34.7,36.09120439410948,38.26300000000001,38.212936,37.954151028239885,1
26005,31.6,36.33594166045607,37.525000000000006,37.55306,37.36152201357791,1
26009,34.8,35.491700581676106,36.81400000000002,36.82798,36.59037607204964,1
26015,33.8,36.95894243756598,37.758,37.666412,37.57124887255216,1
26023,39.6,38.2988821027496,38.943000000000005,38.87395,38.84729235555948,1
26031,36.8,35.87171401071058,36.696000000000005,35.753517,35.85985397363248,1
26035,42.3,39.448949619938205,39.11600000000001,38.756405,38.94919730602399,1
26037,35.9,35.12425531560655,35.96499999999998,35.856483,35.6770831783204,1
26055,30.8,34.91747915231777,32.983000000000004,32.943142,32.957032555203895,1
26089,31.2,30.395633009530783,27.248999999999995,27.881746,27.580301319010115,1
26093,35.4,32.808504278605625,32.907,33.24752,32.885137554260204,1
26095,39.0,38.62552655535701,38.539,37.874744,38.10022807683749,1
26129,38.3,38.06332830175217,38.35100000000002,38.211758,38.22376365883836,1
26137,34.4,36.68358923238786,37.803,38.054646,37.81813908840798,1
26143,35.4,35.39024871107148,37.60300000000001,36.68969,36.65292580983559,1
26157,39.4,38.72873588462599,39.053000000000004,39.72804,39.524755765232,1
27001,36.2,35.572766789220815,37.489999999999995,37.920486,37.51420879132208,1
27005,39.3,37.14808362803424,38.34399999999998,38.499584,38.30740168068379,1
27019,33.1,32.73070343206061,33.82699999999999,35.625896,34.743380093510005,1
27021,38.1,36.40753215404217,36.63799999999998,35.919323,36.03165426778892,1
27029,39.2,38.00022377457259,37.06000000000003,37.340424,37.322863570363204,1
27033,39.3,37.91126839469987,37.382999999999996,37.169117,37.26203510211132,1
27047,40.6,35.814322017734014,35.18599999999999,35.15493,35.10300884090216,1
27077,38.3,35.01810729811405,36.25499999999998,35.839603,35.71509891424755,1
27087,44.3,40.015460499325684,39.47600000000001,39.62212,39.70684660505891,1
27089,42.2,36.69580142532266,36.92499999999999,37.741817,37.40856321914027,1
27105,40.7,38.270642473221194,38.367,37.965904,38.0813368952954,1
27107,37.9,37.830548823684246,38.91999999999999,38.084457,38.22921538932331,1
27115,38.9,36.73560010796148,36.083,36.46824,36.33693063980027,1
27127,39.0,37.32832027978786,38.77600000000001,37.15348,37.48120810516145,1
27133,37.8,37.391952083606164,36.18499999999999,36.974648,36.79779199135186,1
27141,37.7,35.25485809539689,36.41899999999999,37.106243,36.6689423826718,1
27149,37.9,37.34201980063842,38.44299999999999,37.596092,37.720436357912675,1
27157,33.1,35.77904707840598,38.420999999999985,38.95616,38.469876395224766,1
27173,39.6,37.55278661206289,38.059999999999995,38.10632,38.021236439656775,1
28007,44.4,44.36568513640256,43.473,44.2349,44.36770290385108,1
28011,45.6,47.093662737899095,47.318999999999996,46.910583,47.43111342846273,1
28017,47.3,44.791837335205436,44.16200000000003,44.01003,44.41491793308405,1
28035,43.9,42.48853520644093,41.029999999999994,41.64536,41.7796251354385,1
28037,42.3,42.53606168574986,42.26699999999999,43.389973,43.2788656105455,1
28039,40.4,40.846114326426644,39.59600000000001,39.87426,40.01561446039071,1
28051,53.0,50.44000921759586,50.209,49.51823,50.31670379353269,1
28063,52.2,48.66894002676659,49.79200000000002,48.70167,49.427618241341655,1
28075,39.3,44.189318673733894,44.18000000000004,44.045506,44.36696953644957,1
28085,42.9,43.35301190281299,41.519000000000005,41.619305,41.97833276377286,1
28087,44.1,42.67259458762988,42.519000000000034,42.63117,42.81943949184319,1
28097,45.5,43.743072105006235,44.49000000000003,44.530373,44.71773285796417,1
28101,44.3,43.56118248907019,41.273999999999994,41.834816,42.10237620683876,1
28113,46.1,46.29665363324751,44.39,44.99924,45.34981014017239,1
28115,43.4,41.92863464899264,40.308000000000014,40.52952,40.76839044588183,1
28121,36.3,37.99361320781695,37.757999999999996,38.390667,38.21071106774516,1
28123,45.8,45.450940885166276,41.312000000000005,41.769585,42.30567382246647,1
28125,49.8,48.03919862166606,47.966,48.287914,48.65837299536176,1
28135,45.3,46.011405688308926,45.52800000000001,46.113686,46.34331259284986,1
28137,40.4,41.195261451515236,38.34600000000001,40.37915,40.140849377506385,1
28161,43.1,43.47678458824187,41.635,42.894096,42.913010539425834,1
29003,42.1,38.61261705992659,38.75999999999999,39.26651,39.12243189132874,1
29009,38.4,39.32876099063635,38.47,38.761158,38.79605955247997,1
29061,37.4,40.13314620738018,39.568000000000005,39.78891,39.85885198542649,1
29067,38.7,40.52580561682363,39.053999999999995,40.043327,39.97488669741931,1
29069,43.1,41.75492174606332,40.512,40.778553,40.96540037881098,1
29071,38.8,36.720086225111565,38.75199999999998,38.619736,38.426256893898795,1
29073,38.6,37.39621415017888,37.823,37.97268,37.85582944573976,1
29099,39.1,36.8970567240642,37.34299999999997,37.187817,37.13721150236635,1
29125,38.8,38.19381070085174,40.02499999999999,39.566113,39.555510008639125,1
29139,41.2,38.820669300083516,40.09300000000002,39.762375,39.787788257485936,1
29157,37.3,38.5511804541422,39.41199999999998,38.93792,39.026751832241786,1
29167,42.0,39.58426668777458,39.513000000000005,39.18766,39.35547193509966,1
29173,40.0,38.23730630738274,38.92100000000001,39.34218,39.162845041151634,1
29175,41.6,39.4323893064359,39.946,40.473774,40.33224230137509,1
29179,40.6,40.070942469817155,39.89400000000001,40.35641,40.31995320473757,1
29183,36.1,33.14327197402074,35.05599999999999,35.677788,35.10085956984593,1
29186,36.7,36.82524139359116,38.58999999999997,39.42921,38.97165305136581,1
29195,39.1,39.174896301104255,38.51100000000001,39.0797,39.008701322954664,1
29207,45.2,40.11995112552964,39.87799999999999,40.722622,40.579394919345525,1
29211,40.0,39.899324814585476,39.68900000000001,40.240196,40.17183659825396,1
29223,41.4,40.17405739111308,40.095000000000006,40.107876,40.20279877064928,1
30005,41.4,40.65898960809929,41.18200000000001,41.028984,41.14774376499533,1
30019,31.9,37.83552508790788,36.799,35.612595,36.03373213498821,1
30035,36.2,41.31203434365604,41.885,42.108765,42.141414971451795,1
30051,37.4,39.265393186865616,38.132,37.482853,37.818103478825044,1
30055,34.2,38.610033743083605,37.094999999999985,35.768116,36.30608184696646,1
30059,33.7,35.36825257976291,36.637000000000015,37.915424,37.29821734221726,1
30067,27.7,33.19728638807146,33.69900000000002,32.563675,32.62838264745784,1
31009,39.4,37.83559979519344,37.342999999999996,37.49155,37.46966529661312,1
31017,40.6,38.576961229210376,36.648,37.01531,37.07841175763249,1
31025,38.1,36.26301148332841,38.514999999999986,39.137672,38.67929409344671,1
31037,38.8,38.83933030495938,38.47499999999999,39.43942,39.21023455151419,1
31039,39.7,37.27778801395214,37.575999999999986,36.55152,36.79061224636016,1
31047,41.4,39.05657640801144,37.26599999999999,38.534954,38.339740822808906,1
31049,38.5,36.51448951818336,38.329999999999984,38.684353,38.35314852510382,1
31051,40.5,37.7355237982731,37.16199999999999,36.615017,36.80296132776322,1
31075,36.6,37.20689968957711,36.770999999999994,37.744534,37.44191978179351,1
31087,43.4,38.91994951889382,38.373000000000005,39.164474,39.00549352125357,1
31095,39.9,37.202434756390005,39.59299999999997,38.208282,38.38306076503218,1
31101,37.0,37.8336758740825,38.641999999999996,37.706566,37.90398423029033,1
31111,39.4,37.69337914723953,39.141000000000005,38.376495,38.46473790760331,1
31127,40.9,38.435873824855236,39.1,39.754063,39.51596245903529,1
31139,41.4,38.70672492055758,36.96300000000001,37.719078,37.657079542074534,1
31141,36.4,37.56360777800317,37.26300000000002,37.18834,37.20500219190694,1
31149,41.0,37.75975390332882,38.36400000000001,38.386337,38.31030636057444,1
31153,38.4,35.332617190111,35.45199999999999,35.967155,35.669102322103114,1
31159,41.7,36.57358480492425,37.724999999999994,38.37973,38.01495042553576,1
31169,40.2,37.415851266256844,36.964000000000006,36.685383,36.76829857527108,1
31171,36.9,38.15237127956889,36.302,37.39778,37.21681573914964,1
31181,39.5,38.026652483873626,39.273999999999994,39.776142,39.51733368202594,1
32005,30.5,32.050478353001324,31.16400000000001,29.733887,29.944832703798305,1
32009,35.5,36.18249235953607,35.17400000000002,34.720936,34.84307644154554,1
32027,34.8,37.65015592621825,36.92800000000002,37.52463,37.37854839700641,1
32031,29.8,32.955676195858246,32.26000000000001,31.80031,31.748085410698053,1
33013,30.7,33.14667306069925,31.185000000000006,32.596016,32.09526172064959,1
33015,31.7,29.552894059708734,29.812999999999985,29.464314,29.142520800586443,1
33019,32.3,35.775701314422385,35.228000000000016,34.431408,34.600114731564794,1
34005,32.6,32.03444661774934,31.883000000000017,31.354239,31.23568584760347,1
34017,30.7,29.58833768353343,26.741000000000007,25.299866,25.556696271157897,1
34021,30.7,31.24772952083155,29.25000000000003,29.547295,29.293551767947008,1
34025,29.3,28.811384626593323,27.915,27.749903,27.431613772391096,1
35003,33.0,36.376320038069316,37.71200000000001,37.779324,37.56612766141882,1
35006,38.3,38.973296285749484,40.71499999999999,40.879776,40.72638659916892,1
35023,34.9,39.278333296469974,39.148,39.13365,39.19888740128331,1
35025,35.5,40.47808218924019,40.324999999999996,40.964695,40.89237020060436,1
35031,37.4,40.159429420560166,43.39200000000001,42.55697,42.63806401916261,1
35035,38.8,38.718783049931645,39.97599999999998,37.900253,38.44399157736209,1
35047,35.1,37.131801626527235,40.336,39.91204,39.73066676283139,1
35049,23.1,32.48173928012882,29.86700000000001,27.075005,27.85261387959123,1
35057,34.8,38.855399308383426,39.50000000000001,39.85534,39.72779675758051,1
36021,33.0,33.61175518001582,31.558000000000003,30.26713,30.60357920352839,1
36025,35.9,36.462026125920666,35.269999999999996,35.1572,35.20545968130432,1
36043,37.8,36.918763271547014,36.819999999999986,37.01388,36.90377435443293,1
36047,26.9,34.50113132801478,32.39299999999997,31.037851,31.439563461026793,1
36083,34.6,34.36847917194551,34.731,34.562756,34.40432915091166,1
36091,32.1,32.123270191523055,30.105000000000018,32.087727,31.372620793556806,1
36101,36.6,37.62068131649921,37.958000000000006,38.335453,38.16820747416894,1
36107,35.2,36.69333429950162,37.297999999999995,36.77501,36.812071187188586,1
36115,36.0,36.63840631365478,37.634000000000015,37.19244,37.17109277728728,1
37013,38.3,39.524462944763194,39.431000000000004,40.286385,40.10008576653919,1
37057,34.5,38.77692730438693,37.401,37.858124,37.85919485330361,1
37059,34.0,36.17800803508171,35.861999999999995,34.743366,35.008565162418805,1
37065,40.5,44.69204164114122,44.449000000000005,45.495472,45.50613922373303,1
37071,36.5,38.910317801290375,37.796000000000014,38.36092,38.314933524255956,1
37077,37.5,39.460102964836,38.23500000000001,38.224834,38.38550377008411,1
37085,39.4,40.36299686689959,39.383,38.94574,39.2566861100458,1
37087,31.5,36.47157843079286,35.802000000000014,34.309315,34.72860144067458,1
37109,33.2,35.67321319890866,36.80700000000002,37.32105,36.95758361954717,1
37117,38.5,41.90149281996714,42.769000000000005,42.42906,42.634178405799766,1
37131,40.3,42.98153576704159,43.64100000000001,44.335262,44.29844772394341,1
37135,26.3,32.44694318154262,29.572000000000003,28.073122,28.483349474920907,1
37149,32.2,34.98186537496695,35.59000000000001,35.940685,35.636024088590055,1
37165,41.1,42.64260328694647,42.46699999999999,42.398174,42.64093951396633,1
37169,33.1,37.132543308397366,37.473,38.682407,38.24324653688101,1
37189,33.7,34.77167969777649,35.74699999999998,32.90298,33.51428125639795,1
38005,42.1,42.76664759165045,42.72500000000001,42.16712,42.55116086707969,1
38021,38.4,38.99662690105425,39.382,39.035667,39.14545373828581,1
38033,40.9,38.78237715358301,35.976,35.714993,36.04628143511059,1
38045,37.6,36.3417200579072,36.309,36.218594,36.16115358570406,1
38051,40.9,35.382290419314934,35.691,36.509144,36.107560677815435,1
38059,35.8,37.150908748844756,38.819,38.8098,38.62900040034575,1
38063,39.2,35.92786306827442,36.141999999999996,36.02518,35.936372102380545,1
38065,40.0,36.90858410962212,36.371,36.060417,36.136035115976505,1
38081,36.0,35.95042737613435,36.475,36.39722,36.27279230600461,1
38085,49.4,43.91411364356541,44.365000000000016,44.30145,44.551742064605264,1
38091,37.2,35.270157012167104,35.546,36.263588,35.889470471893816,1
38093,40.2,36.352639839271596,35.099000000000025,36.08955,35.80769012850117,1
39003,47.1,39.88950118224293,39.493999999999986,39.447536,39.57236103114563,1
39013,43.0,38.312288977542,40.10200000000002,40.0925,39.95639728213485,1
39031,40.5,40.3647767991863,41.320999999999984,40.68416,40.89893498196059,1
39061,38.6,37.982037783186286,36.05500000000001,37.090942,36.926067266620024,1
39085,40.9,34.20467693793743,33.586000000000006,33.885235,33.65835840549909,1
39095,42.4,39.45048596125187,38.29700000000001,38.470158,38.56978563913232,1
39097,41.7,36.596500674300465,36.97099999999998,36.959282,36.85744836210808,1
39101,45.2,38.94135485395795,39.52899999999998,38.780075,38.99137746515564,1
39113,41.5,38.75184083528223,37.37799999999999,37.922134,37.89584170063764,1
39127,42.9,38.540708357664606,39.418,39.108257,39.1461270025286,1
39141,42.2,39.09593696283687,39.463,39.93691,39.8075276864772,1
39145,43.7,40.60058705651147,41.89899999999997,41.62555,41.715140504021036,1
39151,38.3,37.56176315724288,39.382000000000005,38.806526,38.80206408660138,1
39153,39.5,36.47714166977904,36.42299999999997,36.148666,36.154298763951395,1
39167,44.7,37.57738623493071,37.284000000000006,37.913773,37.719837873893496,1
39171,41.5,37.96720636836815,39.81499999999998,39.07531,39.136729517412114,1
39175,40.0,36.824854052799395,39.039,38.25285,38.24514717188961,1
40017,42.4,36.380358449342,35.64199999999998,36.21618,36.018634201396274,1
40021,44.3,39.37888261184604,41.405,41.678665,41.48880524686773,1
40067,45.2,41.40331663801181,42.59799999999999,41.72397,42.03912025134271,1
40071,44.0,38.925608366846454,40.44700000000001,40.2412,40.21414088044364,1
40077,46.4,40.308497217664076,41.38500000000001,40.149925,40.53128078269157,1
40087,37.9,36.80783141356301,37.26200000000001,37.850563,37.57269781495913,1
40093,41.6,39.32498522681178,37.689,36.91894,37.33361963766296,1
40097,43.1,37.910888470444185,39.11600000000001,38.79502,38.78034663839032,1
40105,41.2,38.41754476917755,41.77800000000001,40.807384,40.8371320176515,1
40109,39.4,38.05500476605691,37.709999999999994,38.324375,38.16157530986437,1
40121,41.4,38.54802468623278,40.50900000000002,40.602783,40.43304375873278,1
40123,43.3,38.44132709487034,40.167,40.307255,40.13757059124571,1
40133,43.0,40.72744905491829,43.138000000000005,42.15325,42.37193099598154,1
40141,42.4,41.3807069419306,41.678999999999995,42.127827,42.118510224253505,1
40145,43.5,36.753121004413586,37.36400000000001,37.58482,37.40174470159202,1
41003,26.4,32.85338159409568,31.432,28.720453,29.395303193160363,1
41025,34.8,38.30844241741419,38.57700000000002,36.20442,36.897327800928586,1
41053,34.4,35.33131428816957,35.34699999999998,33.939564,34.22475401880908,1
41065,32.9,36.038155815237985,37.032999999999994,35.38974,35.69970521441497,1
41067,29.6,30.098088275865372,29.66300000000001,28.242085,28.32247052822375,1
41071,34.5,34.52778284684777,35.29700000000001,34.44708,34.46721639626282,1
42003,32.0,34.32144779386491,33.71300000000001,32.743996,32.90103346405436,1
42023,38.0,36.138079522475735,36.163000000000004,35.087772,35.31066278703365,1
42039,37.8,37.67756072034149,37.172000000000004,38.506638,38.12369273565488,1
42043,34.3,35.74244483266473,34.58,34.62184,34.58776587740343,1
42051,34.8,38.385947248037866,39.95000000000001,39.687378,39.648596764581605,1
42063,40.1,37.79663781906894,38.239000000000026,37.766876,37.85347982360945,1
42065,35.8,37.98870805349667,39.734000000000016,39.483047,39.40757216866576,1
42069,33.2,35.46720780008323,34.052000000000014,34.815975,34.57340879849722,1
42071,35.7,35.21891110786495,35.43200000000001,34.80249,34.83387719695586,1
42075,37.3,35.742111919122586,36.19500000000003,36.308723,36.12304122162608,1
42095,33.7,33.169426384789844,30.07599999999999,29.011585,29.34332529645375,1
42125,38.2,35.25584390452197,35.231000000000016,35.540577,35.31202162028935,1
44001,25.6,29.99731942653594,27.686,28.34816,27.951986552488982,1
45007,38.5,38.85543378889527,39.715999999999994,39.803547,39.738696433667016,1
45009,44.3,44.75929148356592,43.868999999999986,45.045357,45.07245983114391,1
45013,27.9,33.873411881495585,32.946,33.33867,33.09319816514682,1
45049,43.7,44.148060223797074,43.855999999999995,44.416122,44.55069917924832,1
45065,38.3,37.98780816875165,41.43100000000002,42.627,41.98202476760622,1
45067,42.4,45.60348061032279,44.125,44.626526,44.9423532615539,1
45081,38.9,40.7350864168654,39.83999999999999,39.91655,40.08443196049605,1
46021,35.0,36.39486349128912,35.60300000000001,35.087296,35.22067014508379,1
46023,38.5,41.35059577842019,40.044,41.323288,41.19346429628315,1
46025,38.0,39.6335796546806,36.365,37.601875,37.562318257104906,1
46037,37.8,37.27632993111737,37.29300000000003,37.059204,37.0844469270495,1
46049,37.2,37.18802376671326,36.331999999999994,35.8852,36.04029022822293,1
46077,34.2,37.93332076650501,36.574999999999996,36.366955,36.52601036859857,1
46081,35.0,35.3690083202079,32.024,32.830666,32.72615373621732,1
46085,39.9,41.764462729174774,40.79800000000001,41.30143,41.39562053674373,1
46119,37.4,35.00447687825744,34.98499999999999,34.565845,34.543011028431934,1
46123,41.2,38.92244768758441,39.65400000000001,40.194744,40.007894134842374,1
46127,32.6,35.1013490447775,35.98399999999998,35.983208,35.76714436335073,1
46129,34.8,38.015747794398365,39.696,38.079613,38.41897677134875,1
46137,44.9,44.14038210930455,43.718999999999994,43.770958,44.06755736167058,1
47015,36.2,39.15618923467195,39.63300000000002,39.115997,39.27693290477641,1
47017,40.6,40.410026898597444,39.565,39.935135,39.9959618340886,1
47035,37.4,37.01289147354041,36.28100000000001,36.697872,36.57647903811453,1
47039,41.5,39.41120566405172,38.461000000000006,39.01149,38.98006463883708,1
47041,41.7,39.861326528103426,39.85400000000001,40.753498,40.562849536261844,1
47043,35.1,37.659265703758436,38.91499999999998,38.71259,38.646593145634014,1
47051,39.0,37.92295951610281,37.457,37.39992,37.441476474013804,1
47063,38.7,39.795166016891706,39.42999999999997,39.674232,39.705262070651415,1
47079,39.4,39.4262587477952,39.33900000000002,38.862812,39.069621466739804,1
47089,38.8,38.51838709318826,39.131,39.067913,39.052291057478214,1
47091,39.1,39.32189067764921,41.047000000000004,39.51937,39.889762635819835,1
47095,44.8,42.44865622224005,39.99100000000001,42.125317,41.88393550680169,1
47103,40.5,39.83553022103246,40.13200000000001,39.949497,40.05674676744832,1
47107,40.4,38.93972315739383,39.45300000000002,39.561718,39.52245441752839,1
47111,40.4,40.55520747241176,40.74800000000002,40.502743,40.67082074436577,1
47113,39.5,40.773572352464996,39.85600000000001,39.61129,39.87885903713283,1
47123,36.1,39.07728846865562,39.434000000000005,39.91187,39.78126380792916,1
47131,40.9,39.977446024767254,39.55900000000003,39.830803,39.8664170929894,1
47133,38.0,39.862896586021066,39.75499999999999,39.823566,39.88958201570837,1
47187,28.7,29.724140931980116,29.885000000000023,30.647627,30.00950959472062,1
48007,40.3,34.30588447123044,33.23900000000001,33.54344,33.355846520692126,1
48019,36.0,34.071500294710106,35.005,34.58178,34.439707408133806,1
48027,39.0,39.89695450421297,38.522,37.88602,38.26637225139943,1
48029,37.3,36.67528498410178,38.664,38.58418,38.376397404073,1
48039,39.6,34.75785452035474,33.974999999999994,33.83738,33.78027992370498,1
48045,43.3,38.424403376412535,38.75800000000003,39.139645,39.00909398648555,1
48049,38.3,38.61861395331005,38.98,39.03999,39.012489419940366,1
48053,41.7,34.702552086821505,33.44100000000002,33.754215,33.59825534948685,1
48055,39.0,38.315298037336895,40.40100000000001,40.9457,40.62016781979772,1
48067,38.6,40.87697809319754,40.78300000000001,40.151695,40.47338953715789,1
48073,39.1,41.058474670194215,40.937,40.706722,40.9192053490682,1
48077,34.5,36.39719826424955,36.56100000000001,36.346138,36.312687964756776,1
48091,39.1,31.82481503682912,33.095,32.784912,32.47665065215208,1
48093,39.1,38.76778805454892,38.020999999999994,37.703846,37.885368249940896,1
48103,40.3,38.22059259610953,39.86500000000001,40.451344,40.14446112961718,1
48115,42.6,40.015482061566765,41.72300000000001,42.555138,42.253745297104615,1
48123,41.0,38.06572898561108,38.717000000000006,37.085102,37.51431731526455,1
48131,42.6,40.510074775118106,43.62899999999999,43.811714,43.61402965330049,1
48137,42.3,37.314293499440616,36.909,36.38103,36.530008772379624,1
48141,39.3,38.34871652278022,39.78999999999999,41.779198,41.07515113497631,1
48143,39.7,38.02831170304079,38.06900000000001,37.117867,37.39092047947175,1
48145,42.7,41.18382647833677,40.876000000000005,40.631924,40.86941337269861,1
48155,40.4,38.01999821481302,37.729,37.337036,37.46919360949498,1
48163,41.6,39.78907559673576,40.51699999999998,43.22482,42.43079080648107,1
48175,38.9,36.964846545422894,39.12399999999998,38.83428,38.68910486355854,1
48197,37.1,39.77824342972031,39.597000000000016,40.06822,40.01576216038124,1
48205,35.2,35.654065397003684,37.417,38.2589,37.745823563907194,1
48251,41.6,36.59393404478849,37.26,37.461033,37.27197368574521,1
48255,40.5,38.10372838257866,39.92699999999998,39.737785,39.64295486138878,1
48259,32.8,31.346181501044757,33.461999999999975,30.365583,30.800050608651325,1
48291,39.8,40.168689638302794,39.25900000000001,39.405647,39.52721124925049,1
48299,38.5,34.313446085477224,34.88200000000002,32.876614,33.2484150207833,1
48335,41.1,39.53082905837637,40.10400000000001,39.4162,39.63800041724907,1
48339,35.4,34.651175540778716,36.942,36.889275,36.55424386602348,1
48341,39.0,38.073274248657825,40.01399999999999,39.972256,39.82243806200624,1
48389,42.7,37.56930088149724,42.417999999999985,42.938736,42.3628999031692,1
48391,40.7,38.474276870899715,39.638000000000005,39.57159,39.51051083491039,1
48395,37.9,40.88312803400196,40.53499999999999,40.83041,40.89572598429347,1
48401,39.6,39.788145021515234,39.18599999999999,39.532383,39.55162113677681,1
48411,39.4,37.898891853688276,39.23000000000001,37.967873,38.2239401724222,1
48413,39.7,38.22718962547147,39.53099999999998,40.626823,40.19532037522697,1
48449,40.2,40.73886104379491,39.98499999999999,40.539818,40.553476425934214,1
48451,37.6,37.10707980207695,39.087999999999994,38.844433,38.706474028303404,1
48465,42.1,39.01434679844277,40.37799999999999,41.374794,41.00495892637913,1
48469,39.1,38.16828216844089,39.922000000000025,38.30062,38.642706264704444,1
48477,37.1,36.53070808391176,34.847,36.134575,35.80686722246429,1
48487,41.4,38.201462288987436,39.074000000000005,37.928986,38.20113573327721,1
48489,48.8,40.67348804578044,46.019,43.82436,44.165956781655105,1
48499,35.9,36.93713036364709,35.55000000000001,36.306164,36.132527528924825,1
48507,47.7,42.10718134477016,46.894000000000034,45.671825,45.834759551129665,1
49035,32.8,34.92629210801692,34.616999999999976,34.005432,34.05981763393497,1
49047,34.5,40.95803725606791,37.641999999999996,35.829468,36.76770256809174,1
49049,30.7,37.82259011587507,34.006,33.99098,34.28510560405877,1
50005,29.7,36.90322337949289,35.60500000000001,34.780014,35.070473529946504,1
50007,24.5,31.79780135450571,30.85400000000002,30.925724,30.680324615834238,1
50017,26.7,35.2180864384846,35.98099999999999,35.035126,35.116801738497365,1
51005,40.9,38.14936314588494,38.788000000000004,38.733128,38.69566698461018,1
51021,39.5,36.84448913649117,37.184999999999995,37.82757,37.54442609327763,1
51027,44.6,40.47582403603806,41.988,41.96137,41.95408803621472,1
51031,42.5,39.1985002901502,37.416,37.728977,37.82564747175735,1
51033,41.6,37.82486561466153,36.94499999999999,37.31513,37.25766665143349,1
51037,40.7,41.810679247248785,40.817000000000014,41.18415,41.32345273087026,1
51063,36.8,37.67358627830295,37.435,38.425262,38.123615734319436,1
51073,36.6,34.880136766465284,34.90199999999999,34.599762,34.532809641813486,1
51077,42.4,38.59284446361934,37.775999999999996,37.94979,37.98194294685724,1
51089,43.4,40.664309172958504,39.75500000000001,38.978897,39.399596021214,1
51097,41.8,37.48909482798216,38.17000000000002,38.53992,38.34109231919919,1
51103,40.6,35.21385529984773,36.681000000000004,37.811695,37.215455859191934,1
51121,35.8,34.55803910101715,36.432999999999964,36.29808,36.01675974067583,1
51125,34.8,36.47307537860775,37.332000000000015,37.445854,37.261672174317134,1
51127,37.2,31.824862282659147,32.68499999999998,33.68584,33.01857103978386,1
51137,36.8,33.28294587325997,34.61,34.593414,34.26110368425172,1
51141,40.8,38.740183872046785,37.324,37.48224,37.574212690200675,1
51143,43.9,39.65474861940129,39.091000000000015,39.970898,39.8212467299571,1
51153,33.1,29.992471575291454,32.43999999999999,32.116913,31.63188641561962,1
51169,38.6,39.981970579532664,40.593000000000025,40.417213,40.50398036995638,1
51185,40.7,39.61908103926685,40.94900000000002,40.985954,40.934204579253596,1
51195,41.7,40.19878487216617,40.91800000000002,40.734722,40.825172560815176,1
51199,33.7,31.989571099315828,33.342999999999996,32.856094,32.601723824332524,1
51640,41.1,38.032563665159216,39.411000000000016,38.84879,38.89799590576359,1
51650,42.2,39.71381300939005,37.52999999999999,38.236195,38.27173223675857,1
51660,40.4,36.35383707305099,37.665000000000006,37.123127,37.093033278925496,1
51740,45.2,42.14418927784402,41.065,40.670227,41.05989242639601,1
51830,37.7,30.660013491230572,34.51599999999999,34.89166,34.11550774891121,1
53001,38.3,41.17008258660275,38.04199999999999,38.358017,38.65450246865137,1
53011,32.6,33.45664087182714,34.278999999999996,34.63436,34.23960273084886,1
53015,39.0,35.96671829687842,37.24999999999999,35.348297,35.70897359494059,1
53017,37.8,37.00899125033953,34.92899999999999,32.12297,33.073779080379815,1
53051,32.8,37.15704523091988,35.70900000000002,36.69262,36.466169633307196,1
53059,35.8,34.52315207842628,34.519999999999996,33.81468,33.853560945705794,1
53071,32.7,35.56290095073105,33.86300000000001,32.553265,32.958254398394175,1
53073,28.2,33.653974266548914,32.42399999999999,32.4769,32.34712477003903,1
54003,40.3,36.95861401839775,38.30799999999999,37.806305,37.78944708167193,1
54007,39.5,39.28764499126343,41.02800000000002,41.466747,41.24626012075748,1
54013,44.7,40.26191351216024,41.44900000000001,41.585274,41.54543793488386,1
54023,41.1,38.53074513181625,39.57200000000002,40.177265,39.92782899559382,1
54057,43.1,37.853012964424614,36.606,38.178207,37.79215038508259,1
54071,38.5,37.90497259436395,38.28799999999998,39.358486,38.99362413499051,1
54089,42.8,40.01399786271304,40.76099999999999,39.972027,40.23271717819604,1
54093,37.9,37.09780841668993,38.01299999999999,39.688164,39.061803283380804,1
54103,37.1,37.89900263247589,39.93000000000002,38.70628,38.89449955619169,1
54109,46.0,41.43831040906072,42.24100000000001,41.947395,42.122179222170686,1
55015,39.7,35.514917984293106,36.95799999999999,36.776863,36.58896909777027,1
55027,40.5,35.9167846506327,36.48800000000003,36.51856,36.35639923846722,1
55033,41.0,36.06149399433497,34.44699999999999,34.294872,34.37015543492319,1
55049,39.4,35.76984107948297,37.18499999999999,37.719013,37.33144305354254,1
55078,43.4,40.9360658252962,43.39299999999999,43.124165,43.134786088955636,1
55095,40.0,35.71904382617638,37.146000000000015,36.454937,36.430397463337655,1
55097,36.0,34.87089977130002,33.10799999999999,33.473118,33.34989954038583,1
55099,42.1,36.10353715119816,36.736000000000004,36.28073,36.26767438126928,1
55111,39.6,35.5919759232932,36.69,36.74006,36.51442524752231,1
55125,35.1,31.91355614653249,34.46500000000001,33.871933,33.54926435850845,1
55131,37.1,33.7107243800428,35.41399999999998,35.104427,34.84947323830593,1
56009,37.0,36.83217875738143,38.145,38.692883,38.35916970907047,1
56011,31.2,36.82067117785288,36.21400000000001,34.80261,35.20887034762315,1
56027,36.9,37.26744149875715,36.66199999999999,35.793373,36.058149646613245,1
56039,22.2,28.611807243537406,28.610000000000003,25.470999,25.96066301137086,1
01015,38.3,40.52311168696865,40.17895389485127,40.731537,40.754156935632196,2
01025,44.4,42.60877458528208,43.478348809523816,44.460243,44.29224384087542,2
01037,42.8,40.01183887122277,40.05765288600289,40.53891,40.49704132400189,2
01099,42.7,43.76170239932552,44.488153571428576,44.660706,44.750143533965996,2
01115,33.0,38.69856854352979,38.617101530369425,38.452225,38.52085299108919,2
01119,45.2,47.68577774429509,48.867028052503066,48.228,48.60575806933112,2
02164,38.2,40.041269595610004,39.5253365079365,39.982494,40.03194756086671,2
02170,31.4,36.368342608172476,37.355484523809515,36.386642,36.377942963155476,2
02290,39.5,40.156691742088356,39.351701984127004,42.03351,41.62062063765457,2
04007,34.4,36.254799094519214,33.50209642857142,34.236492,34.39438208978883,2
04013,32.7,34.560566243167926,34.71763670218669,35.315994,34.99380919201997,2
04023,32.4,38.91666141199262,40.182751146384476,40.996803,40.647384213309124,2
05003,42.1,42.64521018368578,41.83088422845586,42.40547,42.5859115321228,2
05013,38.7,39.97550777209732,40.327246335576575,40.990513,40.85924879520771,2
05023,36.6,37.65048352369605,38.262601388888896,38.88053,38.61955535459544,2
05033,39.5,39.312788935937775,39.144584863473845,38.84441,38.98382402716257,2
05057,41.2,44.02096327845653,42.1365679285154,42.512184,42.959029928507185,2
05087,36.0,39.88715503856001,39.36631093073593,39.029324,39.25518097674505,2
05091,43.7,42.1760815472482,41.615592456357405,42.445816,42.50899815850382,2
05103,42.5,42.76750338415772,43.66413997113997,44.210888,44.145630306824394,2
05113,37.0,40.3553177966184,38.74034224664227,39.06434,39.32334668569139,2
05135,38.0,39.999553539664554,39.63138025030525,39.712402,39.82418584458097,2
06017,24.8,31.288713839413653,29.076079761904758,27.940742,28.231101073040442,2
06025,38.5,38.95634346826583,40.259402097902104,41.781998,41.266039464120425,2
06043,32.3,34.55282828246715,31.739434704184696,29.484941,30.264392281604138,2
06047,34.5,38.50948575298562,36.03583448773449,37.85824,37.82220812181723,2
06051,29.1,32.10286410227601,30.21000800865801,29.780039,29.89566789678522,2
06065,34.0,33.672659539828175,34.73054368686867,33.850845,33.69398929979938,2
06067,33.9,30.644939051801956,31.610448809523806,31.429102,30.9943217822361,2
06069,29.1,32.30291961600944,34.48332301587302,33.89318,33.44148851380365,2
06079,28.2,31.55039542100337,28.285565115440107,27.296247,27.722732119229892,2
06081,21.4,18.506472036446795,22.120655086580076,21.97531,20.606750166078182,2
06085,22.0,15.360787071963127,24.53603167388167,24.324478,21.9979242147067,2
06089,28.7,35.923222564164604,36.46957171006741,35.22115,35.32363585232519,2
06101,32.0,33.19772465714731,36.273247313797306,36.780514,35.98101567297483,2
06103,32.5,38.628909103176795,38.859502533447575,39.339504,39.21007980011982,2
06113,28.5,31.001669339662527,31.277608696858707,29.498636,29.549942452407226,2
08005,25.7,33.20488750928978,30.865136111111102,31.06725,31.15281594528109,2
08014,24.6,28.93290261646062,28.75886706349206,25.64529,25.980928160556363,2
08027,26.8,33.83613114756474,34.61314931457432,33.82162,33.69387044654007,2
08031,23.8,31.992735206345117,29.11373192918193,27.532856,28.056339744465777,2
08035,20.9,28.277420302609197,31.06784841269841,30.463394,29.748431525527597,2
08047,25.2,32.15538941236698,29.795058369408366,30.571827,30.48296514705448,2
08053,25.9,31.23337528948417,35.08379246031745,34.614098,33.83706915463507,2
08059,24.9,30.911594665588396,28.63270548340548,27.528366,27.805200070221513,2
08061,30.0,38.09353950085031,36.50374250208854,36.7763,36.94512627969342,2
08065,26.2,36.30809945283664,35.56527261904761,34.77966,34.986529120840615,2
08071,31.6,36.69559949673622,35.399474808429126,34.38953,34.74797638740753,2
08075,30.0,37.28892845535797,35.73448838383837,36.08712,36.19730565114102,2
08081,29.6,37.551705747300396,39.13168487347656,38.274063,38.20201769461052,2
08085,33.6,36.59055715321871,33.85988680124223,32.21928,32.93379770348165,2
08089,31.6,38.905308188075225,40.64069825271345,39.26609,39.348150719872045,2
08103,27.9,37.69511300755481,39.235052988026716,37.863266,37.92153677814023,2
08115,29.8,38.409269692070616,37.918438492063494,37.325073,37.54111815748983,2
08117,22.7,26.368957011675334,25.878173448773456,23.736103,23.784984921108762,2
08123,31.2,35.35368610645631,36.069324711399716,35.85447,35.66942427950021,2
12005,35.3,36.83498814956515,34.683315109890096,34.426285,34.74660400085799,2
12057,31.4,36.379012709986455,35.85431783143812,36.356247,36.23772562866188,2
12061,33.0,34.73515217506606,32.67239733044732,31.958256,32.27898986120108,2
12065,37.9,39.65938098514194,39.463633730158705,40.6682,40.4812789062464,2
12071,31.1,34.329714587703194,31.057563924963926,31.86276,31.99895380284761,2
12075,38.5,39.71215655669705,39.72316408730158,38.68687,38.98569640926633,2
12077,40.8,39.79217141639494,40.88191845220752,40.99472,40.870870249422985,2
12079,36.5,42.633563035312406,42.143614660697686,42.708958,42.842214613528064,2
12083,39.1,37.102308684681276,34.57530317460317,35.772346,35.82684410571766,2
12091,33.6,35.679627783469634,34.606610446196335,36.215973,35.895279209117156,2
12095,32.8,36.1080434557445,34.11002445887446,34.586014,34.68333290803595,2
12105,41.6,38.62491360150215,38.077889038463155,36.87688,37.25027349957798,2
12109,26.5,32.05442110925305,33.31415238095238,32.626076,32.32458956080888,2
13003,42.1,42.894913863627536,41.75915912698412,42.51485,42.71290223472812,2
13007,41.9,42.47310879497916,43.22297777777778,42.939117,43.07388721049654,2
13055,39.0,41.94755257259071,41.43966154619038,41.490726,41.71498870610079,2
13057,35.1,33.14402534704429,35.802979365079366,34.892025,34.478525847643056,2
13073,36.0,35.40714862611228,37.35731666666666,36.25122,36.087424981912115,2
13087,39.8,44.163357518721405,43.569968253968234,44.290237,44.469903343771804,2
13091,44.6,42.92428450694332,42.06569563492064,42.027344,42.367306851753824,2
13095,44.4,45.937237789952384,46.677017460317465,46.26702,46.582682428683036,2
13113,31.3,33.30457562817219,32.104688095238096,32.610664,32.45930140050003,2
13123,36.7,36.393504544750535,34.562006457431465,34.493694,34.703342339251776,2
13133,39.2,37.84143822229227,34.62635238095238,36.816372,36.77846399367318,2
13155,40.3,41.73284327661154,40.87632051867886,40.788334,41.087652288499115,2
13165,44.5,42.75795204709272,44.444007936507944,43.69995,43.811920507565745,2
13167,42.8,42.58461163014074,42.74751521560647,43.81659,43.73383470166033,2
13171,41.5,40.288785669307146,39.532615075704946,40.396374,40.39934921835952,2
13205,46.8,44.210075417579546,44.01150698757763,44.520798,44.69154089143448,2
13209,42.7,42.22672496193708,41.13785000188435,41.07837,41.42754119763015,2
13223,38.5,36.95073541027004,38.47243888888888,37.59572,37.51073202283356,2
13233,41.7,41.47571462884083,40.87219183812112,40.734344,40.99588621267334,2
13239,44.1,43.84235159752463,42.68878293650796,42.720524,43.12863066270975,2
13241,36.7,34.667940278126714,32.075480158730144,33.705734,33.564904080483004,2
13261,44.0,45.14810742103877,44.5208630952381,44.146004,44.624990510429,2
13263,43.9,41.99207941352506,43.14740209235211,43.706997,43.56620395224979,2
13281,37.0,33.95066795346809,35.05081111111111,33.73753,33.685949293634124,2
13287,43.7,45.1267924765479,44.32940317460318,44.609116,44.962466672347496,2
13289,42.0,40.74993473567711,43.891334812409816,42.398586,42.376344540665734,2
13305,41.3,42.047468736041765,42.35106431615825,42.31233,42.43946819323348,2
13321,39.1,41.977500584731196,40.776204718633174,40.933556,41.239028991042034,2
15007,22.8,25.229290976328336,30.657538347763357,25.31492,25.158781546925585,2
15009,24.1,26.53212991650605,32.85435144300144,28.808731,28.27684425242532,2
16007,33.6,39.89108521533588,37.612438079029,37.21257,37.71748395497941,2
16011,41.1,40.35798619308735,36.98902342018092,36.92894,37.54013130630527,2
16019,35.2,38.93170042090021,36.00415275443511,35.590584,36.154609672067096,2
16033,35.7,39.989092849220846,37.72815727766386,38.894478,39.04134387393576,2
16035,32.8,35.606893900710425,34.79963055555556,32.43176,32.98120558523206,2
16059,32.9,36.12340979176856,35.35915804473304,36.713715,36.42434857081485,2
16063,36.5,40.023672980626884,37.609318136332256,37.939873,38.30323497436126,2
17003,43.0,40.72903268572517,40.45405937950939,41.79701,41.636672147802194,2
17019,35.5,34.21463514076502,34.60584722222224,32.881683,33.0425663975928,2
17033,36.8,37.34729214765382,37.87495555555556,37.73581,37.6482193771613,2
17051,37.2,38.10165560414481,38.10117063492064,38.585304,38.46680193579558,2
17059,38.4,38.945130781154596,39.84062857142856,39.000084,39.087592899771,2
17061,37.5,39.20903837816416,39.940143440647816,39.482956,39.518626038469634,2
17065,37.8,38.879541953275044,40.00488442438526,39.158386,39.209836291850515,2
17077,39.0,38.767558861368315,39.13547043955239,38.845562,38.87829111137948,2
17083,37.8,35.35278266823843,36.89419920634921,36.221752,36.017511804297854,2
17085,34.2,34.55328640392561,35.51406706349207,35.23167,34.99050242100152,2
17089,37.3,32.97863591520625,35.06307860750362,34.82993,34.340037428282756,2
17111,34.2,32.567975441343094,33.71394642857142,33.330986,32.99884938289242,2
17113,35.4,35.364436502011145,35.72908563074352,36.35592,36.0308699146613,2
17119,35.8,36.807423772537774,37.686681644111175,37.733086,37.52655337038267,2
17123,37.0,36.86190263352336,37.14463753480425,36.991615,36.92298389306079,2
17125,35.2,37.54583010391161,37.12866468253967,37.37761,37.35166521109431,2
17127,38.0,38.99172637483783,39.29760902340103,39.46527,39.41199465566274,2
17135,36.2,37.67655268706332,38.104376842718544,38.57633,38.37773020810865,2
17139,35.6,37.50387005906976,38.77142593795094,38.648567,38.45272508813489,2
17149,37.3,38.975452136827,39.23309064595112,39.08489,39.11069425373939,2
17153,42.8,41.604448368586795,41.395673214285715,41.694935,41.80230775546714,2
17161,37.4,37.50130059423228,37.05775673438343,36.852734,36.933067625657245,2
17163,38.2,38.97168667152484,38.93578562335776,38.763187,38.83859224483864,2
17179,35.2,36.70947721576584,37.98527795067416,37.974743,37.717376058872695,2
18001,40.0,41.10698617962896,38.698634366486864,38.275604,38.85814301012155,2
18035,39.8,38.60148842026327,40.0617172077922,39.399956,39.346531666484786,2
18049,41.8,38.014537373930686,39.68266729569727,38.794197,38.73606949111062,2
18057,27.9,31.09255611945195,30.160897619047617,29.727259,29.6552596422217,2
18059,35.8,35.48971242898945,37.50978968253968,37.436317,37.02847140672747,2
18103,42.1,38.72038499866193,39.1796017794552,39.30664,39.2278432015567,2
18105,37.6,35.556977976100754,36.19794509379508,35.611523,35.531859788199355,2
18117,41.7,39.04999121729892,39.2888068966617,39.699333,39.60290820322936,2
18131,41.4,37.58309786385126,39.593432712627305,39.267403,39.00990924096722,2
18155,39.5,39.19946611950809,38.78551187318957,38.66166,38.79263569988851,2
18183,34.6,37.225942936120646,38.73977977007589,38.329315,38.15039678686585,2
19001,41.9,37.93654986628251,39.26677888994646,39.608368,39.3152341613743,2
19003,38.6,37.98651424544302,38.926956414148435,38.83889,38.70522619573078,2
19009,41.7,36.58094873130285,37.37362948549035,38.419617,37.98674495568493,2
19011,41.7,36.869586011822555,37.9940896103896,38.10357,37.848356843529444,2
19013,39.1,37.63699468558748,36.8704871328622,37.958313,37.79625333039084,2
19025,38.9,38.03021739069477,38.76743695896905,39.46779,39.18555370925014,2
19039,42.5,38.56348623851965,40.291645107233855,38.71577,38.8302934661564,2
19041,40.6,37.25416025665489,38.46553501305288,37.422935,37.43590015279573,2
19043,40.6,37.47362449482533,38.78921260366043,39.052574,38.75950629932042,2
19051,40.3,39.035367507387896,35.44725000000001,34.883827,35.586141821172205,2
19059,36.9,33.741096841121,34.073375,35.47476,34.90623784585119,2
19075,38.7,36.472269100416604,37.9608753324057,37.50956,37.31109361074014,2
19079,35.4,37.006342147090656,38.10688764472815,36.89259,36.95089408002202,2
19095,35.7,37.392662020630524,38.29167117386002,37.686794,37.65225257440953,2
19099,39.2,37.266902825638915,38.08263270259432,38.257015,38.05060311589755,2
19105,39.4,37.01866586774841,38.256966309650345,38.456154,38.16969544343685,2
19113,37.3,36.34414186322636,35.74476367243869,37.2181,36.88624028244152,2
19119,38.5,39.11153562669455,37.866761131058496,36.4388,36.990407181399284,2
19121,38.2,36.28401198208685,39.133502380952365,37.406296,37.28790075913519,2
19123,42.4,38.35359522879966,38.677631484321665,39.211052,39.0433495575265,2
19125,38.3,36.69353966752606,38.2540188389959,38.299576,37.985809281696675,2
19127,40.7,37.28125771635178,38.83582500513346,38.185604,38.0580143000422,2
19131,44.9,37.65183808933886,38.55945759870946,38.80374,38.58416766549211,2
19149,37.5,36.88164999958535,38.59937846002768,38.569088,38.25724880520373,2
19153,38.9,35.65622192500761,35.004485894660895,36.040142,35.78679212301418,2
19171,41.3,38.02672676041619,38.62697009763972,39.12846,38.91234429463323,2
19179,42.0,38.799434580245006,37.813850003361196,38.8489,38.782389380157746,2
19195,39.9,37.289590402229784,39.40173468338124,38.829712,38.600644773839086,2
20001,41.3,38.8052209982123,38.92890667388167,39.227272,39.16329481565173,2
20017,38.8,36.33017840742206,34.88463766233767,35.432064,35.43950851986282,2
20021,42.0,39.06293679923847,40.291987950937965,39.675495,39.66649059049845,2
20053,39.8,37.13782892617575,36.61259404761905,37.285732,37.16092515332111,2
20061,37.0,41.04422801855713,38.47940750915751,39.30966,39.62522762519215,2
20071,36.5,37.88620289219899,36.74963534191163,37.017666,37.11034586409604,2
20099,43.6,40.37058789173072,40.07236995625903,40.630497,40.638310272586324,2
20121,35.4,36.34593076202042,38.30295168703846,38.41884,38.01417312627815,2
20129,38.6,37.56992873572309,37.546454830439416,37.82301,37.73254420256531,2
20137,40.1,37.476818294888616,37.95103333333332,37.608,37.58089404650191,2
20143,36.9,38.07840196108863,39.25075085959109,39.861294,39.53631188459767,2
20155,38.0,38.53005825025689,38.57814951410586,38.742397,38.708642273147284,2
20161,35.2,35.95247535235032,34.38912857142858,33.379837,33.7460687901117,2
20175,45.5,38.471491242193956,35.858807418909585,36.624714,36.85055029858687,2
20191,39.8,38.68867448841275,39.28957162746941,39.567593,39.4314342145062,2
20195,36.2,36.93465201145982,36.93999166666668,37.24529,37.11630559501796,2
20197,41.2,36.725479086045205,39.53993924963924,38.77256,38.45820126859865,2
21001,37.3,40.96294568088247,41.357294299574676,42.01784,41.92366511504243,2
21009,40.7,40.098158777676105,40.8681674310065,40.713463,40.71242691491167,2
21025,43.1,42.34742673872231,43.05821349206351,42.917786,43.020042089117005,2
21029,38.1,37.68579807904386,38.26152082146621,38.548107,38.37022517288105,2
21031,42.8,40.81842308600334,39.76281322011323,40.19381,40.3642032606984,2
21039,40.8,38.51062191772765,39.08894616228961,39.492886,39.32347797230303,2
21041,40.4,40.55541559856526,39.120091666666674,40.277653,40.32691309671648,2
21047,41.8,42.14551644157032,40.76012947118242,40.385357,40.84801006791375,2
21049,40.0,38.21804910806512,38.97301275537731,39.199257,39.03137568307039,2
21051,43.2,43.67239930074628,43.38115891053391,43.726307,43.92533791199019,2
21057,42.8,40.682358365799324,41.26489253246754,40.9305,41.02429463749465,2
21063,42.2,41.42011668910636,41.62371684704185,41.394314,41.55304029485273,2
21075,45.4,42.08785215449524,41.15414715320909,41.28937,41.564460297568075,2
21077,40.3,39.951662816021326,39.68238458006514,39.169704,39.40086048279807,2
21079,39.5,39.43822740703578,39.319812082276705,39.619198,39.61889295812485,2
21083,40.5,40.17411471141565,40.76574802796754,41.02889,40.96203739176917,2
21087,42.0,40.663502792811016,40.33093831168831,41.57002,41.439352273872316,2
21095,44.7,43.38419061546236,42.469245959595966,42.925774,43.180546171611404,2
21097,40.0,38.44552783764536,39.77755448833192,39.996075,39.75302974202644,2
21101,40.3,39.1534442878281,40.235380881368926,39.802616,39.777484613656,2
21113,36.7,38.90123142018189,39.05583394123508,38.661648,38.75621635928474,2
21123,42.3,39.771931327575466,39.79200481032127,40.237885,40.19759537810717,2
21135,46.3,42.29187863676263,41.20703690476191,42.37267,42.44274481115376,2
21139,41.1,39.28759681443009,39.29388333333332,40.047882,39.917885351572295,2
21143,38.3,35.40727458695629,38.117648196248204,36.74223,36.52591635993919,2
21145,41.6,37.610221859608444,37.74815229038364,37.868748,37.791562386086085,2
21165,40.8,41.917733588029115,41.58260984126982,42.89239,42.80033252209874,2
21175,38.7,40.265758789198834,40.78936626984126,41.13311,41.06196313690868,2
21177,41.4,40.42578033670309,41.04497088084123,41.553528,41.437103755721886,2
21179,34.4,38.470251528378384,39.15714888526415,38.810917,38.7956818621322,2
21205,41.5,38.61727355058003,39.0155273015873,39.1736,39.09237016037681,2
21211,36.1,36.771647482464004,37.352327945420576,36.218964,36.32670267188528,2
21223,38.6,37.146993397236095,38.09162717550338,38.094303,37.902720550887324,2
21227,36.3,37.51744907399098,35.506991095284654,37.19224,37.074948692066755,2
21239,35.1,35.42961416429854,36.0868500962001,36.502277,36.1845855818004,2
22015,44.7,39.859167616547694,38.65600511990763,38.786186,39.00620316876275,2
22017,45.9,43.621915924766306,42.892448412698414,44.026337,44.10798753576,2
22023,39.8,38.80858799076947,38.78354214349956,39.351597,39.24821335917901,2
22039,46.3,44.58865879164065,43.265857448107454,43.38036,43.827325916544375,2
22043,38.8,39.62488903331088,40.56361292162698,40.979336,40.8013837855937,2
22087,44.1,43.0015970102359,39.95465363247864,41.021812,41.4404972039874,2
22091,46.3,44.08542588798123,43.34934325396826,44.82081,44.84606301527456,2
22103,35.1,37.317607415476445,37.13550841500182,37.621407,37.49577866803589,2
23007,33.4,36.605582417953556,37.058666666666674,35.841774,35.980678748394766,2
23009,28.3,34.08010334447432,35.00641944444446,33.901867,33.834127543729856,2
23015,31.8,33.72007756341979,33.01401634199134,33.443443,33.25340680990341,2
23017,36.7,38.047357155953584,38.8643594877345,38.06199,38.11356047834983,2
24003,34.7,31.293494956972882,34.34017301587301,32.221622,31.946741338447666,2
24005,33.2,34.91599990351087,33.63794484126984,33.338387,33.45372204126934,2
24011,38.6,39.209411411929786,38.58786172887947,38.608883,38.73825528086551,2
24015,37.6,36.02747412279506,36.718958431539,37.69648,37.270522406871656,2
24021,31.2,31.43080557987627,32.61753434343434,31.534098,31.307302455016604,2
24023,37.3,36.593770189841365,37.88201468253968,38.3089,37.94419301588165,2
24031,24.2,27.74098849752685,29.84454523809524,28.23498,27.830859948232316,2
24045,36.7,38.41864619832056,37.962889950600015,38.028786,38.088577123038185,2
24047,36.2,30.967022739354164,32.12120905483405,32.991894,32.301138926439435,2
25001,26.5,29.58930988603182,28.40487411477412,30.519321,29.834972505466816,2
25003,28.9,33.99608154521967,32.38444960317461,32.044617,32.179442110352085,2
25007,28.6,28.429175443774085,28.020374547674546,28.39953,27.946590851652115,2
25021,27.0,26.83570694405382,30.54114206349207,29.36202,28.578763739407343,2
26011,38.3,37.845570353700005,38.07989226190477,37.84737,37.84698735275834,2
26019,35.0,34.049699757663774,34.44076446608946,33.143345,33.19909689393637,2
26021,40.0,37.85851349738837,37.25025305904206,37.899284,37.82379482727299,2
26025,38.9,38.522442926839396,37.884022350255236,39.01063,38.85884199158629,2
26027,35.1,37.448377378466475,38.74980030402778,38.122883,38.03528158394455,2
26041,35.6,37.428404558836846,37.14352599206351,36.723194,36.82593381872325,2
26059,36.8,38.584003266163016,39.66494290522787,39.11908,39.09534387713536,2
26063,38.8,36.95187570863625,38.50891587301587,37.975456,37.80638144210126,2
26075,39.7,37.91363429414852,38.05822680017513,38.393497,38.2791886366985,2
26079,35.7,37.28715457079668,36.762651190476184,37.11192,37.0678550084492,2
26081,33.5,35.96222048712969,35.01287047922837,35.90416,35.74201984888598,2
26097,38.1,33.198825807130824,35.18324559884558,36.00248,35.29554047062358,2
26109,37.3,36.12276288815521,35.018766847041846,35.802593,35.69536563331923,2
26119,38.0,36.5025624990974,36.61475564713064,37.27951,37.03315003208169,2
26125,29.7,31.708959702049434,30.545170024420013,31.19906,30.939021580754783,2
26131,38.1,35.01700769606848,36.78376838161838,38.1137,37.40118064594343,2
26149,37.4,38.54461888503489,39.24675519096378,39.36676,39.24540116495057,2
26151,38.5,39.41662019001064,38.96249291125541,39.29602,39.33744261843517,2
27013,42.1,35.53808988424373,35.08358055555556,33.875107,34.10226858695147,2
27031,34.8,33.30057340601659,31.402773809523786,32.38559,32.229552803162925,2
27039,37.6,36.09134340572169,37.71307301587302,37.725983,37.38435138788433,2
27055,38.4,36.19992346584719,37.63739914208213,36.425465,36.39752410039726,2
27059,38.6,36.47752704203452,37.86440820731029,38.44284,38.02344894701296,2
27063,40.0,37.13171212249266,38.134934323681016,38.760956,38.416758858767615,2
27067,36.6,37.84139266008558,38.660353755296434,38.377808,38.300776232337824,2
27091,38.0,37.663506462872476,38.951901438223224,38.298103,38.227975247423686,2
27099,40.7,37.64303737016469,38.73234227250393,37.763474,37.79475671636562,2
27101,40.5,35.28632508842041,36.32715445665445,35.92924,35.734384151418446,2
27109,35.4,33.558692826372344,33.07311190476189,34.867893,34.32415841395052,2
27135,33.3,36.69937124282454,37.27420741758243,37.504795,37.297075473037545,2
27137,36.7,35.80213671501186,34.8326857142857,35.453655,35.34966143978283,2
27139,33.6,31.679412150926396,31.859752380952397,32.353912,31.927055894796027,2
27143,40.7,36.68635796106172,37.439002537877336,37.89119,37.605270050473116,2
27169,34.8,35.51358233049475,34.643173809523795,34.71478,34.70950491779789,2
27171,37.2,34.603523365296674,34.36933928571426,35.091663,34.801738390231286,2
28003,42.4,40.42729796218074,40.1105891053391,40.538036,40.58110130386199,2
28009,43.6,42.5675854474358,42.4973428215394,43.26526,43.285993696749294,2
28025,42.6,45.30092803893095,44.563721536796535,45.085995,45.38215419949701,2
28041,42.6,41.63863232273315,40.98672922856769,42.101753,42.08995448346833,2
28055,46.1,44.349687770889844,44.39465396825397,45.887253,45.80162635067356,2
28057,37.8,39.68528753494889,40.02884725829726,40.758804,40.60085567092993,2
28059,38.4,39.7229486233079,38.03358519537102,38.86774,38.99333665310082,2
28067,43.4,43.36716249325736,41.98760655763989,41.89491,42.34495572813967,2
28071,40.0,37.863972423441204,37.48492499999998,36.983242,37.13774099706434,2
28077,43.3,43.82367967978517,42.00910782785036,42.784245,43.120279537055914,2
28095,40.9,41.98855665483758,40.802937475569784,41.13906,41.40160502758832,2
28105,41.1,40.97387317778275,39.829469372294376,39.838882,40.126190740719956,2
28107,46.0,45.74724122565844,44.84499920634922,45.166332,45.55283966599632,2
28109,40.3,40.30833831507194,40.4609191027661,41.222897,41.11337867985736,2
28127,41.7,44.23247340283071,43.20632994570789,43.0925,43.5318015285081,2
28143,50.1,50.07508277023658,47.800827777777776,47.24195,48.22489692886809,2
28147,41.4,44.54243230572728,45.03412976190476,45.250103,45.39878562147532,2
28157,49.3,46.20866232347798,48.63278293650794,49.55713,49.32477972810152,2
29001,42.0,38.64415100190724,39.813668578643565,39.8508,39.682478585792886,2
29025,40.0,39.687300868304035,39.83066546372944,40.375217,40.29004782373933,2
29037,35.1,35.91536174298433,36.595339010989015,37.422543,37.02796546929113,2
29043,36.7,37.65583407638499,37.293392018859315,37.568474,37.53307157722031,2
29045,40.4,40.11421060338801,39.84506477272726,40.117012,40.175034484666625,2
29053,41.1,38.726636599149565,39.046810664362255,39.383266,39.277570564154004,2
29055,38.7,39.36843256099238,40.09845261183259,40.211452,40.12327636730359,2
29063,42.3,38.522857285458635,38.058477380952375,39.121414,38.95808053192538,2
29115,41.4,39.8977492438169,39.87336962481962,41.279476,41.03084386559137,2
29121,36.9,39.66025367786339,40.12631107503608,40.126366,40.116506368287176,2
29123,38.0,39.7648676682048,40.1366485930736,40.373413,40.327924243234904,2
29135,39.8,39.87747931599669,39.27449705312318,39.8607,39.88650419830838,2
29151,36.6,37.23486055711449,37.75638669772256,37.786823,37.656334213980834,2
29153,44.2,39.25843245258116,39.032377983032305,39.663002,39.595022862113446,2
29161,39.2,38.176501589939015,39.09253120915032,38.93529,38.82943325364914,2
29181,42.8,41.750473490228764,40.995868253968254,42.244453,42.22229219547023,2
29205,41.4,39.98144472124346,39.64598183621933,39.989532,40.03532515194247,2
29219,37.6,36.853519465348555,38.17063302808301,38.72191,38.33557408172082,2
29510,36.7,39.11919203392474,41.49226576479077,39.509956,39.64491365493868,2
30031,23.7,33.13606547788766,28.86822103174602,26.110065,27.16246584413381,2
30037,34.1,39.23557106173254,38.49147150072149,38.225544,38.44037984410052,2
30041,34.9,39.31852221629131,38.52580284992784,38.219494,38.45451849992107,2
30045,33.4,37.80547102038456,37.58175555555555,36.60122,36.83976717142657,2
30061,35.1,37.4321327137551,37.55551269841271,37.713505,37.62218871159245,2
30065,33.3,37.518644689401405,37.80199107142857,37.275436,37.32100116707452,2
30075,33.2,35.98336164115211,35.43881637806637,34.745335,34.887118981317045,2
30101,35.1,37.34052857438472,39.02817453102454,36.53704,36.8147264749022,2
30103,31.0,38.527303952245695,36.83350476190475,35.986797,36.44711771647717,2
30107,35.4,40.27115842975841,39.1801668304412,38.576797,38.96627026848158,2
31007,39.0,38.2809524777928,37.001203571428576,35.530716,36.06128612769309,2
31019,43.4,37.33544888402151,38.29819802487036,38.068542,37.935766669159186,2
31021,40.6,37.70848165136899,39.30318830022843,38.5632,38.46873571567209,2
31027,40.4,38.801404443474226,37.3278348610327,38.37974,38.382859166108965,2
31031,42.0,38.64214770043898,38.75372209165366,39.19356,39.09183965484822,2
31041,38.7,38.85998353912819,38.523241708901445,39.224224,39.13944046632959,2
31055,35.8,36.63326337798242,35.9819278998779,35.209824,35.41394564717652,2
31057,41.2,36.49595780679404,34.79708189033189,37.041496,36.704577239388634,2
31113,37.9,38.251325949281025,37.44161956564391,37.71079,37.769887077036614,2
31119,40.3,37.79963281224031,38.3616386486088,38.26886,38.18509642036457,2
31133,39.2,38.28932756024186,38.966313704318935,40.280342,39.877502557113516,2
31135,39.3,38.257577352491765,37.68489432965696,37.820564,37.87493085728499,2
31143,40.2,36.54334929831162,37.43901475468977,38.052105,37.70151217567084,2
31161,36.3,39.01187663877814,39.07236572871571,39.051186,39.07906474485123,2
31165,40.9,38.951806906613896,37.8458672979798,36.534218,37.031294311942396,2
31179,37.3,37.081043141693684,35.31769844877344,34.042152,34.548612714026,2
31185,38.9,36.57673622745623,38.34808572622052,37.863216,37.634454711326555,2
32001,33.6,35.577457598568806,37.25829577268955,36.86427,36.5848765030024,2
32007,35.5,36.57042492548955,35.68475833333334,35.829597,35.85568963116927,2
32011,33.9,34.94560655549705,34.521971031746034,34.53954,34.454799390894934,2
32017,32.1,38.71812221414881,38.74356881266597,39.35514,39.23024039984737,2
32510,32.6,34.15417016911008,31.70140317460317,30.952555,31.31470674313951,2
33007,35.9,36.263773964044404,37.38098888888889,36.70015,36.601208280191166,2
33017,32.9,31.35225550100622,29.760738492063496,31.085295,30.7201133236248,2
34007,32.8,34.660317549078556,33.28114925940073,33.03031,33.13856966591017,2
34009,31.7,29.476040903459843,30.231042898767896,29.69091,29.319433516501434,2
34019,26.5,26.72753922261209,25.939556168831167,23.704004,23.834632479344926,2
34023,26.9,25.10804849483894,29.62416226828728,28.190973,27.269083974813736,2
34027,25.9,25.333789548387188,27.080900829725834,24.435406,24.21826880192436,2
34035,26.9,23.77374185732278,28.605150396825408,25.57647,24.915579700213083,2
34039,28.0,33.495921226173564,31.052493795093795,30.856007,31.06133614477828,2
35009,34.9,39.997969813989094,39.34197904362664,39.86447,39.918112551582084,2
35017,35.0,36.80874949835405,34.53572460317461,33.585083,34.08179094808572,2
35019,35.6,38.430385652704906,39.52100198412699,37.90721,38.120574438952694,2
35029,38.7,40.59384407422916,39.27808531746032,40.645622,40.6303475152392,2
35039,38.8,37.23550921089971,38.60595346320346,36.451263,36.694853216551294,2
35043,31.1,35.239681160798796,36.853858333333335,36.575436,36.26485979796869,2
35045,38.1,39.79547192015268,40.97677688592271,39.75483,39.92384241492361,2
35051,33.7,37.077181193698735,34.76068647186146,33.031673,33.72531092619124,2
35055,29.0,35.287435706024446,33.538442027417034,32.060455,32.53336554536909,2
35061,35.5,38.5381068409451,39.26231230158729,39.583546,39.41237634793538,2
36003,34.3,37.758661838577396,37.94546145881306,38.794613,38.54922487123555,2
36009,36.5,37.811087358467404,39.2170691208762,37.843277,37.92719659104801,2
36017,37.5,37.38085787443632,37.87814163348333,37.846607,37.740334479793965,2
36019,41.8,36.47374762933854,35.5715357142857,35.493702,35.56921718703728,2
36029,32.7,35.86488564323709,33.73660396825395,35.169872,35.056413871541146,2
36033,36.6,38.05263132394204,38.233032539682526,39.21001,38.948996615530085,2
36057,36.0,38.321258510681616,38.39334502240335,38.588123,38.53468188419942,2
36059,26.9,25.68892266660894,28.45748446275948,28.772615,27.73739083594753,2
36077,35.5,35.410223089075735,34.175534812409815,34.63449,34.59058591946733,2
36093,34.3,34.91722865099638,34.703430923213894,34.59451,34.50601420085306,2
36095,37.6,35.24059350453352,34.32927864357864,33.406693,33.624012387825566,2
36123,35.3,37.17724330494321,39.12971528783158,37.611668,37.618976344982094,2
37001,38.0,38.25765895592284,38.26014791791413,37.25617,37.485702588451026,2
37007,43.1,42.46104586398729,43.25595158730159,43.446114,43.46473604869613,2
37017,38.6,42.27210106788427,42.31722795956766,42.360214,42.517226260967895,2
37027,35.0,39.3396854664364,40.075194069819055,39.35852,39.45878562956782,2
37043,32.7,36.280790960469375,35.429438600288584,36.071712,35.965842442647464,2
37053,33.2,33.92870280259607,33.07891385281384,33.699795,33.49647630484913,2
37061,39.4,42.22235874970727,41.59178786998696,41.685593,41.93042867236099,2
37083,41.2,43.90142327637573,43.49966309523809,44.545734,44.61038553535074,2
37111,33.3,37.99775855090325,38.46148531746031,38.27791,38.23838227421964,2
37141,31.3,36.88787129204053,37.627093672237635,37.35303,37.24464666321687,2
37143,33.8,38.632284763772184,38.508191269841255,38.06767,38.20312754759896,2
37157,37.8,40.26767878470867,40.77710108376678,40.55402,40.6152485260412,2
37161,36.7,39.568696983276254,39.94143970057721,39.691963,39.749465984176325,2
37163,38.5,41.6434987663512,40.96451349206349,40.868046,41.13872339869052,2
37167,34.3,37.7219512221037,37.2850935906481,37.7422,37.6790651941923,2
37179,31.1,35.57702400751583,36.6097774891775,36.64837,36.36711556059831,2
37181,41.2,43.91469285489923,42.779023412698415,43.025967,43.385105492213,2
37191,39.1,41.3025454240857,41.25816507936509,40.04085,40.458630366873614,2
37193,35.2,39.04038845673822,39.58166813446969,38.528446,38.722216683536395,2
38017,34.1,36.61805812448125,36.95107257224881,36.931103,36.813767321096904,2
38055,36.4,35.92752406453792,36.91792197221383,36.927826,36.67475048722071,2
38057,36.3,36.274479755724954,36.089181058707375,36.854992,36.62027828879832,2
38067,34.3,36.99483685270148,38.116208575820366,37.456604,37.38390343196425,2
38079,45.4,42.49272929934439,41.84259623015873,42.41135,42.56180749515645,2
38083,37.4,38.317302413399794,38.51287976190476,39.331795,39.11628496880175,2
38101,37.4,36.99057810193563,37.532026777939706,37.384754,37.28146817319386,2
38103,37.9,35.2494341422794,35.57744996392496,36.88061,36.40077735191152,2
39015,42.6,39.016321507085834,39.97659165222481,39.883766,39.792925497043505,2
39035,37.8,38.385286550426855,37.10989841269843,37.189587,37.368069212554175,2
39037,40.1,38.436400141762164,39.270585061986054,39.76601,39.53388036154054,2
39043,36.7,36.605345881087416,36.307969444444446,36.65969,36.551290268305145,2
39055,36.3,33.398321256153,35.41594880952382,35.83723,35.225338086536844,2
39075,42.7,40.09006430713677,37.23413710317461,37.862473,38.226769857184706,2
39083,35.8,37.730616696537,39.32761839362505,39.40047,39.119970934930194,2
39119,41.2,39.126172192805534,40.61668971861472,40.287815,40.17617595177678,2
39121,44.8,38.92624219175857,40.16956691919192,40.685867,40.408660763695,2
39133,38.5,35.57598802291928,35.069120887445884,35.142776,35.08504951293811,2
39157,43.7,37.90906574986013,39.445618469843915,39.431583,39.18787740996802,2
39159,37.4,32.79110991321712,34.091926190476194,34.122543,33.68183140623277,2
40005,42.8,39.12630071296634,41.49804108946608,41.00912,40.8016655311672,2
40011,43.6,38.89649306423033,39.39786944444444,39.53385,39.45430447354083,2
40013,41.2,39.41706342014927,40.836290834237246,40.352192,40.299551652831596,2
40029,43.2,40.05380961488472,41.68481979131979,40.722355,40.77534621769915,2
40051,41.0,38.33811533709004,38.75806829865602,39.253727,39.07959370528487,2
40059,43.2,39.50613703076445,36.36855039682539,39.26099,39.1224084910133,2
40079,42.7,41.124898604940164,43.02921935101935,42.747784,42.64978101410011,2
40081,42.3,39.32247981387394,40.92308404037751,41.10485,40.8679166584367,2
40085,43.5,38.1132844419455,39.047398339598985,38.90056,38.78684684559729,2
40103,40.5,37.928382395389384,39.49106083307371,39.919445,39.57105611249311,2
40111,44.2,39.744434630795986,41.66016233501554,41.58916,41.381182340064115,2
40125,42.6,38.55600421435588,40.40390357819264,40.141277,39.935904498237356,2
40129,40.3,39.53314881497416,38.390637364243936,38.541237,38.733285325587694,2
40131,40.9,36.18728283006254,37.58604217940049,38.35501,37.877477993639175,2
41011,31.1,35.71197226659064,33.13227777777779,32.158142,32.65875965230716,2
41015,31.7,33.36985457436457,33.712611111111116,33.220707,33.069240435519816,2
41017,27.0,32.99841946757062,27.24726865079365,23.753363,25.191885426766444,2
41021,31.8,34.95415258604812,34.423529220779194,33.83155,33.90324534349689,2
41031,34.9,37.245662776098136,38.74838206896889,36.02309,36.37824668500525,2
41035,38.4,37.699763146423024,36.679889610389615,33.939972,34.69770626676822,2
41043,34.8,36.503624965517346,37.502499191017904,35.72556,35.90652935479974,2
41045,38.3,38.32172739824472,38.01562142857145,36.50545,36.90042759295464,2
41051,28.9,30.86129326307085,29.04024166666666,27.814093,28.047835499008144,2
41059,37.8,37.93836073926208,38.55164475761942,38.0384,38.049494848918236,2
42007,37.2,36.24306681998982,35.848296611721615,36.213448,36.10088543436142,2
42013,36.2,36.99678317381902,36.62302261904762,37.7724,37.50932349268149,2
42017,30.4,30.146036761694937,29.356579761904754,30.243338,29.805650254739316,2
42025,34.4,36.557752295806395,36.32292976190477,36.515507,36.43217277555865,2
42029,29.5,29.814428438909978,31.11940833333334,29.312353,29.16374843705567,2
42031,35.7,37.20273910297681,37.5277484126984,39.07769,38.626451832707836,2
42093,35.3,34.78392362806676,35.02248676046178,34.667454,34.56163065523132,2
42101,34.5,38.09713822262077,36.471808730158735,34.47713,35.17207774680823,2
42103,33.9,34.854263747474484,33.526539105339104,32.324608,32.65194405935679,2
42107,39.0,36.88853049546064,35.66124830447331,36.4873,36.42217334132303,2
42121,35.5,37.20557690014082,37.1978888888889,37.742764,37.572490126472864,2
42123,34.6,37.23228867912592,36.643526984126986,37.2621,37.16348111267413,2
42133,35.3,35.74887401566824,36.4515190080245,35.696964,35.65496207830512,2
45003,37.0,39.432483680040484,38.82798468377341,39.108215,39.18518678002576,2
45021,32.3,41.729095742285175,40.79629243949474,41.43744,41.58064202006491,2
45043,33.9,37.61297473644959,38.71226930014431,39.091576,38.81047376657712,2
45051,34.7,35.48643389855873,34.90767658730157,35.172592,35.0778737129141,2
45057,36.0,37.53937301690702,37.75564790325236,38.250843,38.07277719006961,2
45061,49.1,44.37141811845957,46.98057738095238,45.43146,45.65947587279008,2
45063,39.0,37.887001598691626,37.81122467169028,38.00923,37.95843851354568,2
45075,47.1,45.0355493758509,46.53768095238097,45.59303,45.87762149805334,2
45083,36.4,38.79086362637067,36.12175195413656,37.68513,37.75020247948598,2
46005,34.7,37.65606062626381,38.4014774003774,38.267483,38.15935716237422,2
46009,36.0,37.76557309983428,38.453168253968265,38.362007,38.25749953849959,2
46011,37.8,36.798326225892936,35.851980158730164,35.543243,35.69251266299222,2
46045,35.6,37.35155127841757,36.81106981792717,36.24232,36.41425759438067,2
46061,33.1,37.984800103452756,34.97415303030304,33.98044,34.649069065036926,2
46067,34.1,39.238929815394364,37.176295634920635,36.140476,36.730608050629655,2
46073,36.6,35.304283930805205,36.30480115440117,36.552055,36.21589507250021,2
46087,34.7,37.72533437908101,37.86761345043846,38.59027,38.37918003968101,2
46091,32.9,37.876579279853964,37.25986726190476,36.398037,36.67153735784924,2
46093,33.3,38.418436619995845,38.370329533042046,38.451683,38.44658846343481,2
46095,42.8,43.57815326253321,42.28991034252299,43.326275,43.51248270509552,2
46099,33.9,36.621279113877044,36.30010095974289,37.61893,37.29272894546095,2
46105,33.5,39.65982794726167,38.797769692774935,37.831596,38.24339408337465,2
46117,33.7,37.092497275958294,38.024429931972776,37.84136,37.691972827625264,2
46125,34.2,38.578735663889205,39.23355856254782,38.83482,38.841177329914565,2
47001,38.3,37.838397677368675,39.088691804293234,38.70349,38.58501155840551,2
47009,33.4,36.85405282749234,37.27971705146707,37.280155,37.154441845560285,2
47011,39.2,38.440700940571745,39.31056822391483,38.102833,38.25661254623243,2
47045,41.3,40.61509131860621,40.28115599522005,40.1416,40.32561060635307,2
47055,38.2,39.27689696332867,39.429217337075045,39.457188,39.4714722467461,2
47077,43.0,39.7008285494055,39.9080182394237,40.08305,40.073717306800965,2
47085,37.7,38.88586327637926,38.713316302896445,39.845406,39.63805026990865,2
47097,44.5,43.62293422895601,41.965748854087096,42.617935,42.949809200151286,2
47099,41.0,41.04939230582442,40.42265555555555,40.857803,40.97275193089022,2
47105,36.3,34.593992956224064,35.22835992063492,33.291306,33.48096469853677,2
47119,40.7,37.4412781010037,37.34657006063608,37.914257,37.76207070258344,2
47125,42.6,39.61812368732242,37.60104191547711,38.489403,38.64730284523901,2
47127,36.5,36.93257151645668,37.69325183389595,37.985786,37.74600883172301,2
47135,38.8,40.625784048969635,40.55324125596625,41.23556,41.191986090223025,2
47145,39.4,37.689322213272,37.36644953102453,37.473976,37.47255017767202,2
47155,39.4,36.63562896754371,36.02771944444444,33.970478,34.463271445503516,2
47159,36.9,39.1897689372954,39.706077471064916,39.82361,39.758785512076244,2
47165,38.4,37.10528237419677,37.61505740186027,38.10293,37.86354171515212,2
47177,39.2,40.24488514674837,39.55646584370491,40.02594,40.107354917390396,2
47179,37.1,36.78835229352295,35.643318650793645,36.14724,36.13935888190171,2
48001,39.5,38.92408710916079,36.16719241622573,38.129925,38.12228470404286,2
48003,39.0,38.329430239623555,37.36386226339021,37.742924,37.80362717004272,2
48021,40.2,36.73186091309576,38.34953956426005,39.107025,38.62283954472214,2
48023,35.9,39.87620277022383,39.517321969696944,39.18601,39.38572143356017,2
48031,34.8,33.57870825671422,31.67491468253967,31.076351,31.29641929332461,2
48035,37.0,37.38184181101512,36.68578087761674,37.02523,37.013341271514236,2
48059,36.4,38.567420931494354,38.37112372263667,37.951283,38.09003830546241,2
48063,39.9,40.93677180128319,40.52058098412005,40.61679,40.77300380269459,2
48065,34.2,37.61546185888109,39.21296489189591,38.988605,38.77127808657712,2
48071,38.7,36.65395373953978,36.528238095238095,36.796818,36.683794335027294,2
48109,43.1,38.53867915068384,40.28178232323232,39.665432,39.556297098055495,2
48135,40.3,38.95707961874396,38.23887367738894,37.67459,37.941949875763356,2
48151,37.6,38.47245540055842,39.40664746838131,38.81691,38.82048242631143,2
48183,39.9,39.51182235665452,39.28168291081257,39.752018,39.73246195704242,2
48199,37.5,37.92467009248389,38.97728672097535,38.948,38.781279265798624,2
48213,37.3,38.70570785065787,39.552760644569986,38.49562,38.62975835476134,2
48221,33.5,35.130566827865174,34.452730555555554,33.045593,33.33427684478022,2
48235,35.7,37.68442564829743,37.657687518037505,37.325912,37.38059832069165,2
48239,39.5,38.641031864315345,38.97073071084646,39.17645,39.09562398336427,2
48243,39.6,34.99461140295552,34.4016018037518,32.56368,32.93261768616484,2
48253,42.6,38.32759452467198,36.83321168705908,37.658127,37.69592642759926,2
48263,34.9,37.18063663147779,36.81372936507937,36.95959,36.933900180475504,2
48275,39.9,40.22219783904178,38.887883608058615,39.764977,39.84897573920098,2
48285,37.7,39.17908895342049,39.04690219906842,38.77097,38.893593202014316,2
48309,39.0,39.07569229453582,38.94164638447971,39.039333,39.071954406686075,2
48311,42.7,35.31288373515475,34.804061904761895,34.135765,34.23728044891792,2
48315,41.1,39.96400819340055,39.78405555555556,39.505867,39.67027527567818,2
48321,41.2,40.72038717592416,40.073879906204894,41.49151,41.369542506298714,2
48325,40.3,37.18015814437837,39.425240414868775,39.17225,38.84517278566267,2
48333,34.9,37.65386557130269,37.24949899626518,36.869686,36.99088686666697,2
48345,36.5,38.65688702109409,37.994277777777775,37.659214,37.8525399215741,2
48351,42.1,41.59551447226189,41.47177812194566,40.931534,41.21849837330501,2
48369,40.0,39.82005316125405,38.05812429529331,40.544155,40.3055696093519,2
48373,40.4,38.49740325976474,38.928525453290675,38.559975,38.58952274802055,2
48381,33.9,36.26667565914261,37.14166404232313,36.65656,36.54923885977586,2
48383,39.4,38.28069470092876,37.678786310663604,38.67763,38.53919041128924,2
48393,36.4,36.61477153475528,38.10560847763347,38.72688,38.28797044584138,2
48415,39.1,39.82321351645267,39.31811836219337,40.147865,40.10066384385045,2
48429,38.8,39.71998885717685,39.59386804403327,39.993183,39.98332487453499,2
48455,38.9,39.113760255115174,38.04665515873015,38.311726,38.44793475118865,2
48459,40.5,40.445196524200696,39.793242700181764,39.932762,40.093154918522245,2
48461,41.6,40.58396164257612,40.08173503310415,41.903862,41.66138312954785,2
48473,41.5,38.972297427922584,38.86004514474388,39.31159,39.25518656347471,2
48493,42.1,35.41064994133296,36.991951010101026,37.80397,37.255369212377786,2
48495,39.5,38.643833691542156,38.27780619121414,38.937225,38.85700648794569,2
48501,40.7,38.00721194984367,38.132202220399215,38.684593,38.527439814669194,2
48505,46.1,42.9832637312353,45.6729742063492,46.55552,46.15276882227538,2
49009,33.8,38.22041765039699,36.67026126639062,38.7188,38.479359848922506,2
49027,35.4,39.78894653911131,35.33969285714285,34.288536,35.26511783290564,2
49037,37.3,41.690531313176095,40.40531967897167,41.307224,41.44189276536201,2
49043,23.1,27.424569728715213,27.511340476190465,24.499594,24.707122045536305,2
49045,39.0,37.67672052873638,35.1244611111111,34.206223,34.775184904964235,2
50013,27.1,33.443408423339555,30.346570435120437,32.081448,31.939304490234058,2
50027,25.6,34.51104844497202,31.73551287878789,31.287924,31.644951827671804,2
51001,44.0,39.36424339227323,37.401320238095245,37.925716,38.14802149371659,2
51013,25.9,24.48254868064091,24.866394552669547,22.857574,22.662371670545276,2
51036,41.9,36.835430639903365,37.03700296092797,38.14584,37.7985126963528,2
51043,34.1,32.49787925707993,31.813493145743152,33.0479,32.61669195671773,2
51051,42.9,40.864435337103124,41.38233214285713,41.889313,41.80753544646596,2
51059,27.0,23.02635298866892,29.481542796092796,29.15115,27.593926052163166,2
51065,38.7,35.56639088076552,29.60937857142859,32.60237,32.69379848115717,2
51067,33.5,37.164108770114744,36.86800079365079,37.27718,37.17965552057831,2
51069,37.6,34.39503519761484,35.325125,36.332783,35.793129981660186,2
51079,36.8,35.69349369202793,35.424847698105665,37.585606,37.0178879891866,2
51085,38.1,32.954881350676345,34.62017777777775,34.89751,34.35242396609881,2
51091,33.8,37.450686045558484,36.76336540404041,38.18463,37.92600260183132,2
51095,33.8,32.07488991262137,29.754648809523804,33.223915,32.50725770822841,2
51115,33.3,34.1463066442139,35.76186847041848,34.301044,34.21429778415144,2
51117,41.4,40.4147314154351,39.418350396825396,40.090977,40.179447355412485,2
51119,40.1,34.313848778849,35.6610011904762,36.606632,36.01495384857674,2
51133,38.8,35.873801187199,36.898721825396834,37.88631,37.40120641241975,2
51149,41.2,36.14328786456022,32.36494484126983,32.952408,33.29349468048652,2
51157,36.1,32.57795391796825,28.642280067155074,30.26991,30.241012856463392,2
51179,37.0,32.14972982257127,36.04533333333333,33.866558,33.514969420841915,2
51520,41.3,39.389895964316175,39.48803214285714,40.244663,40.10468578367546,2
51590,45.7,43.42090529089893,44.52105833333333,43.598846,43.86865393779006,2
51670,45.9,43.08729277017697,43.39086984126984,44.02876,44.04567873727103,2
51680,39.5,38.60157033383573,37.66094246031747,36.98181,37.29356817517224,2
51760,35.8,38.642298810765695,38.52367817460319,37.743587,37.95663151440213,2
51790,39.9,36.64817634335678,35.990571031746015,36.23919,36.21051688665111,2
51810,32.9,33.09629349840387,29.826338034188026,30.237465,30.4102627610257,2
51820,38.1,38.01945766601172,38.133561387343626,38.68928,38.5335331165015,2
53013,38.3,34.815683565544546,33.74704675324674,32.16826,32.54147854126873,2
53027,36.5,36.498498247787985,33.86960238095237,35.328358,35.31187088755635,2
53029,33.7,32.367353392690916,29.231333333333332,30.152243,30.1561814908019,2
53033,22.8,24.60115899625959,25.020792388167393,23.545975,23.2279167821762,2
53035,31.4,31.77531551339179,30.593436111111103,30.988125,30.7932081555957,2
53055,25.9,30.277507277687327,28.505250979575965,26.314522,26.737069630145054,2
53057,36.8,34.2897854123534,34.18951168831168,33.80957,33.738986934896545,2
53067,33.6,32.94808656687316,33.008006349206354,32.05508,32.03371439813637,2
53075,31.2,34.6374457966336,34.19756035353536,33.67641,33.70443931987801,2
54011,41.8,37.9652385961694,38.317563600288594,38.47208,38.37026634870012,2
54015,42.5,40.59540514531785,42.94717495331467,42.12049,42.05738680966062,2
54017,43.3,38.56983777836021,39.49614343434344,39.75359,39.568040986109054,2
54029,45.1,37.10763348107051,37.64104087301588,37.39998,37.32452141461953,2
54031,42.9,38.47352606681047,38.93830317460319,39.768055,39.51634102740975,2
54035,37.1,37.830223322792044,38.56374459504896,39.545338,39.190394996572955,2
54039,40.3,37.462769447531684,37.32029404761904,38.172825,37.963350116836715,2
54049,39.8,38.7512570836126,40.81074068844592,40.17358,40.03085703495892,2
54065,38.5,36.15100923458437,36.00724285714287,36.114933,36.019732261036005,2
54069,38.1,36.82862487677429,36.781063888888895,36.54764,36.54571765548352,2
54073,41.3,37.39217066845097,39.43517896825397,39.327568,39.00671445444869,2
54077,41.0,38.30240382958883,38.45378452380951,38.42226,38.40803614118375,2
54079,38.1,37.055589075174005,39.222082349548394,38.19948,38.05554002542954,2
54083,41.3,38.5018528395156,39.49770021645022,39.413536,39.29301644739501,2
54085,40.8,38.398396067194,38.8421550865801,38.41754,38.453763183834454,2
54091,40.3,38.718346005345204,40.485978751803785,39.436295,39.43077538053668,2
54097,41.2,38.748653907388146,39.56337723665223,39.540565,39.44392219671624,2
54099,45.6,39.60792963279383,41.107216378066376,41.09857,40.93299752332752,2
54107,38.1,37.78950017098333,38.30023632336657,38.30175,38.203607779550495,2
55013,43.1,34.836920361393645,36.94578849206349,35.755665,35.562530197683365,2
55019,43.1,40.3191355295594,38.53550181159946,39.098713,39.3265930624524,2
55025,31.6,32.97469970819877,30.55817954822955,29.374907,29.780149418665513,2
55041,42.3,37.014681223928605,36.87989404761904,37.24706,37.12842485797072,2
55051,37.2,33.951907563538015,36.40750559163059,37.44408,36.64904738159678,2
55081,38.7,38.42399657529145,38.52627178285194,39.09947,38.95905106921291,2
55087,39.5,35.07737251721737,36.36461930102418,36.75622,36.33392693369867,2
55093,34.7,34.538877964475915,33.37682799422801,34.00499,33.87346962829978,2
55101,40.0,36.91667827539721,37.78111119802353,37.082115,37.053720631726755,2
55121,39.1,38.16006848881141,38.73002712282834,37.71045,37.85395690875807,2
55123,40.4,39.21410792208683,39.009490088863565,37.88168,38.21233430550761,2
56015,34.7,37.57756787708294,35.35392301587302,35.555305,35.81343062317612,2
56017,38.8,36.82092687814768,36.661321640826856,35.974407,36.09313888469635,2
56023,31.6,36.53608158607888,35.512746825396825,34.058037,34.4706479133171,2
56033,31.6,36.119103064336535,34.512518813131315,34.22441,34.438779313936436,2
56045,35.0,36.04610843811249,37.61869044894199,36.757904,36.62232643776254,2
01005,43.8,43.310312201933456,44.29302225829725,43.80668,43.903289675310056,3
01017,45.4,41.98339629902594,42.10197500000001,42.556934,42.53043626840938,3
01027,39.6,41.09648090377243,39.67182348484849,40.105335,40.303956152103694,3
01031,34.1,39.669900522637064,39.956257431154064,39.61005,39.69682242872452,3
01041,40.3,42.3060266636783,40.794336904761906,41.704494,41.82985631910013,3
01047,50.5,47.646110428613454,47.86643712121213,49.302094,49.154849789141615,3
01075,38.3,40.53590257089783,39.37815508658008,39.67508,39.85200329695418,3
01079,40.7,39.14697087668712,39.643002619047614,39.370453,39.394628858182834,3
01107,43.8,42.43495607726204,42.815676948051944,42.55837,42.67324882275227,3
01123,41.9,40.94983026298306,40.384425962925974,40.622166,40.7306458325643,3
01131,48.5,47.95356500650709,49.02928282828283,49.06913,49.13226185020148,3
02060,32.0,32.81151363373205,35.87370000000001,36.69951,35.91161136577167,3
02063,30.4,32.30233866865707,31.93431424963925,32.630203,32.39649690912157,3
02105,31.7,36.851891427423716,35.31981155812786,36.093544,36.12823916709311,3
02158,46.0,43.527667011039284,43.49605753968254,44.697124,44.550015483680276,3
02180,37.2,37.93918156028235,38.422273421186645,38.887882,38.70801876625652,3
02220,32.3,31.90174183542561,32.12721031746031,32.66961,32.371091842281864,3
04005,27.0,35.2495567946444,33.39324047619047,33.719128,33.87511773581775,3
04009,40.4,40.911132404674554,39.724294841269845,40.595573,40.647258655330674,3
04015,36.6,36.900362949058206,34.47823095238093,34.81262,35.09311790521116,3
04019,32.8,35.58662403344041,34.04727380952381,34.96431,34.93618197741533,3
05007,34.2,35.22912761345878,32.76688207070706,32.506126,32.89754880489256,3
05019,40.4,40.388512908152634,41.19378404876271,41.50503,41.36908463256157,3
05041,45.2,45.32246717130089,44.792877777777775,45.389465,45.50744411567567,3
05049,39.0,40.9185684047087,39.381185797827904,39.265007,39.60961064916758,3
05061,39.7,43.04643292116432,41.233792189754695,41.478226,41.82822898856374,3
05067,40.6,42.27720579659486,42.38316702741704,42.369835,42.46504901905712,3
05079,39.8,40.98974209810428,42.39853235930737,42.352398,42.22252114102589,3
05089,36.8,38.769954755810176,37.93866886724388,38.28702,38.359620088175504,3
05093,43.2,44.717319234819115,42.41706570322917,43.412148,43.69598445058471,3
05095,43.4,43.6287171499543,43.601029797979805,44.463238,44.39957379849103,3
05115,36.1,40.03750340625685,39.66160777555776,39.557625,39.69776315476047,3
05119,38.4,40.5004582106479,39.18289321152704,39.31538,39.55604289037079,3
05141,37.0,39.84862584288539,37.542430952380954,38.452354,38.644514847416424,3
05147,41.3,43.01234185695673,42.594918767507025,43.427216,43.41719232514737,3
06001,19.4,21.550802177217236,23.817342712842724,24.182854,23.368299141457825,3
06009,29.4,33.77300067293099,27.958454365079355,30.138996,30.43046876024453,3
06023,33.1,36.50132182169648,35.03332763347763,35.20942,35.37008613735416,3
06037,26.2,29.8155074339613,28.009829761904758,27.792027,27.944947714316502,3
06041,23.5,26.481831809853137,24.37899505772006,24.658691,24.660505842616928,3
06045,29.4,35.43361997911789,33.44204866522367,32.75368,33.17959655380096,3
06053,32.8,33.04013493924329,32.22737041847041,33.075596,32.89162697430697,3
06057,29.9,32.48055333168833,27.605391269841263,26.196608,27.17710253640853,3
06061,25.8,28.998740167381317,28.33735714285715,28.057146,28.027765008563833,3
06071,35.1,34.0616304110667,34.0760119047619,32.409683,32.726845597758924,3
06087,29.4,30.051226439385232,25.04896428571429,24.045517,24.8916346098132,3
06115,32.6,37.32809291164446,35.83409957983192,37.39821,37.24745108503542,3
08011,33.1,39.35531569812832,42.443494537208856,40.217617,40.313575923300355,3
08025,33.3,38.494765174689526,42.23943258357107,40.461414,40.327052508424224,3
08039,25.0,30.55833269728608,34.290519322344345,33.353428,32.83381738500032,3
08051,23.7,33.07479821531128,29.905433405483418,27.456982,28.43608113536054,3
08055,28.7,35.52283704407365,34.62966547619048,34.04815,34.27915613099788,3
08057,28.4,32.13140118962154,33.75020847763348,32.455486,32.38809491600592,3
08063,30.2,38.37396712059764,37.41585361328015,38.723774,38.575562087281035,3
08083,30.2,36.77998614361506,35.30767258852259,34.763733,35.10516798448958,3
08093,25.3,32.264148757939815,31.084309032634025,31.737226,31.639538796433804,3
08097,21.1,25.7966850793323,26.246930555555537,22.367996,22.9586797127881,3
08099,31.6,39.819699792148775,39.62456627408539,39.75905,39.80844813821375,3
08109,30.3,37.85828516916367,37.43465336991777,35.630684,36.13753714894244,3
08119,26.9,32.893933375732715,30.982856776556773,29.930105,30.3723200692521,3
08121,26.8,38.17516924292869,38.18985422720699,38.69397,38.583319529829666,3
08125,27.9,38.755417502624596,38.46065946868771,37.8263,38.05188776332877,3
10003,37.6,35.08072620572882,32.97491634199134,32.005405,32.50871915685978,3
10005,38.6,33.95969719561076,29.82459206349207,30.861124,31.170998774569185,3
12007,38.8,40.011411089505344,39.68810833333334,39.126335,39.368054918804276,3
12021,27.4,32.29796766132734,28.764344047619044,29.828114,29.999048021212182,3
12033,32.6,38.81524228201956,38.39242380952381,38.387043,38.482317502259626,3
12045,38.4,37.56291370685748,37.656283044733044,37.410423,37.45412027603181,3
12053,33.4,36.2931162694171,34.42994444444445,34.99811,35.12099981544276,3
12055,36.2,37.48848771578679,37.59407936507937,37.572544,37.558515596453475,3
12073,33.1,38.09074518784409,37.554159199134226,36.942604,37.1849422539804,3
12081,33.9,34.709513145199324,33.36438293650793,33.45348,33.57433435402756,3
12101,34.7,36.551427009992494,34.84287289055974,35.441772,35.539151106599505,3
12117,31.4,34.66484502025913,32.77472626262625,33.008366,33.17828098499615,3
12123,42.8,40.814597315257274,40.92327883611822,40.247818,40.468278089010695,3
12127,33.9,35.91683934609919,34.92706148894965,34.663025,34.84169328640704,3
12129,37.3,36.84932670542078,37.60400174603174,37.55336,37.4303192297749,3
13001,40.7,41.344453041426185,40.94068849206351,41.10753,41.21707860475112,3
13005,41.3,43.16927182096274,41.215829338393725,41.922207,42.185625143276816,3
13013,39.9,38.011364626113675,37.81533531746032,38.505505,38.37903109220585,3
13021,48.5,43.63473465607787,42.909928066378086,43.860443,43.88429153580726,3
13029,37.1,37.214985949121875,35.34862784992786,36.691177,36.64925923559179,3
13037,46.6,44.310957669573966,47.28134018759019,48.25682,47.714362893165195,3
13045,36.9,39.67144864823366,38.851541156442124,39.480972,39.50496988753658,3
13061,44.8,44.16098328953567,43.20319206349207,44.06287,44.15716779024631,3
13069,41.4,44.87328179608373,42.85819214345563,43.194595,43.59643115659205,3
13085,34.7,33.85201551834057,31.94754913419913,31.475069,31.79859757005078,3
13093,44.0,42.41606888008896,43.876839033189015,43.439228,43.428788915872914,3
13097,42.8,40.793382509529195,40.64280363247862,40.423786,40.57410528473568,3
13101,41.5,41.94710654273318,42.009178415297214,42.65651,42.59159011285293,3
13105,42.4,42.23259991850589,41.013354761904765,41.637993,41.78490926802216,3
13131,41.8,43.63128417508001,42.009313151927444,42.68058,42.91153133876092,3
13137,36.8,38.171989006086285,37.89385992001793,38.052593,38.07079369238298,3
13149,41.0,40.712538779362184,39.71223558802307,39.70315,39.93342509371505,3
13159,39.5,40.06881389669486,39.311597877532925,39.35394,39.518961797853066,3
13173,41.1,42.57608199545548,40.105497113997096,40.891197,41.20231564234422,3
13195,39.0,39.82262572663826,39.018150515827486,38.39981,38.72578779095429,3
13207,37.7,39.086827383533816,37.09320315656566,38.30124,38.35509094514161,3
13211,36.1,38.00710820508516,37.53900067155068,38.442974,38.30725870921269,3
13227,36.7,34.94738396426724,35.054315079365075,35.58198,35.37626754041455,3
13245,44.4,43.1441400447971,43.06425386002886,43.19515,43.30470059585999,3
13251,42.3,43.52010538092269,42.4553376068376,43.35583,43.442070028115076,3
13255,40.2,41.71798099145513,40.10069233821733,40.85927,41.023976391198616,3
13273,47.1,45.44807031348429,46.90565883838382,45.731407,45.969544746646285,3
13283,43.4,43.78378093611931,43.09839633422134,44.014694,44.04411177697354,3
13297,35.8,37.9949087487424,38.118843140748154,38.54277,38.430237348765274,3
13303,43.0,44.10593627047337,44.55582976190476,44.4922,44.588425133083916,3
13313,36.9,39.216425364090725,39.41426824708085,39.385124,39.3987035106551,3
16003,31.5,36.656517059202876,36.02694924242423,36.507565,36.46771617851973,3
16009,34.0,38.090526718970544,37.90784949906928,37.29141,37.47975302866076,3
16017,26.7,35.96510526291431,34.43964007936509,35.734974,35.622258734364166,3
16025,32.8,38.226465583418005,35.158592032967036,33.8394,34.65009675900819,3
16053,40.1,40.397382325885246,37.757923137973144,37.22954,37.83321764183001,3
16055,34.3,36.52803187737116,36.93021724082841,36.39597,36.43701881189977,3
16065,36.6,38.18383069471409,36.460598809523816,37.00466,37.155483938128675,3
16071,32.2,40.36711597151351,35.209720634920636,37.071926,37.490954074392086,3
16079,34.8,38.49004152382965,37.85428293650795,37.486164,37.6945406245443,3
16081,28.8,34.44534979186198,30.443224711399708,27.856083,29.030282027126223,3
16083,36.5,39.293995551695666,38.74995409906764,38.0247,38.32357704659763,3
17001,39.5,37.50144086859652,38.44087259451081,38.665287,38.462276611176144,3
17005,37.6,36.956037293472306,37.77909327105643,37.19258,37.190574125343325,3
17007,39.5,37.10636099762076,38.16684195301056,38.945473,38.580775803111415,3
17011,37.8,37.03082333138282,36.86644543234544,36.842503,36.86050202946132,3
17039,36.5,36.73123140985668,38.18509650853024,37.73179,37.594108914854544,3
17053,38.0,37.6984832119769,39.54907846456712,38.597313,38.54046003416655,3
17063,35.1,34.84882046239938,33.985129689754686,34.041004,34.09806075046135,3
17081,38.8,38.62373793871964,39.09443770470699,39.135334,39.075719543009605,3
17093,36.4,33.89364394062333,33.45470119047619,33.50517,33.47512417239152,3
17097,31.9,31.090598204374352,30.90592738095237,31.57727,31.292744073043252,3
17145,39.5,38.39725287559664,37.99553425229742,38.407352,38.38902668845131,3
17169,39.3,37.224748524968334,37.20354642857144,37.764774,37.623861292264515,3
17173,37.2,38.18173561210858,39.37448341757544,38.901085,38.84265834364469,3
17197,36.6,32.81412954772597,33.54311507936507,33.59019,33.353823941359394,3
17199,38.4,37.84261957153172,38.59828438317405,39.052498,38.830650025361734,3
18009,37.5,39.64628761478306,40.3338746089265,40.344685,40.28227832062643,3
18013,36.9,35.09476477841974,33.65870945165945,33.73838,33.88463342972713,3
18015,38.8,38.63328277416641,39.3748187364352,39.63226,39.47843437591519,3
18029,35.1,36.11082475587091,37.98230926821733,38.577118,38.10719380083769,3
18041,41.1,38.56039033408238,40.048944318031005,39.94953,39.76361594658967,3
18045,39.0,38.27611973710334,39.41059629345723,39.532066,39.3414770559539,3
18051,40.2,38.32847891323739,38.61836008143807,39.00436,38.88285628625516,3
18063,38.9,34.21687359434141,34.964701984126975,33.71169,33.81846850572818,3
18073,38.0,36.52031793185862,38.98776881960727,38.3818,38.118035020025026,3
18083,38.2,38.24703020671401,39.574483971562906,38.874783,38.851443415531406,3
18087,42.1,39.50348927327891,36.130491017316,37.32799,37.60908061129573,3
18095,39.6,39.16772725148454,39.300718811902996,39.387764,39.3823041522582,3
18097,39.3,39.126480111463266,37.06094285714285,37.611496,37.83601624862574,3
18119,39.9,38.16428153222581,38.49307099221916,38.68745,38.60227102049237,3
18123,40.6,37.845888677396225,38.879427525252524,39.134224,38.917222463300874,3
18125,41.7,40.03232522498269,39.16536039602833,40.387985,40.284668585122276,3
18129,36.4,36.591358384258456,37.8813599190596,38.579674,38.18659876194604,3
18163,39.3,38.50949225911824,38.760848719602535,39.310364,39.15964337846478,3
18177,39.4,39.344244389678146,39.63112313826268,39.93602,39.858144188399166,3
18181,39.3,37.743391211642944,38.784357301530925,38.436344,38.36115714638578,3
19021,41.0,36.56291887232383,37.162948015873,37.49232,37.29509874633924,3
19037,37.7,37.20346616959332,39.20538476800976,40.13649,39.590533889001605,3
19053,38.1,40.10440104773025,40.442811245780206,40.886925,40.785111602723596,3
19069,41.0,38.44417015781937,38.63539960864863,37.6777,37.89826524346169,3
19085,40.1,37.62083585726632,38.63202862110361,39.04995,38.79186791586834,3
19089,37.3,38.846852913513445,39.30352113694941,39.524143,39.42856377310244,3
19109,37.6,36.97571719566466,38.76477353292865,39.170113,38.778821612697755,3
19135,37.5,37.96057503661454,39.65512675072839,39.762527,39.480694570342784,3
19147,41.6,37.908485960611046,39.14167649664646,39.350365,39.11481440044371,3
19159,41.2,38.779352665372286,37.6312126984127,39.04629,38.91128185726444,3
19167,34.0,36.30835844032007,34.48513015873015,34.173325,34.502526259194,3
19169,35.5,34.729931939194415,34.358494047619054,33.149315,33.43191651173753,3
19183,40.7,37.677671033154155,38.360418226600984,39.011158,38.74945551933162,3
20005,40.5,38.72682987689858,39.92198249632698,39.04974,39.09977741991114,3
20009,41.3,38.349582528381696,39.77221015783948,38.276592,38.432718047721615,3
20011,42.5,39.62273949891877,40.46289541667861,40.61367,40.49318526120904,3
20015,40.1,37.17456623007619,36.555596451326466,37.33676,37.234828485984956,3
20019,40.3,38.8414606648492,38.29148559142955,38.438618,38.51754735460298,3
20023,39.9,37.43092003931797,36.6115134920635,35.624523,35.98614200555479,3
20025,38.9,38.13896607510682,35.55569801587302,35.36156,35.82340207925376,3
20035,41.8,38.86255778716325,39.37284416521209,38.737057,38.83998827459485,3
20043,39.0,38.44435992498148,39.98824531949795,39.508354,39.40286117063609,3
20051,41.4,36.789484753149836,36.63063406038404,36.89637,36.83805014449954,3
20055,43.5,38.07279661235861,37.2616985781762,37.98042,37.94436459443858,3
20059,34.2,37.49666488880475,37.96947475174697,38.99499,38.67143835945328,3
20065,38.3,38.63992655606971,38.77500916700259,39.238537,39.12970593186533,3
20069,39.8,38.14781323177249,37.86494175407925,36.64827,36.99829574746441,3
20073,39.7,39.35539767739894,38.241663275613284,37.91352,38.206872823368265,3
20085,43.3,39.306598517830025,39.087357483257485,38.880363,39.00393708065897,3
20089,40.5,38.1181464648566,39.16781479076478,39.187588,39.031069279423505,3
20101,40.3,37.06904179129274,36.752807142857144,36.828785,36.84725004669847,3
20107,38.6,39.27684248047601,39.54754549661435,39.457844,39.47607183792026,3
20133,42.8,39.798692005334395,40.14147588756628,39.59451,39.723887069924885,3
20135,37.8,37.03326100564156,35.88746688311688,34.19516,34.768486187921624,3
20165,37.4,38.37483397050266,38.28761257215007,38.843895,38.74119061513982,3
20179,37.8,38.851444166420585,35.24227023809524,36.183174,36.54779850244324,3
20185,38.6,38.32708975904061,38.69967304574159,39.173817,39.01813518092678,3
20187,43.2,38.63514331499436,38.38421996290824,39.475227,39.275152621330705,3
20201,40.3,37.86347086941961,37.93335003648969,39.071465,38.792092997159294,3
20203,40.9,38.16644720823712,35.59114999999999,38.655968,38.331381160807716,3
20205,40.5,39.44792912991084,39.46587735792576,39.796974,39.757110754673654,3
20209,41.5,40.08194697855725,38.07193809687043,37.88721,38.30257456763868,3
21005,38.1,37.4741976076263,39.010853679393314,38.468433,38.35660053851267,3
21015,38.5,35.199542323833306,36.24373498168499,36.46246,36.191000611092036,3
21017,40.5,39.027957628890896,39.726500369623075,39.139183,39.20492550024785,3
21037,35.5,35.712392057364156,36.84112063492065,37.227554,36.914396142211736,3
21043,42.9,41.42899754802878,41.37320177326878,41.83459,41.82084075180252,3
21107,40.7,40.0562220619813,41.154010770443,40.996193,40.92003177504768,3
21115,42.4,41.24128818936412,41.291224612563994,41.723972,41.69628512260469,3
21129,43.3,42.36133297966497,42.80402932330828,43.34859,43.25874660550999,3
21137,40.2,41.81638772942088,40.749119138622824,41.35326,41.47175726056456,3
21141,40.2,40.35370756503134,40.760940830280326,40.112278,40.26902861437481,3
21163,37.8,40.47019693937832,39.67774767787618,39.532997,39.75795212134074,3
21169,41.7,41.430213644400204,40.570927947052944,40.933353,41.06874110915039,3
21195,41.2,41.29551445689826,41.3813252886003,41.59021,41.61217035804402,3
21199,39.3,40.37198696606352,40.77740619748664,40.71768,40.73313072709209,3
21203,40.5,40.60535836743326,40.74761397042836,41.20933,41.14549085110807,3
21221,40.3,39.9001203143816,39.70625753968254,39.372856,39.53674615228356,3
21225,38.9,40.66784512081084,41.379370461220084,40.994392,41.04742858914502,3
21237,44.7,42.82634563633212,42.2391934789067,41.979218,42.25470636051476,3
22007,41.2,42.62656587832817,41.458627380952386,41.839375,42.04625700041415,3
22013,46.6,44.817459434550216,44.39154678932178,44.66888,44.83594403905609,3
22031,40.0,43.092688705913375,42.16889484126985,42.93897,43.02474841595332,3
22051,39.7,38.31215127225259,37.047713888888886,36.620956,36.937336042829564,3
22063,37.2,38.54200359122314,38.690197067079495,38.1179,38.25451646250131,3
22115,39.5,41.2797005738868,40.23699920634922,40.21086,40.46503524325413,3
22117,43.3,43.74939698702217,42.842255422320434,43.2263,43.41782609262888,3
22119,45.7,43.35071905743642,42.578240573117355,43.403683,43.45852084089042,3
23001,36.4,37.349371302668025,37.40659484126984,37.338863,37.340280863882036,3
23011,33.6,36.311747932237935,35.3722351774043,34.337433,34.703295600770446,3
23025,37.3,38.36042098678167,38.54664797077922,38.88858,38.79460206766119,3
23031,29.5,33.33074018587884,31.990763888888882,31.88714,32.02162234196243,3
24001,37.3,37.59761676066796,38.64202619047619,38.697487,38.52108701649121,3
24009,33.9,31.110078291981942,34.27486587301587,35.64559,34.67076931074824,3
24017,42.9,34.84993017207218,33.927636724386716,34.063084,34.11011378747451,3
24019,41.8,39.252876853360064,39.3600699134199,38.814312,38.96743853772678,3
24029,38.9,34.25758942787573,30.20415497835498,31.756344,31.93607107892116,3
25027,32.7,32.49109174211282,31.76716111111112,31.458872,31.52716483567734,3
26013,38.3,37.75818463846886,39.36784033189035,39.228344,39.01457515675974,3
26043,32.3,37.190616781434024,37.33984535607036,37.27817,37.26009769500438,3
26047,31.4,33.473443850767865,32.85891666666666,32.63621,32.689641582013856,3
26071,37.1,37.06554161766274,37.93554462481963,38.76434,38.41628944741807,3
26073,38.5,38.38817064287859,38.48904553540715,38.47689,38.48224191158297,3
26083,34.3,34.049045247165374,36.55432601010101,37.78443,37.01461384435369,3
26085,42.0,38.40845280593118,36.92595714285714,36.998634,37.23081487581202,3
26091,42.4,36.94760655066138,37.56941779930596,38.070805,37.837648908746296,3
26099,36.7,35.649679884918854,35.80509325396825,35.14721,35.23612633993773,3
26101,38.0,36.67252523593556,36.46086836219335,36.263023,36.321999205330656,3
26115,38.0,36.42492347457955,36.57490939632262,37.98108,37.59115678024825,3
26121,43.0,39.13352227601776,38.7492817987842,39.456367,39.38122925116589,3
26123,39.2,38.297760052636136,39.48796911145937,38.687267,38.71085446194046,3
26133,38.7,39.17236763262388,38.619745071921535,39.657413,39.5297124302127,3
26139,35.9,35.042201995073356,33.05321778499279,34.17763,34.15693634772701,3
27027,35.1,38.21591033212799,38.18106699301597,38.11013,38.14680817622864,3
27037,32.9,32.820630739400904,32.554963095238094,33.835133,33.456628759923795,3
27043,37.2,37.80947952556675,39.695814087516304,38.290874,38.340302656181365,3
27061,34.6,37.54480608336877,38.02164958652459,38.100613,38.005789782232036,3
27065,37.8,38.05159048228527,37.67411761896346,38.259228,38.18730477865156,3
27069,39.3,36.290194821974616,37.192268392718375,37.846058,37.51719020949884,3
27073,35.1,36.64896010778942,37.97750802016973,37.63542,37.488545890781296,3
27075,34.7,34.42119125259913,34.20957738095237,34.120205,34.10070277202602,3
27085,40.3,36.727356330229895,38.60569892463514,37.99846,37.831639521526405,3
27097,39.8,37.89083471173076,39.73720044460133,39.78541,39.49256599636041,3
27111,38.2,36.553009924317905,38.400957085179556,38.01233,37.79348296079569,3
27119,38.8,38.28564809799134,39.10346037169087,38.778175,38.744893570385265,3
27123,32.6,32.73763363579435,32.345713888888874,32.567398,32.46187556261578,3
27147,36.9,37.01672380295209,36.2231145127095,37.78722,37.520053120098325,3
27165,39.3,37.53889282854096,38.429824240707646,36.964886,37.17765534385255,3
28019,41.6,42.84889528499433,42.31518617216118,42.750317,42.85038950877243,3
28023,44.7,43.218751841132786,42.30043542568542,43.65488,43.601827833037156,3
28027,48.4,50.07743280079279,46.891294985569985,47.75318,48.331781759808514,3
28033,39.6,39.23019353278655,38.3118752886003,38.956467,38.98189512475917,3
28047,34.7,40.15131671620087,39.380384005468215,39.864616,39.927142277930685,3
28049,47.0,45.909612452798065,46.86842153679654,45.81174,46.11000290368897,3
28053,51.0,49.99800111803722,49.51217835497836,49.98749,50.23653880649055,3
28065,43.8,46.01759367255535,44.624137301587325,45.686375,45.84288369036158,3
28083,45.8,50.1358400690449,47.18188971861471,47.211777,47.95615928915545,3
28111,41.7,41.483499071029605,41.719526937461325,41.831,41.85740271402474,3
28117,40.4,41.2078864682293,40.229623260121514,40.31036,40.527050252164365,3
28119,50.3,48.21663490722876,50.70497896825399,49.130424,49.368748359886865,3
28131,41.4,41.03462297394154,40.787908041403035,40.557804,40.73138786056946,3
28139,42.2,41.64759301777023,40.40285536655374,40.457027,40.73187852192037,3
28145,39.8,41.297448381772085,40.169634609768956,40.27346,40.509976174436076,3
28149,41.8,43.359865224718355,43.240815476190484,43.585613,43.6547051100699,3
28163,45.4,46.48645674969933,46.407545634920645,46.547173,46.732134444322185,3
29015,38.4,37.20144887583821,38.474974025974035,39.04808,38.70194174488685,3
29021,40.1,39.3324588727016,39.19739665706073,39.5105,39.496144482191745,3
29023,41.2,41.11647244790024,41.02938399772562,40.957462,41.069923625275415,3
29029,33.5,35.98231966221322,36.506884776334765,36.600227,36.45819002169262,3
29031,40.7,37.08265739808365,37.960198204068654,38.501102,38.221693556842666,3
29051,36.7,37.67452836679967,38.332669978159046,38.568176,38.410360493496256,3
29059,40.6,41.05248861970043,40.4793333824568,40.94198,40.99982145816065,3
29065,38.9,39.88612890761622,39.60714411711655,39.91351,39.93607755099169,3
29075,37.6,40.83315291997295,39.98599449356791,40.241188,40.38666768082324,3
29077,34.5,37.2828994229046,37.63432608035237,37.45581,37.43653657680197,3
29083,40.1,39.11261134534141,39.659473846641795,39.605694,39.56839653384379,3
29085,43.9,38.7381630358207,37.682132359307346,37.74383,37.91984424364484,3
29091,40.5,40.34373097473974,41.13597816128907,40.397736,40.51583918389512,3
29097,35.8,39.49056967037578,39.97533954842223,39.795086,39.806746636316156,3
29109,41.9,40.30488505141616,39.42210380300477,39.206287,39.45861767230165,3
29113,41.3,37.54619013537103,37.40996580873908,38.460953,38.2273443173324,3
29127,36.1,39.32548687014474,39.70149438589737,39.742252,39.71373866180486,3
29137,41.4,38.73461436877833,40.61462022106937,40.14941,39.994728094086554,3
29143,41.7,42.56524615340951,41.45087800361738,42.37268,42.439324335400734,3
29149,44.3,41.22797840982761,41.431506496444754,41.412792,41.469714039886966,3
29155,43.8,45.139839762148235,43.41422396231221,43.830387,44.17406205285406,3
29163,43.3,39.940079265065684,41.122763810350165,40.72491,40.69069639092981,3
29165,39.5,34.32905828671718,32.04904603174601,32.644577,32.78020342650327,3
29169,35.4,38.468236609581545,37.510161674749355,38.94948,38.77176763116059,3
29171,40.7,39.674559154371636,39.263003968253976,39.532402,39.579632518257306,3
29177,40.4,37.728534687904784,38.48749200831848,38.386726,38.29553502456732,3
29201,43.4,40.78341832117237,41.14141634986932,40.710663,40.83252966844808,3
29203,41.4,41.47464327673976,41.32629297385622,41.118282,41.281430860232334,3
29215,41.3,41.136018977081285,41.111723332223335,42.03172,41.89566801004876,3
29217,41.3,40.71922250119126,40.800722401770805,40.773808,40.83990604691507,3
29225,38.6,40.4873132961166,40.015254043883125,39.61438,39.851549204198655,3
29227,39.7,39.364050808266484,39.502338997113995,39.153,39.25650079605114,3
30001,31.3,36.5551969914027,36.827989299261674,36.64592,36.62285013934721,3
30003,41.4,43.41960140817688,41.11883728612657,40.50443,41.14628204887614,3
30007,32.0,36.594012680616,38.0338028527293,37.99171,37.753880843784096,3
30011,33.4,39.44602122247966,37.114584018759025,37.311363,37.67006156560724,3
30015,34.5,40.2197744979846,37.634766680541674,38.058033,38.419625381544684,3
30021,35.7,36.03213761259249,36.09119563492064,35.372807,35.50022025552454,3
30023,32.9,36.66374080360234,35.70751984126983,35.157784,35.41746737153014,3
30033,32.0,39.90159994148384,38.2274522727273,37.38417,37.90178557133503,3
30039,32.4,36.70735845621527,35.95326904761905,36.690292,36.609208605518866,3
30043,29.4,35.745059034087824,36.033915873015864,34.190075,34.54637443349446,3
30047,33.9,38.4640853709457,39.703993559218574,38.70143,38.76981053981839,3
30049,30.1,35.836668503949284,35.691859423909435,35.289032,35.36759131871845,3
30071,39.4,38.486845601520386,37.34304034493875,38.234955,38.218621805625205,3
30073,34.4,40.08452117488089,39.77935234487733,39.10342,39.37153910594373,3
30083,35.7,37.03924123924582,36.05097194211018,34.099697,34.711051932265825,3
30093,29.8,37.42585354348901,37.25524314574315,36.7007,36.856791993749724,3
30099,31.3,38.39091947048655,37.90144931061486,37.977863,38.05394415090107,3
31013,40.5,37.88204844933002,38.810652614162485,37.466145,37.65197682323228,3
31061,42.3,37.816985361103015,38.4944837859427,39.135365,38.88009484095701,3
31069,42.3,37.670110307772624,37.33973869263146,37.45279,37.47848615975865,3
31083,36.6,35.76057702180257,36.397837878787875,37.874786,37.37640389698128,3
31085,40.5,38.61481657447209,36.018219963369965,34.039,34.944410312256565,3
31089,39.2,38.14750221105755,39.10162569202373,39.755196,39.461426758734994,3
31125,40.5,38.85812785401766,37.38565685983333,38.22118,38.27830404155632,3
31129,38.2,36.289389805922895,35.932842857142866,37.27863,36.97907510576788,3
31131,37.2,37.865420506870855,37.95212874188434,38.436573,38.312241423318696,3
31147,44.2,38.01694224758307,39.16556238689772,38.18329,38.25061503826707,3
31157,42.0,38.29266008480665,38.43469290446645,36.91092,37.272128445659426,3
31167,37.9,37.47579264617424,37.76738768472907,36.006203,36.38236281712573,3
31177,37.8,33.30723104126065,35.47796082251081,36.225178,35.60670919004411,3
31183,38.6,34.998149614242024,37.61504285714286,36.364388,36.1974066713376,3
32003,32.8,34.56381864119047,33.752846031746046,33.99319,33.990926095169385,3
32013,33.8,36.08203757523789,35.43845938114846,34.846928,35.05443790201173,3
32015,33.8,34.90288906441964,34.09265389610389,34.261524,34.284258212585456,3
32019,35.9,35.43644990939613,36.51770299422799,35.555336,35.5683990433079,3
33011,29.8,31.749480597488976,29.045571947496953,31.197153,30.96370601752939,3
34001,33.2,34.025832896872636,31.28705753968253,29.379007,30.182781252619527,3
34033,36.3,37.17171079252499,37.56983123515374,37.997566,37.82224622272041,3
35001,28.1,35.093276887043025,34.9359,36.09173,35.7791371012732,3
35013,36.0,38.26238933340659,39.23344502164504,39.691742,39.445089125742115,3
35028,22.4,26.459799228489675,32.11553326118326,30.497292,29.746845690238434,3
35037,36.0,39.42914078342541,37.4312847069597,36.36492,36.975808024323804,3
36011,41.0,36.734946880199075,36.78871785714286,36.87762,36.827529777134195,3
36023,34.0,35.782818860051805,36.49730977633478,36.015915,35.97822138730498,3
36037,35.3,36.06159711664871,36.11025238095238,36.472427,36.3415934038655,3
36039,32.4,34.81002617145439,33.86709603174603,33.84352,33.93118535028048,3
36051,32.4,35.873935387595964,35.082653571428565,35.86046,35.75597183358949,3
36053,34.4,35.70720675872402,35.90640555555554,36.173794,36.03411386922456,3
36079,30.1,29.809815656152406,29.70006202686203,29.488394,29.375345484088836,3
36081,24.7,27.07708656646854,30.584894444444448,28.557886,28.255164699005654,3
36087,32.0,33.791664585626876,31.38956962481963,32.896107,32.818606745867875,3
36097,37.6,35.96563991970745,37.06491587301588,35.946373,36.00658206690271,3
36103,29.8,28.602190854211628,29.760575793650798,30.29872,29.7791331029408,3
36105,34.8,37.34986311497923,36.887033730158734,37.57633,37.476282357098604,3
36113,34.7,32.76192019619235,30.454708333333333,30.22741,30.52926609373703,3
36119,26.6,29.2516058540119,30.48277420634919,29.10608,29.051958704349364,3
37005,36.6,37.15827069735032,35.83212720057722,35.603153,35.85464704841509,3
37023,32.0,37.29358672378758,36.27524787157287,36.239056,36.39922878383453,3
37031,31.6,34.294629710204994,34.22714178464177,32.83733,33.105992431325475,3
37039,31.5,36.79399377153823,36.60327658730157,36.641605,36.6431917843248,3
37049,36.1,37.59603971769937,37.80564330377226,37.14303,37.269867810354306,3
37055,29.5,30.679945387377366,32.07118333333335,31.059744,30.92579003862818,3
37063,32.5,35.93097560059291,32.76114523809524,31.355164,32.149337987377706,3
37067,31.8,38.286378275261676,37.809281561352385,38.097847,38.11841422665362,3
37079,41.2,42.144964188474745,42.116594294448234,41.60052,41.834826292765186,3
37089,33.9,35.81981440874601,33.90004761904762,34.418663,34.55132298012688,3
37093,35.6,42.790518743366945,40.86075341880342,40.766594,41.21055169280843,3
37101,36.2,38.58888167367652,38.28604174448918,38.440197,38.473040814271585,3
37107,40.4,42.90073991881883,42.10188818800247,41.859768,42.1656793816535,3
37115,31.9,37.26692620336992,37.11708676046176,37.22079,37.211231329016385,3
37125,32.1,35.833424238721456,36.965594268662365,37.532757,37.17829596269089,3
37129,32.4,34.831836441299764,30.753045670995654,31.719936,32.0580917550264,3
37133,32.1,39.04043259274985,38.883041262976775,39.280613,39.24258300995455,3
37137,36.6,36.475822406063486,36.58835674603175,36.998413,36.85570183367469,3
37139,36.0,40.172070060213386,40.016553391053414,41.001877,40.8481280349971,3
37147,37.3,41.52287842333571,40.095214466089466,41.107433,41.17688909264211,3
37177,37.0,42.23267320022964,41.18885801647149,41.5569,41.73834478914726,3
37195,39.2,41.75659782942265,40.39688391053392,39.9352,40.354893317225496,3
38009,39.3,36.00529296960854,35.95046825396825,35.66729,35.706890221855545,3
38011,37.2,36.1493268588379,36.73347301587303,36.97881,36.7947155804981,3
38019,36.6,36.65552935591111,36.997185154061626,36.954224,36.889208353222735,3
38025,37.8,37.0622300067212,36.48903966885606,35.81239,36.052229421917616,3
38041,37.5,38.779047059828244,38.02498540176754,38.1634,38.27479307527564,3
38043,38.1,38.61286572369654,37.71944920634921,37.582893,37.77845111587064,3
38053,35.5,36.62744405798076,33.37594715007215,34.3407,34.59213788843051,3
38061,39.7,37.7017816816105,37.97187867687866,37.81054,37.8095349917435,3
38071,36.0,36.84168152717362,37.86737027263251,37.76615,37.612883366526034,3
38073,38.3,37.1900877620123,38.3158881617129,37.650894,37.62605871843208,3
38075,37.4,37.07120717915622,36.88705317460319,36.757973,36.805344823283576,3
38095,36.6,37.128117223043404,37.52832801120448,37.17229,37.184621048514515,3
38097,38.2,37.60557076556165,38.95756476875614,38.549942,38.43744338924863,3
39017,36.5,36.02032623077605,36.514823253968245,36.675747,36.52298406642735,3
39019,40.7,37.948036344770465,37.934767808749484,38.84277,38.633810625294046,3
39021,39.7,37.67871899429497,38.9632955905206,38.65276,38.52905934506311,3
39029,47.0,38.72077606016222,39.81345532731157,39.961246,39.781158487670275,3
39045,39.0,35.77698120527812,33.78722294372294,35.483692,35.34225389731982,3
39063,37.0,36.27438087506251,37.77867302066545,37.651924,37.41702544459341,3
39071,43.1,39.45862981502336,39.90760518230874,39.63807,39.676095714387,3
39087,44.9,39.62338943638482,41.17619213655019,40.76866,40.67172815216737,3
39089,36.0,36.09181738305012,36.36123015873016,37.709923,37.30750313059805,3
39107,37.8,37.462627173044204,38.498014152840625,39.06549,38.76389928248918,3
39109,39.8,37.12302818238587,38.532990065201574,38.26086,38.09544162155629,3
39111,43.0,38.29317853280123,39.088118650793646,38.742813,38.71809909096862,3
39115,41.8,39.532978521033044,39.92798602994229,40.220257,40.132956357001355,3
39123,41.2,33.366313111762366,33.038379365079365,31.827522,32.07205994021188,3
39125,39.4,38.57761606561057,39.6691216008206,39.52575,39.41272503590732,3
39135,38.5,38.58699092714255,39.07719018539315,39.544735,39.378350309784466,3
39143,42.2,38.426423232279994,39.094756957324314,38.585606,38.62323082843741,3
39149,37.9,38.33813125351918,38.69189263532297,39.03053,38.910712563462106,3
39155,44.6,38.63763279465893,39.075126412330356,38.99432,38.96955035145333,3
39163,41.2,40.52866368373744,42.27277182539683,43.00645,42.62555622648834,3
39165,34.1,32.14215294960177,32.59110873015875,33.90754,33.393131434604214,3
39169,40.1,38.354331600956115,39.02712118300014,39.44992,39.26045700832443,3
40001,43.6,40.277891254048136,39.98963892496393,39.716866,39.88962824070803,3
40007,39.2,39.33506790414839,35.874400793650786,37.505238,37.69158934061233,3
40015,41.0,40.12871999585982,41.24932523860336,39.804703,40.03695376725486,3
40033,42.4,39.657401510378726,40.6312570998446,40.429684,40.37412407428121,3
40041,43.0,37.89680365623156,37.38194563492063,36.33861,36.67716994097904,3
40049,42.4,39.16428183922427,39.911042608861734,40.848408,40.54215890009138,3
40063,47.6,40.40894880813211,42.52370126540128,41.867966,41.76154008256473,3
40089,45.1,41.006387515544155,42.45104480473546,42.002266,41.96427373642405,3
40095,43.7,38.82696363513517,39.322462129537136,39.68605,39.54948289503288,3
40101,44.6,39.64939198816514,41.138774242424226,40.985565,40.83779800415609,3
40119,38.5,37.518273267770276,37.93178734827263,38.421284,38.236725086570026,3
41005,29.0,31.53947667623258,31.41760295815295,30.119621,30.310595512850465,3
41007,30.3,33.250099366611735,33.05853888888889,31.497355,31.802407571190706,3
41019,35.1,37.04097800969974,34.88306830742356,34.435764,34.866832303598144,3
41023,30.9,35.64065758078105,35.5034015873016,35.757145,35.67165475518141,3
41029,35.9,35.15681413975647,31.05407662337663,30.546904,31.251780891766806,3
41041,32.0,33.41296322507671,31.720819877344866,29.787115,30.419686112184543,3
41049,37.4,37.90325572482165,38.731275841750815,37.913315,37.988353753440606,3
41055,33.2,39.66443117740139,34.169420634920634,34.412262,35.258061504761805,3
41063,30.4,33.3353716714645,34.15926547619047,32.67437,32.804721702876876,3
42009,35.3,37.65534894151675,37.71395252525254,37.40201,37.46920999468801,3
42011,35.0,35.92940866762459,37.30248563603064,36.445435,36.399069171598704,3
42019,32.7,34.17602956044092,34.560046645021636,34.26174,34.19407592480734,3
42021,37.1,37.18272674845934,37.92586255221386,37.54411,37.51045482080642,3
42035,35.3,37.777535637768636,37.74211378638299,38.25658,38.14200475737708,3
42067,36.1,38.36971720627162,38.82589056183202,38.782417,38.73950818279077,3
42073,35.8,37.131957119396304,36.619145103545094,37.715096,37.51972125608832,3
42085,35.7,37.300873070172855,37.60306111111112,38.01597,37.86217891590264,3
42089,37.7,34.611428059307016,31.847743650793653,32.55885,32.74856311807792,3
42097,37.7,37.952414604082215,37.50085205627706,38.27866,38.16951650575896,3
42109,36.5,36.82840573889695,37.81843662737335,38.26458,37.98457742956834,3
42111,36.6,37.20008828123789,37.77647210012209,37.922466,37.787953774047246,3
42113,36.6,35.48964306415449,37.32636281638782,37.349113,37.00811262309317,3
44005,27.6,30.802358452711193,29.16994087301586,27.223066,27.788838836512863,3
44007,32.4,34.44696766784574,31.5805349206349,30.901958,31.438957528637125,3
44009,25.0,30.23318534326547,28.005829761904753,26.182262,26.797813931560817,3
45011,43.4,43.500226949510434,43.85693809523809,43.522816,43.68471476633722,3
45015,36.6,37.76818371928768,37.36651746031746,38.612434,38.37835820751674,3
45023,42.0,42.565430929301705,41.91533215804666,42.25223,42.38754629870543,3
45025,39.8,42.22182496255677,42.549276897788594,42.302277,42.418022037301185,3
45041,38.8,42.04767487296872,41.48422809809742,41.446007,41.64623486557393,3
45047,40.5,40.4292127665665,39.93786813983118,39.996765,40.12472700718096,3
45059,41.0,41.14396698154145,40.85694261957849,40.379368,40.62144789059407,3
45071,38.7,40.05068987746155,39.06043564213562,39.22373,39.39549067660623,3
45073,31.6,38.197161403966376,37.46497631578948,37.671036,37.74918705545634,3
45079,33.9,40.576944846922395,39.32409880952382,39.69424,39.86928729500833,3
45089,47.2,44.764859483283985,46.43731839826839,45.13353,45.35353238368195,3
45091,31.2,37.224530732424746,36.6453924297924,38.807167,38.36728319593597,3
46003,33.4,39.60605230230577,36.980486706349204,37.575123,37.887453896115645,3
46013,35.9,37.42359611914481,39.018792103363054,38.621544,38.46440508606573,3
46017,44.4,47.65054642299462,44.59385392648288,45.93877,46.324326063322275,3
46027,39.9,36.51464672376774,36.448529437229425,36.016922,36.10590920975025,3
46031,46.2,45.830291709394835,43.824696031746015,41.800667,42.792426684662246,3
46039,34.9,37.954897032287505,38.55359543540864,38.546795,38.46318697884271,3
46051,33.1,36.17417653389706,37.005828174603174,36.402367,36.3849381323834,3
46053,36.8,38.82644543140875,38.67521190476191,38.170845,38.34436494753676,3
46057,34.2,39.97900764410668,36.672512301587304,35.518486,36.367276640720135,3
46059,34.5,36.60852798112758,36.65384960317462,37.21765,37.05142861958167,3
46097,36.3,37.17871293444549,38.09497918258213,37.6778,37.625606501109225,3
46101,32.8,38.39794631706674,37.74746788395144,37.679733,37.815833318898704,3
46102,43.9,45.932685835503264,44.59881111111115,44.21599,44.709680542544234,3
46111,35.0,37.83720883832863,37.100762373737375,37.837563,37.780037447606546,3
46135,35.3,36.67634951148022,36.688097377063364,37.110523,36.98519954115431,3
47019,41.3,39.02744948345112,40.00666125541126,39.969345,39.858705051952796,3
47053,40.0,40.97839118963956,40.801286751633654,40.93571,41.009239419958824,3
47071,37.5,38.443285198866064,39.46377668650794,39.19696,39.121650025045064,3
47073,37.5,38.96040216107206,40.05692521265283,40.262558,40.07349194199492,3
47075,44.3,44.12344579381363,44.881980158730165,45.01138,45.013357033195355,3
47121,38.0,39.34917274447469,39.10116172161171,39.435688,39.43416009158324,3
47139,37.6,38.74560431822288,38.89219285714285,39.588196,39.42397086665821,3
47147,37.7,38.079496888781954,38.19569123545571,38.346077,38.302674462591895,3
47149,33.8,36.572342135160774,36.05264880952381,36.749172,36.63817936558838,3
47171,36.8,38.34980132733176,36.65372034632035,37.895023,37.87734638476978,3
48013,43.0,38.86643691196001,39.77112190298469,40.72729,40.384969912553295,3
48037,40.9,40.34789742580181,39.8370602670851,40.09258,40.17427875394861,3
48069,40.4,38.36880099423935,40.25941772511938,41.180573,40.68144494696862,3
48075,41.1,39.254988530609566,40.03896150793651,39.97844,39.909115867292364,3
48079,43.6,42.292574854854415,42.054247128851564,43.03271,42.94280011772197,3
48095,39.4,36.42891984450981,36.50698611111111,35.303795,35.554365027080735,3
48129,37.3,39.08120509829621,38.627535569985575,37.985718,38.245444134892416,3
48133,37.2,39.27806140338653,39.14343298319329,39.293545,39.317157913953054,3
48139,37.6,36.247655240275975,37.18128238095237,37.78962,37.46580456227614,3
48157,33.1,29.890637438159096,31.794173809523812,32.6117,31.938532824576946,3
48161,39.3,40.32982282243248,39.604576911976906,40.06679,40.1316529745185,3
48167,39.8,35.562189903516185,36.23825012987011,36.96862,36.63960042784837,3
48171,34.2,32.0399587348665,29.550178787878785,31.049662,30.94682542037858,3
48179,40.5,39.878858190334626,40.456727547452545,39.89979,39.996791602231475,3
48181,37.2,37.59111330582775,38.18535046020377,38.198555,38.10236526216739,3
48187,39.4,36.09488642367001,38.46645109890108,38.654896,38.20463516481477,3
48189,42.7,40.140246088900845,40.535106677721046,41.10585,40.9655366382273,3
48207,39.7,38.91541917874146,40.49501825396825,39.49631,39.521298291033546,3
48209,34.4,34.79370616971449,36.068699531024514,34.073647,34.290582933510436,3
48211,36.6,39.06498007769786,37.49699852092352,38.053074,38.19727529938603,3
48215,47.6,41.369355589844844,44.55819538239537,42.99607,42.96309114920696,3
48225,40.4,40.300656281547774,40.618467000731364,40.84245,40.8014872891232,3
48233,37.7,38.94428494732476,39.29431018810894,39.636566,39.53054485145811,3
48245,38.1,40.37812180971153,38.709918001443,38.776474,39.08484876010844,3
48265,34.9,34.78127144588882,34.42145079365081,34.633503,34.57278864409021,3
48269,40.8,38.473716613757865,35.82013373015874,35.5668,36.0616538959844,3
48271,41.5,36.703924505747246,37.716459668109664,37.18306,37.1328516416356,3
48273,41.5,37.54872374713977,38.22464736652236,38.11209,38.032507554328475,3
48279,41.7,40.59508765531463,40.4194457015207,40.414448,40.51245978743679,3
48303,36.3,37.69063677432658,38.68046746031749,37.505386,37.636373267924384,3
48305,40.5,40.79590325894477,40.30309210352655,40.66183,40.72624224439356,3
48313,40.4,39.55032610235891,39.233728318903324,38.636635,38.87511163971325,3
48317,39.0,38.845773348029965,39.043114358419345,39.59868,39.46273377474391,3
48327,38.3,38.323018866188754,37.55641468253967,38.12756,38.125968575993014,3
48337,37.2,38.2484596624119,38.45136351395141,37.072865,37.38852845368013,3
48357,38.7,39.51534035680362,37.86912248677247,37.157665,37.630164375869,3
48363,36.9,37.29676125354333,38.41541484575519,38.185116,38.05905628812608,3
48365,38.3,40.19895250437964,39.08888844020414,39.350754,39.520868686919826,3
48387,39.9,40.36996063086079,39.58097687590189,38.608047,39.029829791482356,3
48399,38.1,39.052912469176505,39.566821223221226,39.74231,39.65347887698437,3
48405,42.8,41.75802856287672,39.85183703806122,40.820732,40.98069087608941,3
48407,38.2,39.36190623934763,38.02033632478633,37.674904,38.008090850836076,3
48409,43.3,37.91946085147664,39.80624684346727,38.79949,38.755392088072114,3
48467,36.1,38.14810501461672,39.10509731381649,38.504456,38.51267855815335,3
48479,41.5,39.976563127602375,40.79158968253967,43.089146,42.463151577573804,3
48481,41.4,39.39304970481823,39.19936607947991,39.57496,39.556079753447825,3
48483,39.8,38.908003850475694,38.95983755835667,39.663723,39.516141375404146,3
49001,32.5,40.81704811286709,38.42867416729053,37.70412,38.32571227559117,3
49003,32.0,39.94451186463094,36.93660555555555,35.92584,36.69274016803668,3
49005,35.0,39.06968324003338,36.5138738095238,35.648525,36.2895614834805,3
49011,30.2,36.624762559577235,33.23240634920634,33.17202,33.692543138679426,3
49025,36.3,36.49835472007626,36.56480103344158,36.170685,36.22958947194353,3
49033,33.1,37.07752937994357,37.23935216727717,37.148598,37.13294497229485,3
49039,32.9,40.09357992598068,39.165107802132155,38.63324,38.96399080166016,3
49051,25.8,34.72376920291929,32.57938333333333,29.348036,30.394459085574507,3
50009,32.7,36.694908960507625,37.44699920634922,37.07547,37.02661865499706,3
50015,25.4,35.31874543185335,34.684458333333325,34.506897,34.59540220955808,3
50021,30.7,35.46957451733445,35.28833291018291,31.825966,32.63941327137075,3
51009,36.1,38.86250504439675,38.627196418020105,38.526524,38.61664516600581,3
51011,42.4,39.94624612328673,38.95206153563683,38.906998,39.12718628740817,3
51017,40.8,36.38095792791372,36.11147591162593,36.736225,36.59908917570265,3
51025,45.3,42.51394499059615,43.393020634920624,43.15611,43.190223611082104,3
51045,36.2,36.9026958882365,37.43662063492062,37.55845,37.429471153324606,3
51049,38.6,40.739840580631274,40.51416944444445,40.694935,40.759316364759314,3
51057,39.0,38.402017196435835,38.43379484126986,38.527187,38.51818081515582,3
51075,31.7,30.98475729414367,31.438214732489723,31.830162,31.51107575576382,3
51087,35.1,33.95544560537282,31.89282341269841,32.357864,32.48238725588114,3
51105,40.5,41.25326603685959,42.83059367593191,41.96865,42.01534027625666,3
51109,38.9,37.13869903503332,36.911302380952385,36.639736,36.72977446793023,3
51113,37.0,37.108269904702176,36.67603849206348,37.01133,36.98626010701412,3
51145,35.8,32.98646948516261,34.90850119047618,35.38624,34.864061525837435,3
51147,43.0,40.01442063380717,40.30697817460319,40.56922,40.51631878282191,3
51163,31.8,36.641425661342446,36.77260355755355,37.23142,37.07789237873015,3
51167,39.4,39.35975171873854,41.42809978632479,40.54312,40.47482514145062,3
51171,37.9,36.50067873148631,36.773471498089386,36.145607,36.22876386207152,3
51173,40.7,39.773633174046715,40.03830833333332,39.92759,39.96336912831408,3
51177,38.3,33.59207230356641,35.566894047619044,35.9402,35.4490491423201,3
51183,44.0,40.79169112878747,40.643161111111134,41.99628,41.76715551272292,3
51540,35.2,32.053643077969724,35.511532936507926,35.68381,34.97420539219007,3
51570,39.1,34.76227804171039,37.53930437053112,38.63567,37.87231506881042,3
51600,32.2,20.574870929978086,26.3597439033189,27.658455,26.04776978791083,3
51610,30.1,21.375575122577366,30.80786269841269,31.811342,29.721898883961458,3
51678,35.1,33.08636555074728,37.28394603174602,35.37683,35.07732051217697,3
51700,40.6,39.60854431016408,38.435634538878865,38.26868,38.53827226766422,3
51720,41.8,38.215339455380544,41.07655833333335,41.513954,40.976612250062765,3
51800,41.5,38.30399323429707,37.996044352869355,38.00873,38.0698637003112,3
53005,40.0,35.48920330031385,35.93064851814852,35.39054,35.4027437786209,3
53009,34.5,33.822671720217414,31.841271825396806,31.790838,32.02391010496351,3
53031,26.1,31.81614954590401,32.08510357142857,31.316936,31.32566542248857,3
53037,31.0,35.309240799122236,33.01414404761904,32.841,33.18710327391101,3
53041,40.6,36.567268175187074,36.734919358327126,35.972828,36.10628727605298,3
53043,34.9,36.62323761789782,35.87861428571428,35.124676,35.39967370289192,3
53061,32.9,29.07761322401388,29.975216125541127,28.462276,28.488960861573883,3
53065,32.2,36.951436293698926,36.58421218487396,35.82656,36.051252314539404,3
54001,40.8,39.87377489502206,40.584558704453435,41.33442,41.09547786844441,3
54019,39.4,40.30815005507982,40.8542837176402,41.37798,41.229331741839346,3
54051,42.3,38.22178673475526,40.282151939033184,39.679947,39.51826703445563,3
54055,42.5,39.511041647161555,39.17971436925648,40.048508,39.93490189279383,3
54061,36.7,35.84746045125825,36.11883575036074,35.959217,35.91450869344228,3
54075,44.1,38.14181024039172,37.89893055555556,37.68473,37.78665960369781,3
54081,39.6,40.5427970399334,41.03457513455662,40.7783,40.83165133975393,3
54095,41.7,38.66252067655416,39.32980515873017,39.25027,39.18995342484962,3
54105,41.5,38.80944322634652,39.21555476190477,38.897675,38.938954253416064,3
55005,39.4,36.93847201086157,38.587858286669714,38.330246,38.119716898118014,3
55009,36.6,36.07478974578882,36.094498552051796,36.702053,36.51687002465648,3
55035,35.8,35.83231584282219,36.775555122655106,35.7843,35.8350424404875,3
55057,39.6,37.6339164708765,37.51391204117519,37.66192,37.645553885111525,3
55061,39.6,35.66157371184796,38.139166802641796,38.524166,37.999914069717015,3
55063,34.6,35.396356824230885,36.13943304473304,36.003006,35.86869492587188,3
55069,40.3,36.10095517038704,36.95940422502335,37.00863,36.827941078457506,3
55075,41.3,36.24002581837356,37.27685288600288,37.4907,37.24574342094777,3
55077,40.9,36.73827905994923,37.116781637806646,37.486652,37.31827113636322,3
55079,39.4,38.64761280140803,36.39458156565657,35.815083,36.33018810779432,3
55083,39.9,35.82544491021406,36.77919087301588,36.07559,36.05517095775428,3
55089,34.0,32.270117204649466,33.428357661782655,33.51833,33.19206612950214,3
55105,38.1,36.697558999005444,38.00009486765181,37.07703,37.07542827811415,3
55117,40.5,35.02257281972206,35.93326953324453,35.63813,35.50727479162271,3
55119,40.7,38.69798360375048,40.09514881980449,39.935368,39.78145134882142,3
55127,33.3,34.892424954524465,32.382021428571434,31.923002,32.36191408028129,3
55133,32.0,31.706554373246725,33.31127228327226,33.952427,33.41056604903525,3
55137,41.8,36.65379316299593,36.90112741702741,36.71834,36.70170433324922,3
56001,35.0,36.40061483766198,33.055709271284265,30.859026,31.882064068982714,3
56003,34.7,39.04180864861256,38.336852815903995,38.04035,38.25506743889145,3
56019,31.2,36.58863204088764,35.007363071602725,33.91981,34.40486339377107,3
56025,37.8,37.621605983352545,38.39901957376267,37.282387,37.43078732115758,3
56031,32.4,36.14857952974464,35.81914491341992,36.32306,36.21900519526693,3
56035,29.9,35.928138552686114,34.86122984747811,33.267696,33.779228733367816,3
56037,36.3,37.21903018439767,36.70770411673174,36.471832,36.59938883432593,3
56041,35.5,38.81986531258138,36.61944472806886,35.92133,36.4608385653865,3
56043,39.1,37.050468347207435,35.388729894179896,34.616127,35.0485116949274,3
01007,41.4,41.59970385147424,39.52680714285715,40.926044,40.79335045123285,4
01011,49.4,46.229241578858435,47.22173095238096,47.5059,47.634333127305354,4
01013,45.5,44.29213294024145,44.13591666666665,44.25768,44.46252575461629,4
01019,40.2,39.363459887137765,40.11097935022495,39.468002,39.61430196998216,4
01021,36.3,40.09522392652407,39.71533219988072,39.754574,39.824624164252235,4
01049,38.9,41.05534800424299,39.493451416361424,40.102,40.146519359264815,4
01053,43.5,43.454318452290266,43.617746428571415,43.5118,43.72173005044601,4
01055,41.3,40.411891907167735,39.49674528138528,40.326027,40.211496742043444,4
01057,39.2,41.02271980755727,40.89349436507936,40.15237,40.48499350923202,4
01067,38.3,39.564615706278566,39.42993443778446,39.198097,39.307319873478775,4
01081,35.2,38.99214139380264,38.33018877184907,37.45458,37.7921791675999,4
01083,35.8,37.8023162113299,38.11182798097157,38.587322,38.35471524345515,4
01085,49.6,45.542902718485365,48.792921428571454,47.675354,48.00151442096704,4
01095,38.6,39.77383225037396,39.77249862889985,39.96445,39.936386575271655,4
01109,40.6,42.17788354052635,41.89246756854258,42.49563,42.46916988404204,4
01111,40.9,41.94671060379883,42.464157179487174,41.91708,42.16708886615564,4
01117,32.1,35.35694996292133,36.2046861111111,36.842808,36.401619316526826,4
01121,42.6,42.289535043439805,41.476461822883,41.93073,42.00625868097319,4
01125,41.4,40.0131223280376,38.46305851986721,38.52364,38.69466883362963,4
01133,36.3,39.579939496485686,39.954561565274545,39.118828,39.37078437603484,4
02016,28.9,22.93136567359013,30.36884246031746,29.91061,28.6495167637326,4
02068,30.8,30.84665103959407,29.063734126984127,28.536774,28.517566696972505,4
02100,32.6,33.270686648329395,32.59966111111111,31.839367,31.893209339896856,4
02110,32.8,30.55662215389425,26.842730952380954,25.219242,25.716968947897463,4
02130,34.3,32.51944013963744,32.59286879960317,30.058836,30.56881797697524,4
02150,30.3,29.70367735144294,34.234095238095236,34.007023,33.24328425976454,4
02230,33.0,28.615516632025958,31.458984992785,30.12638,29.824582086528245,4
02275,34.4,35.05836709227506,34.11185317460315,33.25095,33.440290386187655,4
04001,39.1,40.64235917220707,42.87368333333335,42.589832,42.53723884534899,4
04017,38.5,39.386229993037155,39.889350288600276,40.923267,40.564818992232354,4
04025,27.7,34.220578602000785,33.75046608946609,32.188152,32.51710102794178,4
05001,40.9,40.38541457280411,39.99526200829926,41.101376,40.84844787143362,4
05011,41.5,43.76171749785785,41.127290018315016,42.577614,42.57600726526026,4
05027,41.1,43.070055896299365,42.51176246031745,42.452797,42.69986419903342,4
05029,41.3,41.16527739780242,40.33401761904763,40.75784,40.79592266775056,4
05035,41.5,46.0029833179466,44.47459329004329,45.479736,45.6106328692572,4
05039,44.0,44.332271808230985,43.60012373737372,43.179836,43.61217998526271,4
05051,37.8,38.15140223820724,38.45765725108225,38.10421,38.148548427010745,4
05053,35.5,37.9677755207494,38.49841173785001,38.994473,38.741529913077166,4
05071,39.1,40.15028726308241,39.66681096681095,40.457245,40.302570725819486,4
05073,42.9,42.352215237852164,41.89920447330445,42.791767,42.69751755167321,4
05077,44.9,45.53065599103646,45.09102380952378,46.260635,46.21562594396744,4
05105,37.6,39.739303715681565,40.396557642357635,40.483067,40.42414060801409,4
05107,51.3,48.803712208825274,48.65116230158733,49.546825,49.7029466907838,4
05111,40.8,42.01155767896821,40.98619833052833,42.498276,42.248244824302,4
05139,41.2,42.6326293380182,41.2762251426271,41.527405,41.733550562059676,4
06013,28.4,26.0312503458736,29.355847619047612,27.57079,27.25383909048523,4
06035,32.8,36.40684452935772,35.518764790764806,35.48434,35.46592009476635,4
06073,25.4,29.14514984084022,28.567086904761904,27.46672,27.43999850859099,4
06075,17.7,15.732861821546805,22.865929220779222,22.181082,20.708089242536143,4
06083,31.6,31.70250088768868,28.02467817460318,27.691732,27.828645587527284,4
06091,31.3,33.52175792984746,34.09033571428572,34.18275,33.860624770246396,4
06097,28.3,29.961476676263544,27.65194880952381,27.63813,27.468722251735585,4
06099,34.7,34.943771159372254,35.67697038239538,35.805794,35.51822765992703,4
06111,28.9,29.822481025303723,30.67499484126984,29.516584,29.401525919312064,4
08007,24.9,32.950927356407746,30.660409523809527,30.68473,30.631191174080094,4
08009,31.0,39.732433448830974,39.324726695526714,40.03469,39.88006589834182,4
08019,25.7,31.312819990635344,28.928785461760462,26.947104,27.46417536881407,4
08029,29.0,36.6465408545139,33.679138852813864,32.932503,33.34687387270235,4
08043,29.2,36.06800275129076,36.522072438672446,35.42634,35.60037992390034,4
08069,21.1,33.22970520565475,28.187453821178813,27.183657,27.728197427778607,4
08079,26.6,25.44399958521144,31.172641341991344,30.676758,29.699055088429237,4
08113,24.7,29.777152489827095,25.93773333333334,23.222382,24.042653129718204,4
11001,25.1,32.56301937383713,26.963976984126976,26.723991,27.051607146124034,4
12013,43.6,40.398280004195136,39.89080634920635,41.188793,40.88705343932423,4
12015,34.4,33.21439803616569,33.36520057720056,33.41947,33.13576901947191,4
12029,43.6,41.00075396192051,40.446137301587314,40.23008,40.43656833864752,4
12031,33.1,37.94688490228323,36.98200010935493,35.541183,36.040532595617776,4
12035,33.4,34.009302881312436,32.76530515873015,31.85445,32.042318774967555,4
12043,39.7,37.926605606597576,38.221360028860055,38.5317,38.35798700720603,4
12049,40.3,41.29756645793345,41.373972946497936,41.84248,41.78589631387982,4
12059,36.3,40.50892205873098,40.830174396135256,41.200928,41.11768006036765,4
12067,40.4,39.28746085686883,39.57053171880673,39.78359,39.70071962204628,4
12086,30.3,35.33541275753091,34.22393888888889,36.9489,36.03478549452069,4
12089,32.5,34.473302721000415,35.35896799719888,35.40756,35.1103908291715,4
12093,40.1,39.479166021293764,40.189268925518924,40.726265,40.50892047919505,4
12099,30.5,34.68476235639429,33.22909844877344,33.19877,33.158310198806205,4
12103,32.2,34.07654041833646,33.49962348484848,33.172806,33.115923909706744,4
12119,35.1,30.10842913899673,33.04761031746032,32.748363,32.17626584282997,4
12121,44.8,40.71682953190985,40.437281883086875,39.743164,40.06198123170507,4
12125,42.5,40.154228659212016,39.33737543290044,41.15033,40.70497361609584,4
13009,39.8,42.14147469978763,44.2577884920635,42.948303,43.29522660770348,4
13011,36.7,37.94462410614852,38.398064576499245,38.220203,38.1861855309839,4
13017,41.9,44.366778262883216,42.821108333333335,42.88989,43.24681169067448,4
13019,38.7,41.84193470178082,40.81951846856997,41.037533,41.188074432549,4
13051,36.1,37.899948864633224,36.1253487012987,35.70262,35.955774393603356,4
13053,43.1,39.6753878527193,37.503509271284265,38.618946,38.50169623691679,4
13081,44.8,44.85076659152595,44.59337896825397,44.207455,44.60630981740976,4
13099,45.1,46.162455815817815,44.14633412698412,44.97183,45.212693225425326,4
13111,38.9,35.408368000828425,36.08924642857143,35.91691,35.74947687296164,4
13117,31.3,27.3286717477272,31.72425119047618,30.407,29.89693219759757,4
13125,37.0,39.65557693071982,39.926336919290996,40.480923,40.30746119931655,4
13135,33.3,34.59809901985428,34.78032380952382,35.82851,35.28832563355285,4
13139,35.0,36.967701667832785,38.30532262166579,38.498802,38.22118039027182,4
13145,32.7,36.42190989192942,36.25565111832612,36.442513,36.28630255688834,4
13151,39.3,38.996862944095916,38.273105916305916,40.444572,39.82705496815267,4
13177,36.7,38.26849290742162,38.687126010101004,38.551174,38.52129800212577,4
13179,45.9,43.26269794192208,41.069891269841264,41.15933,41.52336772857965,4
13183,41.3,42.88030520140961,37.83678743386243,39.329014,39.50502841863896,4
13189,43.7,43.58178090804789,43.72323833111332,43.021255,43.42682554417492,4
13193,48.3,45.202758151209814,44.717779004329,43.974564,44.52304039227858,4
13197,39.9,43.1525218290925,41.87499365079365,42.04588,42.292410758252636,4
13213,38.0,40.18840208900604,39.4049333390481,38.996803,39.25039630091226,4
13225,42.7,41.809345865697615,40.18345198412697,39.15384,39.75391583851255,4
13231,34.2,37.77976183513891,37.958008477633484,38.424026,38.20591228829781,4
13271,45.6,42.788930986502635,42.292039790764775,41.92111,42.248548820599304,4
13277,41.9,42.63242580225122,39.79593134920637,39.98383,40.35067158130642,4
13279,42.5,43.184981803200714,41.787217496947505,41.44926,41.86914816456049,4
13285,41.5,42.53867461817917,40.29666357142856,40.636658,40.894923504153404,4
13291,37.1,35.118209133929184,36.63069087301586,36.432007,36.1812188862243,4
13295,41.8,40.19722905883196,39.979346741854634,40.509457,40.413682853379946,4
13307,43.5,42.938966384618816,43.61422831890332,43.078014,43.352642057131874,4
13317,43.9,42.16131696436428,42.13186839826842,43.000957,42.865553009416445,4
15001,26.0,29.157252308928037,31.330160714285704,27.641466,28.17016497300902,4
15005,29.1,30.26346529665311,34.36016922799423,31.721388,31.783953155320653,4
16015,31.2,33.10451647802055,31.377262662337667,31.209387,31.16957869207436,4
16029,32.8,39.79096604866018,37.92245476190476,38.741936,38.69421243905059,4
16045,31.4,38.028766430672704,36.36399056354484,35.96359,36.204845007502364,4
16067,34.8,39.57732365113825,38.20243347763348,38.126762,38.30520630374792,4
16087,38.5,38.30953460411199,36.72305912698411,35.766113,36.187667754889866,4
17009,40.6,38.656846728755916,39.09535833333334,39.77902,39.50555551175232,4
17031,32.8,34.224942898081345,31.321515836940822,29.206205,29.941172075097604,4
17043,29.4,28.77875187824284,28.89329191919191,29.117147,28.590942111136954,4
17055,39.6,38.98279793161201,39.55523347763347,39.549236,39.49473328064467,4
17069,37.8,38.11866654984853,38.186730952380955,38.282787,38.20655933284301,4
17073,34.7,37.37706585850702,39.31854816241645,39.297073,39.047598879506914,4
17087,36.5,37.3991242676662,37.117856673881676,37.385155,37.256907057866,4
17101,37.8,39.242963290402926,40.11646981962482,40.249866,40.13405075740777,4
17115,37.1,40.14984779286955,39.79176750520345,39.778404,39.86534475955202,4
17131,36.8,37.451351842508274,38.26849535708526,38.834766,38.51002497831861,4
17147,33.8,34.952362471163916,34.642088095238094,36.099167,35.492200243540836,4
17155,34.7,33.84305626829068,34.17447427849929,33.140545,33.21021652285649,4
17157,37.7,37.583387950759146,37.988715076882166,38.274754,38.08330027991568,4
17159,37.4,37.92149131595824,37.01548345543346,36.628307,36.788585213798555,4
17167,38.3,36.62895547284604,36.298961507936504,37.252106,36.878724996995814,4
17171,35.0,37.26255114805893,37.57317103174603,37.978844,37.74473701430251,4
17201,38.5,38.02022270994488,37.36801905584416,37.026585,37.152582631453036,4
17203,34.2,35.50391406802956,37.192991666666664,37.685234,37.21643590023078,4
18005,34.0,34.7159553501705,35.60437096410532,36.454884,35.91501645757343,4
18023,39.1,38.51503016583977,39.416406700769315,38.451393,38.647836796341565,4
18033,37.5,37.57552836627641,38.380241508491515,38.119083,38.061924274112584,4
18037,38.4,36.52847172157312,37.084817236532274,35.49286,35.833687972895596,4
18043,36.4,36.42671748737657,36.598294891219886,37.076847,36.79670676147587,4
18053,43.0,39.50209670823823,39.31384211044124,39.421616,39.426089814231204,4
18061,36.5,37.28705258541069,37.27419491766405,38.360855,37.94375379540703,4
18065,44.4,38.695572207472,39.9586486038815,39.88025,39.77044947581045,4
18067,41.9,38.378990695149874,38.64893547924656,39.103275,38.90612489678062,4
18069,39.0,37.95928296387782,39.317501310769735,39.40808,39.203983475421516,4
18071,43.2,38.30824256675952,38.82292992990662,38.722374,38.67392296858312,4
18081,42.1,34.78314806034885,34.5808015873016,36.356762,35.63159925185068,4
18089,38.1,38.93556420144741,38.831274967386435,38.78573,38.80600219041534,4
18091,39.7,37.50997807131109,37.91705104436818,38.529633,38.23182015836042,4
18099,35.9,37.0561816722373,36.358893975468966,35.610928,35.82762496589443,4
18107,42.6,38.359924382198564,38.90463327658018,38.34669,38.44191018497019,4
18111,41.5,37.34015043015292,39.165646224943465,38.077137,38.17368597827402,4
18135,38.9,38.96863145420605,39.33116591222787,40.487606,40.08575728888915,4
18137,37.4,37.40394311350903,37.73721819627222,37.68236,37.59750930553923,4
18141,37.8,38.21922134387577,37.694060387780894,37.98354,37.9070695732478,4
18145,39.7,37.12639342402202,37.86084868677087,37.31124,37.33226701237352,4
18157,35.1,36.51019418102211,36.20972492784993,34.59847,35.026067541008054,4
18161,40.3,37.2193951629444,38.54967839163242,38.79546,38.512957678417315,4
18169,36.9,37.38667411341327,38.7673034928384,38.47979,38.36798606664197,4
18175,41.7,38.68523604491292,39.10125342162804,39.532276,39.34187844962691,4
19023,39.5,37.011796849379394,38.059873958333334,37.793316,37.69025910349789,4
19029,44.9,38.25215859199341,39.307638083802985,39.023327,38.978983695801865,4
19035,40.2,36.911712729890894,37.94759207396725,39.367832,38.729492471016314,4
19049,32.2,33.94675468744887,33.54454834054833,34.29746,33.87773210320591,4
19063,38.5,38.29399653415546,38.71789852959866,39.30401,39.04696352850897,4
19065,39.7,38.05900358665506,39.781207420580984,39.698803,39.51898826188746,4
19073,41.5,38.6152178208773,39.046961543473515,38.502766,38.61546717114678,4
19077,39.8,37.04745095962214,38.79507774229264,38.65408,38.446441058279326,4
19081,36.2,37.69636654749214,37.520899359424355,37.32375,37.3448481264892,4
19091,43.4,37.11465112459719,38.71706554484941,39.106342,38.748152779247995,4
19101,37.4,36.702553176281896,35.90666316738815,36.330486,36.17157558930866,4
19129,40.7,36.5542849766482,38.442952147525666,38.53033,38.21584151677338,4
19133,40.9,38.47465342670116,39.418108545793686,39.31132,39.23128435319,4
19141,38.8,37.73070847737572,38.42042622488184,38.88388,38.615810556398564,4
19173,40.3,38.994283327175665,37.46747315519358,37.078568,37.3449702595543,4
19187,38.7,38.280874814723724,38.54650588918559,38.845867,38.69375783097124,4
20003,36.4,39.32783203920703,38.0159659962892,38.088436,38.20333085475543,4
20037,42.6,39.532938418092726,40.12080873440286,40.223644,40.15721196922414,4
20041,38.7,37.71820201228264,39.76903366966605,38.751373,38.82054868285032,4
20047,42.2,38.0966434599673,38.74924477225673,38.87565,38.733307797835195,4
20049,42.4,38.92501650078916,37.597844841269854,37.866497,37.90348406441013,4
20057,38.7,38.14354387004261,37.9452592597058,38.873615,38.561245160893044,4
20067,40.8,38.08467588141694,39.100714861016165,39.36181,39.141901228327285,4
20075,40.0,38.43019243882502,38.41915844462034,36.85051,37.32045088579091,4
20077,42.3,39.601687421081415,39.36493427039437,38.976723,39.146588215211516,4
20081,40.5,38.13865718933851,35.76801154401155,35.893223,36.040564208421024,4
20083,37.1,37.856387947200645,38.278749058965786,37.216927,37.46088116067392,4
20087,41.5,36.40354429804703,38.29596013708514,37.333656,37.34339251342989,4
20109,38.5,36.94209208565507,37.552216297274576,36.192486,36.47289109144784,4
20111,39.1,37.76088391121706,38.246476565101574,38.23356,38.13647988157723,4
20115,38.7,37.58862139877572,39.57711175360172,39.237576,39.093142511198856,4
20117,41.5,38.25357699859653,38.673116687188994,39.587772,39.22574877058003,4
20125,45.1,39.46302209745867,40.1548016767353,40.13222,40.092437021020594,4
20131,34.6,37.02824069871461,37.33183069358177,37.242046,37.154733675356916,4
20139,39.7,37.00216630818653,38.470066291389486,37.686436,37.7061502419015,4
20141,38.5,37.89077226022699,38.04403251633988,39.32535,38.85724336437469,4
20171,41.2,36.49162149791577,35.471743686868706,34.280106,34.642939184968185,4
20173,33.5,37.36525349595074,36.52500124205861,37.286297,37.053902405790446,4
20207,38.4,38.14339765998916,40.08692738095238,39.993984,39.80010962542728,4
21003,41.8,40.398725081724734,40.799551185783834,41.437855,41.25786039008724,4
21007,39.5,38.1101846373685,38.857729796347435,39.312782,39.05832860447021,4
21023,37.2,39.36071273176718,40.028055783595484,39.46392,39.59285443832225,4
21033,38.0,39.8735981300777,39.36567280791105,39.95382,39.85327646901225,4
21055,41.0,40.306720732787085,40.362546681096674,41.42856,41.142457922954236,4
21067,34.9,36.83880524514094,36.31282788600288,34.911324,35.30845776850143,4
21073,37.6,37.42453984510155,37.63014323704616,37.891747,37.72010104775726,4
21081,37.8,39.73121840560424,39.592409514178634,39.207714,39.372776957911846,4
21089,43.8,39.05262563148866,39.27268776340147,39.458607,39.38010096173326,4
21091,38.4,38.651430427758314,40.170084195029894,39.85347,39.79259682620488,4
21099,38.2,41.87716890464323,39.665307431457435,41.023502,40.929008190026224,4
21109,41.9,41.98523124438483,42.130418253968244,43.262768,43.02007151438584,4
21121,40.6,43.68074834235422,43.196509992784996,43.78509,43.84734503376104,4
21127,39.7,41.74831004933867,41.15333752587991,42.698124,42.385427232208016,4
21155,41.1,40.09846635277403,40.79858052588087,40.665974,40.6876756323067,4
21187,38.8,39.89972609790458,40.284055482709014,40.32395,40.31264282012454,4
21201,40.8,38.802372927980144,39.48618888888888,40.677006,40.226548259267076,4
21231,42.1,41.94937516281723,40.8782015873016,42.606613,42.289998153698676,4
22003,40.9,42.34391589801341,42.07389987789989,41.59472,41.915424544259395,4
22005,36.8,39.24191987301818,38.57104423445328,38.88769,38.86088067877553,4
22011,36.8,39.88665838836879,38.98686446923596,39.45735,39.43175424864997,4
22025,42.7,43.02004972103548,42.75370685425686,43.29091,43.319983590931386,4
22029,42.0,45.990959605272145,44.697370634920645,44.52297,45.003103205240315,4
22053,42.3,42.42927398842624,40.76579379264527,41.3625,41.48002578098039,4
22065,47.4,48.74255644106169,48.56504325396828,49.31313,49.51552416786537,4
22073,42.1,43.57726129826046,41.9272757936508,42.46626,42.65052010148657,4
22075,39.8,38.680020297020754,38.04162261904762,38.51525,38.41145234607199,4
22077,42.3,42.0313815243096,41.02749432234432,41.57551,41.62840929280644,4
22079,42.0,42.60867970176261,42.129270418470405,41.8116,42.11275599384358,4
22109,40.5,40.034280709374755,40.07896364724536,39.89334,39.99130742038362,4
22125,40.4,37.029536267710924,36.70272781385282,37.148716,36.95239522315869,4
22127,43.6,41.81682093035985,40.52506761904762,41.445217,41.398792117357175,4
23003,41.7,37.68989631635495,38.12794778244631,38.180843,38.06444441748701,4
23005,29.4,32.38266517391398,29.86685,30.841928,30.48524050153955,4
23013,27.9,33.64909921574843,31.48813055555555,31.332478,31.353684598101097,4
23023,30.7,33.85357276030226,32.4801329004329,33.503513,33.08677939134977,4
24033,36.0,36.63522345047226,35.059513095238074,35.40927,35.344956753571545,4
24035,32.7,33.19149670028846,35.52646904761904,35.66367,35.14511865216368,4
24037,35.2,32.67662894888173,35.821440873015874,35.56112,35.06861894674134,4
26001,36.6,35.70130639509275,36.97070198412698,37.865295,37.31804808418302,4
26017,37.2,37.22452189326183,36.9738670303209,36.502544,36.59680786163004,4
26033,39.3,37.755382776562776,40.173805359999484,41.18823,40.583042089121534,4
26045,34.9,35.54471494319575,35.76488185556273,36.83364,36.32443091571976,4
26049,39.1,39.9300284769555,40.08706991458362,40.342678,40.28625063194898,4
26051,38.1,38.21802831872332,38.22949865689865,37.969315,38.01515532576453,4
26053,37.3,36.85354333113083,36.951008730158726,36.75334,36.7120813099582,4
26057,35.6,38.56040136511324,38.91178164048349,38.949932,38.884195939846165,4
26061,34.2,36.94575857554587,36.648162698412676,35.661224,35.91050732528731,4
26065,34.0,36.26500883151261,35.13262987012986,35.07127,35.078422891663024,4
26069,38.2,36.85551065646496,37.263182936507924,36.56122,36.649626068880735,4
26077,35.7,37.1075010080004,36.05994687208217,37.13932,36.81511733435082,4
26105,39.4,37.20181342397727,36.487787184873966,36.34127,36.37615099667123,4
26107,33.4,38.36858432625499,39.50630400368318,38.306484,38.54816937897631,4
26111,31.1,36.109494450325904,36.543127951004955,37.104332,36.7594362209181,4
26113,38.3,39.21018233185415,38.5221804876496,39.400593,39.196824753218884,4
26127,37.9,37.90728791452126,37.87626542950513,37.243164,37.39719969448281,4
26155,36.1,38.09625400144395,38.988199367007255,37.829014,38.06943582493567,4
26159,39.5,38.122696483427745,38.598214941294344,38.817707,38.66397098741242,4
26161,30.1,32.286445871923,31.023307539682534,31.263912,31.01562105576471,4
26163,36.7,41.03916240507693,38.51969047619047,38.796333,39.035905853227895,4
27003,35.9,33.925347009892505,34.65939408369406,36.06299,35.32902744695695,4
27007,41.1,38.27265741173815,38.091857060025845,38.854275,38.59818930679218,4
27009,37.2,38.54586706563744,37.58078034105534,38.49334,38.27632452671387,4
27015,39.9,36.64686052931153,37.491874689751874,39.167473,38.455238476014486,4
27017,41.2,36.992939004208196,37.81403853433266,38.310093,37.987235380862536,4
27023,41.6,37.820063996072214,39.26617606832004,38.28499,38.40458138762055,4
27025,38.3,34.788604850364564,36.203112698412696,36.669033,36.20361112879729,4
27045,37.2,37.18099949292337,38.16205086580087,38.20306,38.016696230801884,4
27049,36.4,35.64697987265365,37.30184894243183,36.61669,36.528764378504725,4
27051,38.0,37.60397435850552,38.01900051771597,38.642765,38.34474702873175,4
27053,27.4,32.72675128724483,31.66211071428571,31.7464,31.547647917721925,4
27057,40.0,36.33376492069464,38.02555317712978,37.902958,37.663858353495,4
27071,36.9,36.51727738439683,37.16066904761904,37.546715,37.25481966129674,4
27081,38.2,38.43038721064512,38.90925714607425,38.76432,38.73857486672216,4
27093,41.1,37.497050036068195,39.09698880531234,38.890797,38.73727481998029,4
27103,36.5,36.24935582851115,35.82462839105339,37.07537,36.600650821543965,4
27129,38.4,37.469829397065865,38.32378326621557,37.81575,37.827199253845826,4
27131,35.0,35.99992577907784,36.32703041549953,37.00805,36.630733674940146,4
27145,38.4,37.610384827897576,37.59529436133914,37.844902,37.70609004980978,4
27151,39.7,37.7169819963383,39.241623919651495,38.437546,38.48932954948346,4
27153,40.5,39.327813977602695,38.40694786252602,38.616455,38.65094018248711,4
27159,42.9,38.80952039594012,38.846329228211644,38.402863,38.52977419959749,4
27161,41.2,36.682472421701284,37.76952407545378,37.891975,37.648210665895995,4
28001,43.6,44.065291378851356,44.07270357142855,44.692505,44.71484344431196,4
28005,45.0,42.99028826597439,41.819102400377396,43.057922,42.95042276466396,4
28015,42.1,40.53547574608165,41.16881150793652,40.720425,40.86705053267438,4
28021,51.2,48.36480208073257,51.351182395382395,50.650455,50.99263080604872,4
28061,44.1,44.89661475905091,43.30710634920634,44.145973,44.28712981840807,4
28069,47.2,45.23666390861083,48.69917341269843,48.797684,48.70673939343256,4
28073,39.5,39.567396244782024,38.90663922533547,39.809402,39.61086111612775,4
28079,45.1,44.601977378598335,43.51702417748918,44.046764,44.22467255923015,4
28129,42.0,41.91195482773176,40.760923343685306,41.585438,41.55992718896575,4
28133,47.5,48.19671348351151,46.824276984127,48.08491,48.21556580664132,4
28141,39.9,39.32199846863976,39.67302152194211,39.29868,39.396142384413764,4
28151,44.6,47.541671072108514,47.319217460317475,47.886517,48.09810953509181,4
28155,39.8,41.81657999692586,40.80526798201799,41.14,41.2515666178157,4
28159,45.3,43.988036722048236,43.65551266233766,44.066658,44.183789946634306,4
29011,42.7,40.6631217389723,40.61076759068581,39.388252,39.849818065998235,4
29027,41.7,37.451048520745374,37.748409029911365,38.5853,38.22460529080789,4
29035,40.0,40.306393121275136,40.62441165223666,41.103554,40.97763497055283,4
29047,35.2,36.09071292662107,36.01450061327561,36.65293,36.33134110251836,4
29095,38.8,38.02538840867412,37.0188630400209,36.52839,36.735318395634366,4
29101,40.0,37.80876489469739,38.50970303446553,37.83528,37.92847399828797,4
29119,41.2,41.803930649613,39.385605205415494,40.068874,40.20374061164158,4
29131,39.7,40.04761882595566,40.2208146825397,40.983948,40.770987542918384,4
29141,43.1,39.11264835734084,40.0083850420582,39.79267,39.779214316535175,4
29147,42.3,38.03149455519125,38.9418814213564,38.76145,38.688561853164295,4
29159,39.0,40.60422199703431,40.24222303671424,40.079952,40.233952817493396,4
29197,39.8,40.54570113726363,39.06893369408369,38.698933,39.021926837900125,4
29199,39.2,42.13005511316796,39.133327380952366,40.286564,40.34232972795783,4
29213,39.2,37.049433597397,38.34311746031745,37.25848,37.391764386255886,4
30017,35.8,37.70656999713329,39.53152377969515,38.517326,38.606383576330764,4
30027,32.1,36.93533595014052,37.58181417233559,37.241196,37.196372101816166,4
30029,30.2,35.85269308470217,35.55549261482752,36.08196,35.806374485066605,4
30053,30.9,37.35778837267636,36.54812698412698,35.68014,35.95847079125616,4
30057,26.5,33.117264122973644,34.093932936507926,31.450815,31.93525678641692,4
30063,29.2,35.4006273489624,34.35603051948052,32.579044,33.081540026977095,4
30077,32.7,36.27238411728493,37.8595836070792,37.47451,37.325491558722646,4
30085,40.6,41.82106148567794,41.96270474160681,42.26252,42.275660395230865,4
30097,32.1,35.06981041462084,35.2728932203943,35.131783,34.98524495039149,4
30109,34.5,34.917232340505194,37.19511948051948,35.886066,35.90404120910843,4
30111,34.6,36.34748975162027,36.567873610734054,36.87589,36.6414657736973,4
31001,40.7,37.94529570443646,38.27322689950453,37.444157,37.62752654296892,4
31011,35.3,38.13303068893029,38.54616857236966,38.453545,38.40464573532108,4
31015,40.7,36.6188271177421,35.909364754689754,36.755478,36.45150463416664,4
31023,39.4,37.43331165425414,38.90427103174603,38.447685,38.382649305221435,4
31043,45.8,38.293329687234106,38.59805198954139,38.226734,38.283013676732025,4
31045,39.5,37.68536067624264,38.85588347763349,38.9796,38.77101182243446,4
31053,38.7,37.92021544330233,39.420698897374095,38.808693,38.811002770969154,4
31091,39.9,36.80525153466718,35.05941551226551,35.472683,35.411889095655695,4
31105,43.8,37.554599298509416,36.12445526695527,36.273018,36.29821870996151,4
31107,43.8,39.682070069521174,38.43215964515018,37.60093,38.01037463745209,4
31109,33.1,36.345250559772694,37.009810492577614,35.795937,35.999259101026055,4
31123,38.9,38.22150806099281,37.172366551182826,37.01155,37.12705132046496,4
31145,39.5,36.79439377279041,36.77166134099616,38.345894,37.75455123790489,4
31155,36.2,36.607092771140486,37.55832023809521,37.83006,37.548846623105504,4
31163,40.0,37.5865656769031,38.388175598086114,38.276432,38.172914081246155,4
32021,35.0,37.1962023309811,35.208054545454544,35.684547,35.643813451468645,4
32029,31.3,30.531779909480367,26.952714826839834,25.731323,26.0883099545346,4
32033,33.4,35.909586851210925,35.43125567765567,36.06682,35.77651189575064,4
33009,28.8,31.524270503617874,28.3779369047619,26.885265,27.329741066246093,4
34011,36.8,38.27052030697859,37.521019516594535,36.98247,37.190761016313466,4
34015,36.3,32.867483905008974,34.54088658008657,34.171143,33.861358068857164,4
35005,42.0,40.315475690185984,39.81875299422799,39.96778,40.02386520139357,4
35007,35.6,36.847172552554504,33.95128174603174,32.624287,33.223636994184616,4
36007,33.3,35.9996730407169,36.01334715007214,36.43954,36.17240341331417,4
36015,34.2,37.423699349372015,38.045990692832575,38.05318,37.92213020217945,4
36027,34.3,32.01512279303974,29.586117460317453,29.779001,29.644854621503594,4
36031,36.0,34.6984265859363,33.559640079365074,33.902824,33.71500171446989,4
36035,36.3,37.26148300458488,37.176711005789876,36.641636,36.74183981369626,4
36049,35.9,37.959122359986985,39.23330542506471,39.442276,39.20881605969285,4
36055,36.1,35.761876334834675,34.31226612554113,33.690372,33.88268137899692,4
36061,21.2,25.82729019036048,26.00571190476191,23.781816,23.893620286131878,4
36063,34.6,36.6180080682206,36.181473704365814,36.44273,36.29726125352359,4
36067,35.1,36.149508248626326,35.527333585858585,36.170624,35.90196775080977,4
36069,34.1,33.75178090621177,33.01239325396826,33.253555,33.018862948599725,4
36073,36.2,38.20816346547377,37.52993492063492,37.4271,37.488461760866606,4
36075,38.5,37.58881622932107,38.28437871268166,37.26237,37.45617761912433,4
36089,37.1,37.98774120910486,38.531944564061675,38.401405,38.34569982559338,4
36099,37.4,37.16073263556232,36.973853027820134,36.96087,36.90171732177258,4
36109,33.0,31.885955481005666,31.780591666666645,31.639723,31.384297107584047,4
36111,32.2,32.74815260819138,30.5702884920635,30.61162,30.533204247550714,4
36117,37.2,36.70263970597675,37.72536218261508,38.259632,37.89295137229875,4
37009,33.9,37.4575804307046,35.03021962481962,35.5985,35.581917085730616,4
37011,33.1,36.146157367254865,37.4094239028945,36.53799,36.56772040604405,4
37021,26.2,34.836435437154144,34.384138600288594,34.39756,34.25447019361317,4
37029,34.3,36.695248119655794,38.02940036075036,37.79103,37.63814435710255,4
37035,34.1,36.329498416185814,35.29069648407148,35.84641,35.65280614446591,4
37037,30.7,34.15096745715809,34.44094722222223,35.458115,34.898068116890265,4
37045,37.8,40.767957532727756,39.896726984127,40.622875,40.55215155540793,4
37051,39.6,40.934579337933805,39.26345580808081,39.841663,39.900899504151774,4
37069,38.0,39.2021294525022,37.945104756899184,38.71451,38.59888894987846,4
37075,34.0,39.356609112719376,38.750219985569984,38.817833,38.86842408070679,4
37091,43.4,43.351299932363865,42.86272539682538,44.201523,44.01323898340702,4
37099,32.4,36.347654133117,37.524976406926406,36.429646,36.54691895941051,4
37103,38.2,40.130922881617444,38.410043831168835,39.226643,39.18054020814635,4
37105,38.4,39.05916012835102,39.2010718541423,38.95181,39.01829616458648,4
37113,31.3,36.08530743862792,34.222409740259735,33.05349,33.47169102112264,4
37119,34.1,35.48520291026443,33.431177380952384,32.884087,33.09826889522122,4
37121,34.1,36.87558274408697,34.69396825396827,35.057426,35.05683500482057,4
37123,37.5,39.21111606236419,37.94688036963037,37.87994,38.02921845511673,4
37127,42.1,40.55957936665433,38.75205264875055,39.08436,39.21786417080258,4
37155,41.9,42.6454045033817,43.47995992063495,43.13477,43.32125426776458,4
37159,33.9,39.0045683327181,37.863318725390194,38.22264,38.21679829536884,4
37171,35.3,38.08640836272886,37.057605716902145,37.387623,37.3404943028631,4
37175,32.8,34.84504976294069,34.40107113997113,34.00397,33.98996293932782,4
37185,42.0,42.03719786992025,42.90114696969697,43.178684,43.139545484353974,4
37187,41.0,42.39626086622151,42.87869761904761,42.243073,42.54384823093326,4
38001,38.2,35.36750530463167,35.19597579365079,36.299435,35.80883641297767,4
38003,37.8,36.21513002916853,36.265433577533564,36.937084,36.59838259336979,4
38013,35.1,36.31628722143228,36.752518590407185,36.884285,36.68358065690099,4
38015,39.2,36.11387675629259,36.81156380286379,36.98394,36.736781111109686,4
38023,36.7,36.0434901131119,36.94562401061528,37.59393,37.17414354885449,4
38029,36.8,37.66514510892762,37.46759761904761,38.66757,38.24869026922889,4
38035,37.4,36.21224324389834,36.888223036311814,36.411083,36.37514613843406,4
38037,40.5,37.69009987094662,38.070944841269856,38.546078,38.30193271285306,4
38039,37.0,36.766353209877224,37.37113659951161,38.56262,38.03112673133543,4
38049,37.0,37.79073661694834,37.870196190476165,37.8479,37.793694659663096,4
38069,36.3,37.182672842720486,38.93175375396712,38.513332,38.3989358579631,4
38077,41.9,36.982963702379934,38.08858900990153,38.014805,37.84421421734715,4
38087,37.4,37.76695006392575,36.25335396825396,36.71613,36.65936083484884,4
38099,38.5,37.53257653026279,38.48693600982881,38.504505,38.34332793697019,4
38105,37.7,37.059545894420786,34.58829841269841,35.473053,35.34354193812611,4
39001,45.2,41.18641849786478,41.97604413641912,41.931004,41.96377551428712,4
39007,43.1,39.047874406937844,40.70312701383209,40.204514,40.20526389675285,4
39009,38.3,37.52028515366526,39.87040331890332,39.380856,39.24639118288114,4
39025,40.1,36.464409710904214,37.97061638842299,37.58834,37.454472915139284,4
39033,44.0,38.803615271687526,39.99589133059922,40.2911,40.07486572869915,4
39039,42.2,36.7913317956598,38.84801003770579,37.926327,37.924454830550324,4
39047,40.6,38.9908005905166,39.39960930814457,38.86223,38.991256960313265,4
39049,36.1,37.21377594899496,36.176316570382944,35.764122,35.914085161804024,4
39057,39.2,34.411585809836154,34.5051738095238,34.964767,34.61059040112502,4
39067,41.4,38.621121278172794,39.68488650793648,39.93487,39.73720554426783,4
39073,42.7,38.49340321534454,39.5781285011285,39.991055,39.734454135222485,4
39079,43.7,40.8590262980706,40.924596602253956,40.423683,40.654906166950575,4
39091,38.7,36.98368075532671,38.0624412219264,38.022583,37.84387615684447,4
39103,36.0,33.84516797812398,35.412559090909085,35.681637,35.22283689342762,4
39117,42.6,38.45471706848522,39.18963126278087,39.058952,39.00541736447864,4
39129,42.9,36.76340510112384,37.199891819291814,38.331635,37.83486319972283,4
39137,40.0,36.905681041336095,38.40369523809523,39.621128,39.002557416447125,4
39161,42.3,38.013572245662395,40.17125243760868,39.78498,39.657639970630036,4
39173,35.7,35.896337758158445,36.343856349206355,36.021618,35.944835125328034,4
40003,37.7,37.49659927683819,37.92463181818182,38.472565,38.19257214993725,4
40009,42.7,40.02960507971465,40.34196844352965,39.88564,40.043343122714376,4
40019,40.7,38.601197738291766,39.183795455423606,39.486954,39.317404314982426,4
40025,39.5,38.21266386573264,37.924736147186145,38.043842,37.9982732420206,4
40027,36.9,35.61598988838552,35.86647846280182,35.468555,35.42221927949354,4
40037,39.4,38.75257952491994,40.60554522721288,39.63112,39.75035122176308,4
40043,40.8,41.405034693357926,38.99821601770549,37.514893,38.3148086381325,4
40047,42.3,38.73453783067711,38.97219422859922,38.81141,38.82679667856684,4
40053,44.8,39.5504915872189,39.852138613372915,39.555714,39.643206860694676,4
40055,41.5,40.61047612727573,42.14743025030526,41.2139,41.43089369586329,4
40057,43.5,41.63780567268828,40.60757460317459,40.025154,40.42007912814671,4
40061,43.7,40.802719789580294,43.285999603174616,41.834152,42.133002224732635,4
40069,43.7,39.76441658871049,41.788676538992405,41.537685,41.456323691497175,4
40075,45.4,40.57929870712374,41.7785010822511,41.28829,41.396200726682146,4
40083,42.2,38.45001235252971,38.279898565323556,39.45787,39.077377444015546,4
40099,44.4,37.61023602468309,39.50885851348525,39.12346,39.00297688949081,4
40107,44.6,40.472107434176166,43.06806010101009,42.55749,42.53435617336434,4
40113,40.3,38.536934798105925,39.4093427837529,40.293358,39.910230646666754,4
40115,44.0,39.612697479880914,41.873037189495435,41.038532,41.11220806394777,4
40127,43.5,39.10548422303215,40.30835941043083,40.06925,40.03365511939682,4
40137,42.3,39.4684499569905,39.96412242295094,40.063164,40.003897465891825,4
40139,41.3,39.10973237827297,39.341738921063914,39.860428,39.67829180280804,4
40143,37.0,37.25765063433224,38.16160069664545,37.52377,37.56220306254187,4
41001,34.3,36.51218976601485,34.824458216619995,34.69018,34.78386988235394,4
41037,34.1,36.61953141359154,35.61107857142858,33.932117,34.45314045132698,4
41039,32.5,34.89364437143247,33.33441890331892,32.984467,33.06374383528562,4
41057,30.8,34.89530833122136,32.9172943001443,33.284958,33.177758428787065,4
41061,35.6,38.2083358559852,38.95658989453752,36.946133,37.4736150158989,4
42015,34.9,38.21930442669014,38.08867716588066,38.06344,38.048733227466485,4
42027,34.7,33.040281469459906,33.801114682539676,32.230347,32.39369946878538,4
42041,33.0,32.661880378242316,32.483203932178924,33.54416,32.950255470369,4
42045,31.4,35.034755865027265,33.11239206349206,33.947628,33.69369147650583,4
42047,37.8,36.21778828084157,36.773448268398276,35.686726,35.85476328457297,4
42049,36.9,37.432363131151,37.10317900775695,36.80088,36.85831057350337,4
42053,40.4,36.04460359103333,38.611502842127834,39.588947,38.90707904097957,4
42059,36.0,37.537152327899065,39.197356746031744,38.59486,38.56236172625311,4
42077,34.3,35.124779957480584,34.50059801587301,35.77531,35.26320195691391,4
42079,38.7,36.26314940320164,35.37185155122655,35.282917,35.27576306759076,4
42087,38.7,38.777394913533314,39.70569814669457,39.934853,39.76341916824633,4
42091,31.2,29.88660882631468,28.70359632034631,28.525915,28.297827974301754,4
42099,34.9,35.525353152935125,36.418289393939396,37.708885,37.06488245630726,4
42105,38.2,37.8988503503948,38.063324134199135,38.67235,38.41560197108402,4
42117,38.8,37.04525456206865,37.37243715728716,37.753944,37.51645759390919,4
42119,35.3,35.43429688660825,36.1178242063492,35.341434,35.36542422669695,4
42131,35.8,36.56842810289284,36.57472756132755,36.77676,36.60571289243497,4
45001,38.7,40.60918101516714,40.91347853535354,40.649845,40.772677014156976,4
45019,28.8,35.554019382692445,33.65976428571428,33.32631,33.460893264190645,4
45027,45.6,43.1487857585178,43.93238665223666,43.93967,44.0416535764239,4
45029,44.8,41.790785734175195,41.70160793650793,41.99038,42.027638973362045,4
45033,42.3,45.832088061884924,45.62123885281386,45.340153,45.74408925003928,4
45039,41.1,43.42504302865247,44.27194722222223,44.22875,44.35262292447562,4
45053,37.5,39.96264944152718,38.05376626984127,37.179165,37.67712778250941,4
45077,36.8,37.28708743935775,36.92183643578643,37.09909,37.0023722088563,4
45085,40.9,43.16344814206373,44.203861832611835,42.835865,43.34789585450779,4
46007,43.0,43.31708710888743,43.99967280883369,43.570774,43.82725880703292,4
46033,37.5,32.90147179037775,31.652719841269835,30.984333,31.048100131527328,4
46035,36.9,37.1784597740908,38.264357932102776,36.325256,36.75343806603412,4
46041,40.8,41.45901018761716,43.16324254187841,43.893547,43.60659307196969,4
46043,36.2,38.902271544339584,36.746343599966416,37.616386,37.541485069472266,4
46047,36.5,36.166758767570734,36.209332539682556,35.78188,35.78852627700809,4
46055,35.9,39.97430408522249,36.4263649659864,35.43081,36.123291872266215,4
46071,39.7,43.965326751201495,43.08007995169085,42.5606,43.022871300122624,4
46089,37.8,38.48312910869582,36.99953336940838,37.046726,37.14927429980196,4
46103,34.6,36.33281887074865,37.31582234703503,37.072147,36.93860027068148,4
46107,34.1,34.70720088676019,34.09935634920635,33.716705,33.7077403274169,4
46109,42.8,39.60706315329099,38.75619954545455,38.95297,38.996931526092446,4
46115,36.8,37.78825530219849,38.02325816061894,38.366104,38.181816058766344,4
46121,44.3,46.56786764004964,45.44770772005771,43.711372,44.69275850671889,4
47003,41.3,39.944317599594804,38.989980165143834,39.658978,39.57844839721645,4
47005,39.8,38.99442289911848,39.80286831126389,39.235664,39.33625599155395,4
47007,42.8,39.60964059873096,40.076043440973436,40.416954,40.29029941554481,4
47021,37.4,36.17791490723605,36.16196286181138,37.27029,36.79852467806157,4
47031,39.6,39.095125309563414,38.66414001920287,38.95343,38.90606860651122,4
47033,39.1,41.070219876857585,40.38732056590752,40.756836,40.79381818253223,4
47037,32.3,36.27421549721021,32.74392965367965,33.38418,33.39842715288305,4
47061,37.6,40.58437910772139,41.14235782828282,40.89509,40.98755926616128,4
47065,33.3,36.83620006336458,35.91205779775778,36.30834,36.17611015229235,4
47081,39.7,39.40853304563952,39.90851176046174,39.996315,39.93758458420527,4
47083,38.1,39.2793757445724,39.500853267973866,40.258297,40.009207506753306,4
47087,35.5,39.68584330820621,40.96287817460316,40.62414,40.638104327881344,4
47093,37.5,36.35437415398256,36.99588452380953,36.846127,36.7163614531645,4
47101,39.0,39.59861730134851,39.73341573932604,40.348312,40.16628313276172,4
47109,43.1,39.92126303854804,39.67525325132387,40.625984,40.38822648579342,4
47115,40.8,39.10597211082367,39.11141799628942,39.362843,39.286395715385915,4
47151,41.2,42.36316841894052,41.52385714285714,42.099903,42.142707570740875,4
47153,38.9,37.998862948322845,38.31240010822511,37.482525,37.669841636260955,4
47157,42.6,42.175668250025005,39.78716441058942,41.667896,41.43831634722585,4
47161,36.6,38.66661260393743,38.91000223840294,38.739586,38.75451935426911,4
47169,38.6,40.152658487547676,39.85704999999999,40.51685,40.385622356550336,4
47173,37.7,40.01411272465992,40.183678548085894,40.33067,40.31096260743412,4
47175,39.2,39.80412584971675,39.308413330133924,39.61404,39.59844268105716,4
47183,40.0,39.76415670482699,40.29818432400932,40.26119,40.25401813485415,4
47185,39.8,40.14717396902649,39.882842196757494,40.5431,40.4085151185518,4
47189,36.8,35.27817508857797,36.43414743867243,36.62366,36.291257612957665,4
48025,43.0,38.37354088365975,39.95273223165722,39.754272,39.63831384457069,4
48041,36.9,37.761138607555864,39.135456782106786,38.967133,38.8345781125494,4
48051,38.4,38.15394822356882,37.58537606594472,38.552475,38.26354580013129,4
48089,39.7,37.574787179225524,37.40591457431457,38.70884,38.25083736656188,4
48097,37.3,38.639197157089036,38.74830473535396,38.759277,38.72857116601473,4
48101,42.4,38.699459539692576,39.817796894771895,39.92243,39.7688235475755,4
48111,40.1,37.68013225970045,37.54164444444445,39.123005,38.57885180666894,4
48117,43.6,40.133745315790115,39.09576443001444,41.91685,41.17361824690986,4
48119,36.8,39.368565217212826,38.86371889816533,38.582466,38.73396989144736,4
48121,30.7,31.4105472977291,32.949628571428576,33.34831,32.74568339557392,4
48125,37.4,39.87184801123831,39.80415749805749,40.80458,40.53204700297261,4
48127,49.9,40.38113731457813,44.07461605339105,44.97811,44.40059807093518,4
48153,41.1,40.52327754701251,39.5439219047619,40.717957,40.50561259386062,4
48169,41.2,37.99576005700621,39.96410212842714,39.193653,39.20473249223937,4
48173,34.2,30.57454556021895,33.948199206349194,33.041195,32.639723993637006,4
48185,41.6,39.249938175684534,39.3624642881193,39.862263,39.70353047155599,4
48191,41.1,39.695925896742324,39.52766349206348,39.592175,39.61680473957416,4
48201,35.2,37.13994264972605,36.12981872294372,36.2713,36.24080417004687,4
48217,37.1,39.29688506935451,39.038127032227024,39.217915,39.19747239702827,4
48223,37.6,38.9713333625488,39.103654062125386,39.376575,39.275441061553565,4
48229,42.8,37.32077051718227,38.74206040903542,37.84975,37.9220038464716,4
48231,41.8,39.04197170633419,39.48864917879806,39.42147,39.40079317080973,4
48237,38.1,38.57721832278926,39.08120103279226,39.35859,39.203604078120826,4
48247,44.9,40.05838948604574,45.09793708513709,44.682846,44.379278488389005,4
48261,47.3,38.099912179125724,37.51170714285715,40.655964,39.67977284266441,4
48267,37.6,37.36806685952381,35.32219603174603,33.54254,34.226454885028836,4
48277,38.6,39.873456034297206,40.00716981447123,40.15835,40.1346293149907,4
48281,38.3,36.4584132647551,37.08967892649903,37.253258,37.03013885021949,4
48283,44.2,39.078726801868,40.83531204906204,42.608097,41.88403780122997,4
48287,38.6,39.3889968116935,38.95824006671432,39.91252,39.668117270852015,4
48293,40.1,40.33676054146884,40.176827388167396,39.754192,39.959505485338745,4
48295,37.7,36.97074496003985,37.955797222222216,39.014698,38.49773726845571,4
48301,32.6,37.57099403592988,34.493595634920624,35.634487,35.50400802367833,4
48307,39.3,38.12681003231722,39.09926309523809,37.785107,38.068084447712714,4
48331,37.5,38.71476463957737,39.01558514292913,38.880726,38.88107095088855,4
48343,40.6,41.003671822063744,39.58214453781512,39.352047,39.64552638897164,4
48347,40.6,40.82737144895131,41.18301806415807,40.216087,40.565358407247864,4
48367,36.8,35.199190410385164,36.655920923520924,36.557495,36.28389579306978,4
48379,37.5,37.4339758499805,37.198325823285714,36.546627,36.70545118856249,4
48385,41.3,35.96796985354806,35.49501715506716,36.02244,35.76826929781874,4
48403,38.6,38.56495054059393,37.52976302308803,37.79418,37.78911658562673,4
48417,38.1,38.12290604977976,39.594333075529754,38.51036,38.673109728762526,4
48419,40.9,41.84166745359626,40.578984621489624,40.735542,40.92830597444922,4
48421,37.9,38.80097575321705,39.365787685812855,40.05918,39.77689142653875,4
48423,39.7,38.279761318245455,38.98021702365973,39.118057,38.97550357958357,4
48425,33.2,36.22912231583001,34.96752118055555,33.807507,34.17196078895569,4
48433,38.6,37.5538750206873,36.59590270562773,37.274292,37.08742842176262,4
48441,36.5,39.01747844656471,39.322451171026195,39.570656,39.46290285045659,4
48443,35.8,36.746435373686005,37.93510119047621,36.688057,36.86941214054564,4
48445,42.8,40.900326949263686,41.158302472527446,41.746372,41.61757157153773,4
48447,37.9,38.79374279096212,37.248591594516604,37.123592,37.29978880592867,4
48453,29.4,31.921727823108817,30.015534523809514,29.371424,29.447540092041578,4
48457,40.3,39.37872091397402,39.106351984127,38.618492,38.813504252826036,4
48475,40.8,38.14911693250353,36.51976071428571,37.92717,37.60000602212445,4
48485,38.9,38.32146059144849,38.29427193362194,38.538033,38.433067851241745,4
48491,29.6,31.621830248725878,34.03492828282828,34.075058,33.511593726935395,4
48497,40.4,36.20988999156731,37.85008234126983,37.94111,37.6341537840458,4
49013,33.0,41.66704193467044,37.39562503052502,36.86619,37.55387756339718,4
49017,36.3,36.36902814083489,36.24876744818541,34.373978,34.86144694042051,4
49019,30.9,34.367235565005416,37.33708373015875,35.3613,35.49993327552876,4
49021,33.3,39.41102420715074,37.214518925903526,37.275833,37.48197763700826,4
49023,34.4,40.0584361232704,37.015761652236634,37.987587,38.01506390191001,4
49029,31.8,36.2198656652281,30.615280158730165,31.554125,31.669070393616487,4
49031,35.5,39.11376848356653,39.100744799644815,38.280785,38.54440054768193,4
50003,28.3,35.55197687680368,32.186803751803765,32.017826,32.24030793574528,4
50019,32.9,37.43358009209504,37.432373989898984,37.255283,37.24208176612524,4
50023,26.8,34.26566417725114,33.73199101307189,33.427914,33.36795203430612,4
51015,37.8,35.97198563124512,37.3420331932773,36.57127,36.55153251818638,4
51019,35.2,36.17756191384696,36.62293170995671,36.520718,36.38693437781634,4
51029,41.3,40.819587072743175,39.92353809523809,39.927692,40.08932179722418,4
51041,37.7,35.101211767108296,36.2688734126984,36.881035,36.406517504930015,4
51081,46.2,41.734312028900845,43.36326071428571,44.153446,43.866706450488365,4
51101,38.5,35.926867384129984,35.202062157287145,35.333923,35.2266967471697,4
51107,28.6,22.16881925897248,27.377863131313134,28.77118,27.104832870667636,4
51111,42.7,41.45362740687934,40.06286111111112,39.555237,39.95285977255661,4
51131,41.8,38.97983171979232,38.24100277777775,37.87546,38.05893720634407,4
51135,44.4,41.25668667625165,39.80621666666667,41.465313,41.176576433557734,4
51155,35.6,37.496488929315994,38.68169599567099,37.42179,37.64007566915255,4
51165,34.9,36.08011033096055,37.44730076181988,38.163216,37.67946873921468,4
51175,42.4,39.59969235327583,39.55914812409811,39.262093,39.38445870009986,4
51187,38.1,35.84064130517167,37.08088120623247,37.75951,37.2892066791536,4
51510,29.5,29.626842115741056,25.27096626984128,25.014084,25.101420033135533,4
51550,41.2,35.567157574253244,35.30735436507936,35.231457,35.129943009682805,4
51580,38.8,39.00626137986069,39.819931524427936,40.72912,40.36399946250407,4
51595,47.1,46.87066759845144,45.954836507936506,46.059143,46.453607073648584,4
51630,38.2,32.365962362199475,30.892072619047617,31.462358,31.133560041460058,4
51735,33.2,30.980762313907334,32.30677373737374,31.905586,31.556892518333584,4
51770,36.4,39.432408120076424,38.652766269841294,37.89223,38.2238249508382,4
53021,39.7,37.2976400762905,37.78590021645021,38.303535,38.01874069228082,4
53045,37.7,34.31274375507758,34.672593253968245,33.004147,33.29165203331693,4
53047,38.6,37.253097820002424,36.37320312791782,35.111767,35.51634636011817,4
54005,41.5,41.2711995884128,42.31916248196248,43.270008,42.96774083846728,4
54025,42.8,39.15343579073769,40.27682597402597,39.62337,39.728121543184386,4
54027,42.0,37.93952106029259,38.66598888888889,38.722027,38.58804169363696,4
54047,44.3,42.64230562943775,43.186471031746,42.58507,42.879856463566426,4
54059,41.1,42.60281851938951,43.8073488095238,44.702225,44.46050177175692,4
54063,40.8,38.66377055819684,40.04444047619049,40.283962,40.06131255289752,4
54101,37.9,40.98278278134893,42.410311291486266,42.341938,42.312576133446576,4
55001,38.6,35.49357485584096,35.837262987012984,35.61445,35.49870058123552,4
55031,40.4,36.8243101897066,37.59261785714285,37.410244,37.29910006935933,4
55039,41.7,35.62418346076742,36.79646140219429,37.40804,36.955957813760804,4
55055,39.6,35.870276219971466,36.58435150375941,36.507053,36.32652634315867,4
55065,39.5,37.818162687173185,38.098730952380954,37.942085,37.91232657721487,4
55073,35.9,34.116993669829164,35.91802063492063,34.980934,34.89219607005986,4
55085,38.5,34.108708517268035,36.29802222222222,36.1456,35.77205723426745,4
55129,35.7,35.0478724103787,37.80112063492063,37.35889,37.0638918701862,4
56007,36.2,36.56549605619257,35.490754834054854,35.26644,35.33255478107758,4
56013,37.9,38.34226355281589,39.36416915074554,38.758663,38.82274293598611,4
56021,34.3,37.034733149324786,37.27964049422799,36.818466,36.854170317177804,4
01003,36.8,36.170152818412014,36.233,36.40953,36.26272138665577,5
01009,37.3,39.06029789048097,39.547000000000004,39.449978,39.47455085762314,5
01023,45.8,43.387770614798555,43.696999999999996,44.091705,44.13421946670694,5
01033,40.9,39.76855615936791,39.48499999999999,38.735683,39.1557065031722,5
01039,44.6,41.00255855535222,40.47100000000002,40.150646,40.4904354203419,5
01043,39.7,38.80977814970556,39.4,39.05816,39.15338583315552,5
01069,37.5,41.03661170803571,40.94000000000002,41.13774,41.21409222827509,5
01071,38.6,39.79641555563092,39.81700000000002,39.72658,39.84617334269507,5
01073,39.7,40.911192634903465,40.20399999999998,40.567917,40.66014560455184,5
01077,36.5,38.72005054213031,39.03,38.51355,38.71313441920165,5
01093,39.5,39.996502479142784,39.896,39.898468,40.00734789588741,5
01101,44.6,42.514488957968496,42.87500000000001,42.69568,42.918694445951836,5
01129,41.5,41.22173106371757,40.964,41.902725,41.71907425919281,5
02070,37.2,38.64489293403453,37.943000000000005,38.47991,38.406221038587965,5
02195,30.4,33.59041494200347,36.62299999999998,36.017807,35.64644012027679,5
02198,37.6,37.76056107362206,40.06600000000001,39.70007,39.516802887080686,5
02282,32.6,32.57975801334561,33.473000000000006,32.822105,32.72825895795452,5
04003,32.9,36.916818701626276,34.18099999999998,36.014618,35.645954094225694,5
04012,35.9,37.24320042874342,37.67300000000001,37.232132,37.32168837209036,5
05005,41.3,37.241445718802446,34.79300000000001,35.159153,35.339568122404366,5
05009,39.4,38.78705942753978,37.591000000000015,37.121326,37.51871120520691,5
05015,35.6,36.61792568218687,36.702000000000005,34.70324,35.426241498135944,5
05021,38.1,40.74660891690718,40.39499999999999,41.67614,41.35102295011419,5
05031,37.5,40.683848195031494,39.27000000000001,39.355232,39.64713485067405,5
05037,38.5,42.28430513686729,40.727000000000004,41.46458,41.589516701347414,5
05043,41.6,42.065372065969726,41.843,41.746265,42.00014173353398,5
05063,39.6,40.32249159228286,39.60599999999998,40.442753,40.32548407887619,5
05069,44.5,43.655450105056445,43.006000000000014,43.918674,43.905192298138125,5
05083,37.7,40.15766068058208,39.91599999999999,39.988567,40.09684851157035,5
05085,38.0,38.921379033314714,37.81199999999998,38.323524,38.32937214422347,5
05097,39.8,39.85354489525241,37.01000000000001,36.357147,37.10550803647157,5
05099,41.5,43.37217833200819,42.434000000000005,43.00933,43.15695348091467,5
05121,37.4,41.04087786223357,40.690000000000005,41.026737,41.08473750471772,5
05137,37.2,40.16513378182245,40.00800000000001,39.89936,40.06709850781237,5
05149,38.7,40.5806477796742,39.945999999999984,40.36905,40.41361109268448,5
06005,27.3,33.05697681770399,31.769000000000005,31.061283,31.319120934630043,5
06007,31.5,34.98275090478484,34.277,33.527485,33.80193763000129,5
06021,34.1,37.94905246788269,38.31600000000001,37.461094,37.75232203222196,5
06027,29.9,34.65566206125125,31.863000000000003,31.428295,31.860719503712254,5
06029,35.9,38.38385794247753,38.14200000000002,38.351295,38.32980817756569,5
06031,31.9,38.14045961059727,38.65300000000001,39.00502,38.81024168111972,5
06039,35.2,38.791557957599785,39.42000000000002,39.357502,39.33691836453873,5
06059,25.7,24.767921337695668,26.728,24.310194,24.423272572452372,5
06077,33.8,31.447405628782324,33.786000000000016,32.12411,32.17368718178525,5
06095,32.8,29.854809901323822,31.243,29.92787,29.907605985122093,5
06109,31.0,34.33867366509225,31.789,32.725674,32.57194269321879,5
08001,34.0,34.5153486614357,36.80599999999998,35.841484,35.75589353963917,5
08015,25.3,32.66713412559244,31.476999999999997,32.11038,31.81137205836699,5
08033,27.4,35.183231445198764,35.533,34.737206,34.88894316096871,5
08037,22.6,29.912761383843062,26.57100000000001,24.303167,25.329086569298955,5
08045,26.7,34.1466895925553,32.131,30.566444,31.310345934778695,5
08077,30.3,35.8988723877508,34.01900000000001,32.79259,33.45978323651595,5
08095,30.6,38.435644104601145,37.394999999999996,38.23967,38.08420427737734,5
08111,27.4,18.76224246438004,32.25500000000002,32.07054,29.416194790016238,5
12009,32.9,34.972335274901695,32.69899999999999,33.8137,33.5781778340652,5
12037,37.6,37.749382109293,38.224,38.789642,38.4996202298934,5
12047,39.5,43.616864370545684,43.01,43.43074,43.60260849907047,5
12051,38.6,40.93906264274197,40.763000000000005,41.24669,41.217896814340435,5
12087,29.7,29.952736693774916,30.399,30.278025,29.92676618063618,5
12113,31.1,35.238495376592724,36.507,35.70246,35.729892249638326,5
12131,31.1,35.16647335155101,32.770999999999994,33.789814,33.61754777832365,5
12133,41.1,40.332491658413986,40.876,40.53236,40.70027349889666,5
13023,42.0,41.413212007255105,39.89000000000002,40.24298,40.47661468325271,5
13025,39.2,41.67817473890017,40.886999999999986,41.13801,41.31936032431917,5
13031,39.1,40.65346936614377,38.40200000000002,38.88232,39.13650707069331,5
13033,44.8,43.835117819113535,43.664000000000016,43.872005,44.07501095738742,5
13035,40.2,39.10343162444086,39.54600000000002,38.546406,38.93325470302611,5
13039,38.1,38.51859824957801,37.64700000000003,38.209846,38.14459085345402,5
13043,44.0,43.65628190520078,42.525000000000006,42.527943,42.93971629613219,5
13049,42.2,40.79155230342481,40.650000000000006,40.94848,40.98114468823806,5
13067,28.9,34.15999408761287,32.80299999999999,32.43189,32.614763646885265,5
13077,44.1,35.71862111434831,36.104,36.94349,36.471472031901065,5
13079,41.1,39.75229484321174,38.43100000000001,39.299896,39.23118903346673,5
13147,36.1,38.84093766101431,37.446,37.146076,37.50732793795393,5
13153,39.3,39.03892204416387,38.290000000000006,39.79838,39.36705552966683,5
13161,41.3,43.185152029760346,41.59000000000001,42.14887,42.38796250541716,5
13175,41.5,42.7075712899946,41.373000000000005,42.02244,42.168590262966916,5
13181,37.5,39.96066752172733,40.387000000000015,41.124912,40.86905185505615,5
13191,41.8,40.695675935351225,41.05800000000002,41.648464,41.49107950468263,5
13219,32.9,32.07218758672717,32.92399999999998,32.67204,32.405727737161705,5
13221,36.0,38.69906828528544,37.790000000000006,37.875492,38.010606351463224,5
13229,39.6,40.67589603211793,40.560000000000024,39.978992,40.34817546182792,5
13237,42.1,39.06858154093762,37.811000000000014,38.533443,38.483832544623034,5
13243,48.6,46.4218602777908,48.832000000000036,47.24605,47.89850035377511,5
13249,38.2,41.74069981549388,40.285000000000025,39.769234,40.34826554418318,5
13253,42.4,43.08680815399419,42.79600000000001,43.131744,43.26945234902253,5
13265,43.3,42.22255983485145,42.62799999999999,42.972958,42.97134910000604,5
13269,42.7,43.12767292889352,43.29500000000001,43.718754,43.75880005954809,5
13275,38.7,42.40333841252337,41.57,41.678925,41.9531311893256,5
13293,41.7,41.66803335418657,42.033999999999985,41.889324,42.061636671426186,5
13319,43.6,42.89271111631067,42.04199999999999,42.586143,42.71303532119569,5
15003,26.2,19.79544975498694,26.284000000000006,26.272654,24.586656032377864,5
16005,36.8,38.72735551759443,38.161,37.583565,37.931495020105125,5
16013,25.5,30.591873226768406,28.741,28.279,28.414314644146874,5
16031,38.6,39.7298172850621,36.77300000000001,37.169033,37.5165356597774,5
16037,32.8,36.19010950102387,33.289000000000016,34.07522,34.10977273049812,5
16039,36.5,38.723883111350304,39.617000000000004,40.009327,39.76987956375981,5
16051,37.2,40.40670701752342,37.294999999999995,36.084232,37.11324419123962,5
16061,36.2,37.26823890674068,38.230999999999995,37.192204,37.44198777394831,5
16073,34.6,39.41083907517831,37.718,36.52484,37.303255676634855,5
16085,33.5,32.448141755043245,32.35999999999999,31.537933,31.64458821687353,5
17015,36.0,37.227765915484305,37.73200000000001,37.111515,37.26035023384669,5
17025,38.3,38.93197268462417,38.87799999999997,38.758354,38.862865930113024,5
17037,35.7,36.82373610582984,37.044000000000004,36.85848,36.85950352656,5
17041,36.7,37.16733415721858,37.73100000000001,36.8975,37.11891210214281,5
17057,39.3,38.28916802985888,39.242000000000004,40.02662,39.60611640433677,5
17071,37.2,37.12540764679355,37.35100000000001,37.724834,37.518560299212865,5
17075,38.3,36.937082192801064,37.537,37.57583,37.43991684213162,5
17079,35.0,38.33864028520049,38.723,39.15053,38.952782168760336,5
17091,40.3,37.62704995075375,37.99699999999999,38.137653,38.023970835291365,5
17095,38.8,38.32408996442348,37.745000000000026,38.435432,38.27033712050068,5
17103,37.5,37.03098193072668,35.951,36.273838,36.2684155616387,5
17105,38.2,37.613490827563226,38.38400000000001,38.90428,38.584322186058344,5
17107,38.8,37.2526642450728,37.75400000000001,37.351574,37.41632090102947,5
17117,38.1,37.83926299789341,39.086999999999996,38.74188,38.70361520144888,5
17121,38.5,38.1505209423922,37.457,39.146473,38.59810353654824,5
17129,35.3,36.452206253699295,37.43100000000001,39.02974,38.20724014411944,5
17137,37.3,37.566917316443416,37.61399999999999,37.36661,37.448341469613915,5
17141,35.9,35.5613703292806,37.321999999999996,37.493874,37.08232094036589,5
17143,35.6,38.21548160895229,38.03900000000002,37.650066,37.8468410620063,5
17151,37.7,37.342766358444685,36.566,38.527294,37.84937549787693,5
17175,37.7,37.633935934973664,37.891000000000005,38.642113,38.30516501191606,5
17187,37.7,36.41843699239565,36.773999999999994,36.139275,36.28001058882493,5
17191,37.1,39.282797023176016,39.845000000000006,39.996037,39.92212877295819,5
17193,38.1,38.17038296656745,39.340999999999994,39.782753,39.46085140084279,5
18017,40.3,38.50513296749952,38.58299999999999,38.036865,38.27173974897677,5
18019,41.2,37.562872099737945,37.54199999999999,37.23463,37.34934742499275,5
18025,41.0,38.748369873930336,39.900000000000006,40.113483,39.90865603596445,5
18027,38.3,40.271521482893895,39.238,39.22295,39.48264267137824,5
18039,42.5,38.93616985412705,38.60900000000001,38.324966,38.532854829360765,5
18047,37.7,38.05945053075611,37.89499999999999,38.084435,38.0458526783198,5
18055,40.5,38.586444889721086,39.12,38.723343,38.83851804911502,5
18077,38.4,37.03513760803676,36.62700000000001,37.293537,37.05827791440721,5
18085,39.5,36.540407486360756,37.27800000000001,36.334126,36.54730653965178,5
18101,39.6,37.89907403816945,39.13199999999999,39.09672,38.94153922734648,5
18115,38.1,36.407252053291984,37.12800000000001,36.018017,36.29304937142354,5
18121,38.3,39.81528583850508,40.20500000000001,40.6205,40.4901001763141,5
18127,37.0,34.64771789039308,33.556999999999995,34.47334,34.13423828081688,5
18147,35.7,37.98819238529092,38.61400000000002,38.813652,38.65608655279288,5
18153,38.1,39.62692745229219,40.40899999999999,40.907566,40.680920578768045,5
18159,36.1,36.31411343052394,37.288999999999994,36.852005,36.82296442285594,5
18167,41.0,38.90898254752998,39.81300000000001,39.357533,39.45716624605674,5
18171,36.5,37.37982417450724,36.94999999999999,37.361115,37.24395199132728,5
18179,40.7,37.75964139687283,37.65599999999999,38.143394,37.96641000074956,5
19005,38.3,37.06809080487701,38.68000000000001,38.63408,38.393730286088385,5
19019,40.6,38.90856272992145,39.047,39.514927,39.36061816612236,5
19027,42.0,37.29097574895551,38.679,38.9737,38.64096469374185,5
19031,38.3,36.38090412017568,37.981,38.483677,38.00022973323106,5
19045,40.9,37.9107689729797,38.42099999999999,38.536358,38.424914155934104,5
19067,42.8,37.647419868671726,38.303000000000004,38.725384,38.46157254645721,5
19083,39.2,38.32510113375593,39.182,38.148537,38.45658787790743,5
19087,40.9,37.032550276793415,36.589000000000006,37.538788,37.197283538386415,5
19093,37.3,38.30280731230477,39.273,39.533768,39.31695410481151,5
19097,41.8,37.54226877041108,38.53700000000001,39.643215,39.058520870625834,5
19103,30.9,34.7282779368778,33.477,32.08156,32.67580924726983,5
19107,40.1,38.8566071776307,38.871000000000016,39.54078,39.322599208319645,5
19111,40.9,37.89658396340261,38.558,39.153976,38.831915843526865,5
19137,39.8,38.43107786180497,39.61899999999999,38.606853,38.864209986771755,5
19139,37.8,37.29784943473936,38.68399999999999,38.502254,38.357038496746775,5
19143,40.1,37.57980730637749,37.71800000000001,37.434723,37.5181862028269,5
19145,43.9,38.05478268447471,36.97800000000002,37.790833,37.63662888674305,5
19157,42.3,36.834759727992115,35.663000000000004,36.16907,36.0963213139313,5
19163,39.2,36.751098724165445,37.475,36.989033,37.03351170975134,5
19177,41.0,39.79562977637292,39.078,39.78052,39.6934705181139,5
19181,42.1,35.697240455930036,36.78900000000001,36.8782,36.5996462370135,5
19189,39.0,37.26880014021531,37.100000000000016,37.091343,37.097169263272235,5
19191,36.5,34.64479911851289,33.049,32.870895,33.03266389387984,5
19193,38.5,38.33473635268996,38.368000000000016,38.68405,38.57960156915413,5
19197,41.8,38.00044884170668,37.927,37.695606,37.806739402964226,5
20007,41.9,37.92136002964189,38.67500000000001,37.83646,38.06531441207567,5
20027,40.1,36.91011082209915,37.78299999999999,37.17839,37.25515171491908,5
20029,41.5,38.55449560419068,39.172999999999995,40.063786,39.66035934493616,5
20031,39.5,37.37881017793154,37.63999999999999,37.65673,37.59642244162277,5
20079,37.3,36.954158192487945,36.98500000000001,35.81154,36.23266093506837,5
20095,40.7,37.58534644097901,38.567,37.28643,37.642024569193026,5
20105,41.2,37.639639519428805,39.20400000000003,39.49386,39.15301650598878,5
20145,41.5,38.536689028695925,37.21200000000003,37.98468,37.902027383130836,5
20147,37.6,37.4813004249333,38.653000000000006,38.640327,38.46701154426158,5
20149,31.2,37.865165821660604,36.840999999999994,36.625153,36.85901736876311,5
20151,38.7,37.129082368312034,37.490999999999985,39.22038,38.46303328372838,5
20153,41.5,37.39940662746744,37.573,37.84566,37.698213870827175,5
20157,38.2,37.54185657322902,38.11199999999999,39.363483,38.78189696730546,5
20159,36.9,38.00420589578705,38.83700000000001,39.37238,39.054446861754094,5
20181,40.5,37.08238518955948,37.873,38.685333,38.22512521950028,5
20183,41.0,37.38157917265213,38.301,39.18784,38.692996887836784,5
20189,40.3,38.136353606747456,37.97000000000001,38.08769,38.08083086701987,5
20193,34.3,37.19354395385092,37.083,37.875305,37.55534891845623,5
20199,40.6,39.02268248237256,37.99400000000001,37.787525,38.068040141108945,5
21011,38.4,42.22421140204426,40.75099999999998,41.303642,41.48666033890501,5
21013,44.2,42.35776402043043,42.49799999999999,42.91504,42.9285071541944,5
21019,40.8,39.067085298153465,40.727,41.275856,40.88112539137742,5
21021,38.0,38.29378712355528,38.132999999999996,38.317375,38.290319153457354,5
21045,41.4,42.46841461146146,41.41000000000001,42.40984,42.36911487492528,5
21053,39.6,41.87764931500037,41.31,42.111237,42.05358355333047,5
21059,35.6,38.467756278942716,38.530000000000015,38.7192,38.66613334586643,5
21061,42.7,40.185409453601224,41.129,40.973846,41.004823895116914,5
21069,41.0,41.3475508141396,41.20699999999999,41.89112,41.79618417019806,5
21071,39.9,42.17413252626504,42.821,43.633793,43.41233381676011,5
21085,42.2,40.7359312165891,41.63899999999999,41.531128,41.57292260968483,5
21105,40.8,40.32168825126321,39.165,39.412483,39.58875265933568,5
21119,42.5,42.59754664292527,43.071000000000005,44.045815,43.80351175377625,5
21131,43.7,42.39434476862238,42.861,43.59126,43.43716110168713,5
21147,43.2,43.98128341661733,43.022000000000006,43.265305,43.5723519292558,5
21149,39.8,39.22214375721548,39.657999999999994,39.82494,39.760080889488755,5
21153,44.8,42.896825028486916,42.815999999999946,43.184647,43.271550662591935,5
21159,43.3,44.12786037099287,42.81299999999998,41.956203,42.751584885302506,5
21161,40.0,39.401790057535784,40.083,40.20907,40.13321257518876,5
21167,38.4,38.86194569194522,39.67599999999999,39.52512,39.51595315676993,5
21181,40.2,40.85657162585094,41.021000000000015,40.818264,41.00706782535775,5
21183,40.3,40.206006910466684,40.170000000000016,40.664253,40.58001348693943,5
21191,39.9,39.59799696881118,38.93000000000002,40.03695,39.7756859733406,5
21193,41.0,41.889354446214035,42.49899999999998,42.22076,42.42047509292713,5
21213,41.0,38.30794561970597,39.55000000000001,39.48564,39.35812903476401,5
21219,39.6,42.04764848501391,40.277,41.492535,41.4499735464912,5
22019,43.0,40.95982879873912,39.857999999999976,39.863823,40.154545337705805,5
22027,45.1,43.667833082356054,44.050000000000026,43.84542,44.12479030188069,5
22033,37.9,41.30567128779166,40.84800000000001,40.463264,40.83086523505518,5
22041,45.1,44.69024908115856,43.85399999999997,44.7862,44.835931564429316,5
22047,45.7,43.03575867833275,43.46900000000001,42.82044,43.239662994853475,5
22049,40.6,42.311099322707776,42.41700000000001,42.08191,42.39337647147212,5
22061,42.0,42.679329967810084,42.903,42.949265,43.11021450070161,5
22067,44.7,45.124778759716115,43.89800000000002,45.212215,45.18600042387703,5
22069,45.0,42.66824748499639,42.967000000000034,43.32697,43.35371090747709,5
22071,38.1,41.226009528242585,43.922,41.114155,41.98255971642182,5
22083,43.3,44.3230223423462,43.67400000000001,44.492306,44.54445048671569,5
22085,46.4,41.6072864190441,41.041000000000004,41.136993,41.3442828230641,5
22089,37.3,39.321285282116946,38.728999999999985,39.211525,39.17268869648704,5
22093,43.9,42.321752515234834,40.01400000000003,41.114273,41.204771626127666,5
22095,43.8,42.51306828065898,41.68600000000001,41.115566,41.6601791373491,5
22097,48.4,45.68104308114,43.419000000000004,44.078682,44.479800859739235,5
22099,40.9,42.36521642933135,41.279000000000025,42.013958,42.07668151640898,5
22101,44.6,42.70984187581651,41.45099999999999,42.242767,42.32243921216509,5
22105,42.3,41.52613603093886,41.15,41.64159,41.6632328629222,5
22113,39.1,41.15097376909466,39.93000000000001,39.810455,40.175451041346214,5
22121,40.6,40.926076227344126,39.611000000000026,40.340416,40.3759474803439,5
22123,41.0,41.534791448629875,41.12999999999998,41.522594,41.58751332504397,5
23021,35.8,36.51063552790738,37.66299999999999,36.396664,36.676362970026034,5
23027,33.5,36.68085331838804,36.677,36.88215,36.7554783293906,5
23029,37.7,38.692874369270754,37.657000000000025,37.730724,37.88814855676598,5
24013,31.5,31.72234795644361,35.042,34.557976,34.018217549783884,5
24025,34.8,33.384463163657884,35.58299999999999,34.7667,34.58744912237384,5
24041,31.7,32.21858714660358,30.614999999999995,31.075493,30.883625866800216,5
24510,38.5,40.5894225379259,36.883999999999986,37.651,37.99585032887243,5
25005,33.0,34.5891934152451,35.187,33.78372,34.11321017212037,5
25009,30.8,32.009936216832884,31.595000000000017,31.101835,31.10689672352123,5
25011,25.8,33.877642437949035,33.67999999999999,32.892418,33.06241197254854,5
25015,27.7,30.888447505501432,30.930999999999994,30.426922,30.323334989804657,5
25017,22.1,26.436646997431787,28.74000000000002,28.175905,27.584596304030807,5
25019,28.3,23.535124893160855,25.157999999999998,27.878708,25.970240198812036,5
26007,38.7,37.029474310148316,37.631000000000014,38.16364,37.83769182118725,5
26029,36.6,34.54186595219106,32.992000000000004,34.535755,34.01093298350417,5
26039,38.2,37.184398275434404,37.428000000000004,37.447613,37.38031893520628,5
26067,38.7,37.63393224405871,38.465999999999994,38.33939,38.26543385732627,5
26087,35.5,35.731514618715586,36.552,36.6805,36.4264131824463,5
26103,32.0,36.53342659681691,37.515000000000015,37.480366,37.30190404796485,5
26117,39.2,38.70154242252599,38.911,39.102295,39.037593559116175,5
26135,36.9,38.4982281433078,38.34100000000002,38.85236,38.70526518245054,5
26141,35.9,35.90863785952189,38.303999999999995,37.591545,37.45202478339381,5
26145,43.0,39.8103697412192,39.79900000000001,39.682777,39.817619188484386,5
26147,40.8,36.67159812125022,37.237,37.60214,37.33167275223097,5
26153,37.5,36.44909797625149,36.724999999999994,36.140568,36.27416611760705,5
26165,38.2,38.6190356564582,38.413,38.406723,38.474849826474255,5
27011,42.6,37.082065425893255,38.32599999999999,38.301327,38.10535230405608,5
27035,38.6,36.17474351443701,38.04300000000001,37.174397,37.18222082744791,5
27041,38.6,35.98970622747418,37.648,36.923542,36.89659446803345,5
27079,38.7,35.6845648876573,36.58199999999999,36.91883,36.57008095104617,5
27083,45.5,36.158030735570414,36.72300000000001,35.597897,35.89022532274068,5
27095,42.6,36.608622461095365,37.11699999999998,36.926403,36.879383265436196,5
27113,30.5,37.29552799322963,38.766999999999996,39.1529,38.77275449196194,5
27117,39.5,38.43938567282012,38.63400000000001,38.81291,38.743915990234164,5
27121,38.1,35.424661380768725,37.998,38.6531,37.930962830845566,5
27125,36.8,38.01408597195263,38.50200000000001,39.334545,38.94926881280143,5
27155,38.3,37.46893815042995,38.21800000000002,38.10197,38.028535274076674,5
27163,30.9,31.03122234722142,32.20899999999999,31.82289,31.51837109346009,5
27167,41.1,37.563543040841594,39.14200000000001,38.14928,38.306466291120216,5
28013,41.9,43.492609183144985,42.347999999999985,42.6083,42.91394623002817,5
28029,46.3,44.61954652325727,43.15000000000002,43.346695,43.77169353714283,5
28031,41.4,43.47822161064217,42.58599999999998,42.264294,42.761962368271725,5
28043,45.0,44.17050268361195,44.02000000000001,44.00229,44.30534422985839,5
28045,36.3,38.68163481761782,38.457,39.05656,38.89227457240509,5
28081,40.6,40.2653432741647,38.565,39.810818,39.66990832950875,5
28089,37.2,37.75838142865174,37.501999999999974,38.360718,38.05960079280955,5
28091,44.1,44.05695028210751,42.833999999999996,43.537354,43.70446347885378,5
28093,44.4,44.12059955339839,44.06100000000001,44.38854,44.541100217062,5
28099,42.4,43.67765685191454,41.36399999999999,42.07188,42.37539661974688,5
28103,47.0,47.98091135167785,48.724,48.86664,49.14379070536597,5
28153,45.5,44.89752885222957,44.027,44.550377,44.774284459976734,5
29005,39.4,38.910439152039245,39.108999999999995,39.231197,39.204120685728455,5
29007,40.2,40.09029163441174,40.10700000000003,40.376602,40.36808397032995,5
29013,38.3,38.892365435582676,39.65700000000002,39.92166,39.757738560822105,5
29017,41.2,38.86681145120013,39.594,39.460556,39.45705801750015,5
29019,33.1,36.715624499508316,36.595,36.38504,36.43929027831403,5
29033,38.9,38.065584576156205,38.62500000000001,39.19634,38.90564589797149,5
29039,42.0,41.25514801874424,40.456999999999994,39.906635,40.38527892918349,5
29041,36.2,38.5739004485714,39.35799999999999,39.70354,39.49145319694413,5
29049,38.2,37.79311866355029,39.11599999999999,37.962868,38.229049562082146,5
29057,44.5,39.38213279981967,38.216999999999985,38.946262,38.89434292966971,5
29079,39.7,40.49854129141118,40.167000000000016,39.98271,40.21914613003789,5
29081,42.5,40.291696705700694,40.784,40.126225,40.42290683559024,5
29087,39.6,38.16078956617188,38.78099999999999,40.08104,39.49987766689721,5
29089,40.0,38.90185710083369,39.76100000000002,39.995445,39.830402701472494,5
29093,39.4,40.14474257017174,40.796000000000014,40.63277,40.70657117527563,5
29103,38.9,40.63357779720272,39.847,40.33857,40.38003206879313,5
29105,44.1,40.40263790402259,40.637,40.105003,40.39362102609064,5
29107,38.9,36.96429776579422,39.45599999999999,39.11993,38.86438682426891,5
29111,39.9,39.916229300569874,40.48599999999998,41.144966,40.89786348300062,5
29117,38.6,38.6338260189594,38.99300000000001,39.9347,39.55142613557099,5
29129,42.4,38.877323884029025,39.12000000000001,39.47662,39.349885365289246,5
29133,44.5,42.705038634512505,42.19400000000002,42.366188,42.582877055189,5
29145,36.9,38.46656781616671,39.12500000000001,38.70967,38.809342255622475,5
29185,41.1,40.551315862511636,39.67300000000001,40.34842,40.32719865255278,5
29187,40.0,39.391909568928554,40.795000000000016,40.07017,40.22555626056586,5
29189,33.4,36.0540774424573,35.49700000000001,35.85038,35.71698427455243,5
29209,40.0,36.92399650849302,37.231000000000016,36.348686,36.6151561804955,5
29221,39.0,41.426410615605455,41.60299999999998,42.114418,42.0457230327953,5
29229,40.9,42.177842259288,41.00299999999999,42.00877,41.96973314744624,5
30009,29.0,33.478830130829195,31.67399999999998,32.208195,32.07000460219095,5
30013,35.6,37.40857780679365,38.017999999999994,38.566864,38.249705386911934,5
30025,33.5,38.59341538952199,35.67999999999997,35.8339,36.22148867603608,5
30069,32.8,37.172604948828436,35.77900000000002,36.42763,36.34486013537647,5
30079,36.5,37.80541961676617,35.606000000000016,35.157604,35.646595491127236,5
30081,32.7,35.99685737391745,34.12100000000001,33.14358,33.716705964145724,5
30087,39.7,38.59341945643779,38.394999999999996,37.699753,38.03605703997449,5
30089,35.3,36.58301996779863,36.63199999999999,35.74071,36.03260696782581,5
30091,32.7,35.586421804448335,36.827,34.910027,35.3928732026333,5
30095,31.9,34.626466094801685,32.24400000000001,32.280907,32.468923398931565,5
30105,36.1,37.10330651172581,38.49900000000001,36.759933,37.216116137976286,5
31003,40.8,38.943558535761554,38.949000000000005,38.370514,38.647160252709035,5
31005,39.0,39.62078548117449,37.303999999999995,37.08894,37.58091775495959,5
31029,38.5,38.05745208168958,37.23199999999999,38.01414,37.83650240130797,5
31033,41.2,37.06028311675375,37.51900000000003,36.049957,36.531027730941716,5
31035,44.2,37.64838088642168,38.18899999999999,37.40226,37.62923728302914,5
31059,38.9,37.1656837484562,38.05299999999999,38.517803,38.18384883547803,5
31063,40.6,38.392904812751375,38.12500000000001,37.331863,37.70781296070148,5
31065,41.4,38.6159640188208,40.35800000000001,39.45533,39.599190912775036,5
31067,42.6,38.28655236971167,39.20699999999999,38.613438,38.73821485673459,5
31071,37.9,37.49438116889497,37.309999999999995,38.073685,37.788329956155295,5
31073,38.7,36.360995820980584,36.365,36.43161,36.34445980280077,5
31077,38.1,38.97213410891901,37.012000000000015,37.141808,37.42010462245259,5
31079,38.0,38.65052420963096,38.465000000000025,38.77183,38.715539743961656,5
31081,41.7,36.81406775868951,38.20999999999999,38.885033,38.381459840870164,5
31093,38.1,37.21620608173775,38.06499999999999,38.11166,37.949411541601584,5
31097,40.3,37.60466345581679,38.081999999999994,38.36231,38.17765562988176,5
31099,38.3,37.2215695007743,36.52,36.34713,36.49081693953015,5
31103,39.8,39.01737086380098,36.92600000000001,36.461136,36.99331277313173,5
31115,38.7,38.29947209998656,36.65200000000002,35.558598,36.24373488409631,5
31117,40.8,37.03990859727422,36.76499999999999,37.115387,36.98552385778827,5
31121,40.1,37.98015590347747,37.74999999999998,37.16599,37.43681258307392,5
31137,43.2,36.68719014988766,37.616,36.927826,37.01988966319402,5
31151,40.8,37.84421109482353,38.60600000000001,38.086246,38.185541495209584,5
31173,48.8,41.52905292300799,40.32799999999999,40.24575,40.60951987816078,5
31175,40.2,39.11483095762424,38.215,39.50913,39.18650647559584,5
32023,32.0,34.934773753922805,35.57700000000003,34.920635,34.965576938863464,5
33001,30.3,32.73831557214775,29.899,30.385275,30.380603426395126,5
33003,28.5,31.98216737535214,31.612999999999996,31.691967,31.46484713050984,5
33005,31.2,35.061637959173254,33.04199999999999,34.30442,33.97883617928689,5
34003,25.8,26.15590255371168,25.80900000000001,24.76983,24.72821800988208,5
34013,29.1,37.748972823095926,33.789,32.838615,33.77149406575383,5
34029,33.2,35.62351474241752,36.199999999999996,36.75669,36.36449859270608,5
34031,31.7,33.99398427677382,33.138999999999996,31.756323,32.25792154188808,5
34037,29.3,30.774509762867012,29.73299999999999,30.457739,30.020590118728805,5
34041,29.1,33.03938696279556,30.838,30.279894,30.60762454278366,5
35011,33.1,38.23810816821408,36.454000000000015,34.5428,35.56556213805242,5
35015,39.1,37.13069868292476,39.367000000000004,37.669395,37.99143824434725,5
35021,35.0,35.63635453041407,37.066000000000024,36.572536,36.472158096931246,5
35027,30.5,34.774000722880245,32.722999999999985,32.260853,32.6040924443899,5
35033,37.0,36.15415702395822,36.97700000000002,35.885616,36.12802721020157,5
35041,34.3,39.61188951970152,40.48800000000001,39.69402,39.960613110788124,5
35053,35.0,37.464941601243524,37.774,35.97524,36.62425767900758,5
35059,35.4,38.05022213771769,40.330999999999996,38.854053,39.12268229462202,5
36001,33.5,32.700022259465456,33.221,33.736122,33.24260654592996,5
36005,37.2,40.899967737696656,41.737000000000016,41.04892,41.334784777559115,5
36013,34.7,37.93531212608101,37.74,37.841396,37.83640288420772,5
36041,37.3,32.569968217388535,35.22799999999998,35.173378,34.595203399066165,5
36045,37.4,37.33291645388088,37.63500000000001,37.241463,37.33438447634065,5
36065,38.2,36.202981110134104,36.34499999999999,36.484894,36.34265805400335,5
36071,37.3,34.45508933139957,34.46800000000001,35.341908,34.85489368513255,5
36085,29.4,31.00069354152958,30.064000000000007,27.38919,28.280908432900063,5
36121,35.8,36.15671979679616,36.364000000000004,35.98313,36.03401757531655,5
37003,33.8,37.92016935101671,36.99099999999998,37.62845,37.516383175054564,5
37015,43.5,43.50567625286615,46.369000000000014,45.93457,45.94579520431534,5
37019,30.9,33.43655733019909,33.742999999999995,34.00918,33.675348759883846,5
37025,34.6,35.95477836966827,35.120999999999995,35.627293,35.46881664919086,5
37033,35.5,40.83918707543922,40.470000000000006,40.95507,40.94879900728995,5
37041,39.4,40.15248496593177,39.684000000000005,40.598007,40.40800319920555,5
37047,39.2,42.0353960505923,42.731,42.28628,42.545419267798586,5
37073,37.3,39.599619528221936,39.21100000000002,38.814075,39.10344503729422,5
37081,33.5,37.845389975620186,35.123999999999995,35.65457,35.835047309803976,5
37095,39.2,37.36806169280273,40.008000000000024,40.171024,39.71597292403737,5
37097,33.5,36.41212735265835,36.68700000000001,37.150974,36.87173097560222,5
37145,40.5,40.35091231540784,39.02200000000003,39.566593,39.651919706570126,5
37151,32.5,37.78478399029257,37.07800000000002,37.644135,37.52274761230047,5
37153,39.8,43.07692644607459,42.40100000000001,42.70137,42.907074987624085,5
37173,36.8,37.49152175854713,39.63999999999999,38.74249,38.77849701337471,5
37183,25.6,32.72222292272134,31.106000000000005,32.00706,31.665721580491237,5
37197,36.1,37.95021586912773,37.144999999999996,37.65374,37.57591621557243,5
37199,32.3,38.01148194913033,35.77400000000002,35.906048,36.18150580004816,5
38007,35.9,28.137433447521296,34.33399999999999,34.836258,33.34816362114683,5
38027,39.7,37.97068804850483,38.983000000000004,38.374603,38.47863283831983,5
38031,39.9,36.23453088619542,37.14099999999999,36.349323,36.46573469989061,5
38047,38.2,39.561233054795544,37.699000000000005,37.838165,38.124213788631984,5
38089,39.3,37.367423115644065,38.34800000000001,38.53034,38.302677245601586,5
39005,40.5,38.10264237025418,39.47400000000002,38.542557,38.72816829941166,5
39011,42.6,37.51878123989695,39.44800000000001,38.607826,38.653556301421986,5
39023,41.8,38.65718436247915,39.576,38.828712,39.029953401222095,5
39027,41.6,37.68538695632081,38.08899999999999,38.920097,38.53321777520298,5
39041,32.2,29.150314483649307,29.182000000000002,31.26975,30.076042716079744,5
39051,42.4,36.62678489724368,38.118999999999986,37.746834,37.63251259420585,5
39053,40.1,40.12992610586048,42.403999999999996,41.983753,41.92795159097703,5
39059,41.5,38.69458752732248,41.52999999999998,41.325535,41.04394889214961,5
39065,45.3,39.5741864888079,39.82800000000002,39.558136,39.70557400448138,5
39069,42.8,36.6378713812779,37.34400000000001,37.35931,37.20474160828088,5
39077,41.9,37.971183858167095,39.137000000000015,38.756786,38.7495578521251,5
39081,40.1,38.43399532737251,40.29700000000002,39.85615,39.7938485146105,5
39093,39.6,37.22073251250485,37.01499999999999,36.939274,36.97458537680143,5
39099,39.7,38.766624360655534,39.23900000000001,39.46391,39.35157701117192,5
39105,48.7,40.28069336226506,41.72099999999998,42.253555,41.94841799348424,5
39131,40.6,40.61270058162655,41.41199999999999,42.170567,41.88177182692312,5
39139,39.8,39.009929187875166,39.82399999999999,39.637516,39.648670614085326,5
39147,47.1,37.85429737477653,38.710999999999984,38.766136,38.62683275949155,5
40023,45.4,40.043102467366545,42.430999999999976,41.793903,41.80334818037627,5
40031,43.8,39.924733904369255,39.894000000000034,39.445065,39.71811626383091,5
40035,43.6,38.11877354225853,41.53799999999998,40.69354,40.5556938886543,5
40039,38.8,38.871512800106345,39.471,39.6667,39.552329889857404,5
40045,41.2,38.52391272787882,38.809000000000005,38.184376,38.421509855688505,5
40065,42.7,38.370296376229504,38.73300000000002,39.202126,38.99248012497689,5
40073,41.3,37.98038739311755,38.61200000000002,38.937927,38.72965354645783,5
40091,42.1,38.05041232097015,37.91800000000002,39.176384,38.71341538989016,5
40117,40.7,38.84877663634158,39.24599999999999,38.87595,39.01125246806451,5
40135,41.2,39.60277404880866,42.35999999999997,41.093845,41.27893027719133,5
40147,41.6,37.74577716483839,37.50000000000001,38.630238,38.22053193387409,5
40149,40.7,40.05684048630793,40.06599999999999,39.895035,40.05903072588776,5
40151,40.7,37.33690675301251,37.922000000000004,38.675724,38.27854605423346,5
40153,42.0,38.24702567037558,38.17800000000001,38.710056,38.53156586252328,5
41009,36.9,34.18728454417071,33.308999999999976,31.756784,32.336508416345644,5
41013,33.0,35.446093776268135,34.97,33.691532,34.1609148359652,5
41027,30.5,33.903138417354384,35.535,34.0584,34.2407703437871,5
41033,32.8,36.783658571019934,35.53999999999999,34.63987,35.12690951375525,5
41047,39.4,36.29225171875356,37.144000000000005,37.852283,37.39032965660691,5
41069,35.3,36.97021197789126,36.504,34.377167,35.24347857066302,5
42001,37.3,34.85326811688847,34.673,34.224354,34.30076746017415,5
42005,37.9,37.12677355068041,36.187999999999995,37.93649,37.35574769147836,5
42033,36.9,36.66506468242914,36.70400000000001,37.240482,36.97705739535887,5
42037,37.2,36.35995795824758,36.24400000000001,36.131065,36.13131372674737,5
42055,39.2,36.399743578825266,36.48600000000001,36.398994,36.36213861424587,5
42057,36.0,38.35702373455738,38.007999999999996,39.050373,38.716006398174585,5
42061,35.8,37.60912426319309,37.40100000000001,37.432983,37.44304022539975,5
42081,35.6,36.812789599520656,36.70299999999998,37.510376,37.168054488913135,5
42083,36.3,37.62614752146533,37.759000000000015,39.07043,38.53086756513506,5
42115,33.2,37.00879134251883,36.40599999999997,36.89946,36.758552741613364,5
42127,35.2,35.79843017926041,35.707,34.104134,34.661461119510406,5
42129,31.4,35.41542979505258,35.53699999999999,36.53944,36.027825469422496,5
44003,32.9,32.94681117404202,32.92299999999998,33.745552,33.21914546521675,5
45005,44.5,46.917147464382545,48.95400000000002,47.965706,48.45775725275959,5
45017,38.4,43.214954883315336,42.891000000000005,43.154617,43.33082344570582,5
45031,41.4,43.22107642960738,42.789000000000016,43.426807,43.47175413484403,5
45035,36.4,38.3362800998013,37.64499999999999,38.652245,38.3792419649198,5
45037,39.1,39.7363534963076,37.842999999999996,39.612213,39.27054661723678,5
45045,30.0,36.51576412687907,35.951,36.634274,36.392333103715536,5
45055,36.5,40.44477733784461,39.498,39.73678,39.89202006703104,5
45069,46.0,44.62042820236171,44.44400000000002,45.05467,45.134129642126375,5
45087,42.9,42.80580293330091,42.266000000000005,42.57899,42.74882717120952,5
46015,36.8,38.22814635777849,37.538000000000004,37.474358,37.616774461214575,5
46019,34.9,38.265775884355506,38.99,37.888092,38.23924387728191,5
46029,39.8,36.88467264586459,37.611,36.831837,36.99675769334969,5
46063,33.7,38.95768165149766,37.418,37.859726,37.955460206536905,5
46065,34.8,36.21935496411596,37.808000000000014,37.105103,37.08941615440653,5
46069,35.2,37.23303627213148,36.64699999999999,36.133244,36.39482685460433,5
46075,35.5,33.67623371144228,37.54900000000002,38.164577,37.19887216083769,5
46079,35.8,35.859074855625884,37.37599999999998,35.340786,35.84259906751834,5
46083,32.6,36.09292838852218,35.88799999999999,35.63273,35.68996783945671,5
47013,39.2,40.25041466536643,41.143,40.88608,40.9670059447154,5
47023,39.2,39.925129024933085,39.907,40.624184,40.437875792368025,5
47025,41.1,39.82677174239908,40.70399999999999,41.167328,40.94961287388247,5
47027,39.4,40.34380476685698,41.70800000000002,40.926567,41.15053383555331,5
47029,41.5,40.30361272657818,41.23,41.183834,41.179554579724595,5
47047,36.8,37.436324129521516,37.69500000000001,37.92169,37.78181866329513,5
47049,40.1,40.5780175561725,40.193999999999996,40.11956,40.32373273090833,5
47057,38.0,40.11187751225808,39.172999999999995,39.447456,39.573288826567236,5
47059,38.0,37.99220316036431,37.894,37.88413,37.91148689142404,5
47067,42.6,41.493440689653916,42.21799999999998,42.48069,42.43487180176452,5
47069,47.5,42.84054583812553,42.67300000000002,43.338665,43.3188828454412,5
47117,40.1,38.627214115433674,37.84000000000001,38.610203,38.45629156186646,5
47129,40.2,40.51713522004935,40.94099999999999,41.32703,41.23348701502528,5
47137,39.8,38.38329449405917,37.59000000000001,39.04108,38.61037958144097,5
47141,38.4,38.040994856102145,37.724,37.72072,37.778570297908956,5
47143,39.3,39.12821900109043,39.88000000000002,40.271614,40.06981905810884,5
47163,40.7,38.072599498937265,39.274000000000015,39.44657,39.22174105468335,5
47167,39.4,39.87757679372698,38.13,38.941723,38.96119825914484,5
47181,40.3,39.96718632914205,40.2,40.792213,40.621211760655555,5
48005,41.1,40.268025692865294,39.68499999999999,40.04932,40.0961972649453,5
48009,36.1,36.796761723800124,38.22,38.241856,37.989983076628654,5
48011,34.4,36.359111668358516,37.073,36.525387,36.57864727529427,5
48015,36.3,37.215061296659414,37.88399999999999,38.565475,38.179543703403695,5
48017,37.9,40.898209141240336,41.15599999999998,41.61828,41.53469251525202,5
48033,33.2,37.20170480177424,37.85499999999998,38.202267,37.94912232765427,5
48043,35.9,35.45715565126403,38.60299999999999,37.119358,37.15679271908309,5
48047,45.0,40.015576474547174,44.96899999999999,44.08749,43.82833584408645,5
48057,36.7,33.97880126433875,36.607,35.39004,35.33267545428361,5
48061,47.6,39.84641661970808,42.38699999999998,42.179398,41.99024029357772,5
48081,39.6,37.621302079711576,37.569000000000024,37.958374,37.80664424567456,5
48083,38.2,38.67095798460338,37.91500000000002,38.272617,38.278058204886726,5
48085,28.6,28.832334649129603,29.368,30.623407,29.671292657187447,5
48087,39.4,39.15792608923088,39.930000000000014,39.955208,39.8955939766982,5
48099,37.7,39.196132168067194,36.68599999999999,38.532803,38.22484703305682,5
48105,38.6,36.196522091274964,36.48900000000002,38.03038,37.31660854820015,5
48107,41.3,40.718594851897905,40.889999999999965,40.937172,41.02099959660002,5
48113,34.8,36.78772301352863,35.445,35.985813,35.92162280363252,5
48147,37.8,38.75242908813829,38.08799999999999,38.400085,38.41392835498083,5
48149,36.0,35.428642913626064,35.198999999999984,36.45484,35.89409637809597,5
48159,34.5,38.89291249112089,38.77,38.49366,38.667745817070305,5
48165,40.3,41.52986526769285,39.62400000000001,39.97473,40.268446306455445,5
48177,39.5,39.277429333884655,40.37599999999998,40.80785,40.54755931258996,5
48193,37.5,37.31740219853319,35.39500000000001,36.21964,36.1489045773635,5
48195,36.8,38.589992115557635,38.74400000000001,39.085403,38.9648629098266,5
48203,39.9,40.42096584430329,39.68800000000002,39.70576,39.91642928714709,5
48219,41.3,39.52132672074801,40.877999999999986,40.954117,40.80733537887867,5
48227,41.6,37.85860828427686,38.75399999999999,38.982506,38.76987715984944,5
48241,40.7,41.11447189466435,40.163999999999994,40.286903,40.516886128439424,5
48249,42.6,39.534110301338956,41.533999999999985,41.605316,41.369875782978376,5
48257,37.5,38.53326285873797,36.614999999999995,37.98665,37.75287143191927,5
48289,37.6,38.65896638646496,38.079,38.234676,38.29392149167365,5
48297,40.9,35.85925326656757,36.10400000000001,36.45057,36.19792958274335,5
48319,36.3,35.3672726952207,34.785999999999994,37.491028,36.408777018330966,5
48323,45.2,40.813032765278834,44.23399999999998,41.70853,42.34573157418713,5
48329,38.4,35.218035614261304,36.571999999999974,36.5232,36.24109465120643,5
48349,42.3,40.64700633374288,40.179000000000016,40.54966,40.59402861508425,5
48353,41.8,40.48707235400927,40.353999999999985,40.452717,40.549499211885184,5
48355,44.0,36.476164932573575,37.94999999999999,37.339497,37.314837545719776,5
48359,36.7,38.96148917267177,36.504,37.579113,37.55644493846671,5
48361,41.6,38.18910461193336,38.293000000000006,38.12301,38.19303033435468,5
48371,42.0,38.619032690764676,40.175999999999995,42.1984,41.22078772690423,5
48375,38.6,38.82779409227729,39.332,39.67491,39.51439265321061,5
48377,44.2,38.204680065546356,38.95700000000001,38.976044,38.880726496223645,5
48397,34.9,30.631816425443276,32.10499999999999,33.287945,32.30874049418715,5
48427,47.8,42.80872987357768,46.164999999999985,44.611797,44.9623067348745,5
48431,36.7,37.09922067452337,37.01999999999999,38.995777,38.20293511467424,5
48435,41.6,37.38629221293075,37.68099999999998,38.147816,37.90646608867869,5
48437,42.8,39.96814036081054,41.378,42.096645,41.709380294516436,5
48439,37.7,36.4021358940965,35.096000000000025,35.92785,35.72772109100996,5
48463,41.6,38.77783936118616,38.35799999999998,39.7843,39.32737243923286,5
48471,42.2,39.635928580889036,39.04400000000001,40.019657,39.800769222045005,5
48503,38.7,38.087616529679394,38.32399999999999,39.06078,38.75186004114303,5
49007,35.0,40.05865200630261,40.122,38.84712,39.43670075202213,5
49015,34.5,40.57316056009824,36.943000000000005,37.241352,37.75874521896325,5
49041,35.1,39.41475088682573,37.25800000000001,36.898952,37.41592363579517,5
49053,29.1,37.87758149383904,36.52300000000002,35.023125,35.808174991616085,5
49055,33.2,34.20005502839633,37.187000000000005,36.4253,36.14798101525598,5
49057,34.4,37.59870158103333,37.299,37.569126,37.498256111324515,5
50001,26.4,32.872555767776234,30.648999999999987,30.953148,30.938503412436532,5
50011,31.1,36.57333046723699,37.365,36.51362,36.68425971161638,5
50025,26.0,33.96908345246825,31.916999999999994,31.849718,32.00361132573011,5
51003,31.7,31.315332792990766,31.218000000000004,31.665405,31.22658633058223,5
51007,43.0,38.21398071427515,37.352000000000004,37.762276,37.74245140634735,5
51023,35.7,35.233940740875866,36.00999999999999,36.154034,35.87878368875263,5
51035,38.9,38.834156710462004,38.00800000000002,38.938778,38.73625451178005,5
51047,38.2,35.671396903721636,35.52799999999998,36.637924,36.132644325951595,5
51053,38.2,39.32649491206928,38.651,40.64171,40.0230604422212,5
51061,33.4,31.935864097263863,34.257999999999996,33.431763,33.17672326620134,5
51071,36.9,38.29676310781132,37.997,38.3703,38.288918379768155,5
51083,43.1,41.238652387495556,40.845000000000006,42.168808,41.85402384389891,5
51093,38.9,35.247567022333236,34.951999999999956,35.573177,35.26304089689948,5
51099,35.2,34.58035380281033,36.824999999999996,36.305027,36.0543010684942,5
51139,40.2,37.63366664354398,37.94299999999999,37.514347,37.632931919435194,5
51159,38.6,39.10851641819863,37.93700000000003,39.205276,38.93100358105256,5
51161,34.2,34.56192238843303,36.52899999999999,36.419647,36.04630939606192,5
51181,39.4,38.4771108124468,39.69100000000001,38.99581,39.12709055962398,5
51191,37.2,37.33325929604638,37.45500000000001,37.633293,37.52738019980447,5
51193,41.7,37.681863868783935,37.41100000000003,36.83486,37.09555638584478,5
51197,38.4,38.216982543937156,40.14100000000001,40.05919,39.83804140948988,5
51530,40.1,38.580984009532926,39.89400000000001,39.74291,39.6511016816155,5
51620,46.9,43.08968046435905,43.691999999999986,43.20174,43.537216401438975,5
51683,35.1,31.022821944363894,30.312999999999988,32.078964,31.196919022198678,5
51685,37.4,33.18080558252518,34.44899999999999,35.488434,34.703994066003006,5
51690,44.5,41.93300963901543,43.022,42.989204,43.026595341843766,5
51710,40.0,38.381256034247635,34.60099999999998,35.63998,35.79391198139419,5
51730,46.5,44.61885548767966,45.69700000000001,45.50254,45.72019981102635,5
51750,38.1,38.282723822040076,39.10300000000001,39.504967,39.25311474276937,5
51775,35.2,35.588940999277135,35.60100000000002,35.87926,35.674775253611784,5
51840,37.9,34.69124049056521,34.89100000000001,36.753094,35.86198617583319,5
53003,34.8,37.325013235138876,35.395000000000024,35.118088,35.48101270513724,5
53007,28.8,34.90787600109169,35.427,32.73831,33.59702716895245,5
53019,36.1,37.82158496553442,37.571999999999996,37.544975,37.59317906634109,5
53023,36.6,36.083424182489985,36.29900000000001,35.72133,35.8451201822819,5
53025,42.0,38.330224972281265,37.735000000000014,36.741505,37.23974010761582,5
53039,32.5,35.74820080573661,33.71700000000001,31.56743,32.611838960389555,5
53049,36.5,34.08191252073314,31.746,31.210146,31.592948326332802,5
53053,35.8,32.65543195915725,33.00399999999999,31.126076,31.594106853468276,5
53063,34.0,35.854058795418055,37.06900000000001,36.495716,36.46641114788171,5
53069,40.3,34.89646336708401,32.34199999999999,34.45208,33.862520275874424,5
53077,42.0,38.30471521032604,37.619,37.135777,37.445498582926525,5
54009,39.8,37.099588624831746,38.97599999999999,38.724422,38.52866812851123,5
54021,40.3,40.05976522774391,38.77099999999999,40.884262,40.33585087212463,5
54033,40.4,38.14606181284777,38.997999999999976,38.681847,38.70143846390999,5
54037,34.8,33.94500773340232,32.865999999999985,33.47506,33.22471345750457,5
54041,40.5,38.91864206356139,40.576,39.333626,39.63577351463387,5
54043,44.7,40.43556089918753,41.930999999999976,42.50402,42.18184471265403,5
54045,41.0,39.99912888531817,42.789999999999985,43.51967,42.933831076889135,5
54053,44.3,40.19623751582747,40.72900000000001,41.621445,41.29998469262201,5
54067,39.4,38.28509421811131,39.19500000000001,39.066532,39.01023407445849,5
54087,39.8,40.14737652774449,41.128,41.194016,41.131327837327746,5
55003,38.0,36.90127789454865,37.702999999999996,37.678776,37.53749009227946,5
55007,37.5,33.26676142148887,35.347999999999985,34.388073,34.276740744675436,5
55011,40.1,35.289821625151355,36.186,36.701813,36.266062311148126,5
55017,40.0,37.01749253838527,38.161,38.652054,38.26515574375865,5
55021,38.7,34.74699704375313,36.36299999999999,36.54059,36.11231668998055,5
55023,39.1,37.09914705664926,38.681000000000004,38.53926,38.34210138984939,5
55029,37.2,30.76933377771317,30.975000000000005,30.950132,30.630287586992274,5
55037,40.1,33.25794915411328,35.13399999999997,34.847828,34.50079074516126,5
55043,40.5,37.843496654587945,38.41400000000001,39.166096,38.793369157053746,5
55045,40.2,35.277953477820255,37.67099999999999,37.77311,37.28720438121899,5
55047,41.3,36.84419303593167,37.36800000000002,35.40191,36.059529801366814,5
55053,44.5,37.77040904518653,38.789,39.186466,38.88630316995565,5
55059,43.2,35.96074753847448,36.57099999999999,36.335407,36.26380552417974,5
55067,39.7,36.5049391814331,37.49400000000002,37.424324,37.25732966056737,5
55071,43.5,36.16101751475465,36.20100000000002,36.52852,36.32530682095222,5
55091,39.3,35.91362803196586,38.89199999999998,38.867714,38.375801527401855,5
55103,41.8,38.065855421992175,37.196999999999996,38.174706,37.926833739300314,5
55107,36.8,37.561699068334505,38.19799999999998,39.22897,38.725396574326936,5
55109,33.6,33.75362480057794,33.40699999999998,34.10184,33.70589922063801,5
55113,41.1,34.10234752546543,36.29100000000001,37.21181,36.383124175746424,5
55115,45.0,35.9055942473724,36.697,35.813618,35.968189851530305,5
55135,36.7,36.17462490169241,35.15300000000001,35.23372,35.27828021707449,5
55139,39.6,35.74307920144107,36.12299999999999,36.306522,36.093733087995886,5
55141,40.9,37.25677257364534,36.369,36.342587,36.456684231347545,5
56005,35.0,35.80506809523493,34.414999999999985,33.17757,33.775694910145795,5
56029,33.2,35.9222043983873,32.41799999999999,30.89227,31.90795425343874,5
