FIPS,State,County,CHILDPOVRATE21,CONVSPTH20,DEEPPOVRATE21,FFRPTH20,FSRPTH20,GROCPTH20,MEDHHINC21,PCT_18YOUNGER20,PCT_65OLDER20,PCT_HISP20,PCT_LACCESS_LOWI19,PCT_LACCESS_POP19,PCT_NHASIAN20,PCT_NHBLACK20,PCT_NHWHITE20,PC_SNAPBEN22,POVRATE21,RECFACPTH20,OBESITY_AdjPrev
01001,AL,Autauga,16.1,0.463086665,6.2502163,0.801496148,0.569952786,0.071244098,66444.0,24.28705042,15.71805119,3.600034011,13.020998,33.90670013,1.484567639,19.30448091,70.71167418,36.28551102,10.7,0.160299227,38.4
01003,AL,Baldwin,16.4,0.514638841,4.043401319,0.750151575,1.072891235,0.126479045,65658.0,21.26963718,21.87110331,5.473600642,7.936779499,25.12223816,0.875448187,7.766852054,80.46658929,23.93615913,10.8,0.09594962,36.8
01005,AL,Barbour,35.1,0.610028863,12.82696629,0.976046205,0.528691709,0.203342959,38649.0,20.17602981,20.23153471,5.986599532,10.43317127,20.52067947,0.408357452,46.9809301,43.95194862,62.90414429,23.0,,43.8
01007,AL,Bibb,29.0,0.451752812,9.076190476,0.316226959,0.316226959,0.180701122,48454.0,21.3519939,16.22033822,3.319427623,0.445866227,1.593456984,0.116628538,19.69228009,73.75409321,39.44931412,20.6,,41.4
01009,AL,Blount,16.7,0.501045287,5.291223017,0.414658159,0.293716192,0.069109693,56894.0,23.22014408,18.62549464,9.75919099,2.512206078,6.807623863,0.294246965,1.396827544,84.15463185,28.65748596,12.0,0.069109693,37.3
01011,AL,Bullock,41.7,0.501202881,10.1937828,0.300721735,,,32027.0,19.32026649,17.93955779,4.856618712,32.33919144,68.53353119,0.08689775,71.3333977,22.02375205,68.54785156,32.1,,49.4
01013,AL,Butler,34.2,1.076702237,6.66136725,1.076702237,0.461443812,0.153814599,39442.0,21.77313527,21.47918744,1.364757755,6.9182868,11.97491264,0.750616766,44.03443389,50.80573198,65.19602966,22.7,,45.5
01015,AL,Calhoun,25.2,0.687412441,8.329655586,0.916549921,0.599282622,0.185072571,48166.0,20.74183492,18.40159394,4.302608188,15.3980732,35.90670395,0.99964789,21.78356421,68.29123762,48.42218399,19.2,0.052877877,38.3
01017,AL,Chambers,32.2,0.851970196,5.091703057,0.973680198,0.456412584,0.152137533,45447.0,20.07649833,20.61428736,3.557460025,8.102988243,19.71384621,1.1072127,38.65466467,53.53732889,53.25320816,19.7,,45.4
01019,AL,Cherokee,26.6,0.722598314,5.073789487,0.684566796,0.57047236,,46365.0,19.23030716,23.52729166,1.601858155,5.00865221,13.49030972,0.220255496,3.952584999,90.3568139,33.75928497,18.2,,40.2
01021,AL,Chilton,22.4,0.743293464,6.004524887,0.608149171,0.427956849,0.090096176,55142.0,23.61265384,17.11689697,9.814724308,4.369551659,10.18653679,0.39098947,8.97498556,77.48256098,46.43894958,15.5,0.090096176,36.3
01023,AL,Choctaw,32.4,1.04686749,9.402523209,0.644226134,0.563697875,0.322113067,40601.0,19.71575207,22.91354126,0.892222661,13.04427528,24.33224678,0.150019739,41.19226214,55.57836557,61.87255096,23.3,,45.8
01025,AL,Clarke,29.2,0.686960638,10.55722302,1.159246087,0.515220463,0.257610232,45447.0,20.95551609,20.87755014,0.892277039,18.3503437,39.42882919,0.394161216,44.28033092,51.84735999,62.38461304,19.4,,44.4
01027,AL,Clay,27.6,0.762660146,5.59902376,0.381330073,0.305064052,,47036.0,20.63079517,21.34026412,3.153975836,2.97461772,7.023150921,0.323124473,13.64147232,79.10227592,34.04006577,18.4,,39.6
01029,AL,Cleburne,22.1,0.801763892,5.333154218,0.534509242,,,49769.0,22.82146652,19.58023379,1.88629118,2.024852037,5.954165459,0.139479277,3.03533475,91.25929862,47.13703537,15.0,,39.4
01031,AL,Coffee,24.2,0.526019156,7.327981651,0.920533538,0.544805586,0.112718388,55052.0,23.73702422,17.44505751,9.140559244,8.991894722,32.15407562,1.668381184,16.16571589,66.88300758,40.24829483,15.9,,34.1
01033,AL,Colbert,23.6,0.938441813,6.957759004,0.992582679,0.595549643,0.144375667,53341.0,21.22948958,19.88746571,3.026543415,8.829303741,32.89167023,0.754888427,16.114771,75.56048718,35.27278137,16.5,0.144375667,40.9
01035,AL,Conecuh,33.9,1.096953869,6.833674165,0.67504853,0.253143191,0.253143191,35621.0,20.00517375,23.08355609,2.207467448,13.28897285,26.35607719,0.284556351,43.9423989,50.31473657,60.56451035,22.4,,44.7
01037,AL,Coosa,29.9,0.657276988,4.232488823,,,,45954.0,17.1753153,23.10580533,1.935111197,7.717219353,22.58675385,0.077019351,28.88225667,65.53384038,47.26916885,17.1,,42.8
01039,AL,Covington,28.3,0.893582463,8.024121258,0.866504192,0.568643391,0.13539128,44188.0,21.78067607,21.80995475,1.740750599,5.480484962,12.91687012,0.638807559,12.14532872,81.5996806,50.92291641,19.8,0.108313024,44.6
01041,AL,Crenshaw,28.9,0.58475256,4.846860643,0.51165849,0.43856442,,38037.0,21.47946036,21.09292102,1.417310899,13.50618362,29.48752594,0.629073821,23.38184023,70.7366985,56.9829216,17.5,,40.3
01043,AL,Cullman,17.5,0.709933162,5.725403647,0.816423118,0.496953189,0.141986623,55036.0,22.3362848,18.93451392,4.718548699,2.843744278,8.42284584,0.59408645,1.040220336,89.11069128,26.58305168,13.5,0.047328878,39.7
01045,AL,Dale,22.7,0.714883864,8.868980495,0.612757623,0.571907103,0.122551523,50086.0,22.86420954,17.29311114,6.59692657,8.795501709,23.13018608,1.313708795,20.47601671,66.09496006,52.56098557,15.7,,44.3
01047,AL,Dallas,45.4,0.914178073,8.905423623,0.692559123,0.304726034,0.193916559,33159.0,23.00712391,18.99277209,0.769590765,8.767129898,15.22543526,0.376995476,69.71036348,26.94347668,95.29383087,29.5,,50.5
01049,AL,DeKalb,29.3,0.614027739,7.162382268,0.544251859,0.488431156,0.209327638,45062.0,24.70115071,17.57624846,16.40040219,0.0,0.0,0.330968607,1.42302536,76.14931293,52.7075386,19.4,0.041865528,38.9
01051,AL,Elmore,17.3,0.681613505,4.048460128,0.632926822,0.462523431,0.109545022,63147.0,21.56472714,16.67367607,3.174693386,4.984245777,18.99752617,0.76042602,20.60311218,71.08676131,30.69086456,12.0,0.060858347,36.4
01053,AL,Escambia,29.9,0.799316466,12.29800135,0.88200438,0.413439542,0.110250548,40506.0,22.25970563,19.37590119,2.043148244,5.676548958,10.64254761,0.293821585,29.71406807,59.86342737,58.44657135,23.8,,43.5
01055,AL,Etowah,25.0,0.742397726,6.214308065,0.830313265,0.625177026,0.1172207,46308.0,21.57372675,19.92536448,4.732394911,13.39791965,40.66234207,0.890405661,14.50075409,75.14888433,43.31793213,17.4,0.068378739,41.3
01057,AL,Fayette,26.5,0.615725636,9.359269157,0.554153085,0.36943537,,46122.0,21.62857668,21.78175357,2.426321917,0.429989606,0.946361244,0.300226702,10.53856994,83.03412781,53.85546875,19.6,,39.2
01059,AL,Franklin,25.1,0.603040576,6.734049274,0.507823646,0.476084679,0.253911823,45440.0,25.47877806,17.13013421,19.490549,5.735104561,14.16959858,0.208638246,3.546850185,73.43132065,46.24898148,18.9,,39.6
01061,AL,Geneva,29.1,0.567945182,5.254958584,0.567945182,0.49221915,0.340767115,43206.0,21.90254698,21.0810608,4.861397652,3.863991022,8.372852325,0.322592745,8.368655989,81.22585243,48.1175766,21.1,,38.2
01063,AL,Greene,51.8,1.126407981,14.9928913,,,,30225.0,21.47477361,22.0698577,0.789133247,22.75647545,32.84753036,0.090556274,80.55627426,16.62354463,71.38088989,33.2,,51.0
01065,AL,Hale,32.6,0.613496959,7.956339672,0.408997953,0.408997953,,41995.0,22.33344606,19.05309435,1.007778154,6.976491451,15.16030979,0.121745012,56.22590463,40.39228948,65.8713913,22.1,,44.4
01067,AL,Henry,24.6,0.580618918,6.585497511,0.638680816,0.52255702,,56389.0,20.44208562,23.7256503,1.947976204,8.048103333,22.90768623,0.425755278,24.68214161,69.06567129,43.79802322,15.6,,38.3
01069,AL,Houston,27.1,0.684931517,7.77083868,1.135297418,0.703696728,0.159504592,48701.0,22.90628906,18.89890114,4.179959329,4.242109299,14.17938423,1.175351206,26.33532956,63.66578982,52.79211044,19.1,0.103208855,37.5
01071,AL,Jackson,27.0,0.756077707,5.55865331,0.63975805,0.484665185,0.155092865,46998.0,20.56144088,21.04071968,3.197093897,5.370416641,10.59791565,0.4070066,3.088685597,85.81943361,36.82001495,18.9,,38.6
01073,AL,Jefferson,23.6,0.708027244,7.317955594,1.040678024,0.625627518,0.172429055,55210.0,21.88074775,16.77997276,5.165987127,12.58663845,34.40988922,1.933095309,41.5152337,48.05719697,42.68610764,16.9,0.141910642,39.7
01075,AL,Lamar,24.7,0.653879702,5.464082763,0.508573115,0.653879702,0.290613204,44265.0,21.1351274,22.21586029,1.488691669,0.416253746,0.612100482,0.042943029,10.17034068,85.3421128,47.92695999,17.0,,38.3
01077,AL,Lauderdale,22.8,0.62119782,5.744562186,0.82469368,0.674749374,0.203495845,52222.0,19.93929289,20.34115686,3.289726818,6.470682144,17.00130463,0.799452781,9.794365354,81.75259715,29.68361664,16.2,0.074972153,36.5
01079,AL,Lawrence,23.0,0.730437934,5.619486585,0.517393529,0.547828496,,55555.0,21.75490581,18.99736946,2.706134914,5.354034901,12.44920158,0.253983612,9.983974844,74.72560699,43.61576843,13.9,,40.7
01081,AL,Lee,18.4,0.479527175,11.49324918,0.911101639,0.701308489,0.131869972,54188.0,21.69236862,12.36907502,5.242738506,11.06901932,33.56633759,4.903553125,22.52741892,63.01329767,29.82159615,18.0,0.08391726,35.2
01083,AL,Limestone,11.8,0.635833621,5.007457045,0.479320735,0.371718109,0.078256443,69207.0,23.02983489,15.84918413,6.998165492,6.426367283,17.05357552,1.792990248,12.72279618,73.08293908,17.53270531,9.9,0.06847439,35.8
01085,AL,Lowndes,43.0,0.82978946,9.271458067,,,,36993.0,19.66831539,20.83212104,1.357773252,20.2040062,39.03352356,0.145475706,69.33372127,27.2233537,92.51287842,28.3,,49.6
01087,AL,Macon,42.9,0.5588153,10.97475456,0.72645992,,0.16764459,35354.0,16.92607004,19.98771247,1.848249027,22.09988785,41.93498611,0.378865452,78.81937334,16.31681343,60.22631836,27.5,,47.7
01089,AL,Madison,13.9,0.527074516,4.88084745,0.956640244,0.603500307,0.118591763,78386.0,21.64352717,15.51295494,6.424270842,9.342906952,34.77955246,2.62241951,23.46471623,61.18643937,26.31463432,10.2,0.168663844,35.7
01091,AL,Marengo,34.2,1.227779865,7.736045905,1.067634702,0.533817351,0.213526934,42048.0,22.09801791,20.36433266,1.90446618,13.24722576,27.61959839,0.279459711,52.44009729,43.34213114,63.36411667,24.6,,46.1
01093,AL,Marion,24.5,0.807999194,5.282274803,0.908999085,0.538666129,0.134666532,44636.0,20.71163219,20.81046999,2.941276712,1.031008482,3.031882048,0.25561501,3.728570942,88.93016598,46.92567444,18.3,,39.5
01095,AL,Marshall,22.3,0.690792859,8.119065734,0.96917206,0.649551511,0.237137854,50858.0,24.67114699,17.73654878,16.04106053,10.03142166,22.27233505,0.593164775,2.349096423,76.49264435,39.65185547,15.6,0.051551707,38.6
01097,AL,Mobile,24.8,0.583936632,8.012691723,0.780197501,0.518516362,0.145378426,49848.0,22.99419733,17.05266761,3.236429296,9.715834618,25.04710388,2.052751989,35.06071469,54.65238218,52.41638947,18.2,0.079958133,42.2
01099,AL,Monroe,33.2,0.733173668,11.86918239,0.537660658,0.439904213,0.244391218,40997.0,21.2927372,20.6301841,1.04693506,11.32965088,18.62160873,0.445073842,41.74084564,52.26583047,46.62170029,22.3,,42.7
01101,AL,Montgomery,33.5,0.672189593,8.983484679,1.112896681,0.58760947,0.137999192,50645.0,22.5053941,16.05300628,4.666439547,10.74431801,27.68443108,3.473186754,56.69304751,32.03875014,63.94630051,21.7,0.106838085,44.6
01103,AL,Morgan,17.0,0.750731945,5.695330145,0.78409785,0.533853829,0.108439058,56340.0,22.63472181,18.09740644,10.0282772,8.271168709,22.62591743,0.671684721,12.40226542,71.49350597,37.705513,13.5,0.050048798,38.7
01105,AL,Perry,50.3,0.805801749,8.900987592,,0.690687239,,31522.0,20.80836564,20.11514511,1.045705558,27.84707451,39.52987289,0.117495006,69.48654682,27.55257902,97.59794617,33.7,,50.0
01107,AL,Pickens,30.1,0.404183298,6.676912568,0.353660375,0.252614558,0.202091649,43926.0,19.22292527,19.93934006,5.506458192,1.496682286,4.150253296,0.407885792,38.94786383,52.63818439,44.54436874,21.1,,43.8
01109,AL,Pike,30.0,0.606685698,14.11154262,1.061699986,0.576351404,0.182005703,38945.0,18.78275622,16.50761913,2.741676512,10.49358463,23.18982506,1.748008119,36.55972614,54.63964373,51.2093277,23.9,,40.6
01111,AL,Randolph,30.1,0.916230381,8.940397351,0.436300188,0.218150094,,45889.0,21.40938681,20.81303774,2.754131197,13.18332863,29.32252312,0.391496335,17.36240725,75.69991351,57.64979553,21.5,,40.9
01113,AL,Russell,31.0,0.583821297,11.36807874,0.910074353,0.446451575,0.171712145,44849.0,24.50365815,15.56528057,5.398509707,6.665277481,14.89298248,0.689387155,43.81325719,45.07882331,53.17066574,21.7,,46.9
01115,AL,St. Clair,16.8,0.628175318,4.273117282,0.694299042,0.407762915,0.132247433,63015.0,23.06290682,17.41874582,2.826471137,2.373813868,9.671304703,0.718966445,9.458524966,82.28269102,33.30614853,12.8,0.088164955,33.0
01117,AL,Shelby,9.1,0.550969183,3.539794535,0.803873062,0.519356191,0.153548777,85457.0,23.55665758,15.56872803,7.380371619,5.819793224,34.44702911,2.293026759,12.8735024,72.95717053,15.44181442,7.7,0.140000358,32.1
01119,AL,Sumter,48.1,1.063394666,12.36909871,0.654396713,0.490797549,0.245398775,29490.0,19.69218307,18.8254354,1.061158364,10.74469566,18.03922462,0.826245443,72.53948967,23.79100851,64.98977661,35.1,,45.2
01121,AL,Talladega,27.1,0.962680519,8.923202886,0.66262424,0.425079703,0.075014062,47331.0,20.84626715,18.49079112,2.165577183,7.841645718,18.60338783,0.480833607,32.06368915,61.75607737,42.7215538,19.1,0.037507031,42.6
01123,AL,Tallapoosa,27.9,0.822265983,8.600486403,0.647845924,0.523260176,0.124585755,47444.0,20.08908039,22.50248118,2.769238217,3.266489983,7.45025444,0.537387137,25.09259035,68.38856479,48.32473755,18.3,0.074751452,41.9
01125,AL,Tuscaloosa,18.3,0.545649529,8.386679841,0.849315345,0.555139065,0.142343357,56274.0,21.14730704,13.68109022,5.416762099,6.732144356,21.46758842,1.427526912,30.29431456,59.4090805,32.76308823,14.7,0.085406013,41.4
01127,AL,Walker,27.7,0.807690501,7.203568913,0.744342208,0.506786168,0.142533615,46343.0,20.92834624,20.60849071,3.293440666,3.718675852,8.643557549,0.433105812,5.951761501,86.3058982,44.11679459,20.2,0.079185344,42.9
01129,AL,Washington,30.6,0.500751138,8.315523606,,0.250375569,0.250375569,49795.0,21.49077203,21.13984923,0.896802703,4.481018066,11.17817497,0.090979984,21.5622563,66.72082142,47.04452515,20.6,,41.5
01131,AL,Wilcox,49.4,0.881834209,9.18924093,0.391926318,0.391926318,0.293944746,30071.0,22.0754717,20.78301887,1.056603774,23.68298531,41.9684639,0.066037736,70.04716981,27.03773585,103.9421234,32.4,,48.5
01133,AL,Winston,26.9,0.723158062,8.666122168,0.510464549,0.595541954,0.212693557,47176.0,20.28037383,21.84367035,3.462192014,1.694508553,4.220640182,0.246389125,0.556499575,91.7502124,37.48014832,19.0,,36.3
02013,AK,Aleutians East,15.7,,3.888070692,,,1.176124692,71492.0,8.771929825,6.871345029,19.70760234,14.59033298,39.04699707,22.54385965,8.684210526,19.23976608,22.68940544,18.4,,30.9
02016,AK,Aleutians West,7.0,,3.478785441,,0.704225361,,86050.0,12.48088685,5.791284404,12.7675841,7.808430195,21.40064049,28.70795107,4.912079511,30.29434251,10.49002361,10.4,,28.9
02020,AK,Anchorage,11.3,0.167192042,4.126593603,0.74191469,0.755847394,0.097528696,86152.0,23.46187257,12.4066514,9.077518395,4.57002449,28.39202499,9.366963437,4.730349154,54.3291433,31.76097298,9.5,0.142809868,29.6
02050,AK,Bethel,26.8,0.325432569,12.26467026,0.325432569,0.325432569,1.139013886,54849.0,35.01553627,8.244937319,1.108968177,39.85264969,68.64164734,1.076824172,0.450016072,8.721740062,183.2411346,24.6,,41.5
02060,AK,Bristol Bay,20.0,,1.090909091,,,,88516.0,22.03791469,16.11374408,5.331753555,11.67936325,56.30888748,0.592417062,0.710900474,42.2985782,43.46446609,11.3,,32.0
02063,AK,Chugach,9.5,,2.719907407,,,,88029.0,23.17656998,12.71472825,5.589974655,,,7.420444945,0.647704872,67.13601802,18.12665367,7.7,,30.4
02066,AK,Copper River,18.5,,6.49102711,,,,61288.0,22.39205197,18.68551777,3.209782193,,,0.649598777,0.229270157,60.79480321,50.93068314,14.3,,32.6
02068,AK,Denali,7.6,,10.44214487,1.441614628,2.402691126,,85251.0,20.25941939,15.00926498,1.976528721,33.09144974,99.97553253,0.802964793,0.555898703,85.11426807,20.58305359,7.5,,30.8
02070,AK,Dillingham,31.0,,7.868177137,,,1.034554124,58389.0,31.66563722,10.52089767,3.005970764,31.46643448,50.78443909,0.926497838,0.391187976,15.85340745,127.6122513,21.8,,37.2
02090,AK,Fairbanks North Star,9.4,0.271821529,3.20372281,0.449550986,0.73182714,0.094092064,76754.0,23.94751973,11.45888871,7.652501176,7.731201649,38.72491837,3.168679107,3.976791595,66.04777586,18.84280777,7.9,0.12545608,32.1
02100,AK,Haines,17.4,,9.507722008,1.530221939,1.912777305,1.530221939,63155.0,18.17307692,23.65384615,3.221153846,10.08529377,20.68778229,0.673076923,0.096153846,75.81730769,18.29890251,10.8,,32.6
02105,AK,Hoonah-Angoon,26.2,,2.837489252,,,2.335357428,56555.0,21.98731501,22.83298097,5.073995772,31.13017464,99.39092255,0.634249471,0.253699789,47.48414376,61.96481323,17.0,,31.7
02110,AK,Juneau,8.9,0.219787121,3.58972747,0.879148483,0.91054666,0.188388959,89922.0,21.35482871,14.36366455,6.439311735,1.961601377,20.70424461,6.467214385,1.016896605,60.99209425,23.62973213,7.6,0.125592634,32.8
02122,AK,Kenai Peninsula,13.8,0.353452057,6.374917446,0.757397234,1.262328744,0.302958906,71111.0,21.78948622,19.21971462,3.959251008,7.868275642,23.65279961,1.348662392,0.61395602,77.46050103,30.39407158,11.5,0.151479453,32.0
02130,AK,Ketchikan Gateway,13.4,0.29097259,4.906372478,0.872917712,1.018404007,0.29097259,73260.0,22.17522225,16.22454832,4.660166332,0.400955588,1.602838278,8.015486091,0.716948666,58.94034987,36.60798645,11.3,,34.3
02150,AK,Kodiak Island,8.9,,2.646604938,0.538793087,0.538793087,0.384852231,80863.0,24.6317075,12.26623922,7.816197237,11.48008156,42.67789459,21.22738722,0.648805435,48.01923517,20.41641045,8.5,,30.3
02158,AK,Kusilvak,40.6,,18.1411651,,,1.921229601,38203.0,40.88193117,6.453154876,0.167304015,0.0,0.0,0.274856597,0.191204589,2.067399618,259.9663696,30.4,,46.0
02164,AK,Lake and Peninsula,28.0,,6.160164271,,,,51205.0,30.55555556,9.281842818,2.303523035,41.60426712,99.99880219,0.474254743,0.067750678,20.12195122,104.7666855,20.6,,38.2
02170,AK,Matanuska-Susitna,11.6,0.163320109,5.476621028,0.426446974,0.453666985,0.072586715,80164.0,27.08230218,13.26659258,4.897227333,8.187401772,28.88308525,1.414816821,0.988970966,75.69036524,28.0199852,10.5,0.081660055,31.4
02180,AK,Nome,23.6,,10.52142488,,0.706428528,1.715612054,65578.0,32.79912403,8.371491141,1.851483177,15.19547272,23.13319206,1.085008959,0.517618953,13.86621541,155.1115112,19.8,,37.2
02185,AK,North Slope,15.5,,4.396325459,0.430385202,0.322788894,0.860770404,95041.0,25.8544103,6.119118847,4.967817968,7.106164455,37.91080475,5.765569758,1.441392439,26.86973076,48.44523239,12.4,,40.7
02188,AK,Northwest Arctic,28.4,,11.31585777,,,0.915750921,67586.0,36.01950468,7.391248556,1.308866932,29.21955299,46.17339706,0.680097523,0.911074041,8.777107661,141.2654877,20.9,,38.0
02195,AK,Petersburg,10.5,,2.354694486,1.516990304,,,71878.0,20.98293114,20.95350206,4.826368452,0.667492926,4.391679764,3.443201883,1.353737493,71.92466157,38.22815704,8.0,,30.4
02198,AK,Prince of Wales-Hyder,22.9,0.650723934,7.286130636,0.488042951,0.488042951,0.976085901,56226.0,23.81366244,18.28611159,2.781157657,8.841073036,22.71344948,0.434555884,0.365026942,41.16113332,52.55951309,15.0,,37.6
02220,AK,Sitka,10.7,,3.095380924,0.356930405,1.308744788,0.356930405,78248.0,20.6195318,16.85977773,5.923386143,6.247632027,34.52976608,6.774651218,0.437455663,59.70678647,19.35355949,8.6,,32.3
02230,AK,Skagway,9.3,,2.182091798,,5.937234879,,65712.0,19.91935484,13.46774194,3.306451613,0.059915796,0.341358095,3.14516129,0.483870968,85.16129032,8.835170746,6.1,,33.0
02240,AK,Southeast Fairbanks,15.6,0.862440705,6.257378985,0.57496047,0.862440705,0.431220353,68347.0,23.28143361,17.09753231,5.522914219,9.888008118,29.73569679,1.277908343,0.998824912,73.34018801,37.09692764,12.9,,37.3
02275,AK,Wrangell,16.9,,8.127043438,,,,64732.0,19.7461213,22.66102492,3.573107663,5.033755779,21.35372353,1.175364363,0.0,63.04654443,20.94953537,11.3,,34.4
02282,AK,Yakutat,19.0,,3.736654804,,,,73014.0,19.33534743,18.27794562,4.380664653,0.111908317,0.301190734,4.833836858,0.302114804,37.46223565,30.61224556,12.2,,32.6
02290,AK,Yukon-Koyukuk,32.1,0.984833539,9.422040513,,0.590900123,2.166633844,44934.0,26.67040988,14.89799738,1.347557552,43.27859497,89.56611633,0.149728617,0.112296463,20.98072244,123.0713654,23.7,,39.5
04001,AZ,Apache,34.7,0.514782608,18.94998542,0.194782615,0.20869565,0.11130435,41002.0,25.62215053,18.00639191,5.848139228,35.34135818,54.71744537,0.465003559,0.278699202,20.88880811,60.3547821,28.4,,39.1
04003,AZ,Cochise,26.0,0.478619069,5.577400138,0.502157688,0.62769711,0.102000788,55748.0,20.81915072,24.15920668,33.97052142,15.55343246,43.89905167,2.062225482,3.48434,54.41022902,32.38002014,17.1,0.039231069,32.9
04005,AZ,Coconino,19.4,0.526385963,8.349066976,0.933457792,1.144012213,0.126332641,63829.0,20.06119875,13.82416386,14.96819457,13.31731129,32.45462799,1.779450176,1.224664199,53.00032391,23.22180939,16.9,0.133351117,27.0
04007,AZ,Gila,27.3,0.478794903,8.795319394,0.515625298,1.031250596,0.128906325,52665.0,19.27091155,29.83368374,17.42566451,11.01526546,28.23313522,0.801546779,0.448640937,61.4900886,36.69533157,16.8,0.073660754,34.4
04009,AZ,Graham,23.3,0.408048749,11.16418254,0.510060966,0.459054857,0.153018281,52644.0,28.07463732,14.4369761,29.657696,15.74426937,39.64398575,0.438585109,1.175615706,52.93644409,28.16386604,20.4,0.102012187,40.4
04011,AZ,Greenlee,11.2,0.642329514,5.359215107,,0.535274625,,71669.0,28.44295723,12.63201924,45.75969884,14.04879379,32.91820908,0.711073931,0.836557566,46.49168671,14.05095768,9.5,,32.5
04012,AZ,La Paz,31.2,1.024208546,10.41881326,0.884543777,0.977653623,0.325884551,44330.0,18.43329106,33.73195627,25.34879507,26.48659706,53.38379669,0.670411306,0.616053633,54.72609772,28.18125343,20.3,,35.9
04013,AZ,Maricopa,15.4,0.211396128,5.633650163,0.739012897,0.573695898,0.101767145,76230.0,23.48526253,16.14692953,30.57107141,5.509140015,20.8258667,4.477026482,5.547680751,53.3318569,20.02927399,11.3,0.113123134,32.7
04015,AZ,Mohave,30.4,0.446580678,7.078772827,0.603114069,0.621529818,0.087474562,48169.0,16.78928292,31.02355264,16.00153798,18.69761467,45.86861801,1.219129073,0.96733203,75.10069537,28.80406952,18.0,0.069058865,36.6
04017,AZ,Navajo,33.8,0.472741544,12.75705485,0.651134551,0.695732832,0.115955472,49057.0,25.77752373,19.87124825,10.20174855,26.00161171,44.54315567,0.513507689,0.631576975,41.96707179,46.71147156,24.8,0.053517912,38.5
04019,AZ,Pima,20.4,0.250665545,7.320975865,0.677550852,0.543736875,0.117793955,60604.0,20.04613617,21.85698555,35.72706633,8.928725243,28.64681244,2.86017406,3.474492373,51.45208173,26.24025345,14.7,0.12156336,32.8
04021,AZ,Pinal,14.3,0.16637966,5.143866696,0.307802379,0.245409995,0.049913898,70835.0,23.42638925,21.5522593,28.57824786,14.21320724,45.73484421,1.47908123,4.870386395,56.4369427,21.41878128,10.7,0.041594915,38.9
04023,AZ,Santa Cruz,30.8,0.277730316,6.927379036,0.320458055,0.769099295,0.149547085,49216.0,26.12599383,20.04027775,83.13998615,18.32411766,36.2806282,0.56850364,0.239149133,14.93423399,42.1046257,20.4,,32.4
04025,AZ,Yavapai,19.2,0.341345221,5.099654438,0.582784534,0.894990563,0.112394162,57676.0,15.69499892,33.8475672,14.55914042,12.97976494,35.75042343,1.186237612,0.59904576,77.5990754,15.86630917,12.5,0.083254933,27.7
04027,AZ,Yuma,25.0,0.289224327,8.782225842,0.619766414,0.390223294,0.128544152,55991.0,24.87333297,18.78203462,63.76415654,10.30404568,24.71905518,1.13840917,1.708839961,29.97974309,36.74373245,17.3,0.059681211,42.3
05001,AR,Arkansas,25.1,0.632802188,4.95969877,0.690329611,1.035494447,0.23010987,50928.0,22.48527611,20.74756546,3.70867106,23.65869713,47.04374695,0.548136918,24.12968686,67.49664703,19.63124847,17.7,,40.9
05003,AR,Ashley,31.2,0.56879878,7.914867045,0.775634706,0.258544922,,44030.0,22.69436575,21.24645892,5.844087714,9.444408417,21.75689888,0.215087609,24.36260623,66.54600776,27.03087044,21.3,,42.1
05005,AR,Baxter,18.7,0.307750583,4.304902128,0.6628474,0.828559279,0.16571185,45116.0,17.46222404,31.53241886,2.541619622,5.619254589,16.42983246,0.562135153,0.211401254,91.4046172,13.03402615,13.4,0.071019366,41.3
05007,AR,Benton,10.9,0.242404088,3.288692691,0.696046054,0.61293608,0.16968286,78974.0,26.63391165,13.59814021,17.77493291,6.689051628,24.89488411,4.783827414,1.590740435,67.44240028,7.066945076,7.9,0.114276215,34.2
05009,AR,Boone,19.7,0.239202663,5.103148751,0.637873769,0.664451838,0.159468442,48700.0,22.18178899,21.68677923,2.603483798,8.832533836,20.88229942,0.623444733,0.256869933,90.31386295,15.41085243,13.0,,39.4
05011,AR,Bradley,26.8,0.6579566,5.43654194,0.469968975,0.563962758,,40454.0,25.49075391,19.05168326,14.93598862,10.20748425,23.76347733,0.256045519,27.70033191,54.12991939,25.8874588,19.6,,41.5
05013,AR,Calhoun,19.3,,4.459142309,,,,49977.0,20.21523528,20.19413378,2.679890272,24.68844795,65.4903183,0.105507491,19.26566786,73.83414222,15.02705479,14.6,,38.7
05015,AR,Carroll,24.7,0.318291128,5.208931649,0.495119542,1.839015365,0.282925457,49225.0,21.86128804,23.59164897,15.23708422,6.855035782,16.38960648,1.995753715,0.311394197,74.92922859,11.68246365,16.8,,35.6
05017,AR,Chicot,37.0,0.806126535,16.65644799,0.604594946,0.302297473,,34857.0,21.58111285,21.37539185,5.69161442,16.10584641,32.60532761,0.372257053,52.77233542,38.07797806,36.72074509,27.9,,44.6
05019,AR,Clark,24.7,0.407184541,9.595933399,0.814369082,0.588155448,,47158.0,18.86132612,17.8541453,5.091858622,10.7064352,26.48617935,0.699431129,23.63144642,65.71388604,17.23747826,20.0,,40.4
05021,AR,Clay,26.0,0.486956507,6.780477731,0.347826093,0.556521714,0.278260857,41419.0,21.77020341,22.00384827,2.247113799,7.099677086,16.07542992,0.096206707,0.274876306,93.27927433,17.51304436,17.9,,38.1
05023,AR,Cleburne,26.2,0.56145978,5.007537791,0.92239821,0.76198113,0.20052135,50200.0,18.66375298,27.61927886,2.557565457,6.620099068,17.41594124,0.388490955,0.226619724,92.05616932,15.79439831,16.7,,36.6
05025,AR,Cleveland,20.7,0.502701998,5.943870797,,,,53705.0,21.29801325,21.37748344,2.410596026,7.617850304,22.09662247,0.092715232,8.940397351,85.15231788,18.67328644,14.1,,41.0
05027,AR,Columbia,34.1,0.728644311,13.16175427,0.900090039,0.342891425,0.128584281,44651.0,21.25783957,18.12639797,3.390202184,8.611896515,19.53101349,0.714880926,34.35814219,58.05008552,24.57745743,23.2,,41.1
05029,AR,Conway,25.7,0.903170586,5.898371019,0.285211772,0.522888243,,47741.0,22.83852281,19.5848419,4.277093893,9.747840881,22.12415314,0.429640357,10.57204924,77.95317403,18.93093109,16.9,,41.3
05031,AR,Craighead,24.2,0.383090556,6.927807436,0.810726523,0.712726653,0.195999816,52490.0,24.82311586,13.99609821,6.047774451,9.12217617,21.33138084,1.51396643,16.48011795,71.14653289,20.15457344,18.2,0.071272664,37.5
05033,AR,Crawford,20.9,0.394265801,7.992680511,0.504660249,0.473118961,0.110394426,54065.0,24.52230888,17.62426621,7.594831457,13.18603897,34.37975693,1.561538589,1.425174197,79.2027672,15.70229244,14.7,0.07885316,39.5
05035,AR,Crittenden,32.1,0.651041687,8.064177412,0.77704972,0.462029576,0.147009403,43821.0,26.21514441,15.04682017,2.964931586,10.6224432,22.53043747,0.668563005,53.57639682,39.34140315,31.41275978,23.0,0.063004032,41.5
05037,AR,Cross,25.0,0.681452096,7.050437283,0.929252863,0.619501948,0.247800767,45262.0,24.6301907,18.82611537,2.091130517,14.55148792,29.16385269,0.605952593,21.68953841,71.68656805,18.5902195,16.7,0.185850576,38.5
05039,AR,Dallas,32.6,2.058218241,7.075079074,0.441046745,0.735077918,,42442.0,21.36686208,23.44955261,3.100894786,26.79262733,51.96455002,0.107991361,39.83338476,52.83863005,18.86700058,20.2,,44.0
05041,AR,Desha,37.5,0.630062997,12.89420809,0.900090039,0.720072031,0.360036016,39042.0,24.48442299,19.14874945,6.783677051,16.61315155,32.44397736,0.53532251,47.25756911,41.52698552,35.02100372,27.6,,45.2
05043,AR,Drew,25.2,0.72314626,9.483800774,0.778772891,0.611892998,,46572.0,22.870317,17.89048991,3.780979827,9.200605392,24.13800812,0.576368876,27.75216138,64.25360231,23.64131927,16.5,,41.6
05045,AR,Faulkner,14.3,0.378193974,6.790598544,0.756387949,0.575169981,0.086669452,57573.0,23.34045895,13.76540511,5.498064746,11.9153986,32.80495453,1.18301511,11.55808191,74.95910865,12.61040497,13.6,0.055153288,37.8
05047,AR,Franklin,24.9,0.502877593,6.13972765,0.335251719,0.558752835,0.167625859,47834.0,24.04515412,20.04445224,2.871848862,1.889452219,4.675597668,0.947534655,0.45622039,88.91033515,14.52757454,17.2,,40.1
05049,AR,Fulton,29.2,0.403844595,6.046081399,0.242306754,0.403844595,,41557.0,22.07867495,26.02070393,1.275362319,5.933831215,13.90838909,0.289855072,0.223602484,92.76190476,20.05088425,18.0,,39.0
05051,AR,Garland,21.2,0.491036087,6.696892512,0.861818433,1.072262526,0.130274877,48053.0,20.41325614,24.4140547,7.034338191,10.65407372,29.23083305,0.958275105,8.019564783,77.1002196,19.84186554,14.5,0.060126867,37.8
05053,AR,Grant,15.9,0.758848727,3.735355708,0.271017402,0.487831324,,67088.0,23.06492928,18.27040873,2.450161488,12.46475887,35.48677826,0.423209712,2.48914133,90.02116049,12.45776653,11.2,,35.5
05055,AR,Greene,18.6,0.482487887,7.429337504,0.592144191,0.614075482,0.13158761,53920.0,24.5976911,16.42251181,3.489592444,6.650717735,18.00772285,0.395749519,2.024663285,88.5713661,19.93917656,12.9,0.15351887,37.6
05057,AR,Hempstead,27.8,0.658730507,7.496266799,0.799887061,0.282313079,0.188208729,41281.0,25.12334912,18.4948916,14.7171692,16.1088829,31.5890522,0.438574632,28.12858211,52.61898829,19.78152084,21.2,,41.2
05059,AR,Hot Spring,27.0,0.355166197,6.217465809,0.503152072,0.266374648,0.147985905,51662.0,21.18341404,19.38559322,3.828692494,11.21310711,24.93583298,0.34503632,10.44188862,79.36138015,15.71610355,17.8,,38.6
05061,AR,Howard,26.5,0.915401638,8.189248664,0.839118183,0.686551213,,42733.0,25.31873289,18.92843176,11.86546734,16.12007523,34.78097916,0.484943293,20.53969496,62.43253813,21.26401711,17.9,0.305133879,39.7
05063,AR,Independence,22.3,0.609158576,6.819973362,0.874010146,0.609158576,0.18539609,48957.0,24.17365175,17.93979651,8.587695714,6.095881462,12.08283043,0.896199062,2.187780062,83.05920186,15.96613407,18.9,,39.6
05065,AR,Izard,27.2,0.440755159,4.62633452,0.293836772,0.36729598,0.220377579,40788.0,17.71378066,26.19135302,2.40111954,0.321216255,0.924698174,0.198865729,1.885541725,89.6737129,18.42601395,18.4,,36.9
05067,AR,Jackson,29.5,0.420774221,6.356220258,0.420774221,0.300553024,,37815.0,19.77320203,18.07818562,2.751417487,14.26931953,27.42853928,0.376007162,16.49656819,76.12056103,27.51062012,22.5,,40.6
05069,AR,Jefferson,28.8,0.642427742,8.292486943,0.887162149,0.458876967,0.260030299,46100.0,20.79542076,17.94677371,2.212310437,10.60639477,25.99846268,0.987213797,56.06898602,37.51115076,33.85237503,20.3,,44.5
05071,AR,Johnson,23.3,0.490325511,7.539745628,0.64119488,0.603477538,,43003.0,24.7465921,17.25892268,13.35585848,13.32927799,27.26192474,3.565186998,1.763175269,75.34273176,20.92684174,18.1,,39.1
05073,AR,Lafayette,32.6,0.45482111,9.341894061,0.45482111,,,38777.0,19.49904883,23.24032974,2.298668358,11.35770226,21.05417633,0.507292327,32.38744451,61.35066582,22.26096535,23.7,,42.9
05075,AR,Lawrence,30.3,0.548446059,5.998986444,0.304692268,0.609384537,,44661.0,22.31746423,19.98643315,2.201529354,16.81366539,37.96455002,0.234336458,0.851011347,92.03872718,21.50111771,20.4,,41.5
05077,AR,Lee,45.4,,15.05464481,0.35240221,,,29714.0,18.26744186,19.61627907,2.511627907,20.28681755,44.63252258,0.151162791,54.15116279,39.81395349,42.56235504,34.9,,44.9
05079,AR,Lincoln,25.1,0.463535219,5.474189676,0.463535219,0.386279345,,45435.0,16.09612858,15.75612395,4.783247044,17.50382042,33.21273041,0.177729696,28.20493007,63.27177189,20.07365036,22.6,,39.8
05081,AR,Little River,25.0,,3.880144769,0.656814456,0.328407228,,46619.0,22.21852653,22.12705804,3.400964577,0.987279773,3.083001852,0.157991019,17.99434558,71.45351738,19.77285194,15.7,,38.9
05083,AR,Logan,21.5,0.747314334,6.526606641,0.513778627,0.56048578,0.140121445,45558.0,22.96152572,20.77516445,3.028725569,8.59997654,16.22493744,1.552221854,1.064786333,87.95608348,19.38346481,15.4,,37.7
05085,AR,Lonoke,14.6,0.378782749,4.792926943,0.527590275,0.487006396,0.081167735,64633.0,25.78126056,14.74025535,4.877389718,5.296756744,16.44862175,0.967371479,5.875835979,81.86989124,11.01288319,11.0,0.067639776,38.0
05087,AR,Madison,22.7,0.660898805,5.261872787,0.300408542,0.480653703,,49691.0,22.82549482,19.80509654,5.387083106,10.98623085,26.14719582,0.617396041,0.217904485,85.19460081,17.35860825,15.4,,36.0
05089,AR,Marion,30.7,,8.446882913,0.416914821,0.71471113,0.178677782,42892.0,17.86520861,28.92547248,2.252466421,3.208756685,10.02939606,0.332818257,0.118863663,91.60822537,18.05142021,17.8,,36.8
05091,AR,Miller,30.2,0.324246705,8.185995045,0.602172434,0.532691002,0.162123352,45450.0,23.18309859,17.28169014,3.715962441,12.24641609,27.0833931,0.481220657,25.63849765,64.77230047,23.30523109,20.4,0.092641912,43.7
05093,AR,Mississippi,31.2,0.549094021,8.564357673,0.823641002,0.59901166,0.199670538,41007.0,25.80066364,15.37913236,4.352955635,8.994427681,16.94853783,0.594813813,35.02765147,56.1902421,34.6844368,23.9,0.099835269,43.2
05095,AR,Monroe,36.5,0.911300123,12.49266001,1.518833518,0.759416759,0.455650061,37113.0,21.10604501,23.42991616,2.735696426,14.98396969,28.32777214,0.411825268,40.46183262,52.03706427,32.33849716,25.3,,43.4
05097,AR,Montgomery,29.6,0.333111256,7.633678695,0.333111256,0.444148332,,41359.0,19.81376709,26.80339463,4.891560585,10.5365057,23.05571938,0.55398397,0.153229609,88.38991042,16.15589523,19.9,,39.8
05099,AR,Nevada,32.2,0.370416105,6.014208721,0.370416105,0.370416105,,40283.0,22.58724428,20.90252708,4.259927798,27.3622818,54.16181183,0.493381468,29.27797834,61.9133574,17.19348145,21.2,,41.5
05101,AR,Newton,30.0,0.394632995,3.306805708,,0.526177347,0.394632995,41823.0,17.95155709,28.78892734,1.134948097,11.35471344,28.87794876,0.332179931,0.083044983,92.15224913,16.72805405,19.1,,39.5
05103,AR,Ouachita,29.4,0.561142981,11.04883907,0.64747268,0.345318764,0.258989066,47169.0,21.62913907,21.29801325,2.278145695,18.14914703,34.66252136,0.543046358,39.09933775,53.38631347,24.18310547,20.2,,42.5
05105,AR,Perry,23.9,0.484167725,7.873857588,0.290500641,0.290500641,,51204.0,21.94829823,20.89030841,2.854576305,5.305896759,14.2723465,0.119772432,1.067970855,90.51801577,15.96946526,15.2,,37.6
05107,AR,Phillips,45.9,0.693681717,17.96870352,0.404647678,0.520261288,0.231227234,32419.0,25.59150169,19.74287784,1.593433124,18.9356575,36.08113098,0.386286818,62.19821342,33.44398841,54.95982361,35.7,,51.3
05109,AR,Pike,25.2,0.657709301,5.482041588,0.375833869,0.845626235,0.375833869,43710.0,22.35768361,20.87307049,8.170288074,9.372835159,23.05731964,0.157309999,2.339986235,83.81673385,21.35989189,18.6,,37.1
05111,AR,Poinsett,30.3,0.644246876,7.578094021,0.687196672,0.515397489,0.214748964,42639.0,23.66644894,18.58480296,3.609841062,10.32565784,19.30390739,0.243849336,7.720444154,83.44437187,27.62029457,22.2,,40.8
05113,AR,Polk,28.8,0.507433891,5.345895581,0.405947119,0.558177292,,43166.0,22.44420165,23.39628531,6.648977681,16.94632149,32.33204269,0.520264294,0.202903075,83.72093023,20.59335899,19.3,,37.0
05115,AR,Pope,23.1,0.419684768,5.868521113,0.854913414,0.606211364,0.108807161,47049.0,22.73236459,16.2288383,10.12132974,9.370615005,23.26810265,1.047632571,3.250185387,78.94637194,12.81851959,18.0,0.093263283,36.1
05117,AR,Prairie,23.5,1.004268169,4.369352643,,0.753201127,0.376600564,59367.0,21.57691379,22.72397972,1.750784835,2.153328419,4.45620203,0.241487563,11.13257667,83.60299445,15.51385021,15.7,,38.3
05119,AR,Pulaski,24.9,0.575092852,7.439253673,0.966970325,0.928800464,0.157768846,53597.0,22.43582837,16.4945819,8.306420294,12.88145542,33.03913116,2.488694018,35.61265268,48.6045725,22.36055183,17.6,0.122143619,38.4
05121,AR,Randolph,24.4,0.493231773,6.255545697,0.493231773,0.493231773,0.274017632,43484.0,23.92978299,20.11738732,2.067740025,9.379769325,16.23621559,0.393085994,0.753863551,89.13359539,18.87981606,17.0,,37.4
05123,AR,St. Francis,42.2,0.810307086,11.32148941,0.445668906,0.567214966,0.202576771,36781.0,20.28583803,17.67431789,2.97098311,19.29633713,47.22037888,0.528367259,54.14032049,39.87007362,35.93036652,32.2,,44.5
05125,AR,Saline,12.1,0.322663903,3.663379443,0.556595266,0.411396503,0.104865775,68107.0,23.95475465,18.4173851,6.89294743,7.686253548,29.77823639,1.177318986,8.387081092,78.38934984,8.218519211,8.5,0.088732578,37.2
05127,AR,Scott,29.5,0.393545836,4.084321476,0.491932303,0.590318799,,39974.0,23.67832452,20.10980073,7.604717365,20.81009865,34.38437271,2.795851972,0.315168768,81.64904433,28.35169792,17.3,,38.4
05129,AR,Searcy,32.0,0.51007396,6.930693069,0.51007396,0.76511097,,35422.0,19.851814,25.15329586,1.788451712,14.64039707,32.85917664,0.255493102,0.063873275,90.59785386,16.2692337,20.9,,40.8
05131,AR,Sebastian,23.4,0.501606703,6.937337871,0.830786109,0.830786109,0.164589703,49170.0,23.8014382,16.60106887,15.12374901,5.492114067,13.21709156,4.460128796,6.174539707,64.77750217,21.01653671,19.5,0.117564075,35.9
05133,AR,Sevier,26.0,0.359238416,9.169288861,0.41911149,0.359238416,0.179619208,46651.0,27.99419155,15.41764,34.77492266,13.39540195,29.3221817,0.378811794,3.472441442,53.03365111,20.16225624,18.3,,41.5
05135,AR,Sharp,28.4,0.516528904,5.902798233,0.401744723,0.803489447,0.229568407,39183.0,20.48520642,25.99154652,2.095999074,17.99477768,34.72457123,0.330033003,0.660066007,91.07173875,21.47421265,18.3,,38.0
05137,AR,Stone,34.7,0.315606743,7.847771168,0.710115194,0.552311838,,37782.0,20.05825714,27.25139574,2.19273404,10.84069538,24.99615097,0.202281738,0.16991666,92.13528603,19.25201225,20.8,,37.2
05139,AR,Union,23.9,0.915774882,8.024373939,0.811114907,0.57562995,0.104659989,47315.0,23.16280023,19.06590874,4.491217289,12.20156193,28.17696953,0.699032109,32.44225944,58.64700159,23.4176712,17.8,,41.2
05141,AR,Van Buren,27.1,0.483646691,5.953672389,0.483646691,0.483646691,0.181367517,39629.0,19.10610281,27.15244366,3.171689035,6.728546143,10.39943027,0.354520132,0.449480881,90.64953153,16.87221718,17.1,,37.0
05143,AR,Washington,15.2,0.2179133,7.207702069,0.744194448,0.838760614,0.172686011,64218.0,23.67176283,12.14864705,18.20263471,5.30293417,13.95819473,2.290225362,3.387955473,65.304977,9.227737427,12.4,0.127458721,33.5
05145,AR,White,20.6,0.533475578,6.230364356,0.736704409,0.571581006,0.139719799,51660.0,23.28369477,17.53924657,4.554684856,9.119112015,23.62110901,0.801853636,4.786389316,83.78198953,17.41840172,16.3,0.063509002,40.4
05147,AR,Woodruff,33.7,0.478927195,9.092393079,0.638569593,0.478927195,0.478927195,37331.0,20.99218376,24.21438826,1.531344712,3.227311134,6.692777634,0.350933163,25.53836338,67.55463391,29.60036278,25.2,,41.3
05149,AR,Yell,21.5,0.660969734,6.35898455,0.519333363,0.188848495,0.188848495,48526.0,24.36460544,18.35858461,20.74717465,7.77911377,16.37342072,0.996890885,1.115333366,72.59537087,15.43049622,15.1,,38.7
06001,CA,Alameda,9.9,0.197314247,4.513093419,0.827155709,0.940250456,0.219572246,108971.0,20.44547131,14.29444356,23.40466002,1.117399335,8.083675385,32.1282751,9.480709459,28.07240811,17.22850037,9.4,0.140165299,19.4
06003,CA,Alpine,27.2,,5.803571429,2.680965185,3.574620247,,87570.0,16.19601329,25.0,6.976744186,16.78513908,56.9692421,0.996677741,0.830564784,66.5282392,33.36312103,15.8,,29.9
06005,CA,Amador,13.5,0.324327022,4.276378749,0.573809326,1.047825813,0.299378783,68159.0,15.89168355,28.36388793,14.85892178,0.095632061,0.174186975,1.368779958,3.001927163,73.44220981,28.45137978,11.1,0.074844696,27.3
06007,CA,Butte,18.3,0.329033971,8.7425268,0.737976134,0.634565473,0.18801941,62982.0,20.45673622,18.97397369,18.9536554,6.450867176,19.11343384,4.882531942,1.568760868,65.98765782,51.15185547,16.6,0.136314064,31.5
06009,CA,Calaveras,18.3,0.410296291,5.488904222,0.60464716,0.928565264,0.259134501,68298.0,17.56380818,28.17716153,12.94930672,5.989502907,14.73611736,1.558774176,0.737437075,76.54331891,36.6477356,13.5,0.086378165,29.4
06011,CA,Colusa,15.6,0.556637883,3.808200139,0.417478442,0.510251403,0.324705452,60725.0,27.95915564,14.88621274,61.70612208,12.35625458,39.32974625,1.153898988,0.833371491,31.78259078,19.79930115,11.4,,32.2
06013,CA,Contra Costa,11.3,0.200462893,4.224686029,0.678623259,0.678623259,0.194388255,110595.0,22.57902939,16.53611247,27.00855199,2.867470503,23.22831154,18.3990936,8.404814367,39.06085029,23.68072701,8.8,0.155337036,28.4
06015,CA,Del Norte,27.2,0.178775743,8.958417441,0.321796328,0.607837558,0.1430206,48108.0,20.51328263,18.89125185,19.17961288,14.445117,34.40719223,2.977327614,3.031395307,58.61658797,64.9164505,21.4,,33.8
06017,CA,El Dorado,10.5,0.285084873,3.843018516,0.673837006,0.953738511,0.171050921,87689.0,20.45244135,22.31241991,13.83947485,4.258567333,25.22289085,4.720035568,0.751104951,73.30125271,20.67599678,8.8,0.171050921,24.8
06019,CA,Fresno,26.8,0.298725784,8.753424699,0.731328666,0.549495578,0.25276795,63140.0,27.60203201,13.21781305,53.61035598,5.349310875,13.32706928,10.87241016,4.391495994,26.95562601,64.6709671,19.4,0.069935799,39.0
06021,CA,Glenn,21.4,0.388926208,7.47320925,0.671781659,0.530353904,0.212141573,56741.0,25.7737663,17.20441263,43.36895252,8.745303154,23.44501114,2.164816544,0.484144275,48.05823564,40.97573471,15.5,,34.1
06023,CA,Humboldt,23.8,0.42229417,9.670260698,0.622328222,1.037213802,0.296346784,53924.0,19.53203432,19.14218506,13.58243626,4.540260315,11.18627262,2.561133787,1.267010105,68.38190572,37.58603287,19.4,0.148173392,33.1
06025,CA,Imperial,21.6,0.410502195,9.008478221,0.610205948,0.377218246,0.13868317,50970.0,26.43376256,13.62978709,85.15598046,7.648735523,17.6411171,1.248734015,2.140209903,9.356045008,71.18237305,17.3,0.07211525,38.5
06027,CA,Inyo,16.9,0.831209123,5.472015634,0.997450948,1.219106674,0.221655771,62381.0,20.17248633,23.72738746,23.13315103,7.771645069,28.88790321,1.435633151,0.446992007,58.03007993,36.73482513,12.8,,29.9
06029,CA,Kern,25.3,0.306203276,8.199116167,0.726678073,0.504791617,0.211901546,57926.0,28.32007127,11.78881147,54.89867856,7.829901218,23.77233696,4.867498501,5.14454459,30.75112595,37.25769043,18.5,0.06767536,35.9
06031,CA,Kings,22.6,0.340554833,7.330781848,0.674560547,0.301260054,0.255416125,60810.0,26.59326102,10.58851304,56.79668953,6.822825909,33.02869034,3.614102278,5.443122647,29.09185106,35.37622452,17.7,0.065491319,31.9
06033,CA,Lake,25.0,0.480776697,8.068820966,0.542812407,0.697901666,0.372214198,55801.0,20.66076904,22.65745346,22.65451931,1.889675617,4.177564621,1.379047284,1.698868888,64.84749791,42.11577988,16.5,0.062035702,30.7
06035,CA,Lassen,20.2,0.43310234,6.62674131,0.533049047,0.43310234,0.233208954,56923.0,16.81637641,14.49740299,23.00947143,9.301449776,31.89171219,1.442102047,6.856095325,59.6822487,38.31290054,18.8,0.099946693,32.8
06037,CA,Los Angeles,18.4,0.216231525,6.122628396,0.879006267,0.821076334,0.191892907,77356.0,20.51344272,14.51916011,47.98041424,1.452950835,6.531888485,14.72174631,7.596248416,25.60022664,45.62156677,14.1,0.120888509,26.2
06039,CA,Madera,27.7,0.373983443,7.951347548,0.507096171,0.34862861,0.171144962,60241.0,27.53575886,14.69328981,59.63201178,5.418890476,14.49428177,2.291766663,2.6437554,30.97436882,37.04654694,20.4,0.063387021,35.2
06041,CA,Marin,7.9,0.190415502,3.399051174,0.773320079,1.14249301,0.291452289,118472.0,20.15469596,22.585687,18.8357013,1.165824533,11.88754749,6.166109461,2.333019469,66.00653398,17.13545227,7.8,0.33031258,23.5
06043,CA,Mariposa,22.0,0.174825177,7.5122066,0.349650353,0.75757575,0.291375279,60377.0,17.18521978,28.01938007,12.49197362,2.611353874,8.073802948,1.675325433,0.612923939,74.94016695,49.4755249,14.1,,32.3
06045,CA,Mendocino,22.3,0.476406276,6.398933511,0.720419228,1.25492382,0.476406276,57516.0,20.57837797,23.11765155,26.12744402,5.922133923,14.48122978,1.88862567,0.662656521,61.35850045,54.5349617,16.1,0.116196655,29.4
06047,CA,Merced,28.8,0.272155613,8.640096237,0.529987276,0.401071429,0.196954727,54703.0,28.7974481,11.90638758,61.82637392,7.711543083,18.93742371,7.049736488,2.912852682,24.44114907,60.65459442,21.9,0.082362883,34.5
06049,CA,Modoc,29.8,0.342348516,8.386336867,,1.255277872,0.57058084,49273.0,20.63218391,26.66666667,14.47126437,17.17596054,40.5433197,0.701149425,0.75862069,74.09195402,58.37042236,19.9,,30.0
06051,CA,Mono,12.1,0.550433457,6.97497528,1.65130043,2.545754671,0.412825108,70945.0,20.00757863,16.12732095,26.57824934,17.23746681,57.09390259,1.205001895,0.515346722,65.77491474,14.51768303,9.8,,29.1
06053,CA,Monterey,15.5,0.297048539,5.017132133,0.666038513,0.833128333,0.28080371,81404.0,25.34148758,14.21663421,60.43276732,5.080917835,16.62983704,5.722322822,2.061566845,27.35021126,31.94702911,12.1,0.097469054,32.8
06055,CA,Napa,10.1,0.338322371,3.458482744,0.566322207,1.029676795,0.27212885,94127.0,19.95812171,20.78554402,35.37846239,2.629962921,12.0841713,7.622138981,1.66643723,49.92718394,11.44289589,9.0,0.205935344,28.7
06057,CA,Nevada,14.7,0.281107575,4.679817605,0.622452438,1.003955603,0.291147113,77220.0,17.5174343,27.933021,10.18769378,8.613040924,34.76237869,1.340949326,0.406881779,80.9949042,30.72940636,11.8,0.23090978,29.9
06059,CA,Orange,11.0,0.222618192,4.898520208,0.970046937,0.919207931,0.160727188,100210.0,20.93923136,15.72343049,34.10222,1.121258616,8.671787262,21.93681873,1.547040169,37.61089229,26.60840034,9.9,0.177147254,25.7
06061,CA,Placer,7.2,0.307730496,3.6779895,0.878520906,0.848740518,0.16131033,103588.0,22.63730453,20.4880182,14.97953002,5.106532097,31.92909622,8.592203865,1.591148864,67.32017424,14.60561657,6.6,0.173718825,25.8
06063,CA,Plumas,21.8,0.579954684,5.297258073,0.579954684,1.739863992,0.579954684,58154.0,17.43304699,29.823143,9.585649318,1.071077466,6.298170567,0.732693279,0.515411824,80.84386054,39.03270721,13.0,0.158169448,29.1
06065,CA,Riverside,16.0,0.217339948,5.219832866,0.69621098,0.526276052,0.141813308,78690.0,24.59199772,15.33348358,49.71890075,6.965469837,24.48137856,6.818709073,6.069097278,32.59614132,34.50760651,11.6,0.088783972,34.0
06067,CA,Sacramento,16.9,0.243723169,6.167927628,0.772217631,0.679217994,0.188564762,79611.0,23.2008353,14.99310749,23.6227765,4.226967335,16.81353951,17.43125633,9.193624196,41.02513793,44.94233704,13.0,0.112240933,33.9
06069,CA,San Benito,11.1,0.23417376,3.280303873,0.515182257,0.546405435,0.140504256,95187.0,25.37650485,13.64917691,61.11448551,2.696963787,17.87343788,3.409179399,0.746001339,30.81343737,17.33145905,8.9,0.093669504,29.1
06071,CA,San Bernardino,17.1,0.252148867,6.48422653,0.773347855,0.534902751,0.140691757,74218.0,25.32995608,12.73914195,53.67088457,8.528561592,24.6561451,8.076624433,7.944522825,25.94879848,45.35226822,13.2,0.076740958,35.1
06073,CA,San Diego,12.3,0.22356078,5.123781912,0.853432059,0.771509767,0.173147082,90756.0,20.9136873,15.15396979,33.94220153,2.763060808,14.92728519,12.14408752,4.39618339,43.1149682,20.95527267,10.7,0.160243571,25.4
06075,CA,San Francisco,11.7,0.129239812,5.272983499,1.152773023,2.019372225,0.400412649,119776.0,12.95555314,16.25911793,15.64833832,0.302544385,0.584507942,33.6649637,5.157071507,39.05259364,21.26158524,11.4,0.203091145,17.7
06077,CA,San Joaquin,15.7,0.260427862,5.853467606,0.658882499,0.520855725,0.239593625,79598.0,26.41482073,13.68088877,41.80071943,4.535321236,14.41291046,17.28417559,7.301795484,27.65924954,42.77288818,12.3,0.071617663,33.8
06079,CA,San Luis Obispo,13.8,0.294066578,6.515581797,0.9247154,1.176266313,0.212578252,79688.0,17.9446506,21.68831261,24.04930176,4.054189682,18.62209129,3.541129649,1.533155822,64.96190125,13.81581497,13.1,0.18777746,28.2
06081,CA,San Mateo,6.5,0.195171356,3.101163515,0.767498195,1.066848874,0.238689288,131151.0,20.17236102,16.52394819,25.03603936,0.919326842,10.51721382,29.79729005,1.92310208,36.09194681,12.30524635,6.8,0.181984097,21.4
06083,CA,Santa Barbara,16.8,0.233830824,7.251214161,0.847636759,0.906094432,0.278798282,83185.0,21.73531833,16.66581145,46.98134213,2.881691217,12.24394035,5.661838034,1.442789289,41.21687798,34.50597382,15.2,0.164131254,31.6
06085,CA,Santa Clara,7.4,0.191389561,3.32188129,0.798068285,0.899268806,0.175134569,141161.0,20.99626135,13.81710815,25.17003149,0.966271222,8.487586975,38.91003218,2.176774905,28.70008609,18.82486725,6.9,0.177756339,22.0
06087,CA,Santa Cruz,12.3,0.218579233,5.518269948,0.696489751,0.948411584,0.240807638,90370.0,18.86465752,18.16171394,34.81453587,5.418861866,22.58285332,4.456898557,1.052200206,53.73641831,33.07616425,10.6,0.185236633,29.4
06089,CA,Shasta,18.0,0.441274226,6.197771977,0.714975953,0.809933722,0.229015738,60187.0,21.21435042,22.38697812,10.83143477,6.916362286,20.26103592,3.205511789,0.966759079,75.15248003,46.02564621,14.0,0.150815234,28.7
06091,CA,Sierra,16.2,1.027397275,1.474442988,,2.05479455,,60659.0,16.62546354,30.93325093,11.65018541,24.82146454,88.24990082,0.21631644,0.21631644,80.80964153,33.98972702,12.3,,31.3
06093,CA,Siskiyou,23.3,0.578101516,7.233955019,0.71684587,1.017458677,0.323736846,50069.0,19.25310827,26.74925129,12.53970415,11.3828907,28.64460564,1.964788093,1.068608767,72.73119158,59.57914352,16.8,0.1156203,32.9
06095,CA,Solano,12.6,0.295344949,4.165739736,0.660051227,0.604114711,0.163334712,87348.0,21.76912,16.54718616,28.25965675,3.780611277,21.65852165,15.64595549,13.24193865,34.20685306,33.09840012,10.0,0.105160706,32.8
06097,CA,Sonoma,10.4,0.293986142,4.681460626,0.645136237,1.045284033,0.287861437,92999.0,19.57828676,20.86924148,28.93203208,2.581933022,13.29639339,4.549127261,1.457463543,58.4605503,22.51239777,9.1,0.177616626,28.3
06099,CA,Stanislaus,19.4,0.332678288,5.877453744,0.707168579,0.556281686,0.225421354,73151.0,26.22097461,14.18631235,48.10790084,3.369372129,9.670941353,5.999334392,2.586827474,37.60467951,42.99336624,14.1,0.089077793,34.7
06101,CA,Sutter,22.3,0.466877639,5.617392901,0.66400373,0.560253143,0.228251278,63246.0,25.14427951,16.0097558,31.68428131,8.136842728,26.48299026,18.0803549,1.780534562,41.51837243,40.32352829,15.5,0.124500699,32.0
06103,CA,Tehama,20.6,0.465159535,8.31408776,0.511675477,0.589202106,0.155053183,53654.0,24.2719774,19.99878473,27.24938857,9.966780663,19.09017563,1.496301022,0.593963147,62.79907032,35.19061279,15.6,0.046515957,32.5
06105,CA,Trinity,29.2,0.818598568,13.80921895,0.491159141,0.736738682,0.573018968,45508.0,16.71425025,24.86345581,5.815541212,7.665813923,17.60345078,13.72889772,0.409632572,70.59334657,65.11951447,19.1,,32.4
06107,CA,Tulare,24.4,0.373389095,8.521711442,0.614491761,0.454467863,0.238969013,57398.0,30.01879028,12.22488306,65.50071124,4.916411877,11.17565155,3.381193235,1.126993957,26.42517601,74.00341034,18.7,0.053341299,38.0
06109,CA,Tuolumne,17.3,0.311840773,3.678063119,0.476932943,1.027240157,0.275153637,61396.0,16.81409565,27.06400575,12.80834232,6.160718918,27.83393669,1.384394103,1.778137361,75.96907587,33.69103241,13.2,0.055030726,31.0
06111,CA,Ventura,12.1,0.222252071,3.952350359,0.772533894,0.689337969,0.207989901,95819.0,22.2369564,16.89010871,43.28826571,2.309815645,14.8923502,7.49570714,1.623998777,42.76269401,16.14813805,8.9,0.146187186,28.9
06113,CA,Yolo,11.6,0.236656234,10.6131523,0.709968686,0.673560023,0.186594337,76247.0,20.86246494,13.95960315,33.13262755,2.884490728,13.68048191,13.80387518,2.644140793,43.39634848,21.18983459,14.8,0.145634606,28.5
06115,CA,Yuba,21.9,0.311876237,7.329829639,0.399201602,0.374251485,0.149700597,60764.0,27.00582286,13.38032485,28.83236286,10.88204098,21.46326065,6.844008581,3.470425988,51.1798958,62.47713089,15.6,,32.6
08001,CO,Adams,12.9,0.286602944,4.667439774,0.673228383,0.478953928,0.121181116,80831.0,25.65592449,11.12896769,41.69758955,4.735298157,17.92021179,4.346462088,3.089850877,46.05617701,30.62996864,10.0,0.071169861,34.0
08003,CO,Alamosa,23.4,0.432632893,5.888845605,0.988875151,0.988875151,0.185414091,51009.0,23.4000977,16.15168539,47.02613581,12.57463264,27.69547081,0.867122618,1.288470933,45.73766488,68.80922699,18.3,0.247218788,31.9
08005,CO,Arapahoe,11.5,0.254010946,3.577607322,0.765074849,0.763553858,0.142976224,84308.0,23.41581816,13.80905857,20.71977041,2.10314846,13.63967705,6.3893935,10.40377364,56.18437724,22.76389313,8.7,0.16427055,25.7
08007,CO,Archuleta,20.3,0.352211893,5.45800076,0.563539028,1.690617085,,68025.0,18.04775807,28.34793023,16.16138933,10.70822239,40.8861351,0.756044614,0.3069092,76.16588068,22.38893509,11.4,,24.9
08009,CO,Baca,27.0,0.843881845,5.39044289,,0.843881845,,44257.0,21.4774672,25.38505419,9.868796349,10.29308033,25.21711922,0.228180262,0.541928123,83.17170565,28.71542358,20.3,,31.0
08011,CO,Bent,28.8,0.56011951,9.675893068,,,,37185.0,16.01769912,18.2300885,31.15044248,5.126080036,12.4341917,0.690265487,4.513274336,58.67256637,42.19566727,30.0,,33.1
08013,CO,Boulder,8.6,0.210898891,6.801688669,0.886386633,1.072833419,0.183390334,90327.0,18.78049813,15.49864251,14.56291307,2.604050875,17.12729645,4.925353279,0.952055581,74.13365663,15.45751286,10.7,0.244520456,18.6
08014,CO,Broomfield,5.3,0.193809181,2.053345501,1.010576487,0.816767275,0.083061077,106413.0,21.85341105,14.65889465,13.3837975,5.041205406,37.81659698,6.876079447,1.250809585,72.73316062,7.783514977,4.9,0.179965675,24.6
08015,CO,Chaffee,12.8,0.726005495,4.603297555,1.113208413,1.69401288,0.435603321,65987.0,15.42924625,26.72520025,9.452659684,2.923484802,10.79799175,0.682891764,1.51468474,83.15362497,17.03289604,10.4,0.145201102,25.3
08017,CO,Cheyenne,20.2,,2.782819117,,,,58544.0,23.45537757,22.36842105,11.78489703,8.919283867,33.85905457,0.171624714,0.057208238,84.09610984,16.43453979,12.9,,27.6
08019,CO,Clear Creek,12.2,1.147506833,2.164548783,0.938869178,1.877738357,,78312.0,14.7493881,21.23017984,6.895817814,2.801588297,12.28245163,0.872618921,0.521443014,86.71916569,19.10772705,7.6,,25.7
08021,CO,Conejos,22.7,0.368414581,5.516509747,,,0.368414581,45931.0,26.0822946,21.61908591,50.65004691,3.25680232,5.645966053,0.281463611,0.187642407,46.44149578,59.79573441,16.7,,30.5
08023,CO,Costilla,36.0,1.02014792,11.0889963,,1.02014792,,35416.0,17.71934839,27.9222635,56.81623321,57.96526718,100.0,1.571877679,0.943126608,35.26721921,73.19561005,23.1,,33.7
08025,CO,Crowley,31.0,,8.576084742,,,,38049.0,10.77338737,15.04559271,27.15298886,0.571518123,1.830616593,1.16514691,8.61195542,58.05471125,36.85334778,37.8,,33.3
08027,CO,Custer,22.4,,3.755569701,,0.964692235,,63505.0,15.05102041,33.84353741,3.784013605,6.305996895,24.33793831,0.467687075,0.212585034,89.54081633,22.04321861,10.5,,26.8
08029,CO,Delta,21.1,0.289696455,7.321804863,0.611581445,1.030031919,0.19313097,52403.0,19.88395948,27.46185408,13.87677907,3.513003349,8.801888466,0.756507245,0.38787024,79.84036415,32.01145935,13.9,,29.0
08031,CO,Denver,15.8,0.296381682,5.755392578,0.895942807,1.223594189,0.150909945,81262.0,18.79187502,11.98537571,27.87615196,4.257940769,10.78614616,3.801140985,8.538940801,54.33292058,35.75614166,11.7,0.231123343,23.8
08033,CO,Dolores,19.3,,5.332167832,,1.43129766,,55157.0,17.28288908,24.37661221,7.566638005,37.30971146,100.0,0.257953568,0.773860705,83.83490972,23.97423744,13.9,,27.4
08035,CO,Douglas,2.8,0.160776168,1.811080457,0.620928645,0.53499651,0.080388084,129839.0,25.69208164,13.01169346,9.528518512,1.950093746,27.33545494,5.533021582,1.337512361,77.87350061,4.945484161,2.9,0.207900211,20.9
08037,CO,Eagle,7.5,0.218463838,3.923797153,0.928471327,2.22104907,0.291285127,94928.0,22.37175001,11.59677738,30.24887406,4.711471081,15.84585094,1.277565448,0.531122714,64.95846118,8.257629395,7.1,0.182053193,22.6
08039,CO,Elbert,7.1,0.219675615,2.310614872,0.183063015,0.439351231,,114853.0,21.74430205,17.80369887,7.931087407,7.013040543,26.45143509,0.706008748,0.4719515,85.12393523,11.29498768,5.4,,25.0
08041,CO,El Paso,11.5,0.275981396,4.527358091,0.685147822,0.641210496,0.085128583,79094.0,23.50563736,13.72120565,17.79639784,6.452255249,28.51853752,2.961274379,5.580405123,65.7841305,26.35324669,9.6,0.115335502,28.1
08043,CO,Fremont,19.4,0.292477071,5.020996896,0.355150729,0.772975147,0.083564878,51732.0,15.80539038,23.32495556,12.36028525,13.39196682,51.61820221,0.678395554,3.696438423,77.0612395,30.50814438,15.9,,29.2
08045,CO,Garfield,12.5,0.447271645,3.950576333,0.844846427,1.507471085,0.132524937,78940.0,25.1584664,13.76347572,31.71597633,3.98311162,17.61440277,0.643592445,0.449055686,62.63435195,23.94283676,9.2,0.132524937,26.7
08047,CO,Gilpin,10.3,,6.138509969,,0.48115477,,82370.0,15.35812672,18.31955923,6.542699725,0.0,0.0,1.463498623,0.550964187,85.26170799,20.86340523,6.9,,25.2
08049,CO,Grand,10.1,0.379891098,4.955706766,1.07635808,3.482335091,0.253260732,78779.0,16.7143857,18.25411974,9.753769803,0.260928512,2.824602604,0.528090603,0.375389705,85.4806897,10.43645287,7.2,0.189945549,24.9
08051,CO,Gunnison,12.1,0.341044724,7.239508636,0.909452617,2.444154024,0.284203947,63872.0,17.08239745,14.75942783,9.481026126,3.076686621,9.776000023,0.715214564,0.455136541,84.25345786,13.82178497,12.3,,23.7
08053,CO,Hinsdale,17.2,3.712871313,4.195804196,,6.188118935,,66213.0,16.62436548,31.97969543,3.807106599,4.090743065,11.77597523,0.253807107,1.015228426,87.94416244,9.179042816,7.6,,25.9
08055,CO,Huerfano,31.9,0.726427436,7.981291491,0.581141949,1.452854872,0.435856462,46798.0,16.09970674,31.87683284,31.23167155,11.97229862,36.28676224,0.351906158,0.7771261,62.03812317,64.38568115,18.6,,28.7
08057,CO,Jackson,26.0,,2.335766423,,4.319654465,,55535.0,17.54894851,24.58303118,10.00725163,8.234997749,27.36680984,0.145032632,0.0,84.19144307,25.07799339,14.8,,28.4
08059,CO,Jefferson,8.0,0.274309397,3.38387383,0.730348706,0.77492398,0.101151586,94401.0,19.53028769,17.44831964,15.69950764,3.468841314,23.17457962,3.03546002,1.141342574,74.66761593,16.15367889,7.3,0.168014497,24.9
08061,CO,Kiowa,19.5,,4.548736462,,,,61430.0,23.99723375,22.82157676,7.192254495,35.62779236,100.0,0.622406639,0.20746888,86.23789765,22.63374519,12.5,,30.0
08063,CO,Kit Carson,17.8,0.842578292,2.718557734,0.983008027,1.263867378,0.421289146,56272.0,25.14463101,19.3170594,19.88147312,9.338724136,26.20176888,0.423310286,0.296317201,74.86947933,21.29850769,12.1,,30.2
08065,CO,Lake,15.9,0.876424193,5.722891566,0.500813842,0.876424193,,64416.0,20.87143626,12.53362023,35.79881657,22.85741043,45.2265625,0.847229693,0.416890802,57.73265196,33.94057083,11.3,,26.2
08067,CO,La Plata,12.1,0.371260881,4.586285778,0.990028977,1.202178121,0.194469988,74774.0,18.63654337,19.77605234,12.59570797,4.177801132,14.84756374,0.684783781,0.327114562,76.19253029,17.35791969,10.1,0.194469988,24.8
08069,CO,Larimer,10.6,0.255252093,6.032218551,0.793501079,0.837892711,0.105430208,78681.0,19.42066361,17.03892878,12.4383818,4.717461586,23.25361824,2.329655272,0.960269143,78.69890215,18.68126297,11.2,0.191439062,21.1
08071,CO,Las Animas,29.0,0.41608876,11.93740579,1.248266339,1.04022193,0.277392507,42708.0,17.2518035,25.68876675,38.69460666,12.6236124,31.78989983,0.742013054,1.257299897,54.72346273,53.27669907,21.0,,31.6
08073,CO,Lincoln,20.2,1.056338072,5.78125,0.704225361,1.056338072,,51975.0,20.969163,17.16299559,14.25550661,7.680828571,22.92798233,0.704845815,4.845814978,74.92511013,21.9336853,14.9,,30.3
08075,CO,Logan,18.1,0.27304998,3.788567328,0.591608286,0.773641586,,53234.0,19.03102936,18.30174656,16.30899294,7.914772034,24.19042397,0.552768488,3.497770346,75.88721665,26.72855759,16.4,,30.0
08077,CO,Mesa,14.4,0.289197505,4.985865327,0.687647402,0.642661154,0.109252393,63531.0,20.96812521,20.56607772,14.95025786,8.843858719,32.49342346,1.035946642,0.655093351,77.55085002,31.47325706,10.6,0.096399173,30.3
08079,CO,Mineral,16.2,,1.889168766,,6.468305111,,62213.0,10.63583815,34.21965318,5.433526012,3.436283588,12.79665852,0.346820809,0.0,89.59537572,5.066839218,9.6,,26.6
08081,CO,Moffat,14.4,0.532562375,11.14244341,0.760803401,0.912964106,,64133.0,24.81944026,16.27294613,15.97953656,14.69873333,42.14102554,0.39121276,0.579295817,77.58802287,35.62461853,10.8,,29.6
08083,CO,Montezuma,23.5,0.454407752,4.247134253,0.643744349,1.249621272,0.265071183,53337.0,20.83252737,23.71851909,12.02754459,7.310041904,14.41067028,0.495183566,0.278540756,69.77059074,35.8635025,15.2,,30.2
08085,CO,Montrose,18.7,0.27699551,4.989977091,0.69248879,0.830986559,0.184663683,56686.0,21.25401251,24.52259894,21.15091731,7.656763554,21.99109459,0.782586284,0.37254856,72.93048103,38.66588211,12.5,0.092331842,33.6
08087,CO,Morgan,16.3,0.276424438,4.853788837,0.760167241,0.829273343,0.207318336,61849.0,26.52262032,16.70502559,36.29555838,5.310308933,15.04125023,0.525574525,3.21184432,56.83762152,28.57249832,12.4,0.103659168,31.3
08089,CO,Otero,28.7,0.494478315,8.316418893,0.769188523,0.934014618,,45658.0,23.39218834,21.47137507,41.20920278,4.619271278,11.24135971,0.524344569,0.716960942,53.5741038,54.88251495,19.7,,31.6
08091,CO,Ouray,8.5,,1.94214876,1.199760079,3.599280119,1.199760079,80686.0,14.17726713,28.82642593,5.990972507,1.058433414,5.303781509,0.574476816,0.328272466,88.38736151,17.12990761,6.4,,24.8
08093,CO,Park,11.4,0.5275653,3.41855454,0.26378265,0.791347921,0.211026117,84361.0,16.07245543,21.33410006,7.101782634,10.86941528,53.87651825,0.569292697,0.511788384,85.69292697,18.1526413,7.3,,25.3
08095,CO,Phillips,16.4,,2.507907817,0.686970472,,0.686970472,56577.0,24.92273731,21.34657837,25.49668874,1.633649349,4.655928135,0.485651214,0.220750552,71.65562914,21.92580795,11.9,,30.6
08097,CO,Pitkin,6.2,0.335307926,3.824509016,1.341231704,4.07957983,0.223538622,96316.0,16.57449015,18.53900219,10.89987326,1.972707629,9.09630394,1.613089066,0.541537043,83.1489803,4.610484123,6.7,0.558846533,21.1
08099,CO,Prowers,25.2,0.826036692,5.288170742,1.073847651,0.660829365,,48337.0,25.32711059,18.15151263,39.00325027,12.62216949,29.89834785,0.258354863,0.69172431,55.72131011,58.29065323,19.2,,31.6
08101,CO,Pueblo,19.4,0.365085989,7.525022303,0.61240232,0.700729609,0.070661806,56311.0,22.18039747,19.70540312,41.57954829,17.14780045,41.56915665,0.928866212,1.781020682,50.85988511,57.31506729,16.2,0.05888484,31.4
08103,CO,Rio Blanco,12.8,0.946073771,7.901995781,0.630715847,1.261431694,,65334.0,25.11870118,17.78220248,9.526726911,2.072495222,8.584569931,0.336958187,0.444172155,84.37739317,23.44160652,10.2,,27.9
08105,CO,Rio Grande,21.0,0.531161487,3.438218137,0.354107648,1.327903628,,52353.0,22.35895658,22.77493717,39.94280267,5.071737289,17.59874916,0.311985441,0.441979374,54.25946789,66.59436798,14.4,,26.4
08107,CO,Routt,6.6,0.391236305,4.31996106,0.899843514,2.660406828,0.312989056,93776.0,19.20737847,16.60558218,8.860606549,2.46107173,12.07471085,0.680655685,0.61621491,85.55318378,10.31885719,6.0,0.234741777,24.4
08109,CO,Saguache,34.7,0.43240127,5.420737472,,1.008936286,0.720668793,43366.0,19.97487437,24.16771357,37.59422111,15.72758389,33.83972931,0.989321608,0.298366834,56.18718593,49.76218033,21.6,,30.3
08111,CO,San Juan,26.1,,11.1747851,6.684492111,9.358288765,,54146.0,14.89361702,23.40425532,12.76595745,29.00662994,99.24281311,0.283687943,0.141843972,81.56028369,28.63190651,13.8,,27.4
08113,CO,San Miguel,9.5,0.370141894,4.909271688,1.480567575,3.701418877,0.740283787,79742.0,19.2888999,14.17244797,10.92666006,2.000618219,9.766182899,0.681367691,0.247770069,83.70911794,12.27637291,9.0,0.370141894,24.7
08115,CO,Sedgwick,21.3,,4.04290429,,,,45645.0,20.13311148,27.62063228,15.09983361,5.03023386,18.58574486,0.499168053,0.124792013,80.44925125,21.97640038,14.2,,29.8
08117,CO,Summit,7.4,0.359113306,3.837427886,1.632333279,4.14612627,0.293819994,90297.0,16.75092578,12.98341652,17.1791982,1.472913623,9.357598305,1.310578007,0.747061665,76.58026083,10.88494205,6.7,0.163233325,22.7
08119,CO,Teller,13.6,0.391711384,4.47608944,0.626738191,0.783422768,0.195855692,76715.0,16.85957102,24.28166734,6.94455686,3.223129511,17.70137978,0.813435856,0.534196682,85.05463375,21.89013863,7.9,,26.9
08121,CO,Washington,16.9,,4.188596491,,,,57522.0,22.73199087,21.71476022,10.71206145,13.96027565,51.62086868,0.311397135,0.498235416,84.22254515,16.78632545,11.6,,26.8
08123,CO,Weld,11.3,0.254503965,4.800763707,0.541943729,0.485054642,0.086830765,84826.0,26.49028363,12.55604427,29.92938802,5.914419174,23.12171745,1.727151416,1.262686903,62.58142568,20.46112061,9.8,0.071859948,31.2
08125,CO,Yuma,18.2,0.298596591,10.43830494,0.298596591,1.194386363,0.298596591,56161.0,26.71205447,18.25190228,27.74329195,5.796909332,22.90698051,0.260312375,0.210252303,69.56347617,26.33456039,13.5,,27.9
10001,DE,Kent,17.5,0.321275532,5.278973396,0.62076962,0.615324318,0.141579047,64670.0,23.12112664,17.96085807,7.688162287,6.49752903,21.59885979,2.398667041,25.15081028,57.65434339,40.09772491,12.2,0.125242993,39.3
10003,DE,New Castle,14.8,0.304524601,5.613901227,0.854805887,0.733708382,0.183427095,74088.0,21.17381759,16.35831294,11.12911958,6.022437096,28.54770088,6.136469962,24.94888027,53.13735831,31.08005905,11.4,0.201235548,37.6
10005,DE,Sussex,18.9,0.355908692,4.465901447,0.765617549,1.2663728,0.169677407,70500.0,18.33194315,28.88009841,11.28706114,6.872767925,28.57544136,1.269704859,10.46221638,72.34916462,28.34198952,11.5,0.12829268,38.6
11001,DC,District of Columbia,25.5,0.303023487,8.773391773,1.160187244,1.285044074,0.245505154,91072.0,16.58832999,12.58453038,11.261339,1.606102347,4.595057011,4.813608974,40.90610475,37.96285957,55.6010704,16.8,0.221656084,25.1
12001,FL,Alachua,16.2,0.46457094,11.29164765,0.796407342,0.789033175,0.15485698,56006.0,18.15756209,15.09580993,12.07104587,7.211268425,19.24308777,6.424795668,18.37589956,57.62349713,20.85376549,19.1,0.132734552,33.0
12003,FL,Baker,22.3,0.642630041,5.52666586,0.541162133,0.507339537,0.135290533,60994.0,23.42970381,15.09607559,3.443150855,17.07492447,55.56497574,0.555575215,13.53551081,78.5059627,24.56368828,16.1,0.135290533,37.6
12005,FL,Bay,23.8,0.723783314,5.646013247,0.904729128,1.068163991,0.175108865,60106.0,20.29323806,18.49089124,7.90224637,10.33615303,31.4658165,2.32170578,10.01563784,73.25130125,23.13236618,13.9,0.081717469,35.3
12007,FL,Bradford,24.8,0.874339879,7.712854758,0.559577525,0.314762354,0.104920782,54911.0,18.76479525,18.68706498,4.769812387,0.374181718,1.058083892,0.476981239,19.1746458,71.79450942,26.11653137,19.1,,38.8
12009,FL,Brevard,17.3,0.501266301,4.875538009,0.619598031,0.864478946,0.138053671,65280.0,18.05387958,24.5903477,11.19447027,12.05688858,41.80578613,2.569517253,9.313696399,71.03980798,18.08708572,11.3,0.115044728,32.9
12011,FL,Broward,16.5,0.397833616,5.686588547,0.72161603,0.830905378,0.187426105,65536.0,20.48663452,17.21746062,31.30584378,2.378798962,9.398169518,3.807907425,26.62130505,33.13301189,24.1655407,12.8,0.139420509,31.8
12013,FL,Calhoun,28.8,,5.539309884,0.497229725,0.568262517,,43210.0,19.96629543,19.27754982,4.557444314,20.48007011,45.39909744,0.337045721,12.22157093,76.86107855,26.47156334,20.6,,43.6
12015,FL,Charlotte,19.2,0.354371339,5.136238803,0.400593698,0.719014347,0.112987965,59547.0,12.09920416,40.35387242,7.53504204,13.80422306,49.20795441,1.373316136,4.74719958,82.25981686,12.68846321,10.9,0.077037252,34.4
12017,FL,Citrus,24.9,0.4117378,6.713911219,0.450950921,0.607803404,0.124174893,48237.0,14.5316979,37.31271491,6.006773139,15.66366291,46.17378616,1.567832141,2.529201849,85.46180197,21.70882034,15.5,0.039213125,34.5
12019,FL,Clay,12.1,0.293096453,5.27295025,0.60873878,0.545610309,0.103711054,76711.0,23.87500286,17.15869779,10.60001375,8.584723473,34.74637985,3.036037481,11.73955875,68.26548145,15.71034527,8.0,0.112729408,35.6
12021,FL,Collier,17.3,0.279917449,4.229845988,0.572558403,1.091678023,0.165405765,75799.0,16.65540037,32.64520215,27.21183121,7.018535614,26.92738533,1.442174626,6.002363261,62.66234112,8.731304169,10.4,0.129779905,27.4
12023,FL,Columbia,22.7,0.757012665,6.780822985,0.715721071,0.619374037,0.123874806,52035.0,21.35642343,20.5730437,7.264196964,4.449868202,13.05755806,1.243938133,16.41510517,70.44104565,31.30706215,16.5,0.082583204,38.3
12027,FL,DeSoto,36.7,0.493250251,11.5839831,0.311526477,0.389408112,0.155763239,43256.0,20.5085943,22.6807158,29.46491641,7.043897629,10.60841465,0.556275018,12.37049682,54.81516364,23.73225975,25.5,,44.2
12029,FL,Dixie,32.7,0.820777416,5.502582439,0.410388708,0.351761729,0.175880864,39029.0,18.07387076,23.15770631,4.105256877,3.005890846,8.595787048,0.346082702,9.254728802,82.04546811,32.19108582,23.4,,43.6
12031,FL,Duval,20.9,0.490313709,7.033312572,0.869944811,0.767537534,0.185160667,60121.0,21.49167258,15.29078405,11.31907747,9.746009827,29.37713432,4.886863466,28.76190151,49.42299212,28.50819206,14.9,0.127233312,33.1
12033,FL,Escambia,28.1,0.508741677,6.108035631,0.663845837,0.608008325,0.145797923,54492.0,19.80708594,18.91054814,6.459359128,12.30762386,40.9798317,3.06487939,21.17022103,62.42897749,26.34392548,18.5,0.10236875,32.6
12035,FL,Flagler,19.2,0.244826972,5.292876644,0.481211632,0.683827043,0.135076955,65783.0,16.46067708,32.23318137,10.65974449,17.90522957,51.98797226,2.123455078,9.132590269,73.05638857,16.82904053,10.3,0.067538477,33.4
12037,FL,Franklin,35.0,0.737644434,9.486240256,0.409802467,1.475288868,0.491762966,44684.0,15.22769255,27.22672878,5.421251305,0.674056947,3.267386436,0.240944502,11.26817123,78.6924745,20.72234535,21.0,,37.6
12039,FL,Gadsden,42.4,0.795105696,12.20910377,0.530070484,0.419639111,0.110431343,45678.0,21.0126409,19.95162689,11.6209556,2.694962978,4.496080399,0.335417332,53.22411354,32.15671063,38.50188828,25.8,,44.3
12041,FL,Gilchrist,22.5,0.476568699,5.618729097,0.423616618,0.317712456,0.158856228,52168.0,20.65606807,21.21025526,7.545902373,0.073040895,0.117548287,0.313479624,4.411106135,82.99932826,24.49916077,15.3,,36.9
12043,FL,Glades,24.7,0.211297363,8.138994704,,0.352162272,,46389.0,16.80686129,25.76282368,25.15256474,23.92137718,56.22823334,0.280389246,11.8258288,58.81576777,14.02192783,19.2,,39.7
12045,FL,Gulf,25.2,0.517215908,3.292880259,0.591103911,0.960543811,,51684.0,16.70659526,24.63359639,3.91065389,1.889889002,7.968082905,0.401634724,11.9222097,79.07271702,22.02477646,15.7,,38.4
12047,FL,Hamilton,35.7,0.964120924,11.69552736,0.413194686,0.206597343,,39522.0,19.10168523,18.89460154,10.3898886,9.512290001,18.63431168,0.307055127,31.57669237,54.50585547,30.44441414,25.7,,39.5
12049,FL,Hardee,26.2,0.596525252,9.454162276,0.410111099,0.410111099,0.223696962,45964.0,25.61298219,16.87132309,41.86836183,13.02270699,24.73472214,0.651478659,8.334978481,46.87882497,32.33974457,21.9,,40.3
12051,FL,Hendry,28.3,0.817508698,9.491473108,0.490505219,0.560577393,0.233573914,48841.0,25.68212221,14.22044978,55.81160554,7.249657154,13.86414814,0.855650067,10.58835407,30.51313764,36.33826065,21.7,0.070072174,38.6
12053,FL,Hernando,18.0,0.332005322,5.750311398,0.523159862,0.64388907,0.135820359,56443.0,18.43096933,28.1104285,14.93201038,12.33898544,34.39649582,1.31917847,4.887540807,74.06112639,24.6849308,12.0,0.080486134,33.4
12055,FL,Highlands,22.8,0.459494174,6.812603316,0.478249043,0.487626493,0.131284058,47820.0,17.49493752,35.11730133,20.68750926,17.70815086,38.36775589,1.58245666,9.368301477,64.71180916,27.17032814,15.1,0.065642029,36.2
12057,FL,Hillsborough,19.5,0.410559177,6.562353597,0.61884284,0.641540468,0.191594288,65818.0,21.97145836,15.11239503,29.27744386,8.219137192,29.8547821,4.790369937,15.37778076,45.74656691,25.34908104,14.3,0.137520641,31.4
12059,FL,Holmes,30.3,0.612432361,7.842258571,0.25518015,0.40828824,0.15310809,44139.0,20.63298224,20.65842365,3.500737801,18.65050316,33.96690369,0.412150817,6.161909123,85.31013077,33.64975739,20.0,,36.3
12061,FL,Indian River,19.3,0.387649357,5.256811076,0.541478455,0.824524045,0.184594944,61351.0,15.89731394,34.08265952,13.03727439,13.37899494,45.65154648,1.465066213,8.185220417,73.48611911,16.53201485,11.7,0.098450631,33.0
12063,FL,Jackson,26.9,0.694369078,6.034077701,0.650971055,0.629271984,0.151893243,42721.0,19.12128321,20.24768064,4.680994949,5.433339119,10.28848457,0.617088273,25.44855132,64.72875589,29.76745796,20.6,,42.7
12065,FL,Jefferson,25.4,0.893900871,8.412673638,0.481331229,0.343808025,,56130.0,16.91936595,24.74155755,4.534803584,5.80290699,16.25782013,0.234321158,31.70227429,60.09648518,21.39058876,16.4,,37.9
12067,FL,Lafayette,28.2,0.471586883,6.616908282,,0.353690177,,45732.0,17.10430343,20.62971067,11.40286895,4.558428288,7.862633705,0.121565767,12.44833455,73.83904692,18.51960945,18.9,,40.4
12069,FL,Lake,15.9,0.391486377,4.431189787,0.476707906,0.689761698,0.114516422,64662.0,18.62505079,27.50028649,17.02669056,11.84397411,34.32871246,2.177853712,9.866495119,65.94870246,19.83286858,10.0,0.082558349,34.8
12071,FL,Lee,18.1,0.332588494,5.605759869,0.541246653,0.878893554,0.147957623,66426.0,17.41498011,29.10483661,22.75972567,11.99537563,37.03023911,1.680945083,7.354939789,64.46659008,19.48435211,12.2,0.097373813,31.1
12073,FL,Leon,16.1,0.399377257,10.62379361,1.011981368,0.781831741,0.118459351,57246.0,19.03058885,14.69277682,7.841942792,9.398458481,32.29963303,3.581475575,29.94647465,53.88743249,21.80413628,16.2,0.142151222,33.1
12075,FL,Levy,32.8,0.734353542,6.74814533,0.544842958,0.63959825,0.23688823,45494.0,20.09087732,25.18699755,9.507165327,4.210308552,8.371204376,0.680414773,8.381684726,76.60258651,28.29037666,18.8,,38.5
12077,FL,Liberty,27.8,0.478240073,6.02685383,,,,48271.0,18.3972912,14.86079759,7.047905694,10.06955051,25.91895866,0.225733634,16.96764485,71.8459995,23.72270012,23.1,,40.8
12079,FL,Madison,31.2,0.694927037,9.809828658,0.588015199,0.320735544,0.213823706,43444.0,19.92430988,22.73486198,4.903161175,11.58192348,20.75887108,0.250445236,34.95658949,56.38913624,26.28695107,21.8,,36.5
12081,FL,Manatee,15.8,0.386655271,4.377752105,0.481495261,0.695493162,0.155634835,67929.0,18.28250482,27.86395136,17.75762428,6.141537666,26.70121956,2.10977959,7.79239949,68.32478547,15.66034985,9.9,0.119157918,33.9
12083,FL,Marion,20.7,0.497974634,6.838002517,0.527424753,0.548843026,0.136541426,54555.0,17.97008843,29.84719665,14.87332007,11.87595463,32.71481323,1.588952616,11.38443449,67.52636283,25.90650558,13.6,0.048191093,39.1
12085,FL,Martin,16.9,0.487389565,4.830045592,0.703321636,1.277084112,0.215932086,67059.0,16.52201905,31.43702937,15.26658293,10.2407589,37.92317963,1.417651848,4.593166741,75.24789972,12.60580635,11.4,0.172745675,27.6
12086,FL,Miami-Dade,18.1,0.344254047,6.112385179,0.653417826,0.862481952,0.235658884,58905.0,19.36314271,17.18604898,68.73050119,1.818706393,6.120080948,1.542397994,14.01882546,13.38076155,38.12690353,15.2,0.138883606,30.3
12087,FL,Monroe,17.4,0.703653574,4.960819399,0.906630576,3.139377594,0.392422199,68975.0,14.78992205,23.41023723,23.44764341,9.090139389,33.04531479,1.371962256,5.450442841,66.0412192,15.39354992,11.0,0.202977002,29.7
12089,FL,Nassau,14.3,0.373162985,5.045400621,0.669498324,0.702424467,0.109753825,78069.0,20.10580839,23.66522047,4.92407473,12.12796593,43.97163391,0.955153179,5.473038782,83.91291836,13.05430222,9.9,0.109753825,32.5
12091,FL,Okaloosa,14.6,0.469880641,4.196839052,0.883375645,0.991448164,0.126867771,69053.0,22.30521383,16.63879283,10.66670446,11.10424137,41.51036453,3.107696959,8.92718786,69.10397415,14.01575661,9.7,0.159759417,33.6
12093,FL,Okeechobee,30.4,0.591058493,6.626473006,0.378277421,0.685627818,0.283708066,47642.0,21.97558269,20.74210473,24.86378771,27.29127884,50.55872726,0.837453335,8.369488447,62.2313591,32.18707275,20.9,0.070927016,40.1
12095,FL,Orange,20.4,0.373114139,6.042550226,0.854459882,0.872261107,0.167331725,64579.0,21.96714754,12.40324552,33.0807996,7.180061817,22.10618782,5.375870336,18.43643088,37.16057257,25.88034248,14.9,0.133153334,32.8
12097,FL,Osceola,20.4,0.316624075,5.531329018,0.713701785,0.674772561,0.150526196,60495.0,23.37285414,14.06282162,54.31255403,14.88173962,35.30324936,2.925466222,9.042701,29.16769585,32.31035995,13.3,0.077858374,31.0
12099,FL,Palm Beach,15.9,0.342265844,5.429537505,0.659326077,0.839745283,0.185062349,70024.0,19.00339836,24.26545931,23.45095232,4.130144596,18.59252548,2.905526169,17.13748441,52.25597795,19.37124062,11.6,0.176439375,30.5
12101,FL,Pasco,16.8,0.373414308,5.393146367,0.473342061,0.529441893,0.120965198,59555.0,20.26460648,22.72949736,16.57919419,12.07172489,40.43917465,2.920139315,5.624044521,69.83115942,20.04165459,11.6,0.092915297,34.7
12103,FL,Pinellas,15.7,0.428950787,5.404465259,0.740170479,0.945944011,0.206797287,61851.0,15.53382469,25.25161426,10.68066441,5.120915413,18.05746078,3.513685126,9.532930111,71.36461312,17.97191238,12.3,0.151514843,32.2
12105,FL,Polk,22.7,0.424416304,6.451488354,0.525148034,0.384123594,0.126250416,56344.0,21.87585339,20.56986729,25.88732301,13.44119263,36.42605209,1.817953619,13.92325452,54.15118489,31.40893173,15.6,0.060439028,41.6
12107,FL,Putnam,41.1,0.614849985,9.303912965,0.454454333,0.454454333,0.14702934,38759.0,20.64483572,24.14997068,10.65997463,6.702661514,13.38519859,0.639653033,15.37622236,68.93113842,38.02602005,26.3,0.040098909,39.8
12109,FL,St. Johns,6.6,0.26191628,3.619900899,0.627881527,0.957967818,0.11481262,94662.0,22.97668465,21.11365091,8.268080827,5.476187706,28.64965439,3.570997531,4.732559203,78.42296791,7.832373619,6.3,0.129164204,26.5
12111,FL,St. Lucie,18.4,0.403338224,4.545539398,0.507138491,0.569418669,0.139388949,62378.0,19.89059187,24.19462618,20.14421704,15.21819687,45.94790268,1.724651151,19.62086834,53.6206132,23.73665237,11.4,0.068211608,34.7
12113,FL,Santa Rosa,12.0,0.322514117,3.92172295,0.586869955,0.454692066,0.08459387,80837.0,22.76914894,16.71595745,6.324468085,9.511779785,39.8200531,2.030851064,5.686170213,78.46702128,13.19444084,8.9,0.111029454,31.1
12115,FL,Sarasota,13.3,0.311185777,3.936805221,0.469033629,1.116209865,0.175887614,71630.0,13.71916517,37.59187661,9.962074257,7.110692501,32.93350983,1.937069994,3.724602886,80.57492293,10.61188602,8.6,0.137553126,28.8
12117,FL,Seminole,11.2,0.362738341,4.726198542,0.784527123,0.742348254,0.156061843,70470.0,21.25363168,16.2964898,22.62666293,6.127510071,29.31243324,5.344309088,10.67757446,56.08338855,15.59634209,9.4,0.158170789,31.4
12119,FL,Sumter,25.6,0.273345888,5.215868423,0.273345888,0.546691775,0.107899696,69707.0,6.979468525,58.85997904,5.844225908,5.988216877,33.79681015,0.954127875,6.40683766,84.17057155,10.08202744,9.5,0.028773252,35.1
12121,FL,Suwannee,28.4,0.758065581,5.875847478,0.512809098,0.379032791,0.156072333,46284.0,21.15057276,22.82283664,11.00657864,5.375207424,11.99570084,0.621060864,11.31710908,72.83433777,30.2557354,20.6,,44.8
12123,FL,Taylor,28.6,1.018518567,4.955352221,0.694444418,0.601851881,0.185185179,47083.0,19.7926225,20.90750596,3.973206093,14.7476263,29.74574471,1.027711507,19.25123876,71.70581758,37.48456955,20.1,,42.8
12125,FL,Union,24.3,0.395204842,8.692277843,0.263469905,,,48667.0,18.9137301,15.52610392,4.731529077,19.49677086,42.66410446,0.216758531,19.79934353,71.74707376,24.25569725,22.7,,42.5
12127,FL,Volusia,19.1,0.504009843,5.923527575,0.605524182,0.917191029,0.13713342,58246.0,17.23804655,25.6933969,14.93145067,10.84035587,32.30312729,1.892897209,9.997055333,68.56323718,22.8199501,13.8,0.113981016,33.9
12129,FL,Wakulla,16.8,0.437075675,2.810422403,0.349660546,0.466214061,,71962.0,20.46558465,17.26098803,4.670655136,3.236619711,10.65250301,0.58642341,12.44520791,76.96659164,16.39762306,10.1,0.087415136,37.3
12131,FL,Walton,18.8,0.482726216,5.513644667,0.782799304,1.500365257,0.143513203,64779.0,20.38377266,20.28019388,8.215921918,10.07321072,34.56222534,1.204435296,4.37421154,80.53117323,13.84250069,12.4,0.195699826,31.1
12133,FL,Washington,28.1,0.462748736,8.448659195,0.694123089,0.308499157,0.115687184,47930.0,20.31756063,19.01414014,3.649577376,21.71642113,40.7327919,0.521368197,12.78142033,76.95710562,21.70741463,19.2,,41.1
13001,GA,Appling,27.6,0.545702577,11.86291256,0.763983607,0.70941335,0.163710773,46530.0,24.32227283,17.94079375,9.894816743,23.20490837,47.75818253,0.666883539,18.10344828,68.71611364,51.95543289,18.2,,40.7
13003,GA,Atkinson,38.7,0.476587623,9.662129315,0.595734537,,,40303.0,26.03186097,14.01158581,24.71638909,14.95057392,23.49192238,0.144822592,14.57880763,57.94110548,53.07994843,23.8,,42.1
13005,GA,Bacon,35.7,0.815512896,13.04264678,0.996737957,0.271837622,0.271837622,43154.0,25.40394973,17.29802513,7.854578097,1.303894281,3.315357208,0.359066427,15.68222621,72.73788151,56.20242691,23.4,,41.3
13007,GA,Baker,41.5,,9.699453552,,,,44106.0,20.89707928,22.80945758,4.972183588,28.04342079,61.25427628,0.625869263,39.22114047,52.64255911,64.45641327,25.9,,41.9
13009,GA,Baldwin,31.6,0.975631416,14.49279041,1.064325094,0.709550083,0.155214086,44685.0,18.41822873,17.29719857,2.600515994,12.87980175,24.61774063,1.367611133,41.82287267,51.21578118,42.13692856,24.4,0.066520318,39.8
13011,GA,Banks,19.4,0.516742468,6.675174786,0.723439455,0.723439455,,60485.0,22.9276407,17.44940394,6.454116995,0.871686161,1.771997452,1.047962296,2.184640976,86.37649016,26.01367569,12.8,,36.7
13013,GA,Barrow,13.3,0.502406895,4.446891826,0.490722984,0.420619726,0.105154932,67646.0,25.51942997,13.36207413,12.64594934,11.31127167,38.41773224,3.871624454,12.14418298,66.56128376,26.69572067,9.6,0.105154932,39.9
13015,GA,Bartow,17.3,0.703671873,6.297881929,0.685394704,0.685394704,0.14621754,67604.0,23.26057612,14.95762206,9.872269309,11.69315434,30.29283524,1.073452034,10.3846613,73.60722124,30.87855339,11.6,0.07310877,37.8
13017,GA,Ben Hill,34.4,1.143613815,12.81717632,0.662092209,0.541711807,,39863.0,23.43259276,18.91939049,6.130045365,13.16244125,30.14131165,0.674653949,36.18704199,53.617541,65.70262146,22.1,,41.9
13019,GA,Berrien,27.9,0.721352041,10.84566006,0.463726312,0.463726312,0.154575437,46404.0,24.61453744,17.57709251,5.754405286,10.39609337,20.00658417,0.440528634,10.64977974,79.27312775,45.62551498,17.2,,38.7
13021,GA,Bibb,39.0,1.185043573,12.15785446,1.185043573,0.844589055,0.196416065,47859.0,23.16169461,16.87364153,4.281646817,13.06022263,32.24439621,2.039454451,54.16979142,36.09052661,63.79157257,24.5,0.08511363,48.5
13023,GA,Bleckley,28.8,0.61752218,7.208724951,0.69471246,0.38595137,,51770.0,23.60327426,17.38059286,3.727251053,18.38489151,39.64612198,1.21592625,22.15687833,70.46809187,42.7569809,19.0,,42.0
13025,GA,Brantley,27.4,0.937402368,8.758961819,0.312467456,0.260389537,,48076.0,24.02197436,16.61949947,1.80900061,2.651021481,4.349430561,0.233061428,3.118583874,90.54436491,50.61972809,18.4,,39.2
13027,GA,Brooks,36.0,0.455818206,14.03824662,0.520935059,,0.195350662,40936.0,21.80234341,21.44040243,5.858536286,4.667293072,10.24220371,0.411017729,34.86902644,55.61621986,55.34392548,23.5,,42.1
13029,GA,Bryan,11.2,0.687032282,3.842398884,0.736105978,0.613421679,0.171758071,87334.0,28.85690017,11.42205731,7.306987349,9.644585609,41.10068512,2.306763825,14.14904555,70.00983504,21.12419701,8.1,0.073610596,37.1
13031,GA,Bulloch,25.3,0.791697085,10.73742583,0.779326797,0.655624151,0.111332402,53105.0,20.47497503,12.03960591,5.154194256,8.438023567,21.28458214,1.582017041,28.08296033,61.29791983,38.60244751,21.3,0.049481068,39.1
13033,GA,Burke,30.5,1.015542269,6.242396275,0.618156135,0.662310123,,46977.0,23.65425272,17.88502195,3.159050252,7.607524872,14.96889305,0.394373069,44.54789397,48.54854448,63.2947731,20.7,,44.8
13035,GA,Butts,20.6,0.904585838,7.975212178,0.707936764,0.668606937,,61471.0,19.94967367,16.55657781,3.157191161,8.546416283,16.62614822,0.401037981,26.76731934,65.37705434,38.51044846,14.0,,40.2
13037,GA,Calhoun,39.1,0.641951561,10.81924577,,,,38232.0,15.89808003,16.79526287,2.673604881,6.310927868,13.75553417,0.340929481,64.04091154,31.68849812,61.85470581,34.0,,46.6
13039,GA,Camden,16.6,0.613851368,8.336698006,0.794395924,0.686069191,0.16249007,63482.0,23.66345311,14.45552147,6.679082676,17.80788612,51.31022644,1.54287175,17.34041776,67.92835232,26.96432495,11.8,,38.1
13043,GA,Candler,34.0,1.456531644,11.99211786,0.910332263,0.637232602,0.273099691,41593.0,24.95219015,19.31518077,12.54894818,0.386919141,0.646144032,0.573718241,24.41489846,59.8032966,58.63298416,22.0,,44.0
13045,GA,Carroll,20.0,0.731709301,6.756449894,0.830366731,0.731709301,0.172650516,59894.0,23.62775708,14.92093866,8.045456071,19.46979141,53.0310936,0.926578709,18.28062578,67.75187162,38.79360962,16.3,0.065771624,36.9
13047,GA,Catoosa,17.2,0.441202432,4.355887851,0.779457629,0.441202432,0.132360727,64245.0,22.72512966,18.31388496,3.449139557,9.656885147,36.66392136,1.510195662,2.663837812,87.34087694,26.24909401,11.6,0.05882699,36.6
13049,GA,Charlton,33.5,0.446760982,15.69629173,0.446760982,0.297840655,,47229.0,19.03658731,15.15417798,16.26457901,3.16135335,7.268864155,0.870746126,19.0605528,60.16935613,33.06031418,24.6,,42.2
13051,GA,Chatham,24.1,0.666751862,7.181190542,1.074403286,1.264410257,0.203825712,61527.0,20.51400144,16.10038911,8.05645956,10.80629349,31.67127419,3.596452313,36.57781646,47.21884514,37.22525406,15.5,0.103640191,36.1
13053,GA,Chattahoochee,17.1,,12.00066302,0.568666458,,,53786.0,24.73601673,4.798745426,16.83220073,39.34128952,97.65144348,3.178254051,15.29534762,56.48719289,18.30790138,16.5,,43.1
13055,GA,Chattooga,28.6,1.046572447,6.893076249,0.523286223,0.402527869,0.161011145,42974.0,22.22711797,17.93711196,5.195273383,21.05294991,37.49126053,0.408572001,9.577408372,80.42860004,54.74714661,20.2,,39.0
13057,GA,Cherokee,9.2,0.297805279,3.828253612,0.64838618,0.671004295,0.135708734,96997.0,23.88868052,15.39831971,12.04373265,7.052134991,41.24746323,2.03623134,6.498387218,74.21311229,11.28361607,7.0,0.13947843,35.1
13059,GA,Clarke,25.4,0.579052389,15.48744562,0.970304012,0.946828902,0.18780078,49145.0,16.97429879,12.04389489,11.14159368,21.82887268,40.02790451,3.823705419,24.3776764,56.11287703,31.38620377,21.5,0.226925939,37.0
13061,GA,Clay,38.6,,11.09936575,,,1.046755075,35957.0,21.13764045,25.94803371,1.439606742,1.114338875,1.867678642,0.210674157,55.93398876,40.13342697,92.87043762,24.3,,44.8
13063,GA,Clayton,29.1,0.584323704,7.252500234,0.731258929,0.36221236,0.18110618,51422.0,25.87980309,10.45985316,14.29661117,16.02253914,39.19661713,4.533342294,68.98671013,8.703775265,63.16106415,18.9,0.034170978,45.4
13065,GA,Clinch,31.4,1.215435982,23.0214747,0.911577046,,,44799.0,25.41117203,17.88413098,3.748703512,5.148787498,7.746882915,0.325974218,28.89316936,63.06119425,56.51777649,23.9,,44.9
13067,GA,Cobb,12.2,0.335542321,4.087577435,0.965994895,0.76938808,0.148110479,87532.0,22.75027442,13.19351719,14.51936895,8.015102386,38.89902878,5.551531099,26.11398044,48.18671042,17.87713051,9.6,0.157285467,28.9
13069,GA,Coffee,35.0,0.902401805,10.32416577,0.786709249,0.393354625,0.185108051,36708.0,24.76793836,13.93994245,12.60094681,2.824221134,7.233941555,0.69386429,27.55035737,56.06144992,50.29540253,26.0,0.115692534,41.4
13071,GA,Colquitt,30.8,0.988098919,10.86164647,0.658732593,0.483070582,0.263493031,44485.0,25.50220053,16.71750403,18.97468299,12.74131393,29.49828529,0.845352739,21.776548,55.74970587,54.6052742,22.4,,40.4
13073,GA,Columbia,9.2,0.261882931,3.769864588,0.68588388,0.598589599,0.118470855,87281.0,26.40023075,14.33305557,7.600794821,5.915306091,35.88869858,4.55227229,17.70463432,63.52861996,13.5519228,7.3,0.112235546,36.0
13075,GA,Cook,30.5,1.098837495,12.0977741,0.867503345,0.404834896,,44995.0,24.90568228,17.3196355,6.581925823,0.776539564,1.640862584,0.580416739,27.58720762,61.86081607,53.83821869,20.1,,40.7
13077,GA,Coweta,12.5,0.404377878,4.455277337,0.662914574,0.523702502,0.15247035,85182.0,23.9487404,14.99883688,7.562364017,11.72949505,44.88624954,2.277672108,17.47697697,68.02296145,22.13140297,8.1,0.099437185,44.1
13079,GA,Crawford,26.3,0.654075682,5.668252776,0.245278388,,,54442.0,20.80791426,19.56306678,3.42126958,16.44565582,40.54055405,0.255564716,18.68920033,73.09150866,39.68059158,16.3,,41.1
13081,GA,Crisp,38.6,1.588454247,11.15501976,1.043841362,0.635381699,0.317690849,41505.0,22.64507154,19.78338633,3.149841017,3.499778748,6.05555439,0.89427663,43.82452305,49.145469,72.05152893,24.2,,44.8
13083,GA,Dade,16.7,1.12100637,3.874415498,0.747337639,0.249112532,0.249112532,64054.0,20.08491785,19.63571473,2.239862162,0.0,0.0,0.793797305,0.867638915,90.98517014,24.3092308,11.3,,36.0
13085,GA,Dawson,13.9,0.627005517,7.001733102,1.327776313,0.995832264,0.147530705,76903.0,19.99029778,20.02388238,5.989252929,0.259439886,0.85790509,0.876931114,0.746324353,87.85730278,18.82245827,9.0,0.221296057,34.7
13087,GA,Decatur,35.7,0.944929481,10.41367938,0.907132328,0.453566164,0.26458025,42960.0,23.57748493,18.0372527,6.507304117,5.952050686,17.90078163,0.623148432,41.54322879,48.62600879,78.33150482,23.8,,39.8
13089,GA,DeKalb,22.4,0.507867992,5.807292505,0.864819169,0.74671036,0.196848065,70756.0,22.12323158,12.82408534,10.65841425,8.722473145,24.62758827,6.551174674,50.29396297,28.24438566,42.95290375,14.5,0.116796523,33.5
13091,GA,Dodge,31.7,0.880109549,7.805791038,0.488949746,,0.146684915,40856.0,21.15934755,18.47929737,3.111668758,0.154310718,0.341046095,0.476787955,29.34504391,64.56712673,55.4998703,25.6,,44.6
13093,GA,Dooly,33.8,0.607256711,5.805544395,0.759070873,,0.227721274,43270.0,18.03176303,19.27194861,7.110992148,25.17204094,50.5700531,0.45503212,49.4289793,41.14025696,43.15950775,22.5,,44.0
13095,GA,Dougherty,38.4,1.121685505,12.17640266,1.133249283,0.693826079,0.115637682,41985.0,22.75789719,17.43443292,2.812682131,24.50279999,42.93122101,0.754167152,69.61184287,24.04825737,86.02191162,26.1,0.092510149,44.4
13097,GA,Douglas,20.8,0.486525923,6.036058286,0.810876548,0.533827066,0.135146096,66162.0,24.82650083,12.45796848,11.11711974,14.99591351,42.98202133,1.603610724,47.6736205,34.57989282,37.03622437,12.8,0.06081574,42.8
13099,GA,Early,41.5,1.494470477,10.18553223,0.896682262,0.597788155,0.398525447,38817.0,23.39229777,20.29666482,1.713653952,2.605729103,5.748695374,0.433020085,50.98581168,44.34309932,85.89884186,26.1,,45.1
13101,GA,Echols,31.7,,17.1498239,,,,42241.0,26.72437111,14.36299702,29.51041385,18.30880165,47.74458313,0.216391669,3.976196916,62.96997566,43.31167603,21.6,,41.5
13103,GA,Effingham,12.6,0.501786649,3.379923761,0.456169695,0.334524453,0.045616969,76626.0,26.97895598,12.63413053,5.391468141,6.534816265,22.17981911,1.04525313,13.50491748,74.4244932,20.8646946,9.2,,38.6
13105,GA,Elbert,30.3,0.827514887,10.70444502,0.5689165,0.258598387,0.206878722,42866.0,21.10301981,22.06548862,5.07205785,10.40057278,20.73412132,0.926821816,26.75052197,64.21551153,53.12042236,19.2,,42.4
13107,GA,Emanuel,33.2,0.888612449,10.44659659,0.755320549,0.533167481,,45252.0,23.92832045,17.96820098,4.361384399,14.70948315,25.5206852,0.619290232,31.82536894,60.67726634,65.09085846,24.1,,42.7
13109,GA,Evans,37.1,1.222034216,11.56462585,0.846023679,0.470013171,,41847.0,24.56840542,17.39372564,11.48134398,0.0,0.0,0.723965101,28.6151847,56.04232411,65.69216919,23.9,,44.8
13111,GA,Fannin,22.9,0.565589547,5.392961525,0.829531312,1.282002926,0.188529849,54446.0,16.31581026,29.57067815,2.974051108,0.416636854,2.223319054,0.446305146,0.335716261,92.22718117,25.13102913,13.2,,38.9
13113,GA,Fayette,8.6,0.431700647,2.007674387,0.975643456,0.915205359,0.155412227,92319.0,22.98437841,19.64864003,7.953420474,5.88851881,36.70776749,5.337516989,24.46935248,57.17066295,11.62857628,6.5,0.224484339,31.3
13115,GA,Floyd,25.2,0.933025002,6.853181111,0.821467698,0.578069866,0.121698916,59685.0,22.6091455,17.36184371,11.63069058,14.60484314,34.6473732,1.305485677,14.14022559,68.72007628,39.3983345,16.2,0.070991032,40.1
13117,GA,Forsyth,5.6,0.314933002,2.892023763,0.68966341,0.542163134,0.139527276,120919.0,27.89285387,12.55437097,10.03888047,8.065178871,55.90834808,17.9546567,4.160647557,63.43724008,6.164448261,5.3,0.159459755,31.3
13119,GA,Franklin,27.7,0.510551393,7.267684994,0.850919008,0.850919008,0.170183793,48045.0,21.84511612,18.98053279,4.785689891,0.0,0.0,1.114241803,8.06010929,82.23189891,38.84799576,16.5,,36.7
13121,GA,Fulton,19.3,0.419527709,6.096878145,1.132353544,1.177833319,0.163355932,82820.0,20.57991394,12.28450094,8.090483824,8.957598686,29.51616096,7.558942918,42.07357201,37.94780212,38.06386566,13.7,0.224614397,30.0
13123,GA,Gilmer,23.3,0.656701505,5.017548421,0.656701505,0.969416499,0.156357497,57970.0,18.9327975,26.35154531,11.47896533,7.080071926,17.33922577,0.417822856,0.405064906,84.0908366,26.46611214,14.0,,36.7
13125,GA,Glascock,19.4,,3.41669602,,,,49175.0,22.46879334,19.93758669,1.803051318,27.7291832,69.66612244,0.242718447,6.796116505,89.21636616,36.58400345,15.3,,37.0
13127,GA,Glynn,26.1,0.771316409,7.065237056,1.005048633,1.238780856,0.245418847,60685.0,21.33871407,22.38014651,7.49831359,12.36205101,34.41807556,1.390549001,24.22395531,62.70725097,39.61371994,16.5,0.128552735,35.9
13129,GA,Gordon,17.5,0.629465818,6.411094426,0.663491011,0.459339917,0.204151079,56053.0,24.40567218,15.83136383,15.56548033,10.47668266,20.3705368,1.24947866,3.605936327,75.2763103,30.914711,12.8,0.05103777,40.0
13131,GA,Grady,31.3,0.694132566,6.524427953,0.653301239,0.204156622,0.16332531,42171.0,23.91370636,19.07684098,12.47522488,1.381008387,4.122252464,0.41927123,27.76719012,56.08705595,47.07851791,22.4,,41.8
13133,GA,Greene,26.4,0.902479172,5.266611977,0.53087008,0.849392176,0.318522066,65261.0,18.80518107,29.59555908,6.81469733,10.01536465,19.55669785,0.919904837,30.57361882,58.8210415,33.07320786,14.0,,39.2
13135,GA,Gwinnett,15.6,0.447685033,4.360981951,0.972813189,0.827474713,0.168677539,75021.0,25.86854352,10.99145092,23.03508028,9.708332062,38.85668182,13.22025114,26.86597107,32.45171159,21.4367218,10.8,0.123060338,33.3
13137,GA,Habersham,19.0,0.803526819,5.247120201,0.651508212,0.673225164,0.130301654,55987.0,22.05687471,19.28482979,14.94644913,7.86648035,18.11921501,2.150724512,3.740957181,75.37094567,26.07661819,13.3,0.086867765,36.8
13139,GA,Hall,16.1,0.522772074,5.304084841,0.692188919,0.585698307,0.179097831,68057.0,24.2655167,16.27973377,28.06494171,7.375080109,25.03327179,2.066595778,7.017958412,59.27949748,22.2291069,12.1,0.082288191,35.0
13141,GA,Hancock,44.0,1.059571505,7.049772335,0.588650823,,,35830.0,14.28734974,23.59473383,0.721236405,29.72759438,55.79811096,0.423583286,68.97538638,27.62449914,55.45090485,30.5,,47.5
13143,GA,Haralson,20.6,0.888654828,5.303237263,0.592436552,0.691175997,0.164565712,62472.0,23.61375714,17.16300678,1.661151776,6.175201416,16.73374557,0.621678532,4.187974197,89.65874528,42.88582611,14.9,,33.8
13145,GA,Harris,9.7,0.692904651,3.298297557,0.277161866,0.582039893,0.083148561,80911.0,22.69816546,18.73485635,4.087342795,0.33547315,1.283699393,1.119187724,14.91288797,74.78077766,16.15160751,8.2,,32.7
13147,GA,Hart,24.0,0.568052709,5.198446073,0.53018254,0.454442173,,59149.0,20.87656807,22.98280935,3.604615146,0.0,0.0,1.29704197,16.74152083,74.53151618,37.96170044,15.8,,36.1
13149,GA,Heard,26.0,0.584648788,5.50978829,0.250563771,,,50379.0,23.78198388,16.03575184,2.216964599,1.119552135,3.655838251,0.464423414,8.149316509,84.0255871,44.57947159,17.2,,41.0
13151,GA,Henry,14.0,0.472528517,3.292748296,0.790335357,0.585433602,0.104541712,76577.0,25.23305859,12.43851574,7.659360564,12.35566425,49.44193268,3.313503274,48.36942072,35.85072618,31.6726532,9.5,0.079451703,39.3
13153,GA,Houston,16.3,0.799450397,4.778504908,0.95559305,0.562113523,0.131159827,71609.0,25.37079929,13.73072669,7.215537208,9.995311737,35.00927353,2.997561617,31.77354201,52.68558298,32.20754623,11.6,0.068702765,39.3
13155,GA,Irwin,29.9,0.85224247,10.59666382,,,,44540.0,21.92220153,18.21849783,6.859093731,2.82334137,6.123374939,1.231119388,23.00848334,66.23215394,46.72241592,21.4,,40.3
13157,GA,Jackson,13.3,0.55118835,4.121225407,0.511817753,0.419953018,0.078741193,72486.0,25.6313647,15.03155177,8.842399252,9.354135513,32.75984573,2.297548316,6.766174398,77.81100557,21.81787109,11.9,,41.5
13159,GA,Jasper,20.8,0.55237174,7.482185273,0.483325273,0.27618587,,61354.0,23.78667398,18.11077598,4.688785303,1.133379102,2.828284502,0.150808884,16.73978613,73.83465862,37.27933884,14.7,,39.5
13161,GA,Jeff Davis,29.9,0.65733254,11.78113928,0.65733254,0.262933016,,42192.0,26.54442114,15.81974423,13.85073415,18.02623558,38.14222717,0.338317883,15.51525814,67.32525881,57.58233261,19.4,,41.3
13163,GA,Jefferson,31.5,0.982511282,9.381578947,0.786009014,0.458505273,0.327503771,42461.0,21.69456999,20.56146158,2.940989242,0.323983252,0.744213521,0.445604431,50.73524731,43.50372398,60.98120117,20.3,,44.2
13165,GA,Jenkins,37.2,0.457351923,12.82019086,0.914703846,,,38497.0,19.24141111,19.41434171,3.493198063,0.575864792,0.942879975,0.138344478,40.76550611,53.15886558,61.51383591,27.4,,44.5
13167,GA,Johnson,32.3,0.620668232,6.721098095,0.517223537,,,37703.0,18.66361955,18.70714985,1.273261508,11.05023193,22.30296326,0.304712156,32.83273479,63.11894657,50.26550674,26.7,,42.8
13169,GA,Jones,17.5,0.451592743,8.492349395,0.277903229,0.382116914,,61509.0,23.88965323,18.05834833,1.679190038,12.35760403,33.28503036,0.486824003,23.77323879,70.81525382,26.40659523,12.5,0.138951614,39.9
13171,GA,Lamar,22.5,0.623020589,5.281239082,0.41534707,0.467265457,,55933.0,21.4,18.34594595,2.567567568,9.117257118,22.43472099,0.551351351,26.42162162,66.72432432,43.85372925,14.1,,41.5
13173,GA,Lanier,31.4,0.27940765,14.01606007,0.465679437,0.372543544,,47789.0,25.82768047,13.75923864,5.791232156,0.236588955,0.684712052,0.820087071,21.64624886,66.77128683,45.89270782,19.8,,41.1
13175,GA,Laurens,30.7,0.968176484,11.91749585,0.926081836,0.73665601,0.105236575,47905.0,23.87734517,18.6140811,2.872705265,9.711614609,19.42942238,1.022796046,36.75408513,56.24571313,67.94950104,21.9,0.063141942,41.5
13177,GA,Lee,14.8,0.496130198,5.069331028,0.496130198,0.330753446,,76546.0,25.59177396,14.03672768,2.873684528,6.807693958,32.85692596,2.563097428,22.10596146,68.62467207,37.41924286,9.8,,36.7
13179,GA,Liberty,25.4,0.714240372,7.921143484,1.047552586,0.476160258,0.095232047,50696.0,26.42209146,9.36618855,11.9314699,17.25992775,31.90497398,2.030464632,41.84902538,36.78435699,41.04765701,18.1,0.063488029,45.9
13181,GA,Lincoln,26.5,0.622587502,7.485503427,0.373552471,0.747104943,,50080.0,18.46553966,24.70741222,1.196358908,1.886000276,5.59421587,0.260078023,27.51625488,67.56827048,36.09969711,16.5,,37.5
13183,GA,Long,21.7,0.297456741,8.438529942,0.198304489,,,55601.0,30.51707076,9.494062345,12.24022761,0.26008752,0.74863106,1.014349332,24.9134092,54.26768926,33.33994293,14.6,,41.3
13185,GA,Lowndes,33.3,0.853992641,14.38187737,0.955457091,0.676429808,0.135285959,46565.0,24.71015044,13.38255068,6.657026156,8.267756462,16.86185455,1.61351701,37.16332209,50.15264142,46.37771988,24.4,0.126830593,39.5
13187,GA,Lumpkin,16.9,0.380272627,7.05633714,0.526531339,0.585034788,0.087755218,64077.0,17.31665074,18.18860487,5.34519828,0.257422864,0.749194503,0.767439083,1.230291448,87.3178452,21.87055206,13.6,,35.1
13189,GA,McDuffie,31.2,0.992344797,6.573992282,1.039599299,0.614308655,0.141763538,44597.0,23.1924926,19.31860207,3.651997041,0.168495446,0.790486634,0.351331361,39.95931953,52.77829142,63.77390289,19.6,,43.7
13191,GA,McIntosh,34.2,1.042607903,7.385854969,0.834086299,0.625564754,,47651.0,17.6309795,25.39407745,2.104783599,5.930980206,15.87765884,0.391799544,28.93849658,64.32801822,36.79826736,21.4,,41.8
13193,GA,Macon,37.6,0.86532408,12.60683761,0.550660789,0.314663321,,35660.0,17.74540639,19.02830657,3.906637974,0.222283721,0.428093284,1.291176957,59.17894388,33.75268995,53.17154312,30.3,,48.3
13195,GA,Madison,22.4,0.722329855,7.478934951,0.459664434,0.29549858,,56526.0,23.26693227,17.88512616,6.494023904,1.504400969,2.332094669,1.729747676,9.140106242,78.18393094,30.69628143,15.1,,39.0
13197,GA,Marion,32.9,0.704556108,5.612108224,0.352278054,0.352278054,,39717.0,21.92584689,19.43184849,7.468658309,0.002615234,0.00543633,0.733528941,28.30088023,59.82928781,52.10779572,21.3,,39.9
13199,GA,Meriwether,38.5,1.134001136,9.829268293,0.378000379,0.283500284,0.283500284,46799.0,19.82729346,21.65138505,2.304371028,1.218915701,3.279469967,0.378401979,35.28355892,58.62319895,50.74261475,21.7,,40.7
13201,GA,Miller,35.8,0.533617914,6.483065344,,0.533617914,,44814.0,20.85,21.15,2.266666667,0.128149167,0.406187087,0.433333333,29.13333333,65.81666667,62.52223587,24.2,,41.7
13205,GA,Mitchell,34.0,0.879548192,13.32757482,0.648088157,0.370336086,0.277752072,42539.0,21.55826247,18.97954493,4.431165249,7.944093704,20.7910862,0.496437601,46.2146633,46.45368881,65.9082489,24.7,,46.8
13207,GA,Monroe,17.1,0.891519845,4.381782,0.570572734,0.356607944,0.10698238,65697.0,21.61891476,19.44772329,2.553922095,1.429416299,3.432868958,0.854884287,21.76199163,71.37389563,27.94023323,11.7,,37.7
13209,GA,Montgomery,27.3,0.998668432,5.136028477,0.332889467,0.332889467,,47618.0,21.11498258,17.02671312,6.631823461,4.02461195,12.15620899,0.394889663,24.62253194,65.79558653,38.4209938,20.8,,42.7
13211,GA,Morgan,18.0,1.018537402,2.777921206,0.967610538,1.069464207,,67187.0,22.50584664,20.28163407,3.542817336,10.98143196,34.61050415,0.607055779,20.42593422,72.08538588,33.8791008,10.9,,36.1
13213,GA,Murray,23.2,0.724420488,6.545787453,0.674460411,0.224820137,0.074940048,53297.0,24.42398619,15.35786656,14.79498662,6.568593979,17.58192444,0.317714457,0.657944112,80.46431341,41.13584137,15.7,,38.0
13215,GA,Muscogee,29.2,0.799218118,9.058020443,1.186100721,0.738131344,0.173079073,52090.0,24.10086893,14.78286504,7.980301756,10.38720608,30.23033905,2.680236998,45.76652072,38.21874909,56.24094391,20.4,0.142535716,41.7
13217,GA,Newton,21.3,0.520764351,5.282987885,0.644335568,0.406019688,0.141224235,71366.0,24.65705929,14.26971187,6.368962421,14.36556625,33.60984802,0.928140252,46.44790768,41.55827992,48.35017776,12.5,0.061785605,42.3
13219,GA,Oconee,6.3,0.389067203,2.249122204,0.778134406,0.486334026,0.121583506,112581.0,27.69922725,15.54821886,5.614966865,3.402798653,22.31151009,4.942701979,4.538386086,81.06892509,8.918149948,6.0,0.2188503,32.9
13221,GA,Oglethorpe,20.0,0.260027289,4.914442163,0.260027289,,,57215.0,21.49072513,19.26475548,5.861720067,2.504702091,5.213443279,0.903878583,15.16357504,73.54468803,29.66478157,13.4,,36.0
13223,GA,Paulding,11.1,0.340334207,3.293025855,0.484543622,0.380712867,0.069220521,89632.0,26.4809292,11.53912286,7.449262129,13.51761818,48.62423706,1.141935599,21.70566995,64.29702184,21.67900085,7.6,0.069220521,38.5
13225,GA,Peach,30.0,0.966010749,8.260668261,0.966010749,0.393559933,0.178890884,54921.0,20.97852114,17.23669633,9.102605339,10.54314232,28.08143997,0.693327615,43.3830099,43.31153283,50.49195099,19.5,0.107334524,42.7
13227,GA,Pickens,16.8,0.573550284,2.612192277,0.633924007,0.724484563,0.120747425,72539.0,19.31900289,24.41594412,3.606695568,5.717923164,17.65766716,0.575024085,0.861030829,90.68521195,25.02490425,10.3,0.09056057,36.7
13229,GA,Pierce,23.0,0.768363893,5.808340181,0.66591537,0.461018324,,51688.0,24.43193346,18.03104078,5.061878677,3.406181097,8.88775444,0.415905863,8.100020288,83.19638872,45.96096802,15.4,,39.6
13231,GA,Pike,12.7,0.679880738,5.829450645,0.418388158,0.366089642,,75668.0,24.09868177,16.09931706,1.842342104,0.00517053,0.024667736,0.407644661,7.649955,86.36243316,25.70036507,9.7,,34.2
13233,GA,Polk,26.8,0.93370682,7.417705413,0.770308137,0.536881447,0.163398698,49061.0,24.77072784,16.85296245,13.03292652,12.15387726,24.21165276,0.55772058,11.94548806,70.38247031,49.43588638,17.7,0.070028014,41.7
13235,GA,Pulaski,30.8,0.625502646,10.74013542,0.893575191,0.357430071,0.268072546,45594.0,18.70116692,19.70573313,3.318112633,1.614088178,3.674234867,0.933536276,32.07508879,61.10603754,39.44389725,20.9,,43.5
13237,GA,Putnam,27.8,0.799289525,4.325418737,0.444049746,0.754884541,0.133214921,55826.0,19.05021091,25.31410169,7.062185331,9.503388405,15.46710396,0.489862566,24.42509185,64.93400463,37.97365189,16.2,0.133214921,42.1
13239,GA,Quitman,41.1,2.642007828,13.73943975,,,,38357.0,16.3310962,31.05145414,1.387024609,1.385271311,3.063549995,0.536912752,41.02908277,53.24384787,69.35270691,24.5,,44.1
13241,GA,Rabun,21.4,0.521044433,7.078569691,0.926301181,1.852602363,0.231575295,58463.0,18.45643547,28.32434994,8.600367233,0.088043444,0.585454345,0.355387076,0.633773618,86.62559972,24.15137291,12.5,0.173681468,36.7
13243,GA,Randolph,41.2,0.897934735,17.424,0.598623157,0.448967367,,34883.0,22.53696498,21.68093385,2.225680934,18.41207123,33.75243378,0.326848249,60.10894942,35.01945525,84.64282227,28.1,,48.6
13245,GA,Richmond,33.8,0.712592602,10.0061356,0.851152301,0.648261309,0.138559669,47816.0,22.12316136,15.22213671,5.541438577,21.04327965,47.57657623,1.89102983,54.66755725,33.10488028,55.18757629,21.4,0.069279835,44.4
13247,GA,Rockdale,22.7,0.637790143,5.514753813,1.022663593,0.76974678,0.186938494,65746.0,23.58341349,15.47504542,10.1955755,13.33939934,39.61697769,1.637276905,57.48103024,26.18360586,47.98546219,13.6,0.09896744,44.9
13249,GA,Schley,22.6,0.577367187,7.485936824,,,,53369.0,26.80888498,16.07653398,3.848691445,0.272476166,0.502377987,0.439850451,18.97954695,73.82889817,40.51193237,16.1,,38.2
13251,GA,Screven,31.9,0.856408775,10.15481693,0.428204387,0.356837004,0.214102194,45061.0,22.56344636,21.03504656,2.040236013,9.753775597,20.98886871,0.433639013,37.57019976,56.99864932,54.60795593,20.3,,42.3
13253,GA,Seminole,36.9,1.488833785,15.07548845,0.372208446,0.620347381,0.372208446,41917.0,20.44386138,22.61943807,2.492620531,6.554331779,14.02994823,0.666885318,32.37126927,61.40811195,72.06369019,23.3,,42.4
13255,GA,Spalding,34.7,0.756519437,7.277335817,0.801020563,0.489512563,0.148337141,52902.0,22.55816718,18.71007042,5.446765519,12.65407658,26.35525322,0.950881051,34.392179,55.12881467,55.94535446,21.3,0.059334856,40.2
13257,GA,Stephens,24.1,0.919293702,5.639053487,0.651166379,0.421342939,0.268127322,47909.0,20.9864098,21.96460573,3.199671446,5.336851597,10.38309002,0.840053763,10.96176822,79.61096177,51.24423981,16.7,0.114911713,37.5
13259,GA,Stewart,36.4,,6.660746004,,,,37318.0,13.11629658,17.06812194,22.90176891,11.6502924,18.57472992,3.142642078,46.31162966,25.17877305,44.40125656,31.4,,43.2
13261,GA,Sumter,39.7,1.229424238,9.968903674,0.819616139,0.443958759,0.17075336,39008.0,22.21772015,18.21650459,5.97649919,5.21578455,9.818974495,1.698406267,50.82050243,38.92490546,80.59274292,27.9,,44.0
13263,GA,Talbot,38.9,,4.66838932,,,,42646.0,16.57073086,25.95499738,1.953601954,16.07052803,28.54841042,0.296528868,53.30542473,42.33385662,51.45423126,23.3,,43.9
13265,GA,Taliaferro,37.5,,6.480304956,,,,40045.0,17.3187941,28.47979474,4.425914047,47.4323616,91.35905457,0.384862091,53.43168698,37.90891597,54.25736237,23.0,,43.3
13267,GA,Tattnall,33.8,0.985610068,8.591209483,0.512517273,0.118273214,0.157697618,44225.0,22.71254706,15.39269766,10.08230453,6.46488905,13.43457699,0.555993346,26.09666404,60.52447246,38.8198967,28.0,0.118273214,46.1
13269,GA,Taylor,34.7,0.619271755,14.75090815,0.371563047,,,41030.0,21.69907881,20.7395087,2.149437052,2.18949914,4.200976372,0.371033777,35.91351075,58.64892528,60.77119827,22.7,,42.7
13271,GA,Telfair,38.3,0.506938696,8.168168168,0.506938696,0.316836715,0.253469348,38091.0,18.3297267,15.84515509,15.45243248,22.20925522,37.40323639,0.240442414,34.6717961,47.84804039,50.49320984,30.2,,45.6
13273,GA,Terrell,42.3,1.290625334,15.69899818,0.586647868,0.4693183,0.351988733,40549.0,21.56777354,21.51333696,1.927054981,2.674123287,7.968778133,0.620577028,60.31573217,34.71965161,92.53392792,26.6,,47.1
13275,GA,Thomas,28.9,1.014153123,5.989883752,0.8563959,0.631028593,0.135220408,50154.0,23.49665924,18.97462771,3.443381807,12.42075729,28.24745369,0.886501594,35.50155029,56.75793703,53.9792366,19.1,0.202830613,38.7
13277,GA,Tift,31.8,1.522630692,9.55153744,1.129693747,0.90866673,0.270144165,48717.0,24.47755418,16.09665248,12.62335526,5.736022472,15.25892925,1.572174923,29.1432856,53.6692144,58.70314407,21.4,0.098234236,41.9
13279,GA,Toombs,33.1,1.112223387,9.47332807,1.075149179,0.704408109,0.148296446,45253.0,25.04254532,18.20939697,11.26156123,5.275961876,11.64321232,0.76581576,25.82315945,59.21938587,59.60899353,22.9,,42.5
13281,GA,Towns,21.3,0.326610595,3.640819184,0.816526473,1.224789739,,51810.0,12.56703754,36.83662851,3.321860242,0.006323703,0.01352498,0.648363083,0.992555831,91.80340991,18.97743607,13.6,,37.0
13283,GA,Treutlen,34.3,1.026092052,14.89572989,0.439753741,,,40947.0,22.9784577,18.17046519,2.653762098,19.32761574,46.79844284,0.109272557,31.2051202,63.45613487,59.22016907,21.8,,43.4
13285,GA,Troup,24.6,1.182100415,8.614259813,0.854530454,0.64089781,0.185148254,49557.0,24.26324432,16.4405266,4.257770864,4.28701067,9.528587341,2.316135165,34.79532164,54.87713537,47.92610168,15.6,0.056968696,41.5
13287,GA,Turner,39.5,1.395584822,9.360410831,1.014970779,0.50748539,0.380614072,37477.0,22.71818787,18.17677104,4.130579614,8.336906433,20.39979172,0.544081723,40.46191428,52.1874306,77.38095093,26.2,,43.7
13289,GA,Twiggs,32.0,0.617055416,5.874248497,,,,47382.0,17.86337572,23.934181,1.54574919,0.031593218,0.051881574,0.461231613,38.63126402,55.93368237,52.71710205,21.1,,42.0
13291,GA,Union,21.2,0.709835172,6.233865166,0.709835172,0.828141034,0.118305862,59494.0,15.52452095,34.00048717,3.312763884,1.682536602,3.693866014,0.405975966,0.511529717,91.93731731,18.71861649,12.0,,37.1
13293,GA,Upson,29.1,1.017830849,11.96449393,0.753948808,0.60315907,0.263882071,47140.0,21.62093863,19.70397112,2.285198556,7.529485703,16.89274025,0.545126354,28.34296029,65.01444043,65.92340088,18.8,,41.7
13295,GA,Walker,20.4,0.656055689,5.701211224,0.356552005,0.313765764,0.085572481,47810.0,21.96470275,18.43793419,2.490614007,13.72112274,27.93112564,0.433085996,4.197830136,88.17512638,33.83321762,14.2,0.057048321,41.8
13297,GA,Walton,15.1,0.526451588,3.877866802,0.547096789,0.443870962,0.103225805,73839.0,24.38633331,16.39444312,5.40792155,10.90165997,33.19406128,1.457490716,17.72573521,70.85639217,29.2688179,10.7,,35.8
13299,GA,Ware,34.4,1.144420266,9.08847185,1.11650753,0.586166501,0.083738066,43065.0,23.34556288,18.63121017,4.446773882,13.36807442,30.25550461,0.918595349,29.52470277,61.44658078,67.53707886,24.3,0.111650757,39.5
13301,GA,Warren,40.1,0.573394477,12.38354037,,,0.573394477,40361.0,20.24928092,22.79961649,1.016299137,1.24172771,2.087917805,0.287631831,58.42761266,37.85234899,72.51847839,25.6,,44.6
13303,GA,Washington,33.2,0.794044673,8.592372134,0.645161271,0.397022337,,46051.0,21.40784471,19.08144887,1.671002602,12.93898106,29.76153755,0.380228137,53.52211327,42.08525115,56.00496292,22.6,,43.0
13305,GA,Wayne,32.3,0.699463725,7.698308571,0.732771516,0.599540353,0.099923395,46314.0,23.35124735,17.40644904,5.745753715,8.361275673,17.91399384,0.577229299,19.4964172,70.66414544,52.09617233,24.7,,41.3
13307,GA,Webster,31.9,,9.670608108,,,,44084.0,21.33730835,22.01873935,2.512776831,1.113316059,2.033337831,0.511073254,45.2725724,48.38160136,58.22093582,20.4,,43.5
13309,GA,Wheeler,34.8,0.645078063,4.424898512,,,,35664.0,16.78490162,14.2551198,3.640744211,3.169862032,4.652295589,0.227546513,38.48213091,55.64181502,42.89768982,33.2,,47.5
13311,GA,White,19.8,0.514568746,5.325052369,0.739692569,1.125619054,0.128642187,61473.0,19.71574474,23.36535371,3.260364961,0.0,0.0,0.567796308,1.667678463,89.1297361,22.55526161,12.5,,35.5
13313,GA,Whitfield,19.4,0.780068755,4.351803579,0.847482085,0.539306819,0.240761966,56973.0,25.86133147,14.32668378,35.88816301,13.39429379,29.93385506,1.355187432,3.454075284,56.2636102,29.61211586,13.4,0.08667431,36.9
13315,GA,Wilcox,35.5,1.058574438,13.10284718,,,,38449.0,17.65913758,18.1724846,3.102897559,5.123410702,9.908490181,0.558977869,35.31827515,59.14898471,52.70328522,27.6,,41.5
13317,GA,Wilkes,33.6,0.722096145,9.236271828,0.515782952,0.825252712,0.309469789,42567.0,20.01045478,24.08782018,4.171458442,6.809672832,14.25403976,0.616832201,40.1254574,51.77208573,54.69018555,20.1,,43.9
13319,GA,Wilkinson,35.7,1.13481617,15.00340987,,0.340444833,0.340444833,46475.0,20.85163907,20.42356652,2.692351019,11.41650009,21.84391212,0.247831475,35.63140701,57.56449251,56.71243668,21.2,,43.6
13321,GA,Worth,32.2,1.00140202,8.836007217,0.450630873,0.250350505,,48943.0,20.88144727,19.43802925,1.833140878,1.040015101,3.223530054,0.418591224,25.28387221,69.41397229,53.98808289,20.6,,39.1
15001,HI,Hawaii,19.8,0.285236537,6.993053024,0.786859453,0.742598593,0.206550598,67896.0,20.8932906,22.69562227,11.10258238,8.092700005,31.29934883,19.11538212,0.577683186,32.24259703,94.55796814,14.7,0.049178716,26.0
15003,HI,Honolulu,11.2,0.237594754,4.277934953,1.046869397,0.848700881,0.172230259,90176.0,20.33127137,18.66665093,9.082269889,4.61911869,25.18185616,42.24364196,1.904166027,17.26794083,48.29675293,10.0,0.047726456,26.2
15005,HI,Kalawao,,,16.27906977,,,,,12.19512195,23.17073171,21.95121951,0.0,0.0,10.97560976,0.0,32.92682927,,,,29.1
15007,HI,Kauai,13.9,0.250518441,4.379985898,1.155168295,1.252592206,0.292271495,76719.0,21.49308303,21.16428825,10.08758766,7.38901329,34.19851303,27.97347813,0.480231384,30.27913449,58.1794281,11.2,0.055670764,22.8
15009,HI,Maui,13.9,0.273969352,4.602742085,0.750437737,1.060142279,0.285881042,75421.0,21.25289826,19.20256868,10.26621508,5.75954771,27.02601814,26.27189628,0.613035192,31.51729245,,11.4,0.172719806,24.1
16001,ID,Ada,9.1,0.214401722,4.310800259,0.768609941,0.707930207,0.103155546,79345.0,23.53449826,15.54042997,9.136568701,6.238690376,30.44875908,2.757961642,1.562326377,80.40899696,8.23963356,8.7,0.151699334,28.7
16003,ID,Adams,20.0,0.899482787,7.236227825,,1.34922421,,51829.0,17.35556063,30.25804978,3.471112126,8.597266197,25.49351501,0.182690112,0.068508792,91.16236584,9.444569588,12.8,,31.5
16005,ID,Bannock,14.3,0.427952021,5.092801635,0.709499419,0.630666137,0.112618953,60058.0,26.04173849,15.32901239,9.185455883,11.6068182,34.73273087,1.319267278,0.790641017,80.95681353,15.56863213,12.9,0.078833267,36.8
16007,ID,Bear Lake,13.4,0.976721466,3.200636943,0.651147664,0.813934565,,60265.0,27.3383553,21.53170119,3.26428123,6.062153339,25.87591553,0.204017577,0.156936598,93.80100439,8.288566589,9.7,,33.6
16009,ID,Benewah,18.3,0.318133622,6.325333333,0.636267245,0.742311776,0.318133622,53667.0,22.04616999,25.14165792,2.665267576,9.241942406,23.31882095,0.314795383,0.083945435,81.56348374,12.53976631,13.7,,34.0
16011,ID,Bingham,13.4,0.402525306,3.622047244,0.466081947,0.338968694,0.127113253,63576.0,30.58218036,14.93999,17.35914319,11.52789497,32.25551605,0.400066678,0.239623271,72.79754959,12.98320675,11.3,,41.1
16013,ID,Blaine,8.2,0.469563723,3.521215428,1.109877944,2.262443542,0.256125659,86735.0,21.094265,21.89353988,20.68638761,2.830154419,7.918600559,0.869314436,0.185398813,74.25840475,2.728449821,7.2,0.341500908,25.5
16015,ID,Boise,16.8,0.619962811,6.745452131,,1.487910748,,71545.0,16.478318,26.67542707,4.257555848,13.84859276,47.53199005,0.473061761,0.249671485,88.71222076,8.142178535,12.0,,31.2
16017,ID,Bonner,17.8,0.427195251,4.244463743,0.576713562,1.067988157,0.256317139,61940.0,19.53300785,26.34260242,3.192528126,2.925877571,8.194577217,0.534918276,0.244109531,89.88325196,9.060099602,11.8,0.149518341,26.7
16019,ID,Bonneville,11.8,0.401198685,3.553232207,0.671393692,0.72870779,0.098252736,69880.0,30.45964958,13.76770675,13.78948727,11.40436459,38.69860077,1.12290665,0.478364687,80.62260011,12.54701138,9.8,0.065501824,35.2
16021,ID,Boundary,18.7,0.39506954,7.832085472,0.474083453,0.632111251,0.316055626,55285.0,23.28301261,25.94558726,5.739880557,3.641013145,13.03024864,0.597213006,0.223954877,87.50829463,10.91050339,12.1,,30.9
16023,ID,Butte,21.4,1.133786798,6.839622642,,,,52221.0,25.33022533,22.61072261,5.205905206,7.647594452,20.93270683,0.116550117,0.077700078,90.75369075,15.40060425,15.8,,35.7
16025,ID,Camas,13.3,,1.62835249,,,,57230.0,23.02692665,23.02692665,5.47818013,44.46952438,100.0,0.742804085,0.185701021,87.09377902,6.563421726,9.5,,32.8
16027,ID,Canyon,12.6,0.223578691,4.905756313,0.480905116,0.421846598,0.097024716,64301.0,27.98078795,14.784189,25.60135004,7.43248415,19.27433205,0.853724498,0.629583955,67.24259536,13.14579487,11.0,0.046403125,37.7
16029,ID,Caribou,12.6,0.421170861,1.677512654,0.421170861,0.421170861,0.421170861,66697.0,29.25857407,17.80276078,5.464636402,1.377434969,5.392698765,0.128077416,0.0,90.94919596,7.183302879,9.8,,32.8
16031,ID,Cassia,13.9,0.741442502,5.807172106,0.906207502,0.741442502,0.164765,63356.0,31.05252484,15.1612249,29.14621781,8.959980965,20.32626534,0.531332387,0.259582235,67.01277631,12.74869251,11.3,0.164765,38.6
16033,ID,Clark,21.2,,3.456495828,,,,52838.0,26.58227848,19.24050633,36.4556962,50.69638062,100.0,0.126582278,0.379746835,58.60759494,7.042253494,14.3,,35.7
16035,ID,Clearwater,22.8,0.339136332,6.624445852,0.452181786,1.243499875,0.452181786,53344.0,16.37279597,29.00160293,3.434852301,3.441566229,7.845727444,0.515227845,0.457980307,90.24501946,11.37048721,14.8,,32.8
16037,ID,Custer,20.3,1.88279593,11.07445806,1.176747441,1.647446513,0.941397965,53846.0,17.23976608,29.96491228,3.649122807,8.277060509,21.51783371,0.350877193,0.070175439,91.06432749,9.492429733,12.6,,32.8
16039,ID,Elmore,17.1,0.327892751,7.724243418,0.510055363,0.765083075,0.109297581,51436.0,25.18663225,13.9224168,17.78064606,14.14556217,27.16462135,2.672155166,2.400055815,69.75511058,12.36884308,11.3,0.109297581,36.5
16041,ID,Franklin,10.1,0.562785804,4.909077841,0.562785804,0.351741105,,59974.0,31.78807947,15.20360716,7.207270678,1.304773808,7.192126274,0.197266451,0.154995068,89.48147104,5.328877926,8.2,,33.1
16043,ID,Fremont,15.5,0.453926474,3.879781421,0.756544113,0.605235279,,58878.0,27.56199582,18.08335823,11.87630714,14.75528622,46.63837814,0.328652525,0.156856887,84.34418883,9.128965378,11.8,,33.7
16045,ID,Gem,15.2,0.320804149,2.893696464,0.588140965,0.588140965,,58562.0,23.67306385,22.9984835,9.004863254,9.725895882,28.34237289,0.517701198,0.151649846,84.35914867,10.49296951,12.4,,31.4
16047,ID,Gooding,15.0,0.192086056,3.677335075,0.512229502,0.512229502,0.256114751,59174.0,27.71509168,17.95743044,31.07449673,0.305938959,0.810922503,0.256443134,0.128221567,64.39287088,11.35975552,10.9,,37.4
16049,ID,Idaho,18.7,0.534981847,4.212707182,0.416097015,0.951078892,0.356654584,51056.0,19.77510429,29.3754912,3.693851641,8.233377457,17.76106262,0.332507104,0.32646152,88.60407472,8.6092453,13.5,,32.6
16051,ID,Jefferson,9.4,0.294300377,3.053560841,0.359700471,0.130800173,,75957.0,34.05198925,12.07795151,10.54028681,10.60654449,26.69005203,0.381988281,0.236314784,85.55890065,7.768985271,8.0,,37.2
16053,ID,Jerome,15.9,0.406867921,5.793155448,0.569615126,0.569615126,,59040.0,30.37917234,13.73519825,37.85947106,11.80805206,24.63639069,0.330073854,0.160911004,58.3941907,12.81294918,12.6,,40.1
16055,ID,Kootenai,10.7,0.439552724,3.803400829,0.726727128,0.779473484,0.111353353,68043.0,22.85045693,20.54364445,5.109650914,7.29471302,27.6422863,0.80006069,0.270188256,87.01287333,8.695329666,9.5,0.16996038,34.3
16057,ID,Latah,10.3,0.220426157,9.748729919,0.808229268,0.636786699,0.244917959,59436.0,19.64977098,14.71265531,5.245843561,4.606465816,16.70469475,2.449578662,0.804716957,84.71290837,6.814842224,13.6,0.122458979,29.1
16059,ID,Lemhi,21.2,0.744971454,4.113964482,0.496647626,1.36578095,0.620809555,57499.0,18.86129922,30.90042639,3.699523451,11.76927185,25.49324417,0.351141209,0.213192877,91.29671432,10.01572704,12.0,,32.9
16061,ID,Lewis,20.9,,5.394883204,,1.302761912,1.042209506,50128.0,20.83215398,26.01188791,3.906028871,16.28863525,48.03680801,0.198131899,0.169827342,85.79111237,16.76220322,13.2,,36.2
16063,ID,Lincoln,15.6,,6.050583658,,0.559910417,0.559910417,57111.0,27.98907743,16.34484104,31.96801248,41.7857132,97.42762756,0.195045836,0.117027501,63.29237371,10.90270042,11.3,,36.5
16065,ID,Madison,13.4,0.198422536,11.82322405,0.967309892,0.396845073,,55721.0,20.35794606,6.119479145,9.918167558,11.89687634,21.45865631,1.763271786,1.339935366,83.12701982,9.511880875,17.6,,36.6
16067,ID,Minidoka,15.0,0.424208134,3.815894851,0.235671192,0.424208134,,61010.0,28.82524407,15.90246611,36.59371674,17.64645958,37.02455521,0.235969093,0.124924814,59.89913478,11.50468159,13.9,,34.8
16069,ID,Nez Perce,16.0,0.343516141,6.977142578,0.760642886,0.662495375,0.171758071,61951.0,21.49679259,21.09052031,3.872653837,7.238697529,27.75485229,0.769779045,0.43715847,84.19101924,10.55289745,15.4,0.073610596,35.5
16071,ID,Oneida,13.5,1.106194735,5.412026726,1.106194735,0.663716793,,60769.0,28.28659071,20.17966696,3.900087642,5.301865578,13.47897243,0.306748466,0.043821209,93.31726556,8.075221062,10.8,,32.2
16073,ID,Owyhee,19.7,0.247259542,5.84304318,0.741778612,0.741778612,0.247259542,52374.0,26.78586418,17.91320406,24.46906741,10.38170719,27.47352028,0.352556031,0.235037354,67.65718123,14.18308163,14.2,,34.6
16075,ID,Payette,15.6,0.565177023,3.870941591,0.282588512,0.444067657,0.201848939,58885.0,26.52643189,19.58559836,16.81241629,7.239302635,19.56664276,0.815410069,0.204837312,75.7898054,14.10924053,12.0,,37.4
16077,ID,Power,16.0,,3.121002814,0.523354709,0.392516017,,57322.0,30.18532622,16.34932724,33.30794618,5.877334595,12.63171959,0.228484387,0.21579081,61.25920284,15.09006023,12.7,,37.7
16079,ID,Shoshone,25.4,0.851986706,7.601795944,0.387266666,1.316706657,0.387266666,47699.0,19.5914648,25.1727542,3.417115954,4.135682106,9.722384453,0.402460323,0.113903865,89.38415977,18.82115936,17.9,,34.8
16081,ID,Teton,9.6,0.319974393,3.179996515,0.319974393,1.83985281,0.239980802,84015.0,25.92433362,12.8116939,17.3688736,2.234512568,8.907499313,0.438521066,0.137575236,78.59845228,2.92643261,7.4,,28.8
16083,ID,Twin Falls,16.5,0.418499947,4.783591328,0.848310709,0.757824242,0.192283764,57487.0,27.29049597,16.47491282,16.89136663,4.714290142,14.12134743,1.55809253,1.133864913,75.70463985,13.8915596,13.4,0.124418907,36.5
16085,ID,Valley,11.2,0.763229311,3.550035236,1.356852055,2.204884768,0.339213014,69425.0,18.61059084,26.40047676,5.11663545,7.546877384,18.63011169,0.468244509,0.136216584,89.11118679,5.010458946,8.3,0.25440976,33.5
16087,ID,Washington,20.0,0.482625484,8.354307841,0.772200763,0.965250969,0.289575279,51067.0,23.42857143,25.95238095,15.82857143,6.648403168,16.90173149,0.771428571,0.161904762,77.31428571,14.81660271,13.7,,38.5
17001,IL,Adams,15.6,0.370467573,4.932402088,0.52482903,0.848988175,0.200669929,59777.0,22.37248429,20.50443434,1.957801543,3.202782631,16.52416611,0.76060666,3.74826962,88.82212453,39.58343124,11.8,0.123489186,39.5
17003,IL,Alexander,42.0,,10.32811335,0.545752227,,,41816.0,19.1221374,24.77099237,1.564885496,28.27407265,49.60342026,0.114503817,30.76335878,62.48091603,167.7581787,21.8,,43.0
17005,IL,Bond,17.6,0.491944402,6.665766192,0.430451363,0.860902727,,57287.0,18.23617339,18.86995516,3.611360239,9.041243553,20.76579857,0.562032885,6.41554559,85.28550075,42.09711838,13.5,,37.6
17007,IL,Boone,14.3,0.492638826,4.308522684,0.56842941,0.322109997,0.113685884,71557.0,24.97006436,16.15214788,24.09818889,7.443540573,31.50845718,1.191812603,2.190914534,68.64428978,28.71042252,10.1,,39.5
17009,IL,Brown,13.6,0.458295137,2.862294343,0.611060202,,,51294.0,17.42472774,15.80717489,4.516335682,10.34803486,34.48548889,0.176169122,16.57591288,76.29724536,12.78134251,16.6,,40.6
17011,IL,Bureau,17.2,0.619137526,5.099710763,0.309568763,0.835835695,0.12382751,61431.0,21.15268921,22.36192997,9.309950668,9.794944763,36.56457901,0.896402358,0.779087956,85.76284442,29.78567505,12.1,,37.8
17013,IL,Calhoun,13.2,,2.284551007,,1.516464472,0.649913371,63586.0,20.32905116,25.30989407,1.442416047,5.258206367,14.35338402,0.157764255,0.157764255,95.04169484,30.23902321,10.1,,34.6
17015,IL,Carroll,19.1,0.631978095,4.289015769,0.351098925,0.842637479,0.21065937,54450.0,18.02955038,24.1370526,4.821041905,4.482813835,12.87992096,0.254744619,4.305184053,87.52388231,35.27373886,13.5,,36.0
17017,IL,Cass,15.9,0.754716992,5.836365044,0.670859516,0.670859516,0.335429758,60961.0,24.65879466,17.22128508,21.38475694,3.406797171,12.16018677,0.897101672,5.413280172,69.47554056,32.38294983,11.4,,38.5
17019,IL,Champaign,13.7,0.320279926,12.09654243,0.874794424,0.870014131,0.176871002,58787.0,19.16158648,13.32183713,8.095596629,4.814059258,21.75310516,11.86214267,13.70558376,60.85541496,31.47228432,15.0,0.114727139,35.5
17021,IL,Christian,17.4,0.623538554,4.968654956,0.46765393,0.685892463,0.249415427,52500.0,20.02233192,20.65996709,3.214621533,1.946178317,7.037456036,0.525975552,1.116596145,91.75481899,40.69368744,12.0,,36.4
17023,IL,Clark,16.5,0.392978787,1.978969368,1.047943354,0.916950464,,58741.0,22.40051763,20.9382077,1.591717891,9.773276329,32.15522385,0.336460692,0.349401488,94.9854416,34.48934555,10.2,,35.0
17025,IL,Clay,18.5,0.611667573,6.387042555,0.841042876,0.688126028,,51042.0,22.90036123,21.21462974,1.6782059,5.611783981,18.54969597,0.579470199,0.22576761,93.92685129,39.91130829,14.1,,38.3
17027,IL,Clinton,11.7,0.508048534,2.895227175,0.534787953,0.855660737,0.187175781,77272.0,21.79733868,18.22000596,3.758909456,3.740999699,18.48204041,0.474267595,3.089514621,89.01325239,19.87182999,9.1,0.133696988,35.3
17029,IL,Coles,20.4,0.357263356,9.329207245,0.873310447,0.734374702,0.138935745,47693.0,19.50152572,18.9808591,3.772699144,10.41000748,29.17994308,1.316603717,4.359516036,86.10630988,38.64398575,17.4,0.099239826,38.5
17031,IL,Cook,18.9,0.25605467,6.30677503,0.899715066,0.819453239,0.250181854,72063.0,20.91044312,15.05928965,26.21111276,1.766664982,7.359408379,7.746902166,22.47354347,40.47438926,54.50491333,13.8,0.114324108,32.8
17033,IL,Crawford,17.1,0.54019016,5.247358309,0.756266177,0.702247202,0.324114084,59128.0,20.27945822,21.00219498,2.393061727,2.423367739,8.742949486,0.40687403,3.254992237,90.69543337,35.14387131,13.6,,36.8
17035,IL,Cumberland,14.2,0.375622123,4.030543205,0.375622123,0.375622123,,69740.0,22.85167464,20.67942584,1.071770335,0.144916847,0.831333697,0.200956938,0.267942584,95.18660287,31.56790924,10.4,,37.2
17037,IL,DeKalb,16.8,0.430659086,9.054400927,0.880458593,0.641203523,0.11484243,67081.0,22.44373631,14.27205736,13.54013145,14.58535957,38.1834259,2.270464051,8.693487353,70.95100578,25.18956947,14.2,0.095702022,35.7
17039,IL,De Witt,15.6,0.520562232,4.546932934,0.780843318,0.715773046,,64325.0,21.47460686,20.14694509,3.286929621,2.156796455,7.301186085,0.257798402,0.696055684,92.61407579,34.60112,10.7,,36.5
17041,IL,Douglas,12.9,0.615069211,3.637866887,0.871348023,0.922603786,0.256278843,65447.0,24.76190476,18.81458967,7.928064843,3.70384264,11.80333996,0.521783181,0.339412361,88.24721378,25.04698372,9.1,,36.7
17043,IL,DuPage,7.5,0.306273371,2.946492248,0.958058,0.81963551,0.167850882,99536.0,22.35492996,16.52361458,15.46731241,3.213370085,22.5007019,12.75430737,4.73813804,63.39967648,16.79308128,6.9,0.208178699,29.4
17045,IL,Edgar,20.4,0.593190193,4.275862069,0.771147251,0.83046627,0.177957058,56772.0,20.5857939,23.05229456,1.334044824,13.92038822,41.85269547,0.302383493,0.486185225,94.89505514,48.5279007,13.0,,37.4
17047,IL,Edwards,16.5,0.786658287,5.05981248,0.471994966,,,53779.0,22.91433147,21.84147318,1.008807046,7.645395756,18.49959946,0.336269015,0.256204964,95.98078463,26.19572067,12.0,,37.2
17049,IL,Effingham,12.4,0.499045938,3.703812575,1.115514517,0.704535425,0.146778211,69988.0,23.31833391,19.13003346,2.515287874,4.638090134,15.30440998,0.709588093,0.435560171,93.34544825,28.41626358,9.3,0.117422573,35.5
17051,IL,Fayette,21.5,0.470278412,7.909068199,0.564334095,1.081640363,0.141083524,52610.0,20.69527178,18.49404319,3.057520477,18.41997528,39.30257797,0.311801936,3.629932986,90.39929263,43.93967819,15.3,,37.2
17053,IL,Ford,15.6,0.617808342,5.683458704,0.617808342,1.003938556,,57483.0,22.4102261,21.22062953,4.093394414,7.770539761,23.93146706,0.421161519,0.554159894,90.6236146,32.08098602,11.2,,38.0
17055,IL,Franklin,24.0,0.630583286,7.455281719,0.709406197,0.709406197,0.131371513,49510.0,21.4501111,21.86276584,1.698232991,8.032958984,20.98704338,0.314781505,0.428526082,93.13829224,61.90444946,16.5,0.078822911,39.6
17057,IL,Fulton,21.2,0.563965559,7.378216694,0.474918365,0.801424742,0.207776785,50978.0,19.74173584,21.97328097,2.1958404,4.523984909,11.06833363,0.205302151,3.278883632,91.09464727,39.88077545,15.2,0.178094387,39.3
17059,IL,Gallatin,25.2,0.625912786,6.335650447,,0.625912786,,48424.0,20.541852,24.74727052,1.071572988,29.87046432,66.29724121,0.46502224,0.505458957,94.68257178,59.40955734,17.4,,38.4
17061,IL,Greene,19.1,0.787277579,5.805527469,0.708549857,0.472366542,0.39363879,53394.0,22.31122236,21.46850229,0.884438882,0.632085264,1.75941956,0.175219024,0.150187735,95.54443054,46.49530411,14.1,,37.5
17063,IL,Grundy,8.8,0.352989614,2.463748528,0.960916221,0.882474065,0.078442141,83254.0,25.03188472,15.18474102,10.87316544,5.531536579,28.42948151,0.887061466,1.58566996,82.75179411,16.42055511,6.6,0.235326424,35.1
17065,IL,Hamilton,19.9,0.371103406,6.785218817,0.494804561,0.371103406,,55409.0,22.71987989,21.74402602,1.20105092,3.377529621,13.74381828,0.150131365,0.450394095,94.75791317,35.50222778,13.2,,37.8
17067,IL,Hancock,17.0,0.860980392,5.377633156,0.459189534,0.746182978,0.172196075,56700.0,21.29398411,23.92167991,1.80476731,14.11646938,43.20999908,0.323496027,0.41430193,94.20544835,31.46883202,11.9,,35.1
17069,IL,Hardin,33.3,0.787815154,5.520287055,,0.787815154,,47144.0,18.19676624,29.24088791,1.781309948,6.201959133,21.10228157,0.465881063,0.301452453,92.46368868,50.96726227,18.7,,37.8
17071,IL,Henderson,18.8,0.76511097,4.122588675,0.45906657,0.61208874,,59415.0,18.81947706,25.95897918,1.753561923,0.489157826,1.347945571,0.21919524,0.454047284,94.88022546,23.45065117,12.3,,37.2
17073,IL,Henry,12.7,0.557724476,4.7856554,0.495755106,0.784945548,0.185908169,62683.0,22.80050321,21.40654168,6.432107783,9.163087845,31.40756416,0.389578768,2.08789871,87.44014285,24.12674713,9.5,0.082625851,34.7
17075,IL,Iroquois,14.7,0.374377608,4.765118284,0.524128616,0.71131742,0.336939842,60736.0,22.02607379,22.37692507,7.700262215,10.71987915,29.06369781,0.365623961,0.782952321,87.16622964,40.86331558,10.6,,38.3
17077,IL,Jackson,27.9,0.35288927,12.62263962,0.670489609,0.917512119,0.176444635,43334.0,19.31513573,17.20844188,5.355457394,15.1358223,34.92441559,3.866047495,14.16355193,70.81398422,57.13130569,22.3,0.07057786,39.0
17079,IL,Jasper,13.6,0.528262019,5.679359585,0.633914411,0.316957206,,59069.0,22.37536341,21.4278023,0.904490148,4.126967907,15.72477913,0.161516098,0.236890277,96.19898783,26.4131012,9.9,,35.0
17081,IL,Jefferson,19.2,0.429703236,6.986293611,0.832550049,0.644554853,0.134282261,53294.0,22.27521354,20.24088594,2.422331797,9.685771942,26.31279755,0.948454719,7.498720125,84.01907687,58.62092209,15.3,0.134282261,38.8
17083,IL,Jersey,13.5,0.323834211,3.503045067,0.647668421,0.925240576,0.138786077,68675.0,20.51878022,21.07195984,1.520081815,3.948372364,22.80031967,0.34399405,0.725176646,93.45946448,30.70256615,9.3,,37.8
17085,IL,Jo Daviess,12.6,0.564998329,3.638449186,0.47083196,1.365412712,0.23541598,67839.0,19.16496483,27.97821647,3.88472884,3.790607214,17.23320007,0.435670524,0.517358747,92.37122759,19.6807766,8.6,,34.2
17087,IL,Johnson,17.0,0.485515445,6.334675943,0.566434681,0.566434681,0.242757723,57073.0,17.35798016,20.10069131,4.147880974,2.624107599,7.534502983,0.135256988,10.66275924,81.86804929,30.83023071,13.3,,36.5
17089,IL,Kane,12.1,0.259882122,3.392521029,0.66665411,0.694902182,0.135590672,90941.0,24.72460031,14.65765253,32.83403224,3.502416134,20.95264435,4.102632608,5.079938512,54.65536802,32.3253479,8.6,0.118641831,37.3
17091,IL,Kankakee,17.5,0.377553076,6.318120547,0.801149249,0.690645874,0.174963623,63880.0,22.834924,17.62199773,11.64629495,6.068328381,20.78019524,0.994400104,14.34112854,68.4554706,54.75977707,13.4,0.092086121,40.3
17093,IL,Kendall,6.1,0.183713779,2.280773159,0.635343492,0.528177083,0.084202148,100483.0,28.75126072,10.87973671,20.57117291,6.135879993,33.77307129,3.507268577,7.350476609,64.2228272,13.47936058,4.9,0.130130589,36.4
17095,IL,Knox,20.0,0.366950035,6.777373931,0.835830629,0.75428617,0.224247247,47559.0,19.89112814,22.18464186,6.10602998,8.711660385,26.85769653,0.722476835,8.713751076,79.28232634,45.84666824,14.7,0.101930566,38.8
17097,IL,Lake,10.2,0.285470009,3.554491486,0.831900001,0.730976224,0.181662738,95895.0,23.84082134,14.98567913,24.07278306,5.952075481,34.40926743,8.245490255,6.613078889,57.16435545,21.7163868,8.5,0.211939856,31.9
17099,IL,LaSalle,19.4,0.483401656,5.936137423,0.650732994,1.152727008,0.176627532,64447.0,21.10197158,19.67480713,10.44702621,7.521326542,26.51126289,0.779696876,2.292582393,82.47916249,40.34544754,13.2,0.102258042,36.6
17101,IL,Lawrence,24.1,0.387922674,4.537107881,0.452576458,0.775845349,,46525.0,19.28010471,19.11649215,3.363874346,7.889950752,22.9281044,0.379581152,9.116492147,83.61910995,35.7966423,19.2,,37.8
17103,IL,Lee,17.0,0.564686298,5.162034072,0.624126971,0.832169294,0.148601651,60542.0,19.7393469,20.0,6.806267389,5.844993114,18.92343903,0.726314248,5.362424952,83.27720018,15.21928692,13.2,0.089160994,37.5
17105,IL,Livingston,15.2,0.73417294,4.359156598,0.508273542,0.790647745,0.282374203,61569.0,21.92377495,19.98324724,5.190562613,6.494794369,16.21201706,0.477453581,3.018288427,88.0022337,29.95049095,11.7,0.084712259,38.2
17107,IL,Logan,16.5,0.422788292,5.407845068,0.458020657,0.634182453,0.105697073,58939.0,19.46618073,19.85207418,2.922785579,7.224354267,25.99467468,0.636009576,5.338192732,87.36913567,40.82843018,13.5,,38.8
17109,IL,McDonough,22.1,0.341355175,9.53325507,0.853387952,0.887523472,0.238948628,53024.0,18.16946912,19.86195756,3.531830531,9.825985909,29.86500549,2.055951245,5.499669579,84.66847786,30.62524796,17.9,,39.3
17111,IL,McHenry,6.4,0.304032862,2.859134834,0.768255055,0.738832533,0.147112668,92522.0,22.99978403,15.59460914,15.05500775,6.411147594,44.28705215,2.794387372,1.312901115,76.9299453,13.65205574,6.0,0.140574321,34.2
17113,IL,McLean,11.5,0.356191903,10.37212108,0.811650395,0.706544578,0.169337139,71309.0,21.5414673,14.38398634,6.156041976,8.781053543,30.70049095,4.742796308,8.598219404,75.71627455,27.96739006,13.4,0.157658711,35.4
17115,IL,Macon,22.6,0.563024819,7.045283318,0.708634675,0.766878605,0.145609856,48245.0,22.14850286,20.45327795,2.627935153,8.477107048,35.99180222,1.453874113,18.15996461,72.22927364,56.68430328,17.1,0.106780566,37.1
17117,IL,Macoupin,19.8,0.5609532,5.975482879,0.403886288,0.74045819,0.157066882,57755.0,20.85307003,21.60695621,1.267596237,4.208821774,12.6741333,0.398069696,0.818377922,93.06825005,34.86510849,15.4,0.112190634,38.1
17119,IL,Madison,15.1,0.460715443,5.319132592,0.753898025,0.753898025,0.163725317,65886.0,21.33424108,18.11749837,4.061175285,12.86765194,41.76534653,1.022346432,9.279730985,80.41593476,42.56699753,11.4,0.133264795,35.8
17121,IL,Marion,22.8,0.485895544,7.525911341,0.620866537,0.782831669,,55292.0,22.74642848,21.19854754,1.887142516,10.20977974,25.23221016,0.925017891,3.999575923,87.86344722,65.90857697,15.5,0.134970978,38.5
17123,IL,Marshall,14.3,0.795826316,4.312859037,0.618976057,0.618976057,0.265275449,64132.0,20.75455629,23.90563788,2.750809061,4.345230579,13.1759119,0.366206779,0.732413558,92.47146994,37.09434891,9.9,,37.0
17125,IL,Mason,20.5,0.683215678,6.545566031,0.607302845,0.531389952,,58828.0,20.29650008,23.46018646,1.406082837,13.2433033,35.62559509,0.198685618,0.374445973,94.29160935,48.2552681,12.4,,35.2
17127,IL,Massac,27.2,0.36667645,5.586992336,0.80668819,0.58668232,,52680.0,22.69743807,21.25767521,2.350201143,3.395242214,8.527275085,0.303479427,6.175453455,85.235373,70.05353546,16.5,,38.0
17129,IL,Menard,13.2,0.41431886,2.927669346,0.41431886,0.248591319,0.248591319,75687.0,22.6884606,20.20004879,1.301130357,2.144035101,13.36881924,0.398471172,0.650565178,93.53500854,23.28471947,8.4,,35.3
17131,IL,Mercer,14.6,0.722495914,4.805403667,0.394088656,0.525451541,,64731.0,21.72112873,22.30078349,2.981081598,7.507676601,22.79635239,0.235683802,0.433148608,92.8594178,23.0870285,11.0,,36.8
17133,IL,Monroe,4.5,0.316646993,1.419017156,0.5757218,0.921154916,0.115144365,93054.0,22.77901722,18.86333734,1.847720382,4.942857742,37.4295845,0.532006178,0.337509296,93.47291345,6.740742683,4.5,0.259074807,32.6
17135,IL,Montgomery,17.8,0.891424477,5.509900603,0.641825616,0.820110559,0.142627925,59116.0,20.38320136,21.21394231,2.075084842,6.479142189,15.83029652,0.463093891,3.238122172,90.88305995,37.29125977,13.2,,36.2
17137,IL,Morgan,19.4,0.508982062,5.5,0.74850297,0.74850297,0.089820363,54644.0,19.73568282,20.84763786,2.545951694,13.35979271,38.51073074,0.808142184,5.957770014,86.5532432,40.54640579,14.1,0.119760476,37.3
17139,IL,Moultrie,12.7,0.348504901,4.894032348,0.209102944,0.557607889,0.209102944,69652.0,24.67300014,20.91422277,1.33553628,0.613970637,2.526267529,0.337326174,0.578273441,94.63720226,21.54341125,9.6,,35.6
17141,IL,Ogle,11.7,0.655985355,3.285344422,0.715620399,0.735498726,0.119270064,74472.0,22.79485595,19.02564301,11.19371283,4.031120777,14.25238514,0.500115857,1.048505445,83.26253186,39.21665955,8.4,0.059635032,35.9
17143,IL,Peoria,22.0,0.444689631,7.074538537,0.782428563,0.855605364,0.213901341,56460.0,23.18374306,17.88263763,5.54968927,13.19019318,34.2260704,4.25122367,18.49804763,66.34163779,51.97755432,16.3,0.090063721,35.6
17145,IL,Perry,20.7,0.387146741,7.974697232,0.580720067,0.483933419,0.145180017,53071.0,19.44139413,20.47266651,3.408928145,9.231574059,23.02398872,0.596801146,7.892098353,84.88422058,46.42534637,16.6,,39.5
17147,IL,Piatt,7.7,0.489147037,3.512048193,0.550290406,0.611433804,,81583.0,22.26353985,21.14196605,1.481437054,1.594116926,9.91201973,0.479817669,0.497810832,93.56444551,13.82859516,6.5,,33.8
17149,IL,Pike,19.3,0.853074372,5.950149275,0.393726617,0.853074372,0.262484401,54474.0,22.71524527,22.73559943,1.777596852,10.07056236,23.79331398,0.291742995,0.427437411,94.1312165,36.60017014,13.7,,37.3
17151,IL,Pope,25.7,,13.66029371,,,,50404.0,18.4693064,27.26547967,1.886792453,10.71900654,29.11160851,0.425192665,1.00983258,92.77172469,64.01898956,17.1,,37.7
17153,IL,Pulaski,35.6,0.769082844,8.202376389,,,,42738.0,20.52763335,22.87694974,3.928365107,16.10042953,31.42423248,0.250336992,28.15328327,62.48796457,94.40492249,22.3,,42.8
17155,IL,Putnam,12.9,,4.175550817,,1.224632621,,74798.0,19.19460706,22.54745432,6.173496541,0.047708005,0.13452217,0.319318787,0.461238247,89.99467802,20.55633354,7.5,,34.7
17157,IL,Randolph,20.3,0.446556717,5.261015946,0.70173198,0.733628929,0.223278359,58694.0,19.7659384,20.26986706,3.418095017,4.495455742,14.30712509,0.285117528,7.893777144,84.4080496,37.68885803,15.0,0.127587631,37.7
17159,IL,Richland,18.2,0.257948011,6.247587183,0.838331103,0.709357083,0.193461016,56852.0,22.55738949,21.69101372,1.726427623,2.714397192,6.384786606,0.777841017,0.474293303,93.67608929,44.48528671,14.2,,37.4
17161,IL,Rock Island,23.2,0.432909638,6.292955327,0.844528675,0.858722448,0.191615745,58171.0,22.0996461,19.86424464,13.71516257,5.985505581,16.76107788,2.787685247,11.17631608,67.52446914,41.30088043,16.5,0.049678158,37.4
17163,IL,St. Clair,20.2,0.453407526,6.500061021,0.759554505,0.592917562,0.158886403,66422.0,23.43278943,16.57731158,4.888111888,12.99369717,36.7529068,1.407536908,29.53108003,58.46775447,56.37108612,13.3,0.09300667,38.2
17165,IL,Saline,26.5,0.776464522,6.702378402,0.819601417,0.690190673,0.258821487,50914.0,22.28626725,21.70144732,1.990070683,6.457828522,14.27293301,0.513295187,2.911477617,89.65415685,71.29454041,17.6,,39.6
17167,IL,Sangamon,20.9,0.391991019,6.476893413,0.97481972,0.876821995,0.180522174,68476.0,21.9793932,18.69025124,2.703941572,5.957556725,25.55683708,2.190044972,13.08220818,76.63476671,43.31887436,14.4,0.11862886,38.3
17169,IL,Schuyler,16.6,0.593647957,11.60999709,0.445235968,0.593647957,,57839.0,18.55983773,23.55838887,2.202260214,6.227532864,17.0063858,0.362213851,4.100260794,89.20602724,30.17710495,12.3,,39.3
17171,IL,Scott,18.7,0.606060624,5.225262292,,,,63510.0,21.88320873,20.30713275,0.969892908,19.82173157,66.50731659,0.222267125,0.101030511,95.91836735,23.4511776,11.5,,35.0
17173,IL,Shelby,14.4,0.657307863,3.932878867,0.469505608,0.657307863,0.18780224,55725.0,21.31967604,23.14911863,1.014768938,5.970887661,21.42266655,0.395426394,0.309671272,95.83611243,25.6115303,10.3,,37.2
17175,IL,Stark,18.6,0.570125401,4.314242653,,,,58265.0,21.90740741,23.14814815,2.444444444,19.69325066,62.59046555,0.425925926,0.314814815,93.88888889,25.11719322,11.4,,37.7
17177,IL,Stephenson,19.4,0.547557652,5.623993285,0.501927853,0.730076909,0.159704313,56263.0,21.28388976,23.63208604,5.050414519,1.695927143,6.524307251,0.685637464,9.800582568,79.33004705,48.30675507,12.1,0.205334127,42.1
17179,IL,Tazewell,12.4,0.382330239,4.167665597,0.80289346,0.734074056,0.122345671,65427.0,22.66812849,19.8084405,2.406675651,9.275466919,39.30905533,0.822274503,1.240264041,91.27399252,28.23636246,9.3,0.122345671,35.2
17181,IL,Union,21.2,0.484907269,9.141176471,0.66674751,0.727360904,0.363680452,52384.0,20.36650429,22.309209,5.027835769,2.900413036,7.865147591,0.388540942,1.310600789,88.90628624,59.53246689,17.0,,37.6
17183,IL,Vermilion,27.3,0.480929792,8.27242803,0.561084747,0.614521384,0.160309926,49825.0,22.88375479,20.23373052,5.143689006,8.477180481,22.91357803,0.765622473,13.81220683,75.73462015,69.69252014,19.7,0.120232448,41.0
17185,IL,Wabash,19.2,0.446827531,4.083259522,0.714924037,0.625558555,,56183.0,21.97869906,21.60901329,1.566763489,3.326522112,16.04257965,2.209312561,0.46650823,92.59748262,39.2910347,14.5,,37.6
17187,IL,Warren,16.6,0.419262111,6.382170445,0.419262111,0.898418784,0.239578336,61734.0,21.27710128,21.02762103,10.62667063,2.848770857,9.000461578,1.954261954,3.427383427,80.15444015,39.2609024,13.3,,37.7
17189,IL,Washington,12.0,0.581226408,4.113621311,0.508573115,0.363266498,0.435919791,66746.0,21.29205726,21.12491825,1.627788678,3.58278513,11.7794838,0.472349393,0.617687668,94.29547271,17.44890022,8.5,,35.8
17191,IL,Wayne,18.7,0.686170518,5.12345679,0.436653972,0.810928822,0.187137425,51669.0,23.28326843,21.9049385,1.124915013,8.402411461,25.14866638,0.302861734,0.556276655,95.18511651,37.38069916,14.3,,37.1
17193,IL,White,22.0,0.673451066,4.750259375,0.374139488,1.047590494,0.299311578,50653.0,20.7825899,23.95330403,1.354759674,2.327661753,8.532649994,0.468400951,0.655761332,93.73063342,46.59283829,15.7,,38.1
17195,IL,Whiteside,19.5,0.420813829,4.950928527,0.622072577,0.768442631,0.16466628,56805.0,21.68034332,22.14361387,12.80458243,6.259333611,21.30784607,0.549460416,1.330556104,81.41530948,34.31309891,13.2,,35.3
17197,IL,Will,9.8,0.275871694,3.362095092,0.746305525,0.560455084,0.130676061,93994.0,24.45132152,14.09051418,18.79084662,7.349663734,44.46630096,6.091146039,11.38155108,60.08688097,24.05879402,7.9,0.11760845,36.6
17199,IL,Williamson,19.9,0.466762036,6.375227687,0.798012495,0.767898798,0.135511562,55447.0,21.77266838,20.0184653,2.649174274,12.31429386,32.29441452,1.148124432,4.182985124,86.65733474,53.26607895,14.7,0.135511562,38.4
17201,IL,Winnebago,20.7,0.451483309,7.593850885,0.782097101,0.750102222,0.195524275,57113.0,22.88908358,17.95304013,14.35149816,7.274554253,26.41692734,2.781846855,13.40108639,64.21412301,60.62704086,14.2,0.127979517,38.5
17203,IL,Woodford,8.2,0.367540896,2.79675491,0.525058389,0.420046717,0.131264597,85085.0,24.61330491,19.40104505,1.923726831,4.687572479,32.56999969,0.564119895,0.699300699,93.18116827,13.37367535,6.7,0.078758761,34.2
18001,IN,Adams,20.8,0.446441025,6.575444422,0.502246141,0.502246141,0.111610256,62282.0,31.18769025,16.19983803,4.571476444,4.746253967,17.51904678,0.377000195,0.477533581,92.37901086,13.465312,12.6,0.08370769,40.0
18003,IN,Allen,17.2,0.374162376,5.148977874,0.748324752,0.67506218,0.125592962,62680.0,25.48117589,15.34858981,8.542331543,12.08793354,37.81700897,4.719908669,11.32015256,70.09392595,21.17135429,13.1,0.107277326,38.3
18005,IN,Bartholomew,11.4,0.42630288,5.820296036,0.793397069,0.757871807,0.130259216,72458.0,24.04632153,16.70397042,8.827608019,10.48615932,36.42648697,6.548024523,2.150642273,78.33179253,15.08342552,8.1,0.153942704,34.0
18007,IN,Benton,15.1,0.457613558,6.947687996,0.343210161,0.343210161,,60738.0,24.83082922,18.02959055,7.214130061,1.103986859,1.729610324,0.149099667,0.504645028,89.33363918,21.2027607,10.5,,40.3
18009,IN,Blackford,20.0,0.763877094,10.05675179,0.594126642,0.509251416,0.339500934,47553.0,21.34247028,21.73051519,2.080581242,7.543806076,15.16388798,0.198150594,0.445838838,93.11426684,27.38640785,12.9,,37.5
18011,IN,Boone,5.8,0.288404703,2.691403188,0.6200701,0.706591487,0.12978211,98047.0,26.47432639,14.84352935,3.918827317,2.465028524,17.9331646,3.373721968,2.013782975,86.33423713,8.530770302,5.5,0.187463045,35.5
18013,IN,Brown,14.9,0.26469031,3.14717477,0.33086288,0.926416099,0.19851774,66839.0,18.30694669,24.64620355,1.744749596,1.061094642,2.9533391,0.42003231,0.355411955,93.46042003,16.4438858,10.8,,36.9
18015,IN,Carroll,12.4,0.395491391,3.248953558,0.444927812,0.692109942,0.197745696,57019.0,23.6481828,19.30463902,4.052989264,0.441859961,1.902977228,0.236383335,0.63035556,92.22397321,12.35910606,8.5,,38.8
18017,IN,Cass,17.4,0.374451697,6.11022256,0.748903394,0.615170658,0.187225848,53813.0,24.18537101,18.50805387,17.62608925,2.685312986,6.284608841,1.513071032,1.478743068,75.90176921,20.90019989,12.1,0.106986202,40.3
18019,IN,Clark,13.9,0.310230911,3.935697511,0.846846521,0.628846467,0.067076951,62822.0,22.76762488,16.44190829,6.51647907,4.465283871,19.34316254,1.077684094,7.651144162,78.78490086,15.56953907,10.4,0.083846189,41.2
18021,IN,Clay,17.6,0.647717774,3.292116862,0.495313585,0.762020886,0.114303134,64245.0,22.72349429,19.12642636,1.738079045,5.555626392,21.29577065,0.343837376,0.487417819,94.00740573,21.87952423,11.1,,42.3
18023,IN,Clinton,13.8,0.403651506,3.886355882,0.683102548,0.714152634,0.124200456,60609.0,26.02892437,17.19192528,18.50557397,1.180536866,4.844373703,0.2109069,0.590539319,77.75836095,21.3676548,10.4,,39.1
18025,IN,Crawford,24.0,0.564493358,11.96721311,,0.846740067,,52031.0,21.89815694,20.49211476,1.149534486,5.492224693,15.60542679,0.161504845,0.24700741,94.89834695,21.85059738,15.4,,41.0
18027,IN,Daviess,17.4,0.477540672,5.484728974,0.447694361,0.80584985,0.149231464,59888.0,29.00452353,16.22479854,6.299991013,2.653419971,6.404714108,0.395434529,1.854348282,88.99673467,14.29886055,12.7,,38.3
18029,IN,Dearborn,10.5,0.421483636,4.572025472,0.582048833,0.622190118,0.080282591,73150.0,22.32877523,18.41393871,1.428599617,8.277560234,34.23010254,0.416346021,0.576175536,93.37003493,14.46592045,7.6,0.080282591,35.1
18031,IN,Decatur,14.3,0.489015937,5.205848403,0.752332211,0.564249158,0.188083053,64871.0,23.25098217,18.30613478,2.319431853,4.251783371,13.91098881,0.581746751,0.339981868,93.56678755,20.41641617,9.9,,41.6
18033,IN,DeKalb,12.1,0.38928327,4.946408049,0.641172409,0.686970472,0.114495076,65059.0,24.35918179,17.07846989,2.738934474,8.849516869,28.97801399,0.520050849,0.422974691,92.98971455,17.33073807,8.0,0.114495076,37.5
18035,IN,Delaware,19.4,0.493592113,10.52286277,0.793273032,0.634618461,0.105769739,50533.0,19.31941056,18.18092455,3.157198645,12.83463573,34.03365707,1.240359955,7.275050714,83.40527064,26.120718,18.4,0.123398028,39.8
18037,IN,Dubois,8.8,0.540642202,5.765300129,0.822716355,1.010765791,0.235061824,67615.0,23.56257305,18.44764764,9.501111442,3.656330585,19.82676506,0.566033412,0.435410317,87.39601714,8.587592125,7.5,0.188049451,38.4
18039,IN,Elkhart,15.4,0.388046235,5.662814546,0.727586687,0.567517638,0.194023117,62233.0,27.32036687,15.14921733,19.12319425,8.718403816,31.72100639,1.079948031,5.337435462,70.0512444,23.98651123,11.3,0.092160977,42.5
18041,IN,Fayette,20.8,0.349467069,6.864789712,0.829984248,0.698934138,,50642.0,21.73262672,21.32660911,1.16676639,7.729690075,19.56399536,0.247884435,1.175314129,94.08496453,37.06171036,13.6,,41.1
18043,IN,Floyd,12.5,0.266038299,4.276079598,0.861457407,0.798114955,0.088679433,67330.0,22.53739874,17.50907013,3.829332538,5.464637756,23.99036407,1.208935938,5.312857214,84.45156801,18.95839691,9.2,0.076010942,36.4
18045,IN,Fountain,15.3,0.605656862,4.422816311,0.666222513,0.726788223,0.423959792,55195.0,21.67607258,20.82650646,2.500151708,2.849760771,8.402619362,0.260938164,0.339826446,93.14278779,17.66499138,10.6,,39.0
18047,IN,Franklin,10.8,0.483282804,3.980011498,0.702956796,0.527217627,0.219674006,61261.0,23.53741497,19.06517446,0.961158657,3.175939083,7.439126968,0.399385561,0.100943603,95.63309195,17.07599258,8.6,,37.7
18049,IN,Fulton,16.7,0.349685282,5.996490349,0.499550402,1.049055815,0.299730241,57400.0,23.91601563,20.11230469,5.21484375,4.211261272,10.89033508,0.37109375,0.688476563,90.09765625,23.21660423,11.1,,41.8
18051,IN,Gibson,14.1,0.443458974,3.807335176,0.620842576,0.768662214,0.177383587,60592.0,23.78298143,18.3514586,2.059919421,1.610223532,4.581583023,0.648268759,1.92965981,91.36045561,14.21286011,11.4,,40.2
18053,IN,Grant,25.5,0.751245677,8.762600724,0.766577244,0.582598686,0.091989271,50248.0,20.72472028,19.92680805,5.117437082,8.250734329,17.24259377,0.78591355,6.848246693,81.74100849,28.18193436,18.8,0.045994636,43.0
18055,IN,Greene,22.2,0.496848106,5.220041289,0.403689086,0.714219153,0.155265033,55504.0,22.08551115,20.25452066,1.788786806,5.971648216,14.19507504,0.337629452,0.172061163,94.26029932,19.95932007,14.3,,40.5
18057,IN,Hamilton,3.9,0.191727817,2.28273799,0.795960963,0.836630464,0.092958942,108203.0,27.13120958,13.365298,5.210854556,5.483727932,51.31670761,6.75143251,4.223134859,79.19744897,3.914443016,3.8,0.249827161,27.9
18059,IN,Hancock,6.9,0.238834485,2.595800458,0.502809465,0.553090394,0.050280944,80326.0,23.80636273,17.33341683,2.758016032,8.453249931,36.12319565,0.919338677,2.938376754,89.06062124,10.54328537,5.5,,35.8
18061,IN,Harrison,11.5,0.344132543,4.325543255,0.442456126,0.393294334,,66989.0,22.82493569,18.46724164,2.340243103,0.016849713,0.039656114,0.476622787,0.466535532,92.55560599,16.08000183,8.5,,36.5
18063,IN,Hendricks,5.8,0.259738773,1.836583706,0.77921629,0.750356436,0.063491695,90298.0,25.43309609,14.95125523,4.60901206,6.977471352,51.5453949,3.242213424,7.637824107,79.73888368,5.986978531,5.3,0.115439452,38.9
18065,IN,Henry,22.8,0.645389616,5.390883065,0.6037516,0.47883746,0.104095101,52994.0,20.15578362,19.95543198,1.997383162,6.556213379,18.18729591,0.40274768,2.17933516,92.21286339,26.59803391,15.1,0.104095101,44.4
18067,IN,Howard,16.5,0.688971639,4.617978352,0.979064941,0.664797187,0.145046651,56268.0,22.12699323,20.024385,3.657749408,10.43910313,26.96425629,1.227617203,7.669320328,81.84513137,25.14947891,11.9,0.09669777,41.9
18069,IN,Huntington,13.9,0.549526036,4.076256303,0.796812773,0.796812773,,55546.0,21.97916098,19.39883258,2.864000873,9.739058495,27.29800415,0.44460204,0.602803993,92.39539578,17.51156235,10.6,0.164857805,39.0
18071,IN,Jackson,16.7,0.474876761,6.453129197,0.88191396,0.542716324,0.090452716,61943.0,24.6295339,16.8454381,13.46385802,9.812482834,33.00910187,1.010166279,1.044628242,81.44869475,17.24443245,14.2,0.067839541,43.2
18073,IN,Jasper,12.2,0.538277507,4.490924913,0.717703342,0.627990425,0.299043059,74336.0,23.95649796,18.28482897,7.114648521,3.512600422,13.60258484,0.273406647,0.39188286,88.35287685,16.18819809,8.7,0.209330142,38.0
18075,IN,Jay,20.9,0.391849518,8.295908799,0.538793087,0.636755466,,52315.0,25.61285282,18.80554742,4.609825178,11.17205143,24.41493797,0.312530521,0.258814337,92.25510304,21.49866104,13.6,,42.1
18077,IN,Jefferson,16.1,0.311429471,5.999544256,0.622858942,0.809716582,0.155714735,59333.0,21.06374634,18.55673213,3.351736205,2.706967115,8.286190987,0.874890639,1.538600778,90.57531602,20.95401192,11.6,,38.4
18079,IN,Jennings,17.1,0.290750504,5.152607904,0.436125755,0.290750504,,61964.0,23.7533046,16.6624416,3.110853583,10.17277431,25.24716949,0.177452649,0.633759461,92.94535183,24.82585335,12.7,,41.8
18081,IN,Johnson,9.4,0.286413431,3.391638089,0.765844584,0.722259939,0.049811028,79914.0,25.00602726,15.74568046,3.952647359,5.840120316,31.38291931,4.586900751,2.379995673,84.53497357,11.90639305,7.5,0.118301198,42.1
18083,IN,Knox,19.0,0.465472877,6.685342438,0.794041932,0.766661167,,56564.0,22.03020782,19.01493854,2.769968579,1.930977583,8.577236176,0.780001102,1.918306598,91.02860923,22.64388657,15.0,0.109523028,38.2
18085,IN,Kosciusko,12.3,0.430445135,4.100114635,0.670988023,0.848230124,0.177242115,66525.0,23.57178465,17.53240279,9.336989033,4.905826092,19.46721458,1.665004985,0.84995015,84.7333001,13.56640625,9.4,0.088621058,39.5
18087,IN,LaGrange,10.9,0.373887688,2.092113565,0.224332616,0.548368633,0.124629229,80335.0,33.19487712,14.04588834,4.284725313,1.728478432,5.172517776,0.182959996,0.227463779,93.54200663,7.880721569,7.5,,42.1
18089,IN,Lake,20.0,0.451248735,7.043069423,0.93121326,0.642003894,0.15383479,61468.0,23.6713455,16.87828354,20.03749749,10.4362793,34.40982437,1.470623621,24.27270904,50.3521155,31.78756714,13.9,0.090249747,38.1
18091,IN,LaPorte,18.7,0.538011909,6.664557023,0.647438049,0.7751019,0.127663836,62620.0,21.28859514,18.58081963,7.103018227,8.33132267,23.96469307,0.660932065,10.56245941,76.46263465,27.70077324,12.2,0.091188461,39.7
18093,IN,Lawrence,17.2,0.549498856,5.226065028,0.439599097,0.417619139,0.153859675,52557.0,21.35700162,20.7415965,1.699584546,2.928334475,7.166318417,0.459887583,0.424340717,93.80818022,19.01815605,12.6,0.109899774,39.8
18095,IN,Madison,21.2,0.478096247,6.680112753,0.562919796,0.663165748,0.154224604,54026.0,21.65312882,19.16175487,4.812916414,14.69691944,35.36664581,0.49873587,7.773824436,82.17076901,24.27366638,15.7,0.084823526,39.6
18097,IN,Marion,20.9,0.410895258,8.189684655,0.847665489,0.800055504,0.171810105,58737.0,24.02376988,12.86385736,13.23020908,12.23434639,32.56227493,4.07561172,27.18565129,50.51816255,30.89916801,15.1,0.116955072,39.3
18099,IN,Marshall,11.6,0.390387774,4.50642832,0.824151993,0.628958106,0.173505679,68799.0,24.85302094,18.7460679,11.39169107,4.932480335,14.91217804,0.594424558,0.442564269,84.4126261,16.68004036,8.6,0.086752839,35.9
18101,IN,Martin,15.6,0.694513321,2.774590591,0.694513321,0.793729544,,61520.0,22.92091317,20.209947,0.937627395,3.14086771,10.6302681,0.33632287,0.203832042,95.13860579,17.17266846,11.6,,39.6
18103,IN,Miami,21.1,0.367980063,7.286238749,0.481204718,0.509510875,0.254755437,56867.0,21.79244758,17.3599911,3.297925588,9.780708313,19.00014877,0.361492687,4.983037651,86.54412991,23.28417587,14.9,,42.1
18105,IN,Monroe,14.4,0.330591887,12.77343216,0.742145061,0.910814404,0.134935468,53166.0,16.58626662,14.6130062,4.550594769,5.346059322,18.32712173,5.976323738,3.590088607,80.51217452,10.9112196,21.1,0.121441923,37.6
18107,IN,Montgomery,15.5,0.651635587,5.085770838,0.808028162,0.677701056,0.208523393,57997.0,22.98871784,18.4943062,6.01275833,3.765938997,10.36982822,0.62210038,0.904154365,88.96035428,18.2457962,11.7,0.104261696,42.6
18109,IN,Morgan,12.5,0.452571869,4.474314385,0.523286223,0.523286223,0.113142967,69203.0,22.30008359,18.39091669,1.774867651,6.071430683,28.69270515,0.38450822,0.4722764,93.30175536,20.89373589,10.3,0.070714355,37.8
18111,IN,Newton,18.1,0.647156119,6.345941976,0.431437403,0.790968597,,61336.0,21.42443962,20.15184382,7.512653651,5.404391289,14.57728672,0.245842372,0.303687636,87.15112075,17.67694855,11.9,,41.5
18113,IN,Noble,13.1,0.459943146,3.499361983,0.627195179,0.459943146,0.146345541,65979.0,25.11326043,16.94375961,11.06264618,3.711179256,9.052998543,0.469899067,0.457256042,84.78201319,16.43251419,9.1,,36.5
18115,IN,Ohio,14.2,,4.836220202,,,,64947.0,20.47138047,22.02020202,1.32996633,0.0,0.0,0.488215488,0.269360269,94.76430976,12.33310699,9.1,,38.1
18117,IN,Orange,21.9,0.407103956,5.025514149,0.610655963,0.76331991,,52910.0,23.34524589,20.1288569,1.535209141,0.393880486,1.097332239,0.302008356,1.006694519,93.25514673,23.37031174,14.4,,41.7
18119,IN,Owen,17.9,0.384006143,5.600883087,0.480007678,0.288004607,0.192003071,57716.0,21.19037569,20.39772994,1.392992824,0.265570194,0.703386724,0.290793115,0.370526711,93.21326392,25.26040459,11.3,,39.9
18121,IN,Parke,21.8,0.592733085,7.10375217,0.23709324,0.533459783,,55683.0,23.42163902,19.5159693,1.392671453,6.474342346,18.87968826,0.185689527,1.225550879,94.8811587,18.76494217,16.0,,38.3
18123,IN,Perry,16.6,0.469875753,3.628040057,0.5742926,0.730917811,,58097.0,20.64162754,19.26447574,1.1476265,7.065638065,28.61433029,0.516431925,2.070944184,93.12989045,14.69231796,12.8,,40.6
18125,IN,Pike,13.9,0.888673425,3.028781794,0.242365494,0.484730989,,52093.0,22.44081633,20.30204082,1.469387755,0.850871921,2.595131874,0.12244898,0.253061224,95.23265306,15.45079994,11.3,,41.7
18127,IN,Porter,12.0,0.374312788,4.548748471,0.731079638,0.754474223,0.08188092,80878.0,22.09912536,17.60471091,10.91360448,7.945165157,40.44406891,1.268365904,4.183240481,79.08841613,12.75441551,9.7,0.111124106,37.0
18129,IN,Posey,11.6,0.435212672,3.913894325,0.395647883,0.514342248,0.158259153,74102.0,22.89271271,19.43144874,1.486797241,8.393299103,31.64577293,0.424232813,0.836571247,93.72769804,13.69271374,9.1,,36.4
18131,IN,Pulaski,17.1,0.56506294,5.88713612,0.484339684,0.968679368,,58239.0,21.86351287,21.00847051,3.659900911,3.563176632,9.482639313,0.351606201,0.519418252,91.43359437,21.64729309,11.5,,41.4
18133,IN,Putnam,15.1,0.45370841,4.213260684,0.50708586,0.50708586,0.106754914,61223.0,19.46577357,17.38550346,2.134727441,3.539119482,11.94150448,0.966617655,2.788215433,90.26302892,15.67295647,12.0,,39.4
18135,IN,Randolph,20.8,0.454714566,4.90248851,0.413376868,0.785416067,0.16535075,50809.0,22.49612277,21.3941719,4.717982206,7.85722971,17.64956093,0.273447066,0.485674639,91.11501102,24.60281372,14.0,,38.9
18137,IN,Ripley,12.5,0.527277827,5.686205686,0.527277827,0.632733405,0.246062994,65893.0,23.14881876,19.60337989,1.865838938,0.812497616,4.334608078,0.631143301,0.251767546,93.85411278,14.82236576,8.9,0.10545557,37.4
18139,IN,Rush,16.2,0.660700321,5.122426605,0.600636661,0.780827701,0.180190995,60486.0,23.01814709,18.62464183,1.504297994,4.433562279,12.95516968,0.32234957,0.537249284,94.77077364,21.32260132,11.0,,41.5
18141,IN,St. Joseph,18.6,0.423597693,6.857574054,0.747742057,0.740375102,0.17312254,59325.0,22.97846925,16.47344199,9.737937504,8.158717155,31.75575066,2.413232104,12.97854253,69.09040277,24.17423058,14.3,0.095769919,37.8
18143,IN,Scott,20.9,0.588532031,6.16999488,0.840760052,0.294266015,0.126114011,54747.0,22.71571522,17.74114173,2.19406168,9.841075897,17.95147514,0.356791339,0.377296588,93.62286745,32.80365372,14.4,,39.5
18145,IN,Shelby,13.7,0.401149958,4.059989531,0.579438865,0.668583274,0.111430548,64528.0,22.64121629,17.87370991,5.275774054,4.856451035,16.5880146,0.752413717,1.191876595,89.45732993,20.36393166,9.9,0.066858329,39.7
18147,IN,Spencer,10.9,0.741656363,2.473085517,0.64276886,0.346106291,0.197775036,62311.0,22.01918223,20.04038364,3.412417971,0.013438729,0.136355817,0.368500757,0.65118627,92.72084806,12.805933,8.1,,35.7
18149,IN,Starke,20.8,0.390472472,6.295305488,0.390472472,0.607401609,0.130157486,57994.0,22.33965171,20.07188396,3.859483976,1.279719353,2.045055628,0.171152283,0.286680074,91.54507723,32.39113617,14.2,,40.1
18151,IN,Steuben,14.8,0.545491099,4.729605866,0.602911174,1.062272072,0.143550292,65407.0,20.12777697,20.53434006,4.144039495,11.45921421,30.86360168,0.543052127,0.679541165,91.29664585,16.77145767,9.7,0.114840232,34.1
18153,IN,Sullivan,20.6,0.583147049,6.346205779,0.437360287,0.680338204,0.145786762,47606.0,20.31512706,18.81154825,1.604457895,5.43415308,15.87148476,0.158524283,4.212902916,90.57981457,19.30864716,16.2,,38.1
18155,IN,Switzerland,23.2,0.466243953,6.574358974,,0.652741492,0.279746354,57362.0,24.54554791,17.78781966,1.170791825,3.114325762,4.594595909,0.205402075,0.143781452,95.12170073,19.10046005,13.9,,39.5
18157,IN,Tippecanoe,14.5,0.356933445,10.08362637,0.724064946,0.739362121,0.117278129,55192.0,21.06888017,12.37738321,10.01175833,17.43690681,40.16163254,7.308954046,5.948961348,70.58485592,14.04193115,17.7,0.101980984,35.1
18159,IN,Tipton,11.7,0.394036919,3.834376248,0.525382519,0.656728208,,67866.0,21.40113289,21.44019793,2.825704798,7.321813107,22.38351822,0.299498665,0.299498665,93.54124617,15.31818485,9.0,,36.1
18161,IN,Union,17.0,0.421407491,3.282937365,0.561876655,,,65572.0,22.57654861,20.02257655,1.044165373,0.0,0.0,0.465641315,0.296317201,95.45646959,25.44832993,11.2,,40.3
18163,IN,Vanderburgh,18.5,0.465888739,6.935195524,0.942739546,0.844080746,0.186355487,53795.0,21.62144158,17.88981658,3.504574322,11.61401176,37.90548706,1.338433184,9.692121508,79.63094551,22.70385361,13.9,0.120582961,39.3
18165,IN,Vermillion,16.5,0.78282994,8.65510901,0.456650794,0.521886647,0.195707485,53540.0,21.31614742,21.05058618,1.088153378,1.697897434,4.743662357,0.297946758,0.239652827,95.16160373,18.49979401,12.4,,40.8
18167,IN,Vigo,23.8,0.440867484,10.66880761,0.834834158,0.750412703,0.140702382,48421.0,20.43088749,17.05933888,3.051256206,19.99116707,38.79411697,1.886899098,6.668676345,83.02827052,24.39154053,20.4,0.121942066,41.0
18169,IN,Wabash,16.1,0.519750535,5.242625419,0.779625773,0.454781711,0.162422031,62193.0,21.5941374,23.12435434,2.895790289,7.177343845,18.24990082,0.519757231,0.510072314,92.43930785,17.78792,11.2,,36.9
18171,IN,Warren,13.5,0.488162071,6.972830007,,,,63154.0,22.7014218,20.52132701,2.286729858,1.704590917,6.403787136,0.308056872,0.082938389,95.0,12.05150127,8.9,,36.5
18173,IN,Warrick,9.0,0.331916094,2.459107955,0.426749289,0.458360344,0.094833173,83005.0,24.21046042,18.42311183,2.164386992,6.89509964,38.61706161,2.565025509,1.624463989,89.74615794,9.01573658,6.8,0.158055291,39.8
18175,IN,Washington,18.1,0.212667912,4.235294118,0.425335824,0.389891177,0.141778618,57348.0,23.14952807,17.65311192,1.419345682,3.129981041,9.224858284,0.337094599,0.400965155,94.38648783,22.62550354,11.3,,41.7
18177,IN,Wayne,21.7,0.562498093,7.590795413,0.668916643,0.760132551,0.106418557,50569.0,22.34309498,19.93298574,3.748891861,16.62986946,34.43942261,1.062311241,4.548254774,85.17872973,25.88378143,15.9,0.07601326,39.4
18179,IN,Wells,11.0,0.284272611,2.808907,0.568545222,0.319806695,,66102.0,24.24059617,19.29382541,3.616039744,12.67487907,33.23987961,0.461320085,0.780695529,92.26401703,12.20891666,7.6,,40.7
18181,IN,White,14.5,0.66211462,4.416312729,0.66211462,0.703496814,0.124146491,62151.0,23.08408944,20.69831497,9.936001296,0.398432225,2.005925894,0.380751782,0.449611147,85.8838302,16.93564987,10.0,,39.3
18183,IN,Whitley,9.5,0.349060446,3.607417566,0.610855758,0.58176738,0.116353482,64146.0,22.87444064,18.54581615,2.45971162,1.214859486,4.540975094,0.505981106,0.438711942,93.10052353,12.16863537,7.3,0.174530223,34.6
19001,IA,Adair,13.8,0.991641879,4.83715817,0.566652477,0.849978745,,60847.0,22.17182497,23.39914621,2.481323372,2.305078745,8.036211014,0.306830309,0.600320171,94.26360726,19.32521057,10.2,,41.9
19003,IA,Adams,15.3,,5.770292656,0.836120427,0.836120427,,54403.0,21.94924406,23.19114471,1.133909287,2.007670164,6.422805786,0.350971922,0.323974082,94.97840173,20.04366493,10.6,,38.6
19005,IA,Allamakee,15.2,0.659727335,4.125879197,0.219909102,1.466060638,0.36651516,60717.0,23.31982078,23.03534599,8.683592917,3.478602648,10.87645721,0.291586658,1.038332978,88.19429628,14.57508659,9.9,,38.3
19007,IA,Appanoose,20.7,0.563153684,9.125911362,0.724054694,0.563153684,0.32180208,51222.0,21.99399204,23.84509215,1.875456686,5.489305019,15.74483871,0.560201348,0.608914508,94.06511326,17.99410057,17.0,,43.3
19009,IA,Audubon,14.5,0.729793847,4.723127036,,0.729793847,,69484.0,21.80119845,24.90306662,1.515685583,2.354763508,7.412939548,0.070497004,0.299612266,95.92879803,15.75138378,10.2,,41.7
19011,IA,Benton,8.9,0.629574239,3.719990492,0.196741953,0.354135513,0.118045174,78155.0,23.91788856,18.31476051,1.806451613,4.280114651,16.97654915,0.308895406,0.437927664,94.1427175,9.997770309,8.4,,41.7
19013,IA,Black Hawk,13.5,0.535225511,7.462298082,0.764607847,0.741669595,0.206444114,60716.0,21.82105167,17.74004148,4.916732752,9.466840744,27.52601814,2.601720246,10.31614104,77.12895748,20.07031822,13.5,0.099399015,39.1
19015,IA,Boone,9.2,0.342504859,3.145922094,0.266392648,0.532785296,0.114168286,69888.0,23.14055774,20.14972862,2.653939734,2.364555597,10.1113224,0.374321542,1.081789257,92.53228523,11.74664783,7.8,0.152224377,38.6
19017,IA,Bremer,6.5,0.513610661,3.704020897,0.355576634,0.75066179,0.158034056,75395.0,23.42324316,20.30174484,2.044981591,1.298171163,9.956210136,0.784376501,0.9564591,93.65695534,8.734674454,7.1,0.118525542,39.5
19019,IA,Buchanan,13.2,0.469770283,3.240990439,0.375816226,0.610701382,0.234885141,64503.0,26.33114515,18.7794797,1.643569171,3.380545855,14.13348389,0.252856796,0.340384148,95.13736932,10.65204144,9.8,,40.6
19021,IA,Buena Vista,12.7,0.505765736,1.927564168,0.455189168,0.657495439,0.252882868,60576.0,26.39389137,16.17442251,28.45411324,5.61740303,16.62055969,9.071699563,2.68933391,54.6366998,16.31515884,10.8,0.151729718,41.0
19023,IA,Butler,9.8,0.558152497,3.902507749,,0.767459691,0.209307194,65284.0,22.37337798,24.2918934,1.276684805,1.907413602,6.878715038,0.195339752,0.181386912,95.93274731,10.92467308,8.8,,39.5
19025,IA,Calhoun,13.4,0.633379102,5.327868853,,0.527815878,0.316689551,59643.0,21.36597159,23.09861993,2.377354689,8.849547386,29.88311005,0.241764884,1.52110406,93.29102448,12.54442406,12.1,,38.9
19027,IA,Carroll,9.7,0.652807057,2.417302799,0.753238916,0.954102635,0.251079649,65598.0,23.99325626,21.51252408,2.861271676,1.991640449,8.913966179,0.361271676,1.262042389,93.49229287,14.38267899,9.3,,42.0
19029,IA,Cass,19.1,0.780213773,5.989321365,0.624171019,1.014277935,0.390106887,55909.0,22.03092862,24.10299383,2.33107336,9.127362251,28.74804878,0.266626038,0.21330083,93.82951169,13.49119663,14.4,,44.9
19031,IA,Cedar,8.2,0.595077097,2.767212392,0.378685415,0.486881256,,75894.0,22.81545528,20.51877871,2.496622534,4.835873127,22.55412292,0.329640638,0.426911646,93.67198055,6.793796539,7.3,,38.3
19033,IA,Cerro Gordo,13.8,0.546279371,4.330402395,0.950051069,0.950051069,0.261264056,55465.0,20.16602129,23.28471723,5.200918218,5.473159313,21.62915039,1.240522179,1.966285622,87.692165,16.39233971,11.7,0.213761494,38.4
19035,IA,Cherokee,11.9,0.714924037,5.233280114,0.893655062,0.714924037,0.268096507,64286.0,21.66752445,25.0643335,4.546234346,6.033897877,23.29896545,0.488934637,0.720535255,91.50797735,12.17605019,10.2,,40.2
19037,IA,Chickasaw,8.7,0.760520518,2.419832473,0.338009119,1.098529696,0.253506839,67667.0,23.55144855,21.8031968,4.004329004,3.165715218,12.63006115,0.233100233,0.624375624,93.01531802,11.76694298,8.5,,37.7
19039,IA,Clarke,15.3,0.42767027,12.43702771,0.53458786,0.53458786,,58483.0,24.78457119,19.8604842,15.73656135,3.060964108,9.223778725,0.83093968,0.441116126,80.39597866,16.95534325,9.6,,42.5
19041,IA,Clay,12.2,0.563345015,3.449131514,1.001502275,0.876314461,0.187781677,60162.0,22.4609375,22.03979492,4.296875,4.567575455,14.85280228,0.640869141,0.604248047,91.70532227,12.81088257,9.4,0.250375569,40.6
19043,IA,Clayton,11.7,0.808267415,3.869364572,0.635067284,1.385601282,0.346400321,56076.0,21.73326292,24.22108784,2.012556475,1.064494848,2.506485701,0.275773045,0.927066831,94.5314792,12.4367342,10.0,,40.6
19045,IA,Clinton,15.5,0.517330587,4.647695883,0.668218672,0.689774096,0.150888085,60528.0,22.7572105,20.25398192,3.312526905,8.351933479,29.71593094,0.542402066,2.9961257,88.73439518,19.60107994,11.5,0.086221762,40.9
19047,IA,Crawford,13.7,0.475228697,11.25488281,0.534632266,0.534632266,0.297017932,58874.0,26.78366112,17.95461422,29.72465961,11.37749195,32.06416702,1.833585477,2.317700454,64.29652042,12.91037941,11.4,,44.5
19049,IA,Dallas,5.3,0.309396356,1.571110695,0.721924841,0.660045564,0.154698178,94467.0,27.71724954,12.46413451,6.536046068,2.39945817,22.07529068,5.003110014,2.665583178,81.97194968,5.67226696,5.3,0.154698178,32.2
19051,IA,Davis,14.5,0.552425146,1.350446429,,0.441940129,0.331455082,75730.0,29.92316136,17.70581778,1.580680571,3.328594685,10.91892719,0.164654226,0.087815587,95.88364435,5.450594902,10.1,,40.3
19053,IA,Decatur,22.7,0.514866769,9.328571429,0.386150092,,,48666.0,23.17854807,20.98103336,2.759973839,3.535215616,9.852791786,0.510137345,1.268803139,91.69391759,24.04856873,16.5,,38.1
19055,IA,Delaware,10.3,0.708508015,4.130660214,0.354254007,0.885635018,,69767.0,23.61047575,20.45974382,1.395242452,2.589884758,11.31129551,0.223010064,0.697621226,95.52836231,5.382692814,9.1,,40.6
19057,IA,Des Moines,18.5,0.568357944,6.145718918,0.981709182,0.775033593,0.155006722,53917.0,21.76304292,21.72449242,3.199691596,7.835496426,30.06417084,1.022873297,6.427653559,84.17630429,22.61806297,13.2,,36.6
19059,IA,Dickinson,8.7,0.797766268,1.499163928,1.082682729,1.937432289,0.227933213,67949.0,19.04197029,27.54900299,2.293396599,1.884021521,8.395184517,0.451900808,0.429305767,94.38513246,14.02738953,7.5,0.398883134,36.9
19061,IA,Dubuque,9.4,0.532841504,4.488309617,0.748027444,0.789015293,0.153704271,73968.0,22.51526202,18.90979792,2.999012754,5.644055367,23.25174713,1.025527371,4.064835895,87.99488244,15.36957359,8.1,0.163951218,41.5
19063,IA,Emmet,15.6,0.549752593,3.702846563,0.549752593,0.769653678,0.329851568,52000.0,21.92160205,23.27439284,9.448231785,11.07043552,31.3008461,0.340860673,0.948018747,86.64252237,19.19552803,11.5,,38.5
19065,IA,Fayette,14.7,0.778897107,5.722099506,0.519264698,0.934676468,0.207705885,56366.0,21.52339946,22.80998514,2.665436465,1.718670368,4.032167435,0.39981547,1.025167871,92.5367779,17.01457405,11.8,,39.7
19067,IA,Floyd,15.6,0.516795874,3.68934548,0.322997421,0.968992233,0.258397937,59638.0,23.40820375,22.27554873,3.519549498,6.291679382,22.23357964,1.874960005,2.655660076,88.99340884,15.98837185,11.3,,42.8
19069,IA,Franklin,15.4,0.802326739,4.9823143,0.401163369,0.601745069,0.300872535,60269.0,23.46541571,22.08803274,16.30901288,5.708234787,19.68704796,0.489070766,0.319393153,80.18764348,9.577775955,10.1,,41.0
19071,IA,Fremont,14.4,0.743052483,3.51384241,0.891662955,0.891662955,,68622.0,22.4678274,23.22482967,2.87660863,25.56663513,75.99986267,0.121120363,0.151400454,93.03557911,17.49888611,10.5,,36.3
19073,IA,Greene,14.8,0.909607708,4.752611641,0.454803854,0.56850481,,57737.0,22.26656026,23.70311253,2.918709383,4.548757076,18.57673645,0.547258009,0.250826588,93.35309543,11.62592411,11.3,,41.5
19075,IA,Grundy,7.0,0.572972059,2.30403411,,0.900384724,0.327412635,71652.0,23.81377241,21.57514802,1.176088896,0.0,0.0,0.19466299,0.34877119,95.63630465,5.688794136,6.3,,38.7
19077,IA,Guthrie,11.4,0.5588153,3.564620663,0.372543544,0.745087087,0.27940765,66112.0,22.50776617,23.75035301,2.579309046,3.159692049,11.33162785,0.348300857,0.25416549,93.75882519,14.76203823,9.8,,39.8
19079,IA,Hamilton,11.4,0.54362601,2.859257266,0.203859746,0.679532468,0.271813005,64292.0,23.10658953,21.13172418,9.741339185,2.730852365,10.00475693,2.087904781,0.585145289,84.46040295,11.38216877,8.3,,35.4
19081,IA,Hancock,10.6,0.475873232,4.507042254,0.571047902,0.380698591,0.285523951,61544.0,22.13987957,24.13154238,5.687818434,3.461018324,9.641195297,0.231588698,0.704029643,90.90319592,6.939817905,8.7,,36.2
19083,IA,Hardin,13.7,0.723981917,4.29391079,0.42232278,0.603318274,0.361990958,58126.0,22.58561441,23.24920014,4.846545799,2.394545794,8.575946808,0.509539045,0.853181657,90.60315203,14.63549519,9.7,,39.2
19085,IA,Harrison,13.4,0.717978179,3.236809133,0.717978179,0.646180332,0.287191272,67433.0,23.41242628,20.73103827,2.009326567,5.833334923,19.7424202,0.336030723,0.185159786,94.76066383,12.58256721,10.4,,40.1
19087,IA,Henry,15.2,0.456922382,4.215976331,0.456922382,0.609229803,,61112.0,21.06727859,19.83204765,5.287569573,10.44979477,33.63263702,2.201933405,2.44605019,86.13904892,16.07266808,12.2,0.152307451,40.9
19089,IA,Howard,13.1,0.653879702,4.409228116,0.435919791,0.980819523,,58857.0,25.0924068,21.25884465,2.724680536,10.17588997,37.79862976,0.285140986,0.242897877,93.88530996,15.92923546,9.9,,37.3
19091,IA,Humboldt,12.0,0.633379102,6.468549827,0.422252715,1.055631757,0.316689551,69252.0,24.28884026,21.07950401,4.480566844,7.468500614,24.54718971,0.218818381,0.552255913,91.93497968,9.227981567,10.0,,43.4
19093,IA,Ida,10.9,0.731743038,5.009493209,0.585394382,0.731743038,,58792.0,22.92648108,23.24054247,3.640256959,0.376580447,1.254435658,0.256959315,0.39971449,93.56174161,11.7078886,10.7,,37.3
19095,IA,Iowa,7.7,0.681621015,3.727922753,0.309827745,0.805552125,0.309827745,66613.0,23.40055215,19.76953547,2.970831833,1.026150107,5.148017406,0.50414116,0.666186532,92.38986916,7.033089638,7.7,,35.7
19097,IA,Jackson,15.0,0.728976846,4.517571221,0.416558176,0.937255919,,61307.0,21.71413908,21.98101103,1.216320246,7.018029213,23.99578476,0.236079035,0.718501411,94.27251732,12.27110958,11.8,,41.8
19099,IA,Jasper,10.6,0.538387001,4.186201348,0.484548301,0.538387001,0.1615161,65714.0,22.12731071,19.48800677,2.874672732,3.92773366,16.18694878,0.568587523,1.806257107,91.09301034,15.45170689,9.3,0.1076774,39.2
19101,IA,Jefferson,17.9,0.381533772,9.038423253,0.545048237,0.599553049,,52763.0,18.76396603,27.45323374,3.894528507,6.62417841,18.50899696,3.192236481,2.611249441,85.71154951,21.03886223,13.5,,37.4
19103,IA,Johnson,10.4,0.29270196,10.16100401,0.741511643,1.040718079,0.182125673,68664.0,20.13032044,12.64540019,6.671725961,2.361925602,8.568649292,5.596844047,8.271291559,74.90219425,14.58468819,14.7,0.149603233,30.9
19105,IA,Jones,11.7,0.33952564,4.420457466,0.291021973,0.824562252,0.194014654,62810.0,21.34553909,20.87571442,2.407245956,4.739573002,15.59039974,0.280926087,2.116632762,92.03719849,13.37892723,10.5,,39.4
19107,IA,Keokuk,16.3,0.396628648,5.29661017,0.396628648,0.594942987,0.297471493,56843.0,23.71175122,21.6983953,2.142928336,7.688762188,25.41497803,0.159473737,0.468454101,94.44832054,13.3696909,11.2,,40.1
19109,IA,Kossuth,12.2,0.681198895,3.547747625,0.476839244,1.021798372,0.408719361,62571.0,21.41219315,24.49420016,4.066630699,4.141759872,18.71199226,0.478823847,0.478823847,92.78392231,13.09604931,10.5,,37.6
19111,IA,Lee,18.2,0.537634432,5.691885051,0.597371578,0.836320162,0.179211468,56001.0,21.32916108,22.75368797,3.308001788,12.79090595,28.2858181,0.414245269,2.670242885,89.07167337,23.82019043,14.1,0.119474314,40.9
19113,IA,Linn,10.8,0.412544876,4.106517984,0.737314224,0.820701003,0.11410816,70464.0,23.18203726,16.52634184,3.869317713,6.254566193,29.15248489,2.320895879,7.034333627,81.59436211,14.52574921,9.7,0.127274483,37.3
19115,IA,Louisa,14.6,0.544909656,2.957039241,,0.726546168,0.272454828,64151.0,22.74614746,19.76561779,15.94537234,0.324715912,1.139075398,2.445326197,0.67361816,78.29657654,8.332576752,11.1,,44.8
19117,IA,Lucas,19.8,0.586992264,4.225020596,0.469593793,0.469593793,,64796.0,23.39587677,21.91336576,2.293259208,9.606406212,27.53685379,0.335881399,0.20847811,94.44058374,18.39242363,12.9,,41.1
19119,IA,Lyon,7.2,0.595440626,2.049110923,,0.425314724,0.425314724,70654.0,28.88386124,18.35930954,3.410423999,2.47776866,12.76156712,0.201106083,0.318417965,93.64002011,5.436940193,6.9,,38.5
19121,IA,Madison,7.7,0.423703164,2.418461539,0.242116094,0.484232187,0.18158707,82730.0,25.54387237,18.09282088,1.909596326,4.005002499,19.7417984,0.501571187,0.265893159,93.69108049,11.05159092,7.4,,38.2
19123,IA,Mahaska,14.4,0.491730005,4.697704796,0.536432743,0.402324528,0.178810909,62776.0,23.69085174,19.25642181,2.163136548,8.377923965,25.56454468,1.126633619,1.730509238,91.29788193,16.80077553,12.5,0.134108186,42.4
19125,IA,Marion,8.7,0.42209357,3.381825052,0.633140385,0.633140385,0.180897251,69307.0,23.32555216,19.63248938,2.094930269,3.233866453,15.93783092,1.200095768,0.840964865,92.53007721,7.429349422,8.6,0.150747702,38.3
19127,IA,Marshall,14.0,0.405114561,5.31243534,0.557032526,0.53171289,0.278516263,63541.0,25.15397083,19.31429996,22.79017579,9.615856171,28.09868813,3.775090388,1.957361925,68.41540955,16.12651443,11.6,,40.7
19129,IA,Mills,9.5,0.338615745,2.02020202,0.27089259,0.541785181,0.20316945,76917.0,24.57194145,19.24882629,3.182822425,3.807106495,13.27684593,0.331400166,0.531621099,92.03258768,8.843514442,8.5,0.20316945,40.7
19131,IA,Mitchell,13.0,0.65746218,1.748761294,0.281769514,1.127078056,0.375692695,61719.0,23.47373403,23.03833412,1.826786559,8.605115891,22.25393105,0.42593469,0.397539044,95.40937056,8.946182251,8.8,,44.9
19133,IA,Monona,15.9,1.046755075,5.723630417,0.697836697,0.814142823,,56394.0,22.04319506,25.05999314,2.696834647,5.014472961,16.34312057,0.308536167,0.319963433,92.00091418,15.21671677,12.1,,40.9
19135,IA,Monroe,14.3,0.514800489,2.994252105,0.386100382,0.9009009,,62014.0,23.50534512,21.68404382,1.54414676,2.299612284,8.881569862,0.211165369,0.23756104,94.91883331,15.2402401,10.5,,37.5
19137,IA,Montgomery,17.0,0.704579771,5.336609337,0.603925526,0.805234015,,53399.0,21.95546951,23.13649564,3.591481123,7.398060799,20.69611549,0.203291384,0.242013553,92.96224589,18.18486786,11.7,,39.8
19139,IA,Muscatine,13.3,0.495353103,6.020800415,0.896353245,0.802000284,0.141529456,63519.0,24.21186539,17.93223083,17.96923789,5.562726974,16.99526787,0.934428125,2.511853822,75.47820053,16.41741753,11.1,0.070764728,37.8
19141,IA,O'Brien,13.6,0.657942832,4.955085483,0.584838092,0.731047571,0.511733294,62959.0,23.25483007,22.09843464,6.945423777,4.68076086,11.95119572,0.55704414,1.121139473,88.90847553,10.27731037,10.2,,38.8
19143,IA,Osceola,12.8,0.668114245,6.127491352,,0.501085699,,62624.0,22.77131783,21.18863049,9.738372093,8.181277275,29.64593124,0.339147287,0.452196382,86.25645995,20.33572769,9.0,,40.1
19145,IA,Page,19.7,0.331718981,6.302698145,0.331718981,0.862469316,0.199031383,55317.0,20.97166524,23.19374137,3.050424035,3.296415806,10.654006,0.769180199,2.399579252,89.97436066,11.36137486,16.2,,43.9
19147,IA,Palo Alto,13.7,0.678349376,4.168113928,0.678349376,1.130582213,0.452232897,57866.0,22.51000445,23.31036016,3.045798133,7.142982006,24.44960976,0.411293908,0.578034682,93.2747888,9.826643944,11.8,,41.6
19149,IA,Plymouth,8.4,0.436179072,1.551553533,0.753400207,0.594789624,0.158610567,74002.0,25.22764417,19.06374037,5.821464705,3.182697773,15.89166355,0.431940229,1.377539108,89.27153864,6.152768612,7.2,,37.5
19151,IA,Pocahontas,15.3,0.908127725,2.861250899,0.454063863,0.454063863,,59634.0,22.67589715,23.96157107,5.001412828,8.116189957,22.32505035,0.40972026,0.932466799,90.18084205,13.28136826,10.1,,37.2
19153,IA,Polk,11.6,0.384396732,4.422137762,0.75665462,0.813302577,0.192198366,73276.0,24.52188359,14.09501605,9.759322178,4.829691887,19.41256714,4.937642287,7.105996942,73.57011866,19.80216408,10.1,0.169943824,38.9
19155,IA,Pottawattamie,15.1,0.439310819,4.708112372,0.760757744,0.546459794,0.107148983,66144.0,23.3347924,18.08214206,8.17790684,9.321336746,30.62080193,0.825263967,1.960135373,84.53457461,23.73796272,12.3,0.128578782,42.6
19157,IA,Poweshiek,11.6,0.707252026,5.772157827,0.544040024,0.816060066,0.272020012,60542.0,19.42449898,21.6214768,2.834637231,1.275805116,6.12349081,1.184224628,1.714714393,91.11563605,12.41771412,12.6,0.163212016,42.3
19159,IA,Ringgold,19.4,0.624869823,1.779046782,1.041449666,,,52849.0,22.30323826,26.31353206,1.52262492,3.190701723,10.91896534,0.171563371,0.042890843,95.36778898,12.21967602,13.3,,41.2
19161,IA,Sac,12.8,1.041341305,3.609958506,0.41653651,1.145475388,0.312402368,66007.0,22.41695537,24.52618708,3.60709191,3.757833242,11.15406609,0.31587528,0.468718158,93.34624007,10.32663441,10.0,,41.1
19163,IA,Scott,16.0,0.536901891,5.18775776,0.860197663,0.894836485,0.132782191,66443.0,23.43747316,17.18221321,6.922808283,3.453075647,13.87704849,2.761795167,7.843979183,77.04744402,31.11721802,12.9,0.161647886,39.2
19165,IA,Shelby,9.8,0.524934411,3.972650164,0.524934411,0.962379694,0.262467206,64534.0,22.45870935,23.36965776,3.507577048,5.585528374,21.9498806,0.41716329,0.451217436,92.71241274,12.08807278,8.0,,35.0
19167,IA,Sioux,5.8,0.45658192,2.361003052,0.599263787,0.770482004,0.256827325,84283.0,27.90756021,15.7309322,13.69870651,0.380466968,1.549149275,0.610504014,0.51293488,83.40488403,5.747700214,6.6,0.085609108,34.0
19169,IA,Story,8.2,0.346101761,11.66299216,0.773639262,0.580229461,0.1425125,65137.0,16.75106813,13.06006881,5.106711185,10.48371506,23.14751244,5.524828237,3.0242447,81.13094574,10.99212456,17.9,0.16287142,35.5
19171,IA,Tama,16.4,0.53568238,5.265367316,0.357121587,0.773763478,0.357121587,61660.0,24.19025387,20.69448497,10.52815874,6.664757729,15.37181759,0.466880654,0.729501021,77.52553254,15.27190876,12.9,,41.3
19173,IA,Taylor,16.1,0.656598806,3.349854726,,0.656598806,,54458.0,23.40569878,24.06716418,6.767299864,1.072601676,4.204685688,0.254409769,0.016960651,89.95929444,16.38761139,12.8,,40.3
19175,IA,Union,16.1,0.575799942,5.293228029,0.575799942,0.98708564,,55698.0,22.87856319,21.09078926,3.287197232,5.899898529,22.12738991,0.535508321,0.939199209,92.46169056,20.53001022,12.8,,38.1
19177,IA,Van Buren,20.6,0.84877634,4.473832302,,0.565850914,0.565850914,53210.0,23.85117312,22.97653755,1.582673886,8.400265694,24.27519798,0.333194502,0.360960711,95.48799111,9.737350464,12.7,,41.0
19179,IA,Wapello,18.3,0.514506221,6.292329957,0.800342977,0.743175626,0.200085744,55297.0,23.97776335,18.69797105,12.2245111,23.13237953,50.37526321,1.755227587,4.072015125,77.02401445,24.22943115,15.5,0.114334717,42.0
19181,IA,Warren,5.7,0.459198326,2.688816921,0.497464836,0.478331566,0.076533049,85704.0,25.42411694,16.98757705,3.163940996,3.984583616,28.17407227,0.725149324,0.862546037,91.40125565,7.796804905,5.4,0.095666319,42.1
19183,IA,Washington,11.3,0.454710811,2.793573427,0.272826493,0.818479419,0.181884319,65761.0,24.33857744,20.69133614,7.14380678,3.000883579,8.885196686,0.500775537,0.78440062,88.44670951,8.423517227,8.7,,40.7
19185,IA,Wayne,20.8,0.623538554,3.264094956,,0.623538554,,53282.0,26.24288133,21.07126366,0.938894875,16.89705467,39.98677826,0.369401262,0.153917193,95.85962752,15.67939758,13.4,,39.3
19187,IA,Webster,16.6,0.61223352,8.229542545,0.584404767,0.779206336,0.166972786,55183.0,21.06813698,19.75188519,5.575826374,11.99760532,32.32698822,0.797318846,4.792021406,84.79148085,20.60490608,14.8,0.194801584,38.7
19189,IA,Winnebago,14.3,0.778437316,4.001584786,0.291913986,0.875741959,0.389218658,59949.0,20.65736492,22.31482349,5.562318569,2.84555912,7.821951389,0.880232231,1.910291226,88.69744358,13.79293537,10.5,,39.0
19191,IA,Winneshiek,8.2,0.352431774,3.056112224,0.45312658,1.057295322,0.201389581,70482.0,19.25261584,21.71898356,2.914798206,1.677182794,10.71243572,0.886895864,0.592924763,93.19880419,8.571644783,8.7,0.201389581,36.5
19193,IA,Woodbury,20.1,0.436308622,5.422204008,0.862921536,0.746572554,0.155131966,60110.0,26.01164799,15.40952039,17.69475463,5.366591454,19.18579483,2.791176221,4.791346127,68.18606583,21.34033966,15.5,0.106653221,38.5
19195,IA,Worth,12.8,0.543552101,2.959629024,,0.679440141,,64965.0,22.61185006,21.67136907,2.834878409,1.992641568,8.122254372,0.34932151,0.806126562,93.32258498,8.549621582,9.8,,39.9
19197,IA,Wright,15.4,0.805412352,5.662443297,0.644329906,0.885953605,0.483247429,61072.0,24.80105076,21.71830333,18.49648459,3.92117548,12.41837883,0.517654331,0.564011435,78.08854207,12.59799194,10.5,,41.8
20001,KS,Allen,22.5,0.725865006,7.833113457,0.403258324,1.048471689,,50794.0,21.85055085,21.37953058,4.007664059,4.182612419,15.43868256,0.534887434,1.381127255,87.74548938,29.09508896,16.1,,41.3
20003,KS,Anderson,16.1,0.377405971,4.006808956,0.377405971,0.629009962,0.377405971,57068.0,25.5870342,21.26084737,1.978050026,5.626031876,18.50721741,0.599795814,0.33180194,92.63654926,14.93898582,12.1,,36.4
20005,KS,Atchison,17.1,0.37464878,6.951623592,0.37464878,0.624414623,0.18732439,57445.0,22.01492537,17.77587472,3.566185466,9.06200695,28.70120239,0.489356496,4.801810619,85.17861512,20.73056602,14.7,,40.5
20007,KS,Barber,16.0,0.917852223,9.31085044,0.688389182,0.917852223,0.688389182,56344.0,22.13812677,25.40208136,3.831598865,3.220516443,11.51422596,0.378429518,0.165562914,90.20813623,11.41578674,10.8,,41.9
20009,KS,Barton,21.6,0.311793596,8.422102533,0.662561357,1.130251765,0.233845189,54236.0,24.14780528,20.07609932,16.1887577,12.51300144,34.41383743,0.313811635,1.149335112,78.1037932,21.08828926,14.2,,41.3
20011,KS,Bourbon,22.3,0.484932452,4.88786659,0.90058887,1.03914094,0.207828194,51355.0,25.45961003,19.79108635,2.688022284,11.18207645,27.53731537,0.682451253,3.161559889,86.70612813,30.74125481,15.2,,42.5
20013,KS,Brown,19.2,0.421851933,7.292557742,0.421851933,0.949166834,0.316388935,52446.0,24.70551115,21.21371477,3.702145562,13.68288517,37.73703003,0.441733277,1.020193521,80.80563736,21.54960251,14.0,,41.2
20015,KS,Butler,11.0,0.313470274,4.031365458,0.73143059,0.552304745,0.059708621,71826.0,25.69011576,16.28524785,5.310181063,6.518217087,26.92323303,1.478183437,2.074799644,84.3662808,15.22818661,9.6,0.059708621,40.1
20017,KS,Chase,14.6,,1.84,,1.546790361,,57415.0,20.48989114,23.2503888,8.631415241,31.68824959,93.74360657,0.311041991,0.699844479,86.6251944,11.21423054,10.9,,38.8
20019,KS,Chautauqua,23.6,,3.76344086,,0.928792596,,46986.0,21.8407813,25.24415508,4.084048535,17.57323265,36.63934708,0.532701983,0.680674756,83.51583309,29.92776108,15.5,,40.3
20021,KS,Cherokee,19.9,0.355672985,5.76583134,0.558914661,0.660535514,0.203241706,51353.0,23.24656544,19.98243983,2.654684433,17.92753792,46.42926025,0.335709121,0.408015701,83.88079744,27.20051575,14.9,,42.0
20023,KS,Cheyenne,20.8,,9.996155325,,1.923076868,1.538461566,49281.0,22.01834862,26.64373089,9.097859327,8.312076569,31.97620964,0.458715596,0.229357798,84.97706422,7.884615421,13.8,,39.9
20025,KS,Clark,18.5,,4.52631579,,,,58699.0,23.80713209,22.9532898,10.19588147,33.3257103,100.0,1.20542441,0.050226017,83.77699648,12.73560905,11.4,,38.9
20027,KS,Clay,12.9,0.373831779,3.362720403,0.747663558,1.121495366,0.373831779,59343.0,22.87791056,23.92509548,2.685721326,8.359475136,30.79007721,0.603671307,0.61599113,92.22619194,11.33956432,9.7,,40.1
20029,KS,Cloud,16.6,0.57856977,5.035294118,1.041425586,0.925711632,,50176.0,22.55314438,22.32063773,3.531886625,13.95636463,36.69281387,0.442869796,1.361824624,91.17581931,18.64923286,13.3,,41.5
20031,KS,Coffey,12.7,0.735474408,5.641150067,0.367737204,0.735474408,,64991.0,23.15789474,22.61961722,2.64354067,16.5524559,59.14782333,0.526315789,0.538277512,91.74641148,17.6411705,9.3,,39.5
20033,KS,Comanche,14.2,1.775147915,2.136258661,,1.775147915,,51548.0,23.44582593,25.45885139,5.802249852,3.22147274,17.82066154,0.0,0.592066311,89.99407934,10.15779114,10.0,,38.7
20035,KS,Cowley,17.8,0.346540362,6.651326891,0.664202392,0.60644567,0.08663509,51699.0,23.6099453,19.00199716,11.49382037,9.56525898,28.49446869,1.444325451,2.503690411,75.91247214,30.0647831,13.9,,41.8
20037,KS,Crawford,22.8,0.438936234,8.557707872,0.645494461,0.877872467,0.154918671,47718.0,22.6162373,16.29118341,6.969106025,12.76311398,30.11460495,1.182900544,2.306784358,81.94857847,27.10861588,21.3,0.077459335,42.6
20039,KS,Decatur,19.6,,6.902916205,,1.080691695,,49062.0,20.40520984,27.93053546,2.749638205,10.31860352,27.86965179,0.361794501,0.325615051,92.80028944,14.28914547,12.3,,38.6
20041,KS,Dickinson,13.0,0.437972188,3.304605588,0.547465265,0.766451359,0.328479141,60693.0,23.3833279,21.11183567,4.917943702,4.966026783,14.04752445,0.402130203,0.570590153,89.39789153,15.54345036,9.9,,38.7
20043,KS,Doniphan,14.9,0.40021345,5.476051402,,0.40021345,0.40021345,59400.0,22.02396804,19.64047936,2.716378162,8.809876442,32.65597534,0.426098535,3.541944075,88.06924101,14.31874752,12.7,,39.0
20045,KS,Douglas,10.6,0.236676738,9.421468192,0.889578044,0.701868951,0.163225338,59763.0,18.91568801,13.83255462,6.98320495,5.385684013,22.05111885,3.920528686,4.296838826,76.00370417,10.80279636,15.9,0.089773931,37.7
20047,KS,Edwards,16.1,,3.282739146,,1.818181872,,40896.0,22.1878225,22.87581699,21.43102855,4.835866451,15.70393848,0.034399725,0.481596147,74.2002064,17.060606,12.0,,42.2
20049,KS,Elk,25.7,,6.672091131,,1.196649432,,45405.0,22.55336287,27.90978655,4.067660089,18.51346397,36.84334183,0.120821587,0.040273862,89.16633105,22.10477257,16.2,,42.4
20051,KS,Ellis,11.1,0.488298267,6.967463599,1.220745683,1.011474967,0.139513791,58846.0,20.67463883,16.42358471,6.967581392,7.620282173,21.44834709,0.915877514,1.099053017,86.78025852,9.742712975,12.5,,41.4
20053,KS,Ellsworth,10.9,1.160092831,4.039123347,,0.994365275,,59368.0,18.80489335,22.804266,5.724592221,10.82334518,31.27020645,0.360727729,3.983688833,85.55520703,11.11755562,10.7,,39.8
20055,KS,Finney,13.5,0.334103614,6.363080847,0.751733184,0.779575109,0.139209852,62157.0,29.35794125,11.02937354,51.68442943,10.70235538,21.9339447,3.930335326,3.540421107,37.72809982,18.50330925,12.5,,43.5
20057,KS,Ford,14.1,0.392820448,3.881733544,0.604339182,0.906508744,0.151084796,67105.0,30.95342258,11.28416018,57.35701578,8.255601883,23.86684608,1.149123575,2.581153207,36.32572112,15.37791348,11.6,,38.7
20059,KS,Franklin,12.3,0.350153685,3.86766631,0.583589435,0.739213347,,64136.0,23.34589937,18.14894599,4.412217264,17.57838821,47.19613647,0.396214802,1.165563933,87.77504231,16.73280716,10.3,,34.2
20061,KS,Geary,16.9,0.3724626,8.417290482,0.682848096,0.713886619,0.124154203,54104.0,29.33122839,9.251748823,15.72171262,16.14373207,36.91391754,3.220011432,16.50017692,54.32102126,20.90446281,12.5,,37.0
20063,KS,Gove,14.4,,2.830882353,1.526135087,1.526135087,,58442.0,25.75423105,22.81089036,3.053715968,33.05055618,97.43516541,0.55187638,0.110375276,91.46431199,5.05532217,9.8,,40.2
20065,KS,Graham,16.6,,2.987551867,,,,49884.0,20.99378882,27.70186335,2.567287785,6.568162918,22.183321,0.579710145,2.277432712,90.22774327,14.89465618,12.4,,38.3
20067,KS,Grant,15.3,,5.735694823,0.70651406,1.130422473,,64425.0,29.86942329,13.99619151,52.52992383,6.44823885,21.696661,0.108813928,0.13601741,43.67519042,15.51975918,11.2,,40.8
20069,KS,Gray,9.3,,1.311298725,,1.007725954,,69219.0,28.3566248,17.83124005,14.84167699,11.88920116,45.52327347,0.247656112,0.336104723,81.88572439,5.654461861,7.5,,39.8
20071,KS,Greeley,11.5,,5.51948052,,,,65448.0,25.54517134,20.7165109,15.49844237,4.165734768,13.8327837,0.3894081,0.0,80.68535826,9.476031303,9.5,,36.5
20073,KS,Greenwood,23.6,0.852079093,4.694048617,,0.511247456,0.511247456,50157.0,21.39295213,26.21343085,3.390957447,17.80998993,48.50452805,0.598404255,0.465425532,89.86037234,23.19075203,15.3,,39.7
20075,KS,Hamilton,16.7,,6.687402799,,1.237113357,,61066.0,28.83240667,14.01906275,43.05003971,7.431580067,15.50481606,0.198570294,0.397140588,54.050834,10.44673538,11.9,,40.0
20077,KS,Harper,22.8,0.562218904,9.570711764,0.562218904,0.937031507,0.749625206,49103.0,24.02917046,23.70100273,7.74840474,9.982810974,25.84080696,0.273473108,0.291704649,85.94348222,19.83383369,16.3,,42.3
20079,KS,Harvey,11.9,0.174973026,3.040685225,0.699892104,0.554081261,0.145810857,65989.0,23.84493299,20.90583118,11.91805784,0.978782773,4.077088356,0.764166471,1.751704679,80.38149542,16.08293724,9.6,,37.3
20081,KS,Haskell,13.6,,3.375863902,,1.529441714,,66245.0,30.15873016,14.44444444,29.6031746,7.942894459,20.44462585,0.026455026,0.238095238,68.2010582,9.431557655,9.5,,40.5
20083,KS,Hodgeman,10.8,,5.859590934,,,,65042.0,24.84039466,22.28670923,5.571677307,8.907118797,31.92452431,0.580383053,0.812536274,89.72721997,8.197488785,9.6,,37.1
20085,KS,Jackson,12.8,0.227773145,3.034230388,0.531470656,0.531470656,,54623.0,25.61215236,19.43016929,4.761185006,5.617887497,20.04711723,0.219165659,0.717956469,79.61003628,13.47025013,9.3,,43.3
20087,KS,Jefferson,9.6,0.525430858,2.669528842,,0.630517006,,73702.0,23.36128049,19.83340592,3.086890244,0.339721382,1.082942486,0.223214286,0.538980836,90.09690767,9.326397896,8.0,,41.5
20089,KS,Jewell,20.7,1.058948159,8.122179799,,1.411930799,,52362.0,21.3165075,28.44474761,2.114597544,12.11431599,26.72728348,0.34106412,0.136425648,93.55388813,14.91351891,13.2,,40.5
20091,KS,Johnson,5.3,0.181153446,2.46098109,0.726260662,0.732848048,0.143275917,93220.0,24.24560926,15.63662659,8.918232455,2.25757432,19.36428261,5.387439474,4.606280427,75.49220071,5.613698483,5.9,0.182800308,31.6
20093,KS,Kearny,14.1,,6.695519348,,0.801068068,,76518.0,28.87270901,15.39040924,35.04895807,3.216487408,8.805977821,0.125533517,0.853627919,59.7037409,10.76991558,10.4,,43.4
20095,KS,Kingman,16.4,,4.132231405,1.003728151,0.716948688,,58917.0,22.43641232,22.74431058,3.58768407,10.56506157,42.36429596,0.441767068,0.374832664,91.41900937,12.58244896,11.7,,40.7
20097,KS,Kiowa,13.9,,2.022867194,,1.628664494,,55600.0,22.84552846,22.07317073,3.536585366,13.15339184,39.74620056,0.650406504,1.74796748,87.72357724,12.28284454,11.5,,35.4
20099,KS,Labette,20.7,0.561625659,5.141388175,0.510568798,0.816910028,0.15317063,49185.0,25.17340468,19.48077685,4.652199762,7.093694687,24.17573929,0.445897741,4.151803409,79.65219976,29.48960114,16.9,,43.6
20101,KS,Lane,14.4,,0.932090546,,,,61506.0,21.41041931,25.41296061,9.085133418,6.936358929,22.28507614,0.0,0.0,87.3570521,12.35177898,9.3,,40.3
20103,KS,Leavenworth,8.7,0.267490208,4.538999632,0.413393974,0.49850449,0.085110523,81325.0,24.07029714,15.33933391,6.841636033,11.01280594,45.80531311,1.29456162,8.128869945,76.33394805,10.99749565,8.7,0.036475938,40.1
20105,KS,Lincoln,15.9,,5.152143845,,1.339584708,,53199.0,23.06907111,26.23341273,4.423273222,9.534852028,31.60150528,0.272201429,0.204151072,91.5617557,12.97722721,11.2,,41.2
20107,KS,Linn,16.3,0.72508806,6.149509292,0.310752034,0.310752034,,57104.0,22.65665728,21.83296841,2.481493066,4.848193169,15.9784441,0.208528829,0.64643937,91.56500886,21.23472214,11.8,,38.6
20109,KS,Logan,13.4,,4.768838733,,1.830161095,,61365.0,25.16292542,20.63721941,7.060101376,4.883443356,18.2351017,0.362056481,0.144822592,88.95727734,10.79794979,8.9,,38.5
20111,KS,Lyon,13.8,0.393402934,7.76063881,0.938114703,0.786805868,0.15130882,51420.0,22.02057242,16.53562883,22.54886727,5.792999744,17.5476265,1.758911091,1.861462444,69.04813698,17.36016464,13.8,0.090785295,39.1
20113,KS,McPherson,9.2,0.316366702,4.383054518,0.808492661,0.878796399,0.246062994,64853.0,21.96671409,20.95424015,5.267511498,8.35384655,26.95157242,0.704761275,1.57165073,87.74443305,10.87949944,8.7,0.175759286,35.3
20115,KS,Marion,11.4,,3.342918764,0.429110885,0.944043934,0.34328872,56983.0,21.87262116,23.52194874,3.738475852,10.0922699,23.70633316,0.329865516,0.998054639,90.92446925,11.77909374,10.6,,38.7
20117,KS,Marshall,11.9,0.518027365,2.233502538,0.621632814,1.03605473,0.310816407,55737.0,23.8991831,22.66387727,2.261406655,12.87739658,36.63713837,0.408447898,0.38852361,93.74377366,12.27724838,10.6,,41.5
20119,KS,Meade,13.1,0.992802203,3.967855349,,0.992802203,,68909.0,26.38717633,18.54500617,19.65474723,16.49517441,51.00115967,0.320591862,0.912453761,75.28976572,11.12765789,9.7,,40.4
20121,KS,Miami,8.7,0.320382118,2.847711928,0.466010362,0.524261653,,77550.0,24.7170308,17.58649937,3.497996549,6.66644001,25.69212532,0.470884151,1.2576409,89.12286859,11.41725445,7.2,0.087376945,35.4
20123,KS,Mitchell,13.2,0.850484788,7.441779023,0.510290861,1.530872583,,59001.0,23.05037957,25.36231884,2.708764665,8.892132759,32.5646286,0.224292616,0.327812284,93.78881988,11.90678692,10.3,,40.1
20125,KS,Montgomery,21.9,0.476160258,7.801533663,0.79360038,0.730112374,,49251.0,23.57238138,20.75208029,7.666899574,10.24549198,24.47669792,0.606618815,4.868830591,74.86184336,30.16210556,15.9,0.095232047,45.1
20127,KS,Morris,14.3,,5.621580834,0.719553888,1.259219289,,53808.0,21.46305236,24.60081693,4.214630524,9.946998596,32.95946121,0.334199777,0.297066469,90.92090605,13.4316721,10.8,,40.4
20129,KS,Morton,16.0,,3.841850056,,1.182033062,,57476.0,24.36134765,20.8441318,21.88078489,9.416401863,26.13531876,1.147723066,0.62939652,71.82524991,13.85605431,11.3,,38.6
20131,KS,Nemaha,9.7,0.395217866,3.318830315,,1.284458041,0.296413392,68755.0,26.08780298,20.97731919,2.589311788,8.8546772,30.57162094,0.340698919,0.62299231,93.6630001,8.604222298,8.4,,34.6
20133,KS,Neosho,20.8,0.313892901,5.608020699,0.439450055,0.690564394,0.188335747,51056.0,24.68561368,19.74974849,5.721830986,5.218147755,14.38884163,0.528169014,0.823692153,86.56312877,24.84462357,15.0,,42.8
20135,KS,Ness,12.7,,3.448275862,,,,57269.0,19.98511351,27.46557499,11.35094901,9.757526398,26.83836365,0.074432453,0.074432453,85.78340156,9.152215958,9.6,,37.8
20137,KS,Norton,16.4,0.563063085,3.760721355,,1.12612617,,52131.0,19.39915735,19.39915735,5.697014105,7.747554779,22.29873466,0.641143066,3.645356292,85.91317091,13.13813782,12.9,,40.1
20139,KS,Osage,13.0,0.570703864,5.606694561,,1.204819322,0.190234616,63166.0,23.1701129,21.3243689,2.898642649,5.058794498,14.05542278,0.329823671,0.209311176,92.00177597,17.78693771,10.1,,39.7
20141,KS,Osborne,16.9,0.87234664,3.452311293,,1.163128853,,52866.0,21.34285714,26.54285714,1.885714286,7.913348675,23.11450958,0.514285714,0.028571429,93.85714286,16.76844025,12.1,,38.5
20143,KS,Ottawa,13.5,,6.051011434,,0.875350118,,58366.0,23.08631212,21.18570183,2.510897995,9.920969009,25.72264671,0.174367916,0.523103749,91.85701831,11.81722736,10.7,,36.9
20145,KS,Pawnee,16.7,,5.934227448,0.628338039,0.471253544,,54004.0,20.45418199,20.86998241,8.347992963,8.729506493,35.03748703,0.447785063,3.934111626,82.42443627,15.99643898,14.9,,41.5
20147,KS,Phillips,13.6,0.579038799,5.46303818,0.965064645,1.158077598,,54720.0,22.30475808,25.67757478,2.850833166,11.27272415,39.21985245,0.301144349,0.381449508,92.75245935,10.47095108,12.0,,37.6
20149,KS,Pottawatomie,8.9,0.364048213,3.312462129,0.606747031,0.525847435,0.364048213,78296.0,29.40271422,15.14912419,5.637525643,2.000642776,10.52119732,0.765346378,1.069117879,87.04828783,8.494458199,8.0,0.121349402,31.2
20151,KS,Pratt,13.7,,4.613636364,1.095650315,1.314780354,,58506.0,23.75232063,21.26242219,8.092169925,9.693501472,31.95821571,0.491427323,1.157584362,85.96701977,9.860852242,11.7,,38.7
20153,KS,Rawlins,14.7,,4.178384894,,1.592990875,,49823.0,22.56930886,27.45021476,6.2085123,13.73455429,35.68057251,0.429519719,0.702850449,87.54392815,9.7902565,11.5,,41.5
20155,KS,Reno,15.5,0.323661268,5.354759129,0.776787043,0.631139457,0.14564757,52121.0,22.22204272,20.50470128,9.84846037,9.012606621,29.1127758,0.537981841,2.817538531,81.28857152,20.83973885,13.1,0.080915317,38.0
20157,KS,Republic,13.1,,4.956709957,,1.322751284,,50131.0,21.28797604,26.957638,1.946940522,6.191129208,25.41303444,0.235344459,0.320924262,94.18057338,11.8680191,11.2,,38.2
20159,KS,Rice,17.2,0.534073889,4.088372623,0.747703493,0.747703493,0.320444345,58384.0,23.17810544,20.12305081,13.68409886,9.055603981,25.53938866,0.318234857,1.379017715,79.7708709,17.64224243,12.9,,36.9
20161,KS,Riley,12.4,0.245894924,12.30369379,0.683041453,0.62839812,0.068304144,57144.0,17.0569352,10.21137036,10.38091135,24.89414406,53.54406738,4.62068678,6.613488236,71.99516391,9.520459175,17.6,0.040982489,35.2
20163,KS,Rooks,13.7,0.621504068,1.733862544,,1.243008137,0.621504068,51957.0,22.07765806,23.05346615,2.358202887,3.78243041,14.48004532,0.101646676,0.569221386,92.66110998,10.28934479,10.0,,38.3
20165,KS,Rush,20.3,1.01798439,3.627311522,,,,53110.0,19.7902571,26.62381597,4.465493911,10.62761211,29.82512283,0.473612991,0.202976996,92.86197564,17.39056587,13.1,,37.4
20167,KS,Russell,19.8,0.587889493,7.062915911,0.734861851,0.734861851,,48071.0,22.6124645,23.32984606,3.52712599,8.156846046,31.67308998,0.418472575,0.896726947,90.25556718,18.6654911,14.5,,37.0
20169,KS,Saline,15.1,0.259615034,4.508622481,1.001372218,0.611949682,0.092719652,57643.0,23.14052631,18.70246579,12.23136843,6.027980328,20.0244503,2.042244443,3.189510708,76.43408283,20.92373466,12.9,0.111263581,37.9
20171,KS,Scott,9.5,,1.466798811,1.043841362,1.461377859,,66233.0,26.1890895,19.43311978,19.93787614,4.501055241,24.42944336,0.291205591,0.252378179,75.61638517,9.34237957,7.2,,41.2
20173,KS,Sedgwick,16.6,0.236580774,5.972149709,0.905931234,0.773215234,0.150026828,60540.0,24.99828187,15.28853203,15.77438224,9.397313118,27.73747444,4.239019213,8.605180366,64.19541678,26.92933464,13.3,0.098094463,33.5
20175,KS,Seward,16.1,0.190132141,5.777084385,0.665462494,0.90312767,0.142599106,61897.0,30.53633218,10.4398106,65.58914588,7.680155754,15.64559746,2.353851757,2.781824804,26.98961938,17.72190094,13.7,0.190132141,45.5
20177,KS,Shawnee,16.4,0.312501788,5.695444676,0.755686104,0.590912461,0.136364415,56625.0,23.34930048,19.07003002,13.33694783,10.77915001,23.84802818,1.386179566,7.563062786,70.35587925,27.07212257,14.6,0.096591458,40.0
20179,KS,Sheridan,13.1,,2.476269088,,,,58786.0,24.84675112,22.92603188,5.925623212,12.01120186,34.41101074,0.490396404,0.0,90.39640376,7.804232597,11.1,,37.8
20181,KS,Sherman,17.9,0.519300699,4.631097024,1.384801745,1.731002212,,54207.0,24.37995613,19.80765986,13.04201114,23.80887413,78.27136993,0.219335245,1.737810022,80.95157753,17.15134811,13.5,,40.5
20183,KS,Smith,14.8,,3.378762067,,1.128668189,0.846501112,49756.0,19.88795518,29.3557423,1.8767507,11.28988266,37.37019348,0.25210084,0.336134454,94.3977591,12.22723866,12.1,,41.0
20185,KS,Stafford,18.6,0.741473079,4.142606076,,1.482946157,,52542.0,23.52652259,22.51964637,12.35265226,8.111742973,25.44405937,0.294695481,0.343811395,82.6129666,14.45872498,12.4,,38.6
20187,KS,Stanton,13.0,,12.57281553,,,,65457.0,28.69481766,15.97888676,43.61804223,2.649067402,10.54581165,0.09596929,0.335892514,51.53550864,8.591501236,10.9,,43.2
20189,KS,Stevens,14.2,0.556792855,6.201996928,0.556792855,0.927988112,,64368.0,28.43809524,15.92380952,38.47619048,10.6917944,30.49121284,0.419047619,0.380952381,57.27619048,9.97587204,9.9,,40.3
20191,KS,Sumner,15.4,0.398618132,3.59611475,0.354327232,0.664363563,0.177163616,58342.0,24.40353856,20.22607452,5.602716469,4.714901924,13.61676216,0.326154946,0.893575194,86.43999643,20.17819786,12.2,,39.8
20193,KS,Thomas,10.9,0.519345641,3.585284281,1.168527603,0.908854842,,61169.0,23.68221942,17.91929382,7.969735183,17.66038132,67.0871048,0.592686003,1.336696091,87.13745271,7.930840492,8.7,,34.3
20195,KS,Trego,10.6,1.450326324,2.165137615,1.087744713,1.812907934,,56619.0,20.76210826,25.89031339,2.279202279,2.797494411,17.95750427,0.427350427,0.142450142,93.55413105,8.460236549,10.5,,36.2
20197,KS,Wabaunsee,8.4,0.43440488,2.93987295,,0.724008083,,72031.0,24.44379817,20.83757452,4.609568126,12.87975407,41.78900909,0.174494692,0.450777956,89.93747274,9.66550827,7.7,,41.2
20199,KS,Wallace,19.1,,3.462050599,,,,59241.0,25.66137566,23.01587302,5.291005291,8.455114365,32.77661514,0.0,0.198412698,88.88888889,9.494358063,12.4,,40.6
20201,KS,Washington,11.1,0.552791595,3.211517165,,1.474110961,0.73705548,55590.0,23.50813743,23.5443038,4.972875226,15.49125957,50.73302841,0.072332731,0.235081374,91.93490054,8.552914619,9.9,,40.3
20203,KS,Wichita,12.7,,1.456082668,,1.446480274,,58549.0,26.85873606,19.65613383,29.55390335,2.166111946,11.52930546,0.0,0.046468401,65.6133829,12.93796253,11.3,,40.9
20205,KS,Wilson,21.7,0.717531681,7.81705752,0.358765841,1.554651976,,46829.0,23.41141002,22.08951763,3.026437848,7.756501675,19.4192009,0.405844156,0.243506494,89.04220779,25.19333458,17.1,,40.5
20207,KS,Woodson,18.8,,6.596221582,,1.99004972,,41706.0,21.28410915,24.01284109,2.27929374,9.839426994,18.56905746,0.0,0.25682183,91.94221509,18.1039257,14.2,,38.4
20209,KS,Wyandotte,22.3,0.369104177,6.914167914,0.665597677,0.490121931,0.169424862,54943.0,26.9863216,12.73951963,32.97822683,13.57644653,28.8886776,4.502939526,20.0567225,37.27082041,34.55410004,16.9,0.072610654,41.5
21001,KY,Adair,35.1,0.460240334,5.999426441,0.511378169,0.460240334,0.204551265,42112.0,21.38284928,18.77479765,3.401576469,3.403806448,6.466919899,0.333280432,2.63450246,90.16558218,22.41114807,24.2,,37.3
21003,KY,Allen,24.6,0.328592211,9.140974578,0.422475696,0.328592211,0.187766984,51485.0,24.02856033,17.35476977,2.788031863,8.651519775,21.72795486,0.233145522,0.990868467,92.22362541,24.55053329,17.1,,41.8
21005,KY,Anderson,12.8,0.613147616,5.580404686,0.700740159,0.613147616,,67773.0,23.41103471,16.85393258,2.184303203,2.332539558,7.795270443,0.436022137,2.020794902,90.78483985,19.120718,9.0,,38.1
21007,KY,Ballard,21.9,0.514866769,7.641239261,,1.029733539,,53491.0,20.84627329,21.37681159,1.203416149,0.007482321,0.023631213,0.375258799,2.691511387,91.53726708,23.00811005,14.4,,39.5
21009,KY,Barren,26.3,0.451467276,9.740484829,0.744920969,0.835214436,0.203160271,49245.0,24.01483646,18.35674947,4.246375183,7.5933218,15.54628754,0.57322693,3.814769023,87.22940317,25.229496,19.3,0.067720093,40.7
21011,KY,Bath,30.7,0.400608927,10.34976153,0.640974283,0.240365356,,43410.0,25.46666667,17.45098039,1.42745098,0.920171618,1.701418996,0.125490196,0.996078431,95.09803922,39.26634979,20.6,,38.4
21013,KY,Bell,39.4,0.510164022,9.636378905,1.177301645,0.470920652,0.274703711,31033.0,21.17276009,19.20986015,1.012574179,9.993554115,13.97535801,0.50628709,2.290741586,92.588289,59.79384232,32.1,0.156973556,44.2
21015,KY,Boone,8.3,0.310201198,3.210833465,0.967532277,0.709031284,0.132943362,85284.0,26.35252412,13.9091551,5.66824547,9.056221008,49.81822205,2.24170393,4.125235349,82.81507414,12.05414772,6.4,0.103400394,38.5
21017,KY,Bourbon,20.3,0.351741105,5.477323979,0.703482211,0.45223859,,58304.0,23.4643492,18.79320561,7.337546909,12.26050663,26.69615936,0.380209362,5.100730792,82.80663638,25.61010361,15.1,,40.5
21019,KY,Boyd,26.6,0.580445409,7.722181693,1.440364599,0.709433317,0.085991919,48979.0,21.2966992,19.78201861,1.479455461,12.60203838,34.21320724,0.573962413,2.706118812,91.24344709,32.16993332,21.0,0.064493939,40.8
21021,KY,Boyle,20.9,0.493957251,7.163146395,0.922053516,0.691540182,0.131721929,52940.0,20.53962239,19.38002221,4.867054289,7.334436417,21.64479256,1.179199059,7.039263082,81.90370419,22.12105179,15.5,0.131721929,38.0
21023,KY,Bracken,23.2,0.482741982,8.498549323,,0.844798446,,55347.0,24.28571429,17.76190476,1.071428571,0.226471737,0.563983619,0.154761905,0.571428571,94.80952381,34.59650803,14.8,,37.2
21025,KY,Breathitt,42.6,0.557768941,12.93387193,0.557768941,,0.239043832,33005.0,22.19711328,18.2606794,0.677941391,11.98288345,21.57777214,0.269718618,0.415512465,95.04300919,65.30544281,31.0,,43.1
21027,KY,Breckinridge,23.9,0.340848237,8.744181391,0.389540821,0.340848237,0.194770411,50012.0,23.10591229,19.61628818,1.389976507,3.520532608,11.36339855,0.185982772,2.065387627,91.73355521,28.67994308,16.9,,40.1
21029,KY,Bullitt,13.7,0.38937968,3.316458822,0.571901381,0.243362293,0.073008686,68630.0,23.36378121,15.74370264,2.57489327,9.597419739,45.26100159,0.541250593,1.253998565,90.96293954,16.71189117,11.1,0.133849263,38.1
21031,KY,Butler,23.8,0.551050961,7.161274224,0.472329378,0.314886242,,49288.0,24.20176219,18.5999515,4.785385175,4.828612804,10.27589226,0.169751839,0.121251314,91.90849568,30.70796967,18.2,,42.8
21033,KY,Caldwell,23.5,0.630566716,6.595948317,0.788208425,0.788208425,0.315283358,46240.0,21.70922603,21.73294332,1.565341134,0.565785706,1.671069145,0.419005455,5.170369199,88.46549134,27.38367271,16.1,,38.0
21035,KY,Calloway,18.4,0.458015263,7.691161571,0.6361323,0.788804054,0.101781167,49263.0,18.34353017,18.79362855,3.646605396,6.274367809,16.50901413,1.167021535,3.484893405,86.87976713,15.03392696,16.8,,40.6
21037,KY,Campbell,13.4,0.436077416,6.031621878,0.79770261,0.8615188,0.138268456,71245.0,20.99144785,16.51875886,2.480768404,8.90441227,39.11391068,1.1001762,3.003996734,88.89831965,18.13443947,11.1,0.095724314,35.5
21039,KY,Carlisle,25.4,,7.482708028,,0.852514923,,56804.0,22.91753005,21.50849565,2.755905512,3.352908611,7.908798695,0.207210941,1.22254455,92.06382097,22.66268921,15.6,,40.8
21041,KY,Carroll,25.5,0.652376533,12.37633181,1.118359685,0.559179842,,49814.0,25.03237743,16.43848289,7.354301573,0.0,0.0,0.407030527,1.563367253,86.96577243,29.69089699,17.9,,40.4
21043,KY,Carter,29.6,0.904227257,15.56750528,0.79119885,0.489789754,0.188380674,43538.0,21.9814474,19.40135952,0.953918954,3.743360281,7.838908195,0.217824013,0.784917565,95.48578511,42.47984314,25.6,0.113028407,42.9
21045,KY,Casey,32.1,0.62243247,7.808759785,0.248972982,0.435702741,0.435702741,38320.0,24.32093344,19.89210213,3.381218242,5.553824902,9.492227554,0.326202873,0.508123706,93.06818895,33.07709885,20.7,,41.4
21047,KY,Christian,22.7,0.433699876,7.157987778,0.685525596,0.559612751,0.111922547,48416.0,26.21377907,12.81134877,7.906746577,14.52877045,33.20237732,1.290757134,20.92291197,63.78182218,28.44464874,16.7,0.041970957,41.8
21049,KY,Clark,17.9,0.685626507,6.428868841,0.767901719,0.575926304,0.082275182,60774.0,22.38991669,17.89191821,3.994915071,4.939635754,16.84295845,0.565292654,4.422265498,87.27415341,30.98117638,11.6,,40.0
21051,KY,Clay,45.3,0.611278057,15.36333264,0.560338259,0.2546992,0.203759357,30700.0,21.44015729,16.41189481,1.735070042,13.77261353,25.22485542,0.103219464,4.010813468,91.84566232,65.85671997,35.9,,43.2
21053,KY,Clinton,33.5,0.791295767,10.08138904,0.890207708,0.692383766,,36865.0,23.28974387,20.24208365,2.647789906,1.091459751,1.597849369,0.108073057,0.421484924,93.80741381,37.3062973,22.6,,39.6
21055,KY,Crittenden,29.4,,6.110026416,0.452130675,0.791228652,,46263.0,22.6028921,20.88987764,1.256952169,4.75803709,11.8513298,0.055617353,0.912124583,94.81646274,19.48871613,18.9,,41.0
21057,KY,Cumberland,31.2,0.459911078,8.883634521,0.459911078,,,39511.0,21.04279891,23.86209239,1.307744565,0.803565741,1.945717096,0.033967391,2.547554348,92.47622283,34.00786972,22.5,,42.8
21059,KY,Daviess,17.2,0.725646734,7.636473309,0.725646734,0.70603466,0.137284517,59304.0,24.01463528,17.61847607,4.012118631,5.622141838,18.86380959,2.339515255,4.672254917,84.52745083,22.85787201,13.6,0.098060369,35.6
21061,KY,Edmonson,22.9,0.32693094,5.922589256,0.245198205,0.40866366,,47734.0,21.63120567,19.53653307,1.286491836,2.017745495,5.465028286,0.263895761,0.808180769,94.72208478,26.3247509,18.4,,42.7
21063,KY,Elliott,32.4,,12.10649699,0.406945199,,,34491.0,19.73075877,18.16698395,1.237421811,0.0,0.0,0.135980419,3.345118303,93.48653794,43.61096191,26.6,,42.2
21065,KY,Estill,30.0,0.212630242,10.77340183,0.496137232,0.425260484,0.283506989,41843.0,21.7397444,19.5933065,0.92494528,0.036625408,0.06295272,0.049424557,0.21181953,96.15900586,52.32475662,22.6,,42.2
21067,KY,Fayette,16.2,0.314102262,7.358015571,0.926909626,0.82836777,0.197083771,61269.0,21.10363642,14.26760083,9.222804353,7.042288303,20.66991997,4.146076821,14.72579595,66.75853303,17.08264732,14.6,0.150892273,34.9
21069,KY,Fleming,24.1,0.68479079,6.786000534,0.205437243,0.205437243,0.205437243,50025.0,23.95570879,18.61158997,1.44543164,3.09976387,6.598446369,0.112717146,0.981302215,94.90783716,28.51012421,17.4,,41.0
21071,KY,Floyd,35.5,0.657631397,14.63972228,0.857780039,0.371704698,0.343112022,36253.0,21.98820322,18.63001502,0.856936175,2.693946123,6.40050745,0.26709699,0.336653497,96.41644872,57.17103958,28.0,,39.9
21073,KY,Franklin,18.1,0.62600261,6.047669149,0.821628392,0.762940645,0.117375486,60517.0,21.11716886,18.51923711,3.971595429,8.820187569,24.81072426,2.000349237,8.622261889,80.09545798,25.18356133,13.3,0.136938065,37.6
21075,KY,Fulton,37.2,0.840053737,12.49178172,0.672043025,1.008064508,,35630.0,20.35303147,21.28933231,2.317728319,0.02663335,0.083845735,0.260936301,21.99539524,70.08442057,48.23308563,23.4,,45.4
21077,KY,Gallatin,22.8,0.569540977,9.700011673,,0.341724575,,57345.0,25.23590334,15.29344074,5.661680092,0.0,0.0,0.149597238,0.85155351,89.32105869,32.0082016,14.7,,40.3
21079,KY,Garrard,20.7,0.395056158,6.481591803,0.225746378,0.395056158,,54882.0,23.19353507,18.76953931,2.660296113,0.0,0.0,0.300831711,1.775496962,91.03403527,27.16951752,14.4,,39.5
21081,KY,Grant,19.2,0.70902431,6.002204892,0.748414516,0.5120731,,61078.0,26.23792149,14.58642396,2.971011587,2.315317392,4.857183456,0.264624514,0.717693757,91.50795878,35.98954773,12.7,,37.8
21083,KY,Graves,22.2,0.434570044,8.123528597,0.461730689,0.679015696,0.108642511,49668.0,24.23258479,19.32931321,7.566372889,7.767903805,20.27044868,0.472045622,4.232039073,83.29558787,25.49251366,16.2,,40.5
21085,KY,Grayson,23.9,0.528700888,10.08416279,0.717522681,0.302114815,0.264350444,45695.0,22.82361847,18.70174111,1.377744133,9.559039116,19.64602089,0.36336109,1.165783497,93.70174111,32.65672302,18.2,,42.2
21087,KY,Green,27.5,0.272851288,7.28579225,0.545702577,0.363801718,,42569.0,22.17520483,21.05879175,1.791662915,4.201846123,10.07850933,0.252093275,1.440532997,93.2835149,26.9819622,19.5,,42.0
21089,KY,Greenup,18.5,0.544959128,7.218552354,0.516277075,0.430230886,0.172092363,54292.0,22.1595017,21.21127857,0.881486013,6.97308588,20.1479702,0.639563984,0.608976141,94.47194261,27.4296093,14.6,,43.8
21091,KY,Hancock,16.8,,8.052267143,0.343170911,,,60897.0,23.78229797,18.73556899,1.781198461,4.982267857,18.456707,0.373831776,0.868609126,94.40351842,21.75322151,12.6,,38.4
21093,KY,Hardin,15.6,0.431231976,5.040132311,0.70973599,0.619895995,0.134759992,61224.0,24.03479612,15.07470506,6.047767881,8.920172691,27.73911095,2.026160322,11.30060884,73.24619248,29.65543365,11.7,0.080855995,38.9
21095,KY,Harlan,43.8,0.664945602,13.79847317,0.860517859,0.195572242,0.312915593,31116.0,22.14975215,19.05258842,0.987663524,2.896198273,6.24295187,0.316797734,2.016324401,93.17953114,58.61626053,33.2,,44.7
21097,KY,Harrison,20.4,0.422832996,8.048607705,0.68710357,0.528541207,0.158562362,58535.0,22.54975391,18.38219559,2.070404451,4.656816483,15.55581665,0.246094586,1.642413867,92.10357372,28.11398888,14.1,,40.0
21099,KY,Hart,28.8,0.368169159,9.008,0.315573543,0.157786772,0.262977958,50074.0,25.46661136,17.54458731,1.73164662,4.533307076,9.047201157,0.233305682,3.655122356,90.68851099,28.41915131,20.4,,38.2
21101,KY,Henderson,17.7,0.536432743,7.186596554,0.737595022,0.558784068,0.201162264,56142.0,22.9790369,18.44038131,3.054048624,3.196264029,9.695232391,0.533565512,8.108409796,83.32328712,26.92035484,12.4,,40.3
21103,KY,Henry,19.5,0.809111834,8.002313922,0.373436242,0.435675621,,56593.0,22.80903176,18.82893226,3.4762087,1.171563864,3.595674753,0.223242761,2.226049241,89.71169792,23.42793655,14.0,,40.6
21105,KY,Hickman,28.4,0.916590273,8.115480791,,,,49328.0,21.91992922,25.23777925,2.256138023,1.249822736,3.735833645,0.243309002,8.405220084,85.51205486,27.19217873,18.6,,40.8
21107,KY,Hopkins,24.4,0.403027177,11.05689955,0.649321556,0.559759974,0.134342387,49883.0,22.53704071,19.49012615,2.478920371,7.350712776,19.44372749,0.506351408,6.388833851,85.97846906,30.04604912,18.6,,40.7
21109,KY,Jackson,36.1,0.374812603,11.13357176,0.374812603,,,36997.0,22.85604014,18.37900425,0.741026631,3.703323603,8.071433067,0.146661521,0.092628329,96.55731378,47.70114899,25.2,,41.9
21111,KY,Jefferson,19.2,0.364843667,6.32524207,0.896472991,0.789625943,0.194148943,60636.0,21.53252555,16.75340914,7.538101764,6.480996609,22.19092369,3.441260127,21.33762639,62.61435638,26.02703476,14.5,0.130301312,37.2
21113,KY,Jessamine,18.1,0.388478816,5.551861702,0.702961683,0.462474793,0.092494957,61652.0,25.07406918,15.92157159,4.498877168,7.694381714,25.03861237,1.241720292,4.2403427,85.28051933,21.59911537,13.8,0.184989914,36.7
21115,KY,Johnson,29.5,0.727206588,8.754223924,0.772657037,0.499954551,0.136351243,41013.0,21.73280423,18.99029982,0.873015873,1.805241704,3.149492502,0.445326279,0.185185185,96.38447972,46.5071373,24.2,,42.4
21117,KY,Kenton,16.8,0.339388728,5.454436054,0.607327223,0.67282331,0.113129579,70693.0,23.7312497,15.19010552,4.578739412,7.277679443,36.40728378,1.191856338,4.768016846,84.09064023,21.49362755,12.6,0.125037953,34.7
21119,KY,Knott,39.0,0.7579934,14.82310469,0.344542444,,0.344542444,34051.0,21.21254649,19.16356747,0.631534629,0.607672572,0.865477681,0.126306926,0.456108343,96.92653147,53.31794357,32.0,,42.5
21121,KY,Knox,42.2,0.515762985,17.81030287,0.805879712,0.354587078,0.225646317,32646.0,23.21730202,18.46785679,1.14927301,17.90261078,27.93110275,0.281522207,0.930679297,94.42254827,57.7520256,35.1,,40.6
21123,KY,Larue,20.8,0.277181059,8.427550808,0.623657405,0.207885802,,54470.0,23.73713594,18.53770095,3.221900854,6.748859882,18.97266769,0.195062891,2.535817583,89.45315127,25.89910698,15.5,,42.3
21125,KY,Laurel,26.7,0.653189182,11.78280869,0.636859477,0.506221652,0.130637839,48950.0,23.36735183,16.91342054,1.614680657,11.17776489,24.49327469,0.680369891,0.702729465,93.43586795,34.35503006,19.5,,41.1
21127,KY,Lawrence,34.2,0.45348537,11.8211654,0.583052576,0.388701737,,42750.0,23.11422083,17.99545817,0.908365556,5.715595722,9.29360199,0.141164917,0.220953784,96.48928988,46.20151901,24.8,,39.7
21129,KY,Lee,43.9,,12.69935907,0.550357759,,,29143.0,18.68830291,18.336714,0.811359026,0.011357542,0.023151912,0.0,3.786342123,93.13049358,56.79003906,33.5,,43.3
21131,KY,Leslie,36.3,0.518833637,12.04712813,0.311300188,,0.311300188,32682.0,21.59231428,18.1394464,0.684866356,4.938101292,8.400572777,0.142680491,0.370969276,96.73737278,60.65165329,29.8,,43.7
21133,KY,Letcher,37.3,0.188563615,12.73101577,0.659972668,0.37712723,0.235704526,34897.0,21.32912567,19.54705773,0.617226657,0.0,0.0,0.26452571,0.403749768,96.4033785,51.65071869,29.1,,40.6
21135,KY,Lewis,31.4,0.603227258,14.9026576,0.301613629,0.301613629,0.301613629,40508.0,23.94495413,18.36391437,0.634556575,0.537387908,1.15794909,0.068807339,0.275229358,96.32262997,51.56964874,22.6,,46.3
21137,KY,Lincoln,24.4,0.653968751,6.139577825,0.367857426,0.245238289,0.122619145,44399.0,23.47682801,19.11431514,1.956745623,8.909715652,17.78019333,0.247167868,1.890834192,92.65911432,33.34559631,19.3,,40.2
21139,KY,Livingston,22.3,0.774250627,11.77852349,0.33182171,0.442428946,0.33182171,48371.0,19.79072907,23.21107111,2.092709271,6.664597988,15.4224453,0.135013501,0.281278128,92.61926193,24.140028,14.4,,41.1
21141,KY,Logan,24.7,0.583600819,7.027427724,0.474175662,0.474175662,0.2188503,53519.0,23.52726742,18.44561097,3.109507145,3.362093925,9.847579956,0.346310878,6.124234471,86.32618839,25.38663483,16.6,,40.2
21143,KY,Lyon,19.7,0.614779294,4.4784197,0.491823435,0.98364687,,56445.0,13.39861751,24.93087558,1.751152074,1.025944591,3.289653778,0.391705069,5.841013825,89.08986175,15.47194576,14.8,,38.3
21145,KY,McCracken,24.6,0.380842119,6.8528881,1.142526388,1.035890579,0.152336851,60504.0,21.82983425,20.30791897,3.145488029,15.17302132,38.88143158,0.972375691,11.10718232,79.26482505,23.90038109,17.4,0.091402106,41.6
21147,KY,McCreary,40.3,0.644367635,13.36420349,0.292894393,0.468630999,0.2343155,32938.0,22.85646613,16.55613453,2.161297963,1.871148109,2.849701643,0.189483657,5.376598768,89.24680246,55.01532745,33.5,,43.2
21149,KY,McLean,18.8,0.661157012,6.217047452,0.661157012,0.550964177,,53102.0,22.51966783,21.41608392,1.791958042,1.030315518,3.29211688,0.142045455,0.513548951,94.96284965,26.58402252,13.6,,39.8
21151,KY,Madison,17.6,0.551636338,6.987143656,0.710762203,0.509202778,0.095475525,54498.0,20.88003366,14.94266513,3.305250213,11.99990559,25.74796104,1.085209437,4.185499617,85.85775774,22.28380966,16.6,0.095475525,35.9
21153,KY,Magoffin,47.0,0.499292672,12.89025746,0.499292672,0.249646336,,34423.0,21.3285211,18.87943628,0.567156484,1.445636153,2.381536722,0.0429664,0.120305921,97.40482942,62.88313675,33.2,,44.8
21155,KY,Marion,21.2,0.465983212,7.508939213,0.673086882,0.621310949,0.207103655,51523.0,23.90072009,17.33312905,3.477861192,7.192831039,14.69002151,0.628159951,6.174352689,85.6902099,29.28790855,15.8,,41.1
21157,KY,Marshall,19.0,0.449250728,6.819210135,0.673876047,0.577608049,0.192536026,57802.0,20.63868094,22.67285764,1.702517452,2.875682116,9.213960648,0.407467071,0.319024606,93.80271013,19.67611122,13.7,,38.5
21159,KY,Martin,44.3,0.906536102,13.42946831,0.906536102,0.362614453,0.362614453,29387.0,19.70408434,16.72720829,2.569327545,0.821611524,1.959810376,0.150615753,6.910605121,88.61522105,58.84174728,40.5,,43.3
21161,KY,Mason,24.4,0.880540073,6.732318711,0.997945428,0.997945428,0.176108018,49924.0,22.63434579,19.52102804,2.079439252,6.938975811,17.55197906,0.625,5.940420561,86.31425234,35.15311432,17.1,,40.0
21163,KY,Meade,19.7,0.629018724,6.103958035,0.34945485,0.314509362,0.104836456,58839.0,25.52411426,14.15525114,3.776289038,5.772920609,16.57704163,0.723261007,3.173016032,86.36469686,17.76395416,14.8,,37.8
21165,KY,Menifee,42.0,0.768994153,8.471788123,,,,38928.0,22.80386062,20.48094225,0.932439064,0.275389493,1.065266371,0.03271716,0.490757402,96.07394078,44.53757858,27.8,,40.8
21167,KY,Mercer,18.3,0.274110287,4.662840746,0.411165416,0.548220575,0.137055144,53336.0,22.11474758,19.8621969,3.104986529,5.383099079,14.72829151,0.326840687,3.303741001,88.77699748,24.77271652,12.8,,38.4
21169,KY,Metcalfe,31.8,0.596540093,9.200039359,0.298270047,0.695963383,,42755.0,23.51740229,18.98697258,2.236048999,0.476170748,0.788532257,0.068053665,1.108302547,93.52517986,32.3788681,19.3,,41.7
21171,KY,Monroe,32.1,0.473978579,11.82252683,0.568774283,0.568774283,0.379182875,41638.0,23.53148703,19.4655142,4.171811607,1.721345305,3.478096008,0.088198977,1.922737696,91.62991709,37.90248871,22.0,,39.4
21173,KY,Montgomery,23.4,0.922443748,7.613475306,0.674093544,0.567657709,0.177393034,51831.0,23.48651917,16.94885111,3.290175713,6.319625854,14.55397034,0.515757274,2.183965284,90.21483958,28.08723068,16.3,0.10643582,42.3
21175,KY,Morgan,31.0,0.608735323,11.38950299,0.532643437,,0.228275761,47131.0,20.63966196,16.25382486,3.038030016,4.141531944,7.601950645,0.123852543,3.584438292,91.14090048,39.33317947,26.3,,38.7
21177,KY,Muhlenberg,29.2,0.689496696,6.754333533,0.590997159,0.689496696,0.196999043,45883.0,21.55975168,19.61652871,1.839756855,5.167409897,13.47738647,0.187532333,3.889679255,91.19244697,27.00255013,20.9,,41.4
21179,KY,Nelson,14.0,0.581270158,3.99512312,0.581270158,0.559741676,0.129171148,62036.0,23.5119175,17.14450768,2.597458171,1.314573884,3.869407415,0.571269631,4.670717617,87.9648252,21.74919319,10.7,0.086114101,34.4
21181,KY,Nicholas,26.4,,5.669824087,,0.552944422,,46547.0,24.55884304,18.73424439,2.043253284,0.295709342,0.590971649,0.092875149,0.543983017,94.52036619,31.63302994,16.5,,40.2
21183,KY,Ohio,21.0,0.711326838,6.557938444,0.543955803,0.376584798,,55432.0,24.48679118,18.8709406,4.177183241,2.879397869,6.856123447,0.189298334,0.652027595,92.00740367,27.97188187,16.3,,40.3
21185,KY,Oldham,4.6,0.194032744,1.399975056,0.402991086,0.432842284,0.059702385,109181.0,26.7383555,14.16717204,4.78500747,5.042472363,38.75368881,1.71579866,3.251142633,85.54735456,5.643118858,4.9,0.074627981,34.2
21187,KY,Owen,20.5,,7.973572269,0.544612885,0.45384407,,55321.0,24.33942188,18.30111722,2.22557191,4.447189808,9.284034729,0.159602766,0.73594609,92.97747828,29.06114769,15.2,,38.8
21189,KY,Owsley,43.5,,9.162436548,,,,29365.0,21.35275241,21.72303135,1.036781042,1.39534688,2.279495478,0.024685263,0.271537892,96.39595162,74.03987122,35.6,,41.2
21191,KY,Pendleton,20.8,0.205676675,10.6375558,0.274235576,0.274235576,,56036.0,23.55913685,16.45042338,1.372575799,0.203736737,0.575500846,0.20486206,0.382409178,94.46189566,27.80063057,14.8,,39.9
21193,KY,Perry,37.5,0.746385932,10.11635072,0.864236355,0.628535509,0.314267755,36528.0,21.84876901,17.24089488,0.776173919,0.820531666,1.093630552,0.895585291,1.313525094,93.94162891,61.31167603,29.9,,41.0
21195,KY,Pike,39.6,0.47321099,11.65748345,1.034053683,0.455684662,0.315474004,38066.0,20.58327226,19.02197072,1.184611976,0.058963973,0.140916154,0.628952258,0.826671666,94.82861477,42.97748947,30.1,0.052579001,41.2
21197,KY,Powell,32.0,0.900310993,7.816435768,0.654771626,0.327385813,0.245539367,40116.0,23.47475055,16.6044634,1.500495087,0.001331159,0.003764293,0.22850179,0.487470485,95.26239622,50.96305847,22.8,,39.7
21199,KY,Pulaski,25.4,0.579887092,9.011169307,0.656188011,0.518846333,0.122081488,45532.0,22.14072639,20.23095612,2.886182612,7.894081116,23.65632629,0.67041855,1.040993942,91.64437064,28.5657959,19.1,0.076300934,39.3
21201,KY,Robertson,26.6,,9.064184223,,,,51177.0,21.24943,22.34382125,0.866393069,29.34759903,74.75108337,0.319197446,0.273597811,96.03283174,34.72222137,18.5,,40.8
21203,KY,Rockcastle,29.1,0.238805965,9.630430634,0.597014904,0.298507452,0.179104477,43378.0,21.73099707,19.40512565,1.072519798,0.239517093,0.455224395,0.174596246,0.324250171,95.50414666,40.94527435,21.3,,40.5
21205,KY,Rowan,25.5,0.607730329,8.198993025,0.891337812,0.607730329,0.121546067,52451.0,19.65371827,14.59735626,2.19365826,1.346832752,1.798016071,0.636606926,1.50839348,92.34044279,31.11916924,20.9,,41.5
21207,KY,Russell,31.4,0.833425939,9.355152486,0.500055552,0.833425939,0.277808636,40454.0,22.86698905,20.39908843,4.341059419,2.388493538,4.049231529,0.578066811,0.628091824,91.69584792,35.09186172,27.0,,40.0
21209,KY,Scott,12.4,0.171027884,5.147058824,0.667008698,0.598597586,0.051308364,71961.0,25.43784446,12.80202957,5.429096317,7.270386219,23.5078907,1.027031756,5.086169189,83.46426384,17.21538162,9.5,0.068411149,36.4
21211,KY,Shelby,12.2,0.241881847,4.244226129,0.64501822,0.584547758,0.080627277,72524.0,24.35035889,16.42567357,11.01633205,0.343152523,0.651029944,0.751066264,5.617393113,77.73431811,15.74751568,9.4,,36.1
21213,KY,Simpson,20.8,0.53662461,7.524078114,1.073249221,0.965924323,,58531.0,23.39491681,17.12258855,3.307134837,6.784722805,17.88562012,0.479738696,8.278044299,82.68347453,25.06036949,13.6,0.160987392,41.0
21215,KY,Spencer,9.1,0.255297422,2.802561142,0.45953536,0.306356907,,91160.0,24.07388404,15.10005131,2.308876347,0.0,0.0,0.461775269,1.523858389,91.1441765,13.19887638,7.4,,36.9
21217,KY,Taylor,25.0,0.427899003,5.137207425,0.894697964,0.427899003,0.155599639,50258.0,22.31871806,18.85255351,2.76678323,2.88005209,8.190376282,0.937632095,4.811128617,87.32275295,27.0159874,17.6,,38.2
21219,KY,Todd,27.8,0.482005149,11.6993737,0.401670963,0.482005149,0.321336746,51189.0,27.21555174,15.96830842,4.884423752,3.255736828,7.373995781,0.179694519,7.187780773,83.59062321,25.72032928,18.9,,39.6
21221,KY,Trigg,27.9,0.676773131,4.281520727,0.541418493,0.609095812,,52511.0,21.94722993,23.67541427,2.254462698,1.599065781,8.977780342,0.192020482,6.756276225,86.77903421,18.34055138,17.2,,40.3
21223,KY,Trimble,18.0,0.353731871,7.064044135,,,,62902.0,21.74887892,18.90488553,2.265754071,0.0,0.0,0.318621666,0.330422469,93.39155063,29.35974503,13.3,,38.6
21225,KY,Union,22.4,0.623139262,13.18583414,0.623139262,0.623139262,0.276950777,50862.0,23.46356453,18.75914545,1.375475563,19.97722244,33.46018219,0.2341235,7.528533802,86.3476734,28.88365746,18.4,,38.9
21227,KY,Warren,20.4,0.341982007,7.152463335,0.825217485,0.69883281,0.126384661,59223.0,23.52735705,13.45184833,7.016513816,5.456972122,16.0259037,5.421615114,9.515882099,72.64295376,19.79716492,14.8,0.111515872,36.3
21229,KY,Washington,17.8,0.493949115,5.805066552,0.576273978,0.411624283,0.246974558,64733.0,22.97331005,19.14858236,3.90787395,5.163874149,16.16628838,0.315955766,5.421135778,86.44716056,20.581213,12.8,,37.4
21231,KY,Wayne,34.0,0.445346147,9.300403018,0.494829029,0.296897411,,38651.0,22.70007671,20.12273076,4.612631041,9.847898483,19.35679817,0.306826898,1.165942214,91.3935055,35.83799362,23.9,,42.1
21233,KY,Webster,21.1,0.851195514,4.482567792,0.619051278,0.541669905,0.232144237,52575.0,23.51540293,18.54497964,6.491511101,10.59307957,27.72751999,0.18437428,3.656756549,85.61880618,23.86571693,15.7,,38.2
21235,KY,Whitley,33.5,0.603549957,10.10716658,0.823022664,0.493813604,0.219472721,37530.0,24.31085204,16.96720418,1.871322728,2.454419851,4.249444008,0.555676618,1.44639355,92.81978645,47.94564438,27.6,,41.4
21237,KY,Wolfe,42.6,0.985083044,12.5,,0.844356894,,34749.0,23.40749771,19.21670222,0.929594636,2.693081379,5.605377197,0.076196282,0.411459921,96.8607132,63.11567688,29.0,,44.7
21239,KY,Woodford,11.9,0.448346734,3.553763032,0.709882319,0.784606755,0.186811134,76942.0,22.23214618,19.35171746,7.491347549,12.07778072,44.51067352,0.584273008,4.506717279,83.21610658,15.36832905,8.6,,35.1
22001,LA,Acadia,28.7,0.629865289,11.6061289,0.549113333,0.355308622,0.274556667,44648.0,25.41510352,17.30755871,2.850145894,3.185676098,6.62396431,0.283104071,17.27455884,76.62046686,59.35807419,20.6,0.113052748,36.8
22003,LA,Allen,26.9,0.707547188,8.528374479,0.471698105,0.275157243,,43192.0,23.03296703,15.62637363,8.320879121,11.24363995,28.08324242,0.804395604,17.65274725,66.57582418,43.60259247,20.5,0.117924526,40.9
22005,LA,Ascension,14.7,0.481871516,4.896006187,0.847161233,0.411922425,0.194303036,75498.0,27.30671937,12.58893281,8.207905138,9.934357643,42.30069733,1.328853755,23.94940711,62.96047431,28.21668625,11.4,0.11658182,36.8
22007,LA,Assumption,27.2,0.508764625,6.114258735,0.323759317,0.185005322,0.138753995,42404.0,21.0228623,19.2832359,4.344312943,0.582532406,0.885137677,0.266172347,28.39013261,64.54679405,48.89921951,19.0,,41.2
22009,LA,Avoyelles,45.0,0.850723088,12.45292355,0.375319034,0.350297749,0.225191414,38567.0,22.96374676,18.45665483,3.741213816,11.56552982,20.54785538,0.869170887,26.82840803,63.57796085,68.7250824,30.5,,45.8
22011,LA,Beauregard,20.4,0.475172251,5.727558486,0.527969182,0.395976871,0.10559383,59550.0,24.78863991,16.71454759,3.477523325,20.59716034,55.81916809,0.607403759,11.16856822,79.4522422,37.68600082,15.9,,36.8
22013,LA,Bienville,38.5,0.770237982,15.47990028,0.462142795,0.308095187,,38093.0,22.40197211,21.2695478,1.625452585,19.49921417,35.64274597,0.161774902,40.62090748,53.16231415,66.61917114,26.0,,46.6
22015,LA,Bossier,19.9,0.369279116,7.43982147,0.872127295,0.628560185,0.109998032,61225.0,25.53089028,14.82842185,7.951314992,10.92777538,25.83701706,1.818308918,23.19916735,61.34714865,35.14502716,15.2,0.117855035,44.7
22017,LA,Caddo,33.6,0.543205917,9.512745252,0.922186792,0.560049534,0.130537853,44968.0,23.30942451,18.26124247,3.523678988,16.04053497,34.79154205,1.336567892,48.253086,42.76975211,60.11584091,23.6,0.138959661,45.9
22019,LA,Calcasieu,23.6,0.791894138,8.009943839,0.895184696,0.531208515,0.162313715,57667.0,24.73372235,15.59563623,5.251285836,13.03103065,34.11504364,1.751504947,25.2900339,63.24699587,39.30860901,18.3,0.083616152,43.0
22021,LA,Caldwell,31.7,0.406545371,10.20585049,0.508181751,0.304909021,0.304909021,39079.0,22.46759979,18.8595127,2.291342665,3.871023655,7.896505356,0.435458787,15.84240539,78.28926905,58.35620117,22.7,,39.1
22023,LA,Cameron,18.1,1.285163522,3.03030303,,,0.428387821,62457.0,22.41410005,17.01976144,3.507210255,5.857306004,25.58010674,0.231440271,1.264019939,92.1132277,20.64591408,14.0,,39.8
22025,LA,Catahoula,39.2,0.650336027,11.15584416,,,,38006.0,21.95149338,20.18863687,6.89422861,13.60840893,35.25856018,0.291938019,25.54457669,64.42847519,66.99364471,26.7,,42.7
22027,LA,Claiborne,36.7,0.515862763,10.39691467,0.515862763,,0.193448544,36115.0,18.79322512,21.2208892,3.380381087,12.00543785,17.30858803,0.296400847,43.31686662,49.85179958,58.04531097,29.8,,45.1
22029,LA,Concordia,55.7,0.845934212,15.08187303,0.581579804,0.422967106,0.158612669,36821.0,23.92037245,18.75635469,2.45625301,20.78162956,36.81792068,0.615401081,40.01177289,54.35329373,75.76838684,33.7,,42.0
22031,LA,De Soto,25.7,0.433996379,9.673659674,0.433996379,0.25316456,,48007.0,23.76547814,18.67820379,2.84201104,9.257029533,26.9807415,0.369237655,35.75264807,56.40011935,52.41410446,19.6,,40.0
22033,LA,East Baton Rouge,26.9,0.586724997,8.227014929,1.032454133,0.657222986,0.268347085,51746.0,22.14825047,15.18298703,6.688325478,11.72066689,28.83160591,3.149868318,45.00012041,41.89206644,49.04820251,19.2,0.163737208,37.9
22035,LA,East Carroll,50.5,,30.34037559,,,,30288.0,20.88751843,14.8277249,1.54176163,21.80699158,33.59168625,0.227912589,69.23180051,27.26907092,86.60899353,39.9,,51.3
22037,LA,East Feliciana,23.4,0.529604912,7.625007595,0.370723426,0.264802456,,51296.0,17.1759046,20.40534316,2.001125953,0.437135875,1.45956099,0.235426583,36.378525,58.40114643,40.37796021,20.1,,40.3
22039,LA,Evangeline,35.1,0.570982099,9.448742747,0.300516903,0.210361823,0.300516903,37707.0,24.55023184,17.70942813,4.129829985,6.289346695,9.486182213,0.56568779,26.61205564,65.41576507,69.21905518,26.3,,46.3
22041,LA,Franklin,36.6,0.861937821,16.02263023,0.709831178,0.253511131,,38439.0,24.00121371,19.15141094,1.395772226,13.03284931,25.86173058,0.192171538,32.91190452,62.86032163,74.50269318,24.0,,45.1
22043,LA,Grant,25.6,0.359485924,5.640050697,,,0.134807229,50979.0,20.93914926,15.80585502,6.012900898,8.844326019,19.49109268,0.302223826,13.80305832,75.23117867,45.34765244,20.6,,38.8
22045,LA,Iberia,37.7,0.66675365,11.41341842,0.623269677,0.405850053,0.275398254,47391.0,24.50771497,16.51532268,5.572795264,5.824836731,15.46833038,2.764232293,32.86762287,55.15880393,67.78057861,24.0,0.101462513,43.4
22047,LA,Iberville,27.8,0.810726523,9.292148354,0.561272204,0.374181479,0.18709074,47942.0,20.35316292,18.03181112,4.68899838,1.96622014,5.151103497,0.406732582,44.02301511,48.38464336,58.8868103,22.5,,45.7
22049,LA,Jackson,28.5,0.834724545,8.781869688,0.706305385,0.192628741,,45481.0,21.6086754,21.01656576,3.113565298,10.72657681,20.90443611,0.971325926,26.24575877,65.83726964,49.01866531,20.4,,40.6
22051,LA,Jefferson,24.9,0.437149882,6.726705367,0.895116389,0.804910898,0.194288835,56080.0,21.80833566,17.90821292,17.9356642,4.831209183,13.18583393,4.430318004,26.29423682,47.27631182,40.21855927,17.5,0.117961079,39.7
22053,LA,Jefferson Davis,23.5,0.83311969,8.311819155,0.640861332,0.416559845,0.256344527,48709.0,25.46046512,17.38914729,2.275968992,7.975625515,15.63646507,0.310077519,15.90697674,77.06976744,49.39705658,17.2,0.096129201,42.3
22055,LA,Lafayette,26.3,0.57196635,7.502056113,1.030350685,0.855921268,0.219050944,59062.0,23.94096454,14.49165057,6.611293345,9.274452209,27.35456467,2.155919472,25.09875782,62.24328137,42.26330948,17.7,0.154146954,34.7
22057,LA,Lafourche,20.8,0.481577128,6.873222352,0.614779294,0.440591842,0.112709537,58740.0,23.51240813,16.024478,5.814036922,8.433029175,26.78843498,0.778006704,14.89590701,72.49300409,40.26718903,15.7,0.122955859,42.7
22059,LA,LaSalle,23.8,0.599161148,6.709715728,0.79888159,0.266293854,,47205.0,21.82408221,17.28077885,9.47873707,12.11076069,22.60056305,1.70373876,8.674193766,76.14765736,40.26585007,19.4,,39.9
22061,LA,Lincoln,26.5,0.494071156,15.01392208,0.859254181,0.644440651,0.107406773,40384.0,20.1276965,14.15199603,3.624266468,19.39869881,34.14171219,1.409207373,38.48665179,53.04570626,44.1423912,25.4,0.085925415,42.0
22063,LA,Livingston,16.3,0.535700619,4.423398807,0.570486367,0.396557599,0.097400114,71605.0,26.10379387,13.75578077,6.178574943,7.805734634,28.07213402,0.784357825,7.856229179,80.7382522,35.91049576,12.0,0.06957151,37.2
22065,LA,Madison,48.1,0.564174891,15.92341816,0.658204019,0.376116604,,33619.0,25.77618049,17.29060597,2.036537886,3.063560247,5.694543362,0.059898173,61.6252371,34.0820605,84.28146362,35.3,,47.4
22067,LA,Morehouse,42.9,0.577867687,13.29514501,0.495315135,0.412762612,0.123828784,36998.0,21.72148738,20.46509813,1.486597214,13.91896152,22.8638382,0.347262866,46.72831558,47.68036209,80.10002899,30.9,,44.7
22069,LA,Natchitoches,27.6,0.584251761,15.23557904,0.610808671,0.770150065,0.159341395,43381.0,21.76729308,17.66493403,3.971744635,15.26506519,27.85057831,0.442489671,39.60282554,50.37451686,59.03598404,22.3,,45.0
22071,LA,Orleans,36.8,0.359457314,11.55090134,1.009048104,1.355667591,0.338916898,46188.0,20.26083537,14.70141694,8.077406855,8.782999039,17.55114174,2.753406928,53.61396053,31.61092404,55.24195862,25.2,0.118107408,38.1
22073,LA,Ouachita,31.1,0.656000078,12.33201632,0.76752013,0.623200119,0.150880024,47737.0,25.047391,15.51182281,3.528135289,15.44380379,33.13652802,1.419235758,36.66816322,54.51586351,62.02918243,25.5,0.098400019,42.1
22075,LA,Plaquemines,19.4,0.605719745,8.442987187,0.605719745,0.519188344,0.129797086,68765.0,26.28534978,13.47650436,9.508824155,20.32692719,54.90789795,4.431214119,20.68041676,58.53285137,31.59477425,14.5,0.129797086,39.8
22077,LA,Pointe Coupee,27.3,0.88253051,8.943716268,0.464489758,0.464489758,0.232244879,51988.0,21.71692841,21.50014452,3.010887369,10.5418539,29.15739822,0.289045187,34.7865883,58.98930533,49.27462006,18.8,,42.3
22079,LA,Rapides,27.9,0.84780699,8.063103924,0.785582602,0.497794926,0.116670683,47316.0,24.01959653,17.57919753,3.914692016,19.1260643,40.59708023,1.388215931,30.96452166,58.69961468,54.83068466,19.9,0.070002414,42.0
22081,LA,Red River,35.1,0.362056494,8.342347215,0.482741982,0.482741982,,40724.0,25.01312336,19.16010499,2.467191601,3.864215136,11.92009735,0.0,38.74015748,54.46194226,69.20307159,23.6,,46.4
22083,LA,Richland,34.3,0.599580288,15.03472766,0.399720192,0.49965024,,39804.0,23.25001247,17.98134012,1.995709225,6.794119835,12.01461315,0.249463653,36.43666118,58.20984883,64.95452881,25.0,,43.3
22085,LA,Sabine,28.6,0.420115113,10.27394159,0.294080585,0.252069056,0.252069056,44952.0,22.97901151,21.88219364,3.2046942,12.05493736,27.65361977,0.28436019,15.88806139,67.02775897,52.86798477,19.7,,46.4
22087,LA,St. Bernard,30.9,0.46172896,9.243832842,0.713581145,0.503704309,0.23086448,46938.0,27.39466228,12.04871584,13.73274838,16.18156624,35.59801483,2.221003565,25.98025775,52.93163331,53.42414093,21.7,0.083950721,44.1
22089,LA,St. Charles,17.2,0.566176593,3.691723644,0.547304034,0.41519618,0.188725531,70224.0,24.75403909,14.74052789,7.880264134,11.27930737,47.21797562,1.056157111,24.78448686,62.24285905,29.31222153,11.8,0.150980428,37.3
22091,LA,St. Helena,37.9,0.396786034,12.62891431,,,0.396786034,41937.0,22.5,19.57875458,1.978021978,2.740956545,6.015244484,0.173992674,53.53479853,41.15384615,86.60681915,25.3,,46.3
22093,LA,St. James,23.3,0.627201259,4.809549755,0.578954995,0.337723732,0.241231248,60466.0,23.21216323,18.57666403,1.698692552,8.671867371,23.59751701,0.13866878,46.97900158,49.1135103,46.42495346,17.0,0.192984998,43.9
22095,LA,St. John the Baptist,27.3,0.588013947,8.43470823,0.729137242,0.493931711,0.211685017,58548.0,23.48094263,16.15227064,7.747722297,12.55835819,39.61330795,0.73922358,56.68008569,31.42406479,54.53045273,16.8,,43.8
22097,LA,St. Landry,34.4,0.82269156,12.63207037,0.466601193,0.306974471,0.331532419,39806.0,25.11388418,18.03004604,2.63872062,10.92480564,19.72119904,0.453113642,41.45626363,52.36854858,75.92399597,26.3,0.085952848,48.4
22099,LA,St. Martin,26.4,0.642066717,6.85808198,0.490992188,0.434339225,0.264380395,49271.0,23.88200977,17.11128711,3.243378987,5.716300488,14.71389103,0.849962331,29.07257519,63.5907045,56.07697296,18.4,,40.9
22101,LA,St. Mary,32.2,0.558659196,10.07236775,0.724187851,0.579350293,0.227601901,42757.0,24.0557827,17.33392705,9.156782577,10.3926363,22.95074844,1.309557544,30.25948265,53.30121848,65.77349854,22.9,,44.6
22103,LA,St. Tammany,17.1,0.451705486,4.597413883,0.732597947,0.854064941,0.136650398,68616.0,23.56351816,18.34221567,7.878444268,7.837680817,32.77069473,1.441584458,12.83932419,72.62501417,26.00216675,12.7,0.1632213,35.1
22105,LA,Tangipahoa,25.4,0.643439472,8.453136669,0.716557622,0.650751293,0.138924435,51596.0,23.78095031,15.70401856,5.438692671,16.68478775,38.81650925,0.707435584,29.86699911,59.94803127,54.85260773,17.8,0.07311812,42.3
22107,LA,Tensas,47.7,1.1967448,16.60395108,,0.718046904,,31438.0,21.9918013,24.59609356,1.615625754,38.89959335,58.8682518,0.144682903,53.82204003,41.66867615,76.79113007,32.1,,46.6
22109,LA,Terrebonne,22.7,0.646282971,8.313260795,0.810129344,0.58256495,0.163846388,59482.0,24.70797591,15.48549005,6.714728965,10.58013439,26.29857635,1.180872422,19.21792298,62.78700493,49.72889328,16.9,0.081923194,40.5
22111,LA,Union,29.1,0.72169596,11.89163038,0.315741986,0.405954003,0.135317996,43746.0,21.20149713,21.58051831,5.37736296,15.40738583,36.61135864,0.180035059,23.59406832,67.69792012,49.13922882,20.8,,43.9
22113,LA,Vermilion,27.2,0.471555114,8.863485172,0.387348861,0.353666335,0.218936309,52070.0,25.01263969,16.9371851,4.002859185,3.703169823,9.041387558,2.184487177,13.70142436,76.74471312,51.85843277,20.2,0.117888778,39.1
22115,LA,Vernon,19.6,0.542865515,7.431232402,0.605503798,0.41758883,,51401.0,25.61846154,13.07692308,8.564102564,22.16939354,49.29552078,1.768205128,12.97435897,68.92102564,36.53728485,17.7,,39.5
22117,LA,Washington,35.4,0.764642894,10.68068114,0.589867413,0.371397972,0.196622461,39363.0,23.12209929,19.3585993,3.101423135,3.899802685,8.40784359,0.354134131,28.0623804,65.08149484,69.02722931,24.5,,43.3
22119,LA,Webster,34.4,0.76430434,8.808660292,0.843370318,0.448040485,0.158131942,41436.0,22.21981768,21.0809641,1.861119377,18.63345146,28.46306229,0.373305921,32.84551086,61.01117213,56.35207367,24.0,,45.7
22121,LA,West Baton Rouge,21.2,0.78381604,5.179404789,0.895789802,0.447894901,0.149298295,67436.0,24.53399022,14.36082209,4.573697562,7.283896446,18.88062096,0.805176661,39.39115409,51.89161366,42.79262543,15.2,,40.6
22123,LA,West Carroll,32.2,0.469659954,8.027380212,0.845387936,,0.281795979,40812.0,22.75664034,22.58229925,3.332991488,2.162654161,4.707070351,0.13331966,13.72166957,79.98154035,56.91495895,22.4,,41.0
22125,LA,West Feliciana,19.2,0.387972832,3.901857216,0.387972832,0.646621406,,69086.0,16.50555193,15.99608099,4.252122796,14.85710239,38.12481689,0.195950359,23.44219464,69.13781842,22.93350601,22.2,,40.4
22127,LA,Winn,34.3,,8.036978429,0.505816877,0.433557332,0.216778666,44942.0,20.71246819,18.69865503,7.437295529,5.615333557,15.48791027,1.25045438,25.57615413,61.78117048,53.74304581,26.8,,43.6
23001,ME,Androscoggin,19.1,0.561968565,3.976211816,0.819921315,0.672519743,0.184251979,61411.0,20.93594508,18.63882166,1.999298176,2.467141867,9.244924545,0.80529787,5.790946472,86.26584727,45.58778,14.0,0.082913391,36.4
23003,ME,Aroostook,18.9,0.793365657,5.263238539,0.583797395,0.823303998,0.464044064,51770.0,19.02093734,25.28276581,1.359064153,4.856652737,10.85298824,0.584159154,0.630355413,92.6354221,50.70305252,14.9,0.044907492,41.7
23005,ME,Cumberland,8.7,0.479687095,3.630105851,0.875512838,1.348490953,0.254938602,80484.0,18.46807163,19.66086931,2.643292452,3.512726545,20.983078,2.364808014,3.934747533,86.4941647,21.20407104,7.7,0.221394047,29.4
23007,ME,Franklin,15.7,1.100513577,4.114950635,0.666977942,1.467351437,0.53358233,52295.0,18.36977186,23.63525258,1.38172189,5.541709423,12.86003113,1.300244432,0.563552417,92.37846279,38.81255722,11.7,0.133395582,33.4
23009,ME,Hancock,14.2,0.562735975,4.84351576,0.889485896,1.978652358,0.435666561,57001.0,16.795847,26.41407405,1.746638307,1.649071336,4.001471519,1.009409135,0.632683226,92.10497855,24.98275566,11.0,0.145222187,28.3
23011,ME,Kennebec,12.8,0.642511487,4.352763374,0.707575917,0.666910648,0.203326419,60449.0,18.79701072,21.14410961,2.064023552,1.995000005,5.192726612,0.98267579,0.68746866,91.13569823,36.54114532,11.3,0.097596683,33.6
23013,ME,Knox,13.5,0.800981224,4.453139077,0.826011837,1.576931715,0.350429267,68786.0,17.00938262,26.86236363,1.654887088,1.661719203,8.036881447,0.615657399,0.630433177,92.42987662,25.90673637,10.5,0.275337279,27.9
23015,ME,Lincoln,13.3,0.776419818,4.484447923,0.718907237,1.495327115,0.230050325,65638.0,16.37199535,29.50591708,1.120980787,0.924400508,2.632376194,0.644209212,0.442716463,93.85305219,25.70572662,9.2,0.086268872,31.8
23017,ME,Oxford,20.9,0.80850476,5.847029077,0.464460194,0.739695847,0.189224526,51872.0,19.26891324,22.83261505,1.497135538,5.496826172,15.08666515,0.475967946,0.361735639,92.52124548,45.20602417,15.1,,36.7
23019,ME,Penobscot,15.7,0.679173112,6.094820536,0.586858332,0.69895488,0.211005241,56261.0,18.21628263,19.65584531,1.783848777,5.755578041,15.67619801,1.217485003,0.948100842,90.87181913,38.85793304,14.6,0.092314795,38.8
23021,ME,Piscataquis,21.3,0.764885843,6.223306894,0.29418686,1.235584855,0.353024244,49999.0,17.25595238,27.52380952,1.553571429,1.681637168,4.451750278,0.714285714,0.339285714,92.10714286,47.19247818,14.0,,35.8
23023,ME,Sagadahoc,11.3,0.527133524,4.366740088,0.665852845,0.943291545,0.166463211,75624.0,18.42284531,23.72271724,1.768440557,2.845197201,10.71788025,0.673042862,0.803836617,92.18234829,21.75812912,8.7,,30.7
23025,ME,Somerset,19.2,1.046706796,6.167889095,0.513478816,0.651723087,0.256739408,51040.0,18.99875191,22.05162747,1.299601799,3.898914099,9.303689957,0.517067179,0.491312875,92.94133962,52.29584122,14.8,0.059247557,37.3
23027,ME,Waldo,18.2,0.601157248,4.640645476,0.551060796,0.651253641,0.350675046,58262.0,18.47653193,24.17249476,1.411366678,3.779937267,11.30067635,0.504961244,0.34084884,93.12242785,37.78106308,13.1,,33.5
23029,ME,Washington,22.5,0.762558401,7.09984363,0.413052469,0.762558401,0.476598978,42755.0,18.30197781,26.10065927,2.145039395,4.745539665,11.08124828,0.389130085,0.501688374,88.71844348,53.1063652,18.2,,37.7
23031,ME,York,9.9,0.435269237,3.338463988,0.827489913,1.229276896,0.19132714,73794.0,18.1665503,21.43632178,1.932802446,3.342294455,17.302948,1.180344574,0.947766686,91.54227917,21.95319557,8.3,0.110013105,29.5
24001,MD,Allegany,22.4,0.371126354,6.71797764,0.799349129,0.685156345,0.171289086,49236.0,17.71796905,21.92171028,1.687076029,9.744460106,30.36057663,1.076263472,7.761430711,85.09235603,52.39780807,16.4,0.071370453,37.3
24003,MD,Anne Arundel,7.9,0.302002311,3.030793453,0.943757236,0.653766334,0.175024062,107281.0,22.48032761,15.33078004,9.654898081,4.137128353,33.68476105,4.281602894,17.43358815,62.53907704,16.94558907,6.2,0.142421544,34.7
24005,MD,Baltimore,14.2,0.323237896,4.688761092,0.943079889,0.542361736,0.192489982,80159.0,21.65200957,17.66972681,7.195960376,4.424084187,21.83665466,6.401259164,29.57444692,51.87183673,32.2818222,9.8,0.146486089,33.2
24009,MD,Calvert,7.4,0.343819827,2.110278361,0.719872773,0.590940356,0.150421172,117459.0,23.55819493,15.92748672,4.528846879,5.229637146,38.60660553,1.669486867,12.84933662,74.10840348,16.99938393,5.8,0.032233112,33.9
24011,MD,Caroline,20.3,0.53744179,5.017702356,0.507583916,0.268720895,0.149289384,61945.0,23.79178806,17.35499955,8.470249001,4.020179749,9.191987038,1.036253867,13.11987505,72.42963986,50.49713516,13.5,0.089573629,38.6
24013,MD,Carroll,6.2,0.313438833,2.432567195,0.739242554,0.579566181,0.159676388,102006.0,21.8883574,17.88236519,4.479701083,3.008523464,29.51169777,2.178251037,3.679196719,84.85172739,15.84295368,5.4,0.147848502,31.5
24015,MD,Cecil,15.1,0.35776791,5.313087406,0.609172404,0.415784329,0.13537164,76727.0,22.42468065,16.60255483,5.254278139,6.540923595,24.6789608,1.187756086,7.23065799,80.4868643,35.78081894,10.9,0.06768582,37.6
24017,MD,Charles,9.2,0.20676738,3.685096227,0.778418362,0.425697535,0.182441801,103918.0,23.97714519,13.09950365,7.00828847,5.183923721,37.42512131,3.375405871,48.52446029,34.10936459,25.88849068,6.7,0.048651148,42.9
24019,MD,Dorchester,25.7,0.565095901,5.854450131,0.753461242,0.627884328,0.18836531,54731.0,20.89699056,22.34176632,5.46248194,4.989312649,13.85321426,1.091266792,27.71817651,61.14475423,65.32613373,15.0,0.094182655,41.8
24021,MD,Frederick,8.4,0.252676666,3.235385939,0.773115218,0.618492186,0.143309161,104253.0,23.57489594,14.87687557,11.82075468,3.113697767,25.89675331,4.941538439,9.939385464,67.583552,17.38692093,6.6,0.150851741,31.2
24023,MD,Garrett,17.1,0.589213908,3.670895046,0.935810328,1.074448943,0.242617503,55107.0,18.99257099,23.64785114,1.114351177,4.164770603,14.08914566,0.284662917,0.829688259,95.12601541,30.13944817,11.0,0.103978924,37.3
24025,MD,Harford,10.2,0.334884435,3.998057309,0.661980867,0.51011467,0.151866198,95951.0,22.46439576,16.89955696,5.368229829,4.662052155,28.2346859,3.102052705,14.11790406,71.66224648,21.65294075,7.6,0.112926148,34.8
24027,MD,Howard,7.4,0.240706891,2.845179563,0.898842156,0.578915298,0.1340646,131412.0,24.42878336,14.34263068,8.233704565,1.890411139,22.55060959,19.88252181,19.26413635,46.71322863,14.64630318,6.2,0.149299204,26.9
24029,MD,Kent,20.2,0.364735305,5.831349881,0.729470611,1.094205976,0.364735305,66183.0,15.80372956,27.28930097,5.526617356,0.385883778,1.670009017,1.302218981,14.32961767,74.9244713,37.33760452,12.0,0.156315133,38.9
24031,MD,Montgomery,11.4,0.192999542,3.224941635,0.783406973,0.588505983,0.192999542,112352.0,22.87458065,15.99211345,20.47048145,1.831887841,20.02664757,15.29780305,18.14528544,40.57959006,15.04263401,8.5,0.145462707,24.2
24033,MD,Prince George's,15.7,0.360593319,4.619972105,0.930066884,0.347400874,0.186892867,89689.0,21.83124294,13.65269473,21.24305082,3.4591465,24.04109764,4.284114677,59.12586939,11.27583615,27.80196381,11.5,0.06046534,36.0
24035,MD,Queen Anne's,10.5,0.469052315,3.454730417,0.723122299,0.60585922,0.09771923,94583.0,21.58639772,19.5512692,5.088823836,3.608160019,23.46410942,1.176965954,5.564021334,83.77511329,19.31583595,8.0,0.09771923,32.7
24037,MD,St. Mary's,10.1,0.296459049,3.890458596,0.758586407,0.514443636,0.130790755,106539.0,24.08834826,13.54140116,5.75248073,4.155984879,21.74327087,2.901289364,14.05732266,70.51776721,27.82936668,7.8,0.078474455,35.2
24039,MD,Somerset,30.4,0.196440503,7.346681381,0.43216911,0.275016695,0.157152399,47131.0,17.21770918,18.57839155,4.366368806,5.474267006,18.27673149,1.015434606,38.37936637,52.33956133,59.08275223,23.6,,43.6
24041,MD,Talbot,15.0,0.459807426,3.4645457,0.946662366,1.595802188,0.297522455,78931.0,18.23802164,29.53152481,8.932473485,3.251558781,13.67804813,1.428343016,11.15493258,74.78814688,30.06103706,9.4,0.18933247,31.7
24043,MD,Washington,18.4,0.297725379,4.885454044,0.813782692,0.654995859,0.205099702,65433.0,21.69419217,18.0795708,6.650722343,5.496961117,28.65318108,1.992825054,11.14443618,74.47917003,40.89864731,14.5,0.086009555,42.3
24045,MD,Wicomico,18.6,0.548129618,7.135575943,0.894316733,0.615443766,0.105779402,61848.0,21.85967487,17.285786,6.845387497,9.054757118,29.73750687,3.011931884,26.63049774,58.24999035,47.65041351,14.2,0.076930471,36.7
24047,MD,Worcester,16.5,0.667900681,4.408343673,1.717458963,3.415834904,0.267160267,70952.0,17.41517347,27.52764011,3.961113229,6.031039715,30.65968513,1.408692337,11.75371712,78.88486466,27.97231674,10.3,0.152663022,36.2
24510,MD,Baltimore,33.8,0.493063837,10.51732094,1.117497683,0.672204673,0.424819708,54068.0,19.46498938,14.53966823,7.841279272,1.811110139,4.522172451,3.588819002,57.30073689,26.85570284,90.08551788,22.9,0.097247884,38.5
25001,MA,Barnstable,11.3,0.670844972,3.259527131,0.989848197,1.97500515,0.309620768,82980.0,14.28496568,32.20711279,3.453335429,9.146736145,51.04450226,1.389980611,2.798738843,84.96261943,31.6884346,8.0,0.225178733,26.5
25003,MA,Berkshire,15.4,0.465597928,4.880867131,0.842892826,1.557344794,0.208716318,60945.0,17.25078666,24.40748376,5.474865531,6.01280117,30.93593788,1.549300141,3.149752763,84.68293212,53.04940033,10.9,0.096330605,28.9
25005,MA,Bristol,15.3,0.538141906,5.024213291,0.686351478,0.769278288,0.169382378,72857.0,20.25621547,17.83235497,9.452866022,4.096760273,26.43337059,2.356871547,3.992230663,76.94371547,52.82406998,11.9,0.148209572,33.0
25007,MA,Dukes,12.6,0.343622923,4.844411252,0.973598301,3.665311337,0.572704911,79338.0,16.11165049,26.99514563,2.59223301,8.827241898,32.19146347,0.893203883,3.859223301,78.78640777,13.49674511,7.6,0.343622923,28.6
25009,MA,Essex,12.2,0.419582367,4.396796792,0.750698566,0.831581891,0.218637794,87145.0,20.86699785,18.17852905,22.57847027,4.101744175,30.06750488,3.618294726,3.344039297,66.23916901,46.9475174,9.6,0.149128675,30.8
25011,MA,Franklin,17.3,0.61195153,3.923334191,0.455405802,0.953505933,0.28462863,68948.0,17.21831928,23.35243351,5.057089358,5.341192245,19.07582855,1.669740529,1.355784257,86.53366935,52.11075974,10.7,0.099620022,25.8
25013,MA,Hampden,24.8,0.523722708,6.816452392,0.605621696,0.698296905,0.209058031,61818.0,21.12080717,18.1516664,26.04390061,4.8009758,23.81669617,2.599688724,7.725648044,59.77867225,90.38652802,17.0,0.096985683,35.9
25015,MA,Hampshire,11.0,0.353157669,5.724592108,0.625770569,0.892187774,0.223046944,77117.0,14.72139389,18.89432437,7.160460359,12.49569511,46.48748779,6.617049067,2.686250832,78.60241023,28.52212906,11.7,0.142502218,27.7
25017,MA,Middlesex,8.3,0.387727201,3.572410178,0.814599931,0.835104704,0.17025201,112345.0,19.50150796,16.12111995,8.7772564,2.573333979,24.63314819,12.8450823,4.962984114,66.53907287,24.08791351,7.7,0.225552842,22.1
25019,MA,Nantucket,6.0,0.351617426,2.961225537,1.58227849,4.483122349,0.527426183,110966.0,18.9617678,15.90319186,16.21887057,2.849175692,13.6261797,1.844966678,7.057172922,69.37215012,11.11257648,5.9,0.527426183,28.3
25021,MA,Norfolk,6.8,0.394694746,3.321720617,0.69917351,0.857051432,0.159287512,114658.0,20.47505375,17.65211486,5.249448677,3.599397421,35.69750214,12.15458807,6.792326521,70.58325218,20.06987572,6.9,0.260780454,27.0
25023,MA,Plymouth,8.5,0.481156617,3.008078252,0.612901866,0.750375211,0.152748123,99445.0,20.96665718,19.37722651,4.512272545,4.805162907,41.64700317,1.449269902,8.191492769,76.65871041,32.84673691,7.5,0.240578309,30.2
25025,MA,Suffolk,25.1,0.490280479,8.708569108,0.969333172,1.188898921,0.259486854,77163.0,15.99752361,12.6240701,22.37359889,0.209738284,0.973512948,10.101938,16.95060757,44.22660464,65.63260651,18.5,0.178397223,28.0
25027,MA,Worcester,12.1,0.488415509,4.584308894,0.691017509,0.695841372,0.147127628,84583.0,20.70800628,16.42108731,12.9799991,5.120881081,34.47441101,5.348499207,5.129501885,70.89655508,45.59831238,10.0,0.120596424,32.7
26001,MI,Alcona,26.3,0.666349351,6.762274674,0.475963831,0.951927662,0.475963831,46749.0,13.2389102,35.76276188,1.199960657,6.162630558,15.62345028,0.137700403,0.226222091,94.35428347,32.38140488,12.6,,36.6
26003,MI,Alger,17.0,1.109262347,4.643218624,0.998336077,1.220188618,0.665557384,54516.0,15.83352183,25.28839629,1.300610722,4.893457413,12.75315094,0.248812486,6.616150192,82.82062882,24.27435684,12.6,,34.7
26005,MI,Allegan,12.1,0.378383368,4.070874337,0.554962277,0.681090057,0.126127794,73873.0,24.15478581,17.3175549,7.791571924,4.727538109,20.78973198,0.696254004,1.199980083,85.54878757,25.91505623,9.4,0.025225559,31.6
26007,MI,Alpena,23.7,0.460372537,6.201085807,0.672852159,0.991571665,0.318719447,50848.0,18.56989656,24.73449338,1.442557166,6.100529194,15.90541267,0.387449407,0.342477601,93.42373819,42.33361816,15.5,,38.7
26009,MI,Antrim,16.6,0.51174891,3.869188677,0.639686108,0.938206315,0.255874455,59430.0,17.57073962,28.06538347,1.95894328,0.061377741,0.166546971,0.29874952,0.166446161,92.79586872,28.02536011,10.2,,34.8
26011,MI,Arenac,22.9,0.802514553,4.458941422,0.869390786,0.401257277,0.267504841,50452.0,17.83095587,26.34315425,1.799760032,0.001811072,0.005427375,0.25329956,0.233302226,92.78096254,44.77362442,14.9,,38.3
26013,MI,Baraga,22.2,0.489955902,5.896096757,0.857422829,0.857422829,,46656.0,17.68815886,23.38808532,1.250306448,4.512906551,15.41619778,0.183868595,7.330227997,70.51973523,33.59260178,15.8,,38.3
26015,MI,Barry,12.1,0.402829468,3.991442243,0.354489923,0.483395368,0.12890543,68380.0,22.73040386,19.02664082,3.431427519,0.006679172,0.031850263,0.39248354,0.472582221,90.95846082,26.60151482,8.9,,33.8
26017,MI,Bay,16.6,0.468809515,6.170276746,0.712981164,0.615312517,0.224637896,56681.0,19.87270837,21.2207287,5.709828994,5.254438877,12.85762882,0.518024958,1.538668926,87.43933908,39.01211548,12.6,0.058601189,37.2
26019,MI,Benzie,14.1,0.448129058,3.042642235,0.672193587,1.064306498,0.336096793,67924.0,17.42904841,27.19532554,2.175848637,0.0,0.0,0.395102949,0.311630495,92.35948804,27.51325798,9.3,,35.0
26021,MI,Berrien,24.3,0.437836945,6.736192753,0.738441408,0.908348322,0.176441759,57554.0,21.54604837,20.90904378,5.968272895,9.562503815,25.17030144,2.047098162,13.73739599,72.32108142,41.37123489,16.1,0.098023199,40.0
26023,MI,Branch,17.9,0.322402358,5.623171997,0.529661,0.690862179,0.161201179,60481.0,24.19642459,18.85114351,5.757656814,6.388959885,13.60886002,0.592929428,2.505461192,86.98898845,35.24548721,12.5,0.069086216,39.6
26025,MI,Calhoun,19.9,0.479113638,5.634923063,0.763587356,0.531516671,0.179667622,55639.0,22.8300201,18.44166481,5.529000074,11.39834404,29.09360886,2.76598913,10.62839699,74.7412702,50.39364624,13.7,0.052403055,38.9
26027,MI,Cass,16.1,0.387717128,6.02673337,0.329559565,0.465260535,0.155086845,62065.0,21.46969315,21.07426002,4.188877474,3.230484486,13.32979774,0.61253368,4.404039621,83.95006687,38.72486115,11.5,,35.1
26029,MI,Charlevoix,13.6,0.651216269,3.393972305,0.881057262,1.264125705,0.383068383,64604.0,18.41943655,25.63138098,1.631227451,0.399248481,1.426566482,0.468258233,0.284025486,91.65963,26.43810272,9.1,,36.6
26031,MI,Cheboygan,20.8,0.749063671,4.301160129,0.670214891,1.379854083,0.315395236,53747.0,17.46354431,27.67113648,1.333124829,3.873383045,9.409393311,0.332303843,0.347941671,89.41709996,39.00059128,12.9,,36.8
26033,MI,Chippewa,21.6,0.541154802,8.088539512,0.541154802,0.974078655,0.324692905,48972.0,18.6461873,19.01862172,2.057904037,8.139185905,19.81580925,0.524670382,7.098001903,66.72284899,31.95970154,17.7,,39.3
26035,MI,Clare,30.7,0.779955149,8.628056797,0.649962604,0.519970119,0.227486923,46085.0,19.99935183,24.16709878,2.01257454,1.324896574,2.726153135,0.233341976,0.453720508,92.7793622,54.98683929,18.9,,42.3
26037,MI,Clinton,9.0,0.326006532,4.864733247,0.589319527,0.426316261,0.037616141,77617.0,22.65696087,17.84829643,4.979274088,9.857755661,34.13660049,2.363259529,2.072591245,85.82928925,17.37134171,7.8,,35.9
26039,MI,Crawford,25.3,0.500679493,7.133452095,0.786782086,0.786782086,,50367.0,17.97813366,26.22420696,2.248229135,2.186867237,6.436742306,0.423467816,0.438866646,92.59316292,38.02780151,15.8,,38.2
26041,MI,Delta,15.4,0.673930109,5.404065444,0.702010572,0.730090976,0.30888465,53234.0,19.48893044,24.86518711,1.471425087,5.052951813,15.31340218,0.414600439,0.252012032,90.61864889,35.24560928,11.8,0.084241264,35.6
26043,MI,Dickinson,14.3,0.517680764,5.032136699,0.716788769,0.716788769,0.19910799,56033.0,19.85200601,23.23582688,1.695764443,7.64380312,25.67452431,0.566539484,0.235094616,93.25933634,26.93931198,11.4,0.159286395,32.3
26045,MI,Eaton,12.0,0.344990373,3.355347848,0.808003783,0.562879026,0.099865638,70638.0,21.24753836,19.4604992,5.978474926,8.79647541,30.91036987,2.23860774,6.83581406,79.87176551,23.83611107,8.8,0.036314778,34.9
26047,MI,Emmet,11.9,0.659828424,3.379466683,0.899766088,1.499610066,0.389898628,71401.0,18.34251876,24.55734053,1.735459662,6.318283558,23.61491394,0.507152908,0.466111632,88.99800657,26.91800117,8.6,0.179953218,31.4
26049,MI,Genesee,22.6,0.370558858,7.347987482,0.684298694,0.543486297,0.170457065,52157.0,22.23031873,18.12457073,4.002599634,11.41416931,35.91704559,0.994803193,19.46771505,69.78713033,56.96107101,16.3,0.046937454,39.1
26051,MI,Gladwin,25.1,0.707992435,6.133843822,0.511327863,0.707992435,0.235997483,49146.0,18.94351217,27.2591192,1.898684314,5.576881409,13.09611225,0.283620893,0.267864177,93.87063736,41.00128555,15.9,,38.1
26053,MI,Gogebic,26.0,0.650195062,5.807365439,0.577951193,1.444877863,0.216731682,44675.0,16.50208623,28.03198887,1.543810848,4.863042831,15.05071449,0.243393602,0.45201669,90.27121001,42.97909927,17.4,,37.3
26055,MI,Grand Traverse,11.7,0.384648263,4.837480819,1.047098041,1.015043974,0.235062823,66271.0,19.75996976,21.42107142,3.160503161,5.359835148,17.0298481,0.853650854,0.612150612,89.82023982,25.12501144,8.8,0.085477389,30.8
26057,MI,Gratiot,20.1,0.397189885,6.672803861,0.595784843,0.595784843,0.124121837,55249.0,21.74277436,18.2011925,7.550106559,16.54850006,39.56851196,0.385527166,5.256100189,83.3600728,35.6002121,15.7,,35.6
26059,MI,Hillsdale,21.5,0.394235402,6.61701258,0.481843263,0.525647223,,54863.0,22.18773226,20.48703712,2.561972631,2.261605501,5.373814583,0.384733091,0.428452761,92.12827351,34.32950592,14.4,0.065705903,36.8
26061,MI,Houghton,13.8,0.455503047,8.443302244,0.59784776,1.224164486,0.227751523,52585.0,20.06905597,18.14458928,1.790637296,5.09585619,10.46077824,2.288482642,0.749444608,90.61320628,30.10353279,14.1,0.085406817,34.2
26063,MI,Huron,16.5,0.685087919,4.286310116,0.717711151,1.17443645,0.260985881,51767.0,18.96392524,26.17250931,2.674562996,8.016444206,21.11886597,0.477600535,0.245168275,93.95357723,31.07363129,11.8,,38.8
26065,MI,Ingham,16.5,0.333781809,8.516888026,0.901555002,0.708856225,0.154847234,57733.0,19.91856792,14.55773956,8.572130572,14.31657791,38.00898361,5.764829765,12.09055809,67.23446823,39.67559052,15.8,0.068820991,34.0
26067,MI,Ionia,15.2,0.387278676,4.107714099,0.43375212,0.464734405,0.123929173,64641.0,21.70379019,15.21914855,5.035626609,6.860117435,27.28025818,0.342793845,4.805101491,86.24782947,31.71554184,11.5,,38.7
26069,MI,Iosco,24.5,0.715990424,5.721163491,0.636435986,1.153540134,0.23866348,47401.0,17.16131077,29.93620478,2.417086024,5.286724567,12.94721413,0.606252724,0.649839521,92.10286484,47.85202789,14.5,0.11933174,38.2
26071,MI,Iron,25.8,0.81330198,6.84870188,0.72293514,1.174769521,0.27110067,48920.0,17.41036884,29.67070759,1.77112888,5.788461685,14.02825356,0.352506233,0.206345112,93.05304789,31.7112484,15.4,,37.1
26073,MI,Isabella,16.2,0.51795578,12.43599859,0.633057117,0.704995394,0.143876612,47999.0,19.20365251,14.77311551,4.668136783,4.966783524,9.162043571,1.733080722,3.223902848,82.2592167,41.16429901,18.1,0.057550646,38.5
26075,MI,Jackson,17.8,0.41422382,4.583443709,0.599031329,0.528931916,0.114708133,58637.0,21.21147874,18.58748114,3.856178991,10.85493755,30.36846924,0.919771024,7.722958732,81.74862502,38.54299545,11.9,0.038236044,39.7
26077,MI,Kalamazoo,14.6,0.263169765,6.787287453,0.785749733,0.751913607,0.210535809,62476.0,21.91386097,16.31214889,5.646807047,8.07171917,30.25986862,2.668628425,11.34482363,73.920587,35.82398605,14.1,0.101508342,35.7
26079,MI,Kalkaska,18.7,0.722101867,6.13122172,0.499916673,0.722101867,0.222185194,57920.0,20.13490161,21.91315012,1.978928591,1.804077148,4.603714943,0.334466804,0.222977869,92.10658342,41.49308395,10.9,,35.7
26081,MI,Kent,12.7,0.25959909,4.741090277,0.768170416,0.692264259,0.144221723,71933.0,23.6512385,14.42686185,11.43327852,3.854975462,20.33683205,3.313048844,9.47742616,70.74610851,32.18560791,9.9,0.113859251,33.5
26083,MI,Keweenaw,16.1,,6.643869077,,2.359603643,,50729.0,15.54252199,35.38611926,1.319648094,7.242422581,29.230196,0.0,0.195503421,95.21016618,24.61853027,10.7,,34.3
26085,MI,Lake,32.0,0.949339807,6.796116505,,0.863036156,,40382.0,15.73247354,26.58730159,9.879298942,0.596876979,1.432641149,0.37202381,6.572420635,77.38095238,54.80279541,18.7,,42.0
26087,MI,Lapeer,11.3,0.365150899,5.001613052,0.570548296,0.536315382,0.125520632,71306.0,20.8239768,19.19001569,4.789040725,2.069175005,7.459937572,0.446856769,1.090059694,89.00010156,28.692873,9.3,0.045643862,35.5
26089,MI,Leelanau,11.4,0.321942687,3.516653054,0.689877212,1.471737981,0.367934495,86406.0,16.59118425,32.30348415,4.111923232,1.136601329,5.738732815,0.475315008,0.286982647,88.70005829,13.27630329,6.7,,31.2
26091,MI,Lenawee,15.4,0.429412723,4.57550268,0.623670876,0.613446772,0.09201701,62050.0,21.02632188,19.98632107,8.543294811,10.30635643,28.82805634,0.478762459,2.451143096,83.60842059,32.03384781,11.1,0.051120564,42.4
26093,MI,Livingston,5.7,0.259963095,2.691443379,0.597915113,0.561520278,0.088387452,92357.0,21.43645611,18.1455232,2.838558592,3.618884087,28.88230324,0.838723654,0.57617117,91.17431628,14.15932274,5.2,0.109184496,35.4
26095,MI,Luce,26.7,1.142670631,5.869275233,0.489715964,1.142670631,0.489715964,47959.0,20.11612662,25.90372729,1.386027346,10.91634655,28.49912453,0.037460199,0.224761191,84.5476681,31.81793404,18.6,,39.0
26097,MI,Mackinac,20.4,1.014853716,5.888961708,1.383891463,2.860042334,0.553556621,53028.0,16.33745616,29.89662175,1.541443603,13.97901058,34.64593124,0.258445634,0.516891268,73.98006277,25.74806976,11.6,,38.1
26099,MI,Macomb,16.5,0.350256264,4.212749537,0.798124909,0.68099004,0.122876786,67646.0,20.42799901,17.73388394,2.974749693,5.852577209,27.27165222,4.339907197,12.31614914,75.49116733,28.64378548,11.6,0.087276973,36.7
26101,MI,Manistee,21.1,0.646778226,5.325218714,0.565930963,0.727625489,0.282965481,54422.0,17.08612975,26.5739853,3.315755833,2.130086422,9.570550919,0.315596037,2.420901246,87.2323426,35.25278091,13.0,,38.0
26103,MI,Marquette,14.1,0.516450465,6.895405174,0.729106545,0.86581403,0.167086914,56179.0,18.3255828,20.45230774,2.035839254,5.104547024,17.11914825,0.60590454,1.196661466,89.42848054,29.35919571,13.3,0.075948596,32.0
26105,MI,Mason,21.4,0.548621595,5.637672591,0.651488125,0.754354656,0.102866545,55536.0,19.90224425,25.18931571,4.44031392,9.045111656,25.74080467,0.530083987,0.574831337,89.30194135,36.79479218,13.8,,39.4
26107,MI,Mecosta,19.3,0.546609879,9.165548699,0.501059055,0.56938529,0.13665247,52481.0,20.06345369,20.65770257,2.583471824,15.36835003,22.89638329,0.785617163,1.943898877,89.44201037,44.82390976,17.6,0.068326235,33.4
26109,MI,Menominee,16.8,0.35385704,4.580119406,0.530785561,0.796178341,0.30962491,57421.0,18.50055314,25.33826908,2.067909114,5.343949795,15.89992714,0.39996596,0.416985788,90.73695856,33.2551918,10.6,,37.3
26111,MI,Midland,13.2,0.359535486,4.787531962,0.707086444,0.491365165,0.167783231,68054.0,21.6805998,19.63733921,3.184659976,4.724935532,19.38002205,2.048051357,1.128224783,88.41952715,25.99441528,10.6,0.071907096,31.1
26113,MI,Missaukee,17.1,0.395987332,4.896560989,0.263991565,0.527983129,,51151.0,22.72123306,21.32606963,3.315174063,1.728223085,4.26048708,0.285676322,0.219239968,92.61227744,31.20600128,11.8,,38.3
26115,MI,Monroe,12.4,0.31879285,4.730355302,0.670793235,0.584453523,0.12618883,66179.0,21.18804462,18.64038912,4.024959789,3.214118481,15.87775326,0.614951327,2.607083567,87.44259055,26.29542732,9.5,0.039849106,38.0
26117,MI,Montcalm,17.9,0.535635531,5.024194055,0.378095657,0.472619563,0.157539859,55735.0,21.47146246,17.59990392,4.048698472,1.043388367,2.494222641,0.337766836,3.179511814,88.38982796,41.17041779,13.2,0.063015945,39.2
26119,MI,Montmorency,28.5,0.856806278,6.634178757,0.321302354,1.499410987,0.428403139,44500.0,15.16442696,33.12575112,1.365672457,1.190034866,3.858500719,0.262209112,0.131104556,93.42292145,46.0533371,16.9,,38.0
26121,MI,Muskegon,19.1,0.437075496,5.914610031,0.695870221,0.534842372,0.097766891,55410.0,22.47759123,18.12380562,5.848462098,17.3225975,43.03689575,0.61026936,13.43502594,74.01776777,53.74494934,14.4,0.051758941,43.0
26123,MI,Newaygo,19.8,0.445813417,5.467666966,0.52687037,0.506606162,0.121585473,57840.0,22.46988675,20.06282764,5.94061387,1.775653601,4.297062397,0.378166393,0.848373284,87.86866221,42.27290726,14.5,0.060792737,39.2
26125,MI,Oakland,8.6,0.309543431,3.37325343,0.853637815,0.867998064,0.183492243,86597.0,20.47983553,17.70699038,4.773873093,4.370923996,30.22327995,8.291385324,13.2452654,68.98465546,20.17743111,7.8,0.150782749,29.7
26127,MI,Oceana,20.9,0.559304953,5.80379288,0.335582972,0.932174921,0.186434984,56533.0,22.64526051,21.51993698,15.40943021,4.370293617,9.255616188,0.258824412,0.461382648,79.48910312,42.30831528,14.4,,37.9
26129,MI,Ogemaw,26.6,0.81250298,6.49918883,0.621325791,1.242651582,0.238971472,45186.0,18.55560905,26.38902263,2.103996148,0.023650844,0.051518947,0.27443428,0.284063553,92.76841598,51.04430389,17.4,,38.3
26131,MI,Ontonagon,20.5,1.060820341,5.764282038,,1.237623811,,46824.0,11.50275103,36.86382393,1.169188446,13.19808578,34.21987152,0.343878955,0.137551582,93.43191197,35.08074188,11.7,,38.1
26133,MI,Osceola,19.0,0.553992987,5.525624471,0.383533627,0.767067254,0.127844542,52272.0,23.44152724,21.21357739,1.747411646,0.02694639,0.052415684,0.14852999,0.677122013,92.56039492,44.49700165,12.9,,38.7
26135,MI,Oscoda,26.9,0.597514331,5.948730529,0.717017233,0.597514331,,42620.0,18.10439226,29.71164375,1.873707264,0.558827162,1.601777315,0.060834651,0.097335442,93.4906923,48.00032043,16.3,,36.9
26137,MI,Otsego,15.0,0.847970903,4.755721474,0.767211795,1.171007514,0.242277414,59538.0,20.67275119,21.87238452,1.777529792,10.59696484,35.20252228,0.362679845,0.398549281,92.28807142,34.95524597,10.1,0.121138707,34.4
26139,MI,Ottawa,6.5,0.210429847,3.553197631,0.576985061,0.448011935,0.118791044,79402.0,23.6772451,15.91154625,9.919648886,7.857011795,31.38675499,2.665428764,1.712018906,81.53950034,18.16795921,7.5,0.101820894,35.9
26141,MI,Presque Isle,23.1,1.184366345,4.580509465,0.315831035,1.105408549,0.394788802,56119.0,15.38283778,32.89939917,1.186257896,6.267968655,23.24465561,0.400554614,0.215683254,94.60791866,23.54915047,13.5,,35.9
26143,MI,Roscommon,31.9,0.750437737,7.348298084,0.667055786,1.292420626,0.166763946,50822.0,14.15661367,33.00652202,1.850036233,5.886500835,13.32805729,0.323969479,0.255765378,93.28189607,51.18263245,17.8,,35.4
26145,MI,Saginaw,30.3,0.410811722,7.90043114,0.790022552,0.616217554,0.168538138,50992.0,21.83837916,20.05638425,8.891039532,11.3765583,30.08481979,1.248132798,17.64532621,67.70423513,49.32066727,20.7,0.084269069,43.0
26147,MI,St. Clair,16.7,0.35155344,5.837523322,0.54616338,0.67171818,0.13183254,61466.0,20.51838412,19.60931021,3.432408672,12.24677372,35.68595505,0.50441755,2.352493718,88.78497098,38.89792252,11.1,0.06905514,40.8
26149,MI,St. Joseph,17.3,0.443728626,5.175437132,0.542334974,0.706678927,0.197212726,58400.0,24.53601142,18.40036758,8.905626938,5.510323048,15.17158031,0.679367892,2.200561217,83.15528643,40.60253906,12.4,,37.4
26151,MI,Sanilac,21.6,0.834417284,6.118389976,0.392666936,0.589000404,0.196333468,49541.0,21.41784246,21.9595676,4.122035902,4.906131744,14.27950478,0.206840511,0.371820443,91.6229593,42.36712646,14.5,0.07362505,38.5
26153,MI,Schoolcraft,23.9,1.110562682,6.120897225,0.863770962,1.233958483,,49735.0,17.34808003,28.20927054,1.192991177,18.57502937,45.98495102,0.186404871,0.124269914,83.59637132,33.37857819,13.9,,37.5
26155,MI,Shiawassee,14.3,0.36906907,4.694277735,0.664324284,0.36906907,0.162390381,53197.0,20.87408582,19.78000999,2.972361735,9.670385361,27.31666756,0.422944753,0.468470056,91.40159192,37.83573151,10.8,0.059051048,36.1
26157,MI,Tuscola,19.0,0.363365144,5.490383695,0.4016141,0.382489622,0.152995855,52365.0,21.32288131,21.04157681,3.39065694,6.797119617,15.32678795,0.29068132,0.753896067,91.16328789,36.35564041,13.0,,39.4
26159,MI,Van Buren,17.4,0.662479818,5.476863702,0.62273103,0.741977394,0.172244743,59240.0,22.99601783,19.20965245,11.86182809,1.706696153,4.919363022,0.508023867,3.106354267,78.58494186,42.75423813,13.3,0.052998383,39.5
26161,MI,Washtenaw,11.2,0.256499112,7.872512988,0.799513221,0.766768634,0.166451558,77359.0,18.35420595,14.82681366,5.5689871,6.062271118,25.16417122,9.003701734,11.31607648,67.75408453,22.18899345,12.4,0.158265412,30.1
26163,MI,Wayne,28.5,0.479713291,9.68966789,0.785350978,0.651490867,0.207397014,52644.0,23.25234547,15.51806713,6.559520418,4.534219742,14.82906151,3.601996252,37.31554154,47.78939774,62.20100403,19.6,0.074111395,36.7
26165,MI,Wexford,21.6,0.651987076,5.807190429,0.770530164,0.800165951,0.177814662,53711.0,23.10159475,20.09028005,2.346093309,8.401478767,24.82717514,0.552371336,0.555341074,91.41745612,46.44420242,15.2,0.118543103,38.2
27001,MN,Aitkin,16.8,0.946491659,4.748423626,0.567894995,1.261988878,0.252397776,56471.0,16.96502516,32.92348856,1.401541696,11.33926678,33.8019104,0.242084475,0.369497356,92.24055552,26.45969963,10.9,,36.2
27003,MN,Anoka,8.6,0.294509083,2.619769693,0.59735328,0.438985229,0.111135498,88416.0,24.21988145,14.30004369,5.360455306,6.511663914,38.25657654,5.264821222,7.798574832,75.90405813,19.28108215,6.8,0.108357109,35.9
27005,MN,Becker,15.2,0.551427901,4.618251704,0.522405386,0.66751802,0.087067567,67261.0,24.00875423,22.30906972,1.634312026,12.76327133,34.51247025,0.443395958,0.568456357,84.25944348,18.98798561,11.3,0.145112604,39.3
27007,MN,Beltrami,21.0,0.590194345,7.577444942,0.590194345,0.695586205,0.168626949,60386.0,24.77286493,17.18439041,2.396815783,15.73085213,32.31233597,0.579735225,1.122696201,70.18473652,26.62725067,15.3,0.126470223,41.1
27009,MN,Benton,9.6,0.659211874,4.182763744,0.561550856,0.31739831,0.073245764,67048.0,25.19152227,14.89886174,2.938688707,7.921877384,30.00787735,1.118925059,4.81161942,86.56806593,30.50482559,8.7,0.097661018,37.2
27011,MN,Big Stone,16.6,0.812512696,5.039840638,0.812512696,1.218769073,0.609384537,55635.0,21.11885405,27.04219899,2.7100271,9.838944435,38.40453339,0.232288037,0.367789392,93.08943089,28.9965477,12.8,,42.6
27013,MN,Blue Earth,12.1,0.30773288,6.705718185,0.908544719,0.747351289,0.087923683,68620.0,20.31774511,15.12761894,4.66055099,16.9889431,38.87947464,2.653663618,5.603947216,82.79604121,24.89705658,13.2,0.146539465,42.1
27015,MN,Brown,10.9,0.402479261,3.162517122,0.684214771,0.724462688,0.201239631,63708.0,21.61932695,22.39117011,4.51914171,4.043330193,17.19438171,0.486261192,0.455387465,92.49768447,19.78185654,9.2,0.201239631,39.9
27017,MN,Carlton,12.2,0.503229082,5.388101155,0.251614541,0.531186223,0.167743012,68442.0,22.44869777,18.73394647,1.690280885,4.219689369,18.86141014,0.422570221,1.53561466,85.37023228,23.663414,10.4,0.083871506,41.2
27019,MN,Carver,4.1,0.262750447,2.069413778,0.553652704,0.487965077,0.131375223,106582.0,27.15250369,12.77005668,4.964366548,3.768171787,38.28910828,3.382839827,2.032322628,85.5230916,8.732542038,4.6,0.150143102,33.1
27021,MN,Cass,18.7,0.668270528,5.564220806,0.334135264,1.202886939,0.334135264,57928.0,20.70777623,27.10370518,1.416882858,5.210772514,13.84890175,0.369187787,0.21286503,82.06944722,46.22761154,11.7,,38.1
27023,MN,Chippewa,14.3,0.340193897,5.237901586,0.595339358,0.765436292,0.340193897,58611.0,23.85299254,21.81298619,9.866645499,5.083388805,16.23238754,0.349261788,0.595332592,83.13224321,28.58337593,10.6,,41.6
27025,MN,Chisago,7.8,0.475402325,3.582438028,0.457794845,0.545832336,0.088037468,85080.0,23.05151799,16.10709807,2.562653432,4.890473366,38.66259766,1.356387206,1.492379153,89.72642659,14.16522884,6.5,0.105644964,38.3
27027,MN,Clay,13.6,0.324625134,5.577747467,0.602875233,0.355541825,0.092750035,67970.0,25.23653511,13.885912,4.609755351,4.559583664,19.20739174,1.169662268,4.808781653,83.32159588,36.62209702,12.9,0.108208381,35.1
27029,MN,Clearwater,18.6,0.55450815,4.519437157,,0.998114645,0.332704902,60235.0,24.71844205,21.43359925,1.184889723,15.14871979,39.15169144,0.269826373,0.222900047,83.89253871,24.87893295,14.0,,39.2
27031,MN,Cook,16.9,1.107624173,3.529411765,0.923020124,2.030644178,0.738416076,62528.0,15.91071429,30.58928571,2.196428571,8.929030418,31.44690514,0.857142857,0.446428571,83.39285714,15.16829777,9.7,,34.8
27033,MN,Cottonwood,15.7,0.622664988,4.675209898,0.266856432,0.622664988,0.355808586,58801.0,23.86038031,22.96605019,9.681340627,2.062660456,8.788153648,3.134496831,1.172180255,81.77476773,33.11984634,12.0,,39.3
27035,MN,Crow Wing,13.8,0.563646317,4.105644106,0.639814734,1.096825242,0.243738949,64008.0,21.35414304,23.83134462,1.379247766,3.730427742,13.42822647,0.502094581,0.579223568,92.63342559,22.1155014,10.7,0.137103155,38.6
27037,MN,Dakota,5.6,0.254743427,2.384378544,0.660017073,0.546540439,0.132003412,93850.0,24.36426132,14.82352085,8.253349762,4.655598164,34.62385178,5.440549966,7.318098945,73.57177607,16.39737129,5.0,0.150530219,32.9
27039,MN,Dodge,6.9,0.333539814,1.931195109,0.333539814,0.52413398,0.142945632,84385.0,26.49158959,15.1818661,5.065414291,3.356467962,13.99119568,0.498394594,0.60382422,90.12795323,19.79796982,6.0,,37.6
27041,MN,Douglas,9.3,0.626174092,3.679025894,0.626174092,0.991442263,0.130452931,67370.0,21.60180485,23.48100292,2.08942214,6.921004772,24.7042408,0.581961749,0.571706917,93.90606573,19.29616356,9.2,0.130452931,38.6
27043,MN,Faribault,16.4,0.441144019,4.432051658,0.441144019,0.80876404,0.441144019,55696.0,21.91652898,23.47532505,7.276776094,4.465139389,12.53014851,0.32325264,0.39508656,89.08842756,31.78687859,11.4,,37.2
27045,MN,Fillmore,17.8,0.473148793,3.796247166,0.61509347,1.04092741,0.236574396,67804.0,24.10495572,22.44205766,1.606368947,0.742590666,2.714550495,0.334463916,0.461654419,95.03014886,17.25810242,12.3,,37.2
27047,MN,Freeborn,14.0,0.296403646,5.148899723,0.757475972,0.757475972,0.131734952,62770.0,22.23013433,22.86777796,10.30263797,8.295694351,23.69882393,3.673733614,1.488914064,81.14905324,36.52077103,10.2,,40.6
27049,MN,Goodhue,8.7,0.431797564,3.797957257,0.647696376,0.647696376,0.194308907,74974.0,22.4475642,20.98272456,3.776638225,3.005678654,14.3315897,0.731369005,1.389180783,89.35311672,17.36366081,8.0,0.107949391,36.4
27051,MN,Grant,13.2,0.663790226,3.028773347,,0.829737782,0.497842669,61901.0,23.36187027,23.29601581,2.22258808,14.28484535,44.1004982,0.230490616,0.214027,93.82614422,26.98030663,10.0,,38.0
27053,MN,Hennepin,10.4,0.249919578,4.710139127,0.824655771,0.746605217,0.18448323,84220.0,21.28444519,14.75430431,7.666407869,3.815078735,25.49419022,7.596025172,13.23405368,65.61079617,31.09718323,10.0,0.192367122,27.4
27055,MN,Houston,8.7,0.429368824,3.196076318,0.268355519,0.751395464,0.214684412,70325.0,22.32659343,22.63970705,1.289603566,2.549212217,13.71372414,0.536008067,0.47763095,94.67706841,16.74538422,7.4,,38.4
27057,MN,Hubbard,14.7,0.5508883,3.990992718,0.367258877,1.147683978,0.229536802,65557.0,22.44190405,25.17335082,2.291041979,6.302763462,23.10991287,0.30922039,0.384182909,89.66922789,30.13435555,10.2,,40.0
27059,MN,Isanti,9.4,0.33792755,3.148138946,0.362065226,0.531028986,0.096550725,74481.0,24.10842348,16.72541631,2.178193752,7.761170387,33.54854965,1.186337669,0.763340221,91.30667315,18.28831673,8.5,,38.6
27061,MN,Itasca,14.9,0.75108242,5.377250969,0.309269249,0.839445055,0.198815942,59138.0,21.12898209,24.59901364,1.372906207,8.704019547,25.36037254,0.322122006,0.386546408,89.23001733,32.39595413,12.2,,34.6
27063,MN,Jackson,12.8,0.81900084,3.705959996,,0.92137593,,64052.0,22.65492041,21.85403944,4.014415857,5.386116982,17.4398098,1.221343478,1.201321454,90.35939533,22.82964706,10.3,,40.0
27065,MN,Kanabec,16.7,0.243664712,3.746581006,0.243664712,0.487329423,,57937.0,21.76272455,21.53817365,1.484530938,4.3057971,11.87412071,0.499001996,0.405439122,93.2759481,30.13827896,12.7,,37.8
27067,MN,Kandiyohi,15.5,0.486900061,5.304366227,0.626014352,0.672385812,0.185485736,66030.0,24.8628007,19.40912833,13.52785146,13.1995163,39.75845718,1.339979877,5.986463002,76.15247416,35.44323349,12.4,0.11592859,36.6
27069,MN,Kittson,12.1,0.711912692,4.345691137,,1.423825383,0.711912692,60785.0,21.22652722,26.64606608,1.972902306,8.101639748,25.88676262,0.404088424,0.023769907,94.4616116,23.80952454,9.8,,39.3
27071,MN,Koochiching,18.9,1.160958648,5.362828892,0.580479324,1.07803297,0.497553706,59299.0,18.49610347,25.91610015,1.384513348,13.86858273,39.92807007,0.281876969,0.36478196,90.53225004,34.36575699,13.6,,36.9
27073,MN,Lac qui Parle,12.9,0.459629238,3.800151401,0.459629238,0.919258475,,62182.0,21.52105968,26.01577616,3.006399762,3.401291847,11.37378597,0.595326686,0.476261348,92.93049561,23.96455765,9.8,,35.1
27075,MN,Lake,11.4,0.6579566,3.660253402,0.751950383,1.3159132,,68725.0,18.89958735,27.87712059,1.036221917,3.477826595,11.62121677,0.5043558,0.10087116,94.2778542,18.39145279,8.8,,34.7
27077,MN,Lake of the Woods,14.3,,7.700592353,,1.331912637,,62357.0,18.52245549,26.46824342,1.488174329,8.731283188,41.18602371,0.451767207,0.318894499,92.93117194,23.3306694,10.4,,38.3
27079,MN,Le Sueur,7.6,0.487109005,3.62666855,0.173967496,0.521902502,0.173967496,82936.0,23.82995048,18.18372044,6.528562461,1.479820251,5.037368298,0.467322313,0.913719746,88.80170189,14.18994904,6.7,0.139173999,38.7
27081,MN,Lincoln,11.7,1.257183909,3.354603464,,0.897988498,1.077586174,60199.0,23.40425532,25.28368794,1.897163121,2.925569773,12.21485138,0.390070922,0.177304965,95.17730496,16.64272118,8.8,,38.2
27083,MN,Lyon,11.7,0.276997358,4.573370455,0.910134137,0.712278903,0.276997358,66692.0,25.3591357,17.50366061,6.901737307,14.54898167,40.05039215,4.998219162,3.585420871,81.26558233,31.45568657,10.4,0.158284202,45.5
27085,MN,McLeod,8.7,0.560067236,3.05076338,0.644077301,0.616073906,0.112013444,67835.0,22.50958636,19.68942917,6.948410432,11.92694378,47.32771683,0.625492916,0.614614778,88.54532104,16.07626343,7.5,0.112013444,40.3
27087,MN,Mahnomen,29.7,0.730860591,11.02496218,0.548145413,0.548145413,,52486.0,28.71927555,19.84845685,2.846054334,16.62826538,35.18780899,0.129366106,0.147846978,42.09942709,19.32212639,18.7,,44.3
27089,MN,Marshall,11.3,0.536423147,2.083100011,,1.180130839,0.643707752,66165.0,23.63938053,21.34955752,4.314159292,15.61583424,60.95251083,0.210176991,0.132743363,92.16814159,18.11322021,9.3,,42.2
27091,MN,Martin,14.9,0.564565778,5.188916877,0.718538284,0.667214096,0.153972492,57521.0,21.73283396,23.44069913,6.5917603,7.630970955,31.1127491,0.459425718,0.559300874,89.62297129,32.46681213,10.8,0.205296651,38.0
27093,MN,Meeker,9.5,0.556959867,2.684300118,0.385587603,0.599802911,0.171372265,66785.0,23.81623932,20.82905983,4.05982906,7.82398653,26.13371849,0.252136752,0.397435897,92.38461538,20.30404282,8.6,,41.1
27095,MN,Mille Lacs,15.7,0.803182125,4.792344646,0.573701501,1.185649872,0.152987078,66546.0,23.31531804,19.88737292,1.81790695,2.61951375,7.808329105,0.468649609,0.294795722,87.42204921,28.13368607,10.9,,42.6
27097,MN,Morrison,11.8,0.693042457,3.548754193,0.662910163,0.783439279,0.331455082,63671.0,23.62246398,20.41752426,1.861217289,9.340598106,31.02240753,0.299911791,0.526315789,94.18406351,21.7278862,10.1,,39.8
27099,MN,Mower,14.4,0.448318809,4.323178673,0.49813199,0.547945201,0.273972601,60831.0,25.51150416,18.45162257,12.69329736,5.837426186,18.77161407,5.126283445,4.029578556,74.45601939,35.98796082,11.6,0.074719802,40.7
27101,MN,Murray,12.5,0.858369112,2.212608158,0.367872477,1.226241589,0.367872477,72302.0,21.73859885,26.22569996,4.670497616,3.754258633,14.47918701,1.283775523,0.317887272,91.49040225,19.82423782,8.7,,40.5
27103,MN,Nicollet,10.1,0.232005104,5.247282096,0.754016578,0.377008289,0.087001912,73386.0,22.85075753,16.74406455,5.224357114,9.777412415,44.9056778,1.619550705,4.852847275,85.00319266,20.34636497,9.8,,36.5
27105,MN,Nobles,13.4,0.514018714,4.092258507,0.467289716,0.65420562,0.373831779,58596.0,27.96769852,16.3526245,32.62000897,9.894126892,29.5118103,5.962314939,4.387617766,54.49528937,25.55685425,11.4,,40.7
27107,MN,Norman,17.3,0.473335445,5.082330589,,0.473335445,,60560.0,22.76044093,22.32572582,4.47135538,9.175952911,25.99043655,0.279459711,0.263934172,88.5266263,33.88292694,11.9,,37.9
27109,MN,Olmsted,8.5,0.269934326,3.597717781,0.696807265,0.696807265,0.150661021,83656.0,23.71674025,15.86458455,5.647018367,2.448482752,20.02523994,6.25740726,6.729629652,76.61056083,26.3055191,7.7,0.106718227,35.4
27111,MN,Otter Tail,11.8,0.578812063,4.111058151,0.612859845,1.004409194,0.187262729,63741.0,21.71235499,24.86310148,3.688354055,5.972800732,23.424263,0.55591618,1.403105807,90.48118374,20.64997101,9.5,,38.2
27113,MN,Pennington,12.4,0.792849958,3.187653253,0.288309067,0.792849958,,64778.0,22.4271012,18.75357347,4.795597484,5.040060997,18.18004036,0.864779874,1.265008576,87.48570612,22.84849358,10.0,,30.5
27115,MN,Pine,15.0,0.783405423,4.596018735,0.476855487,0.783405423,0.136244416,62206.0,20.39756199,20.66421942,2.469178557,4.307002544,12.01953411,0.914254052,1.627649259,86.98919518,31.01547432,10.9,,38.9
27117,MN,Pipestone,14.8,0.548185527,5.033629855,0.657822609,0.657822609,0.438548416,58379.0,24.87266553,21.72113752,8.531409168,9.217889786,30.77983284,0.700339559,1.135398981,85.49448217,26.34031296,10.6,,39.5
27119,MN,Polk,15.1,0.388349503,5.665750522,0.485436887,0.711974084,0.161812291,61629.0,24.61208002,19.01769685,6.408694537,8.56370163,33.37074661,0.500128238,3.071300333,85.07950757,38.352211,12.3,0.097087376,38.8
27121,MN,Pope,10.6,0.532056391,2.197203559,0.354704261,1.241464972,,70662.0,22.10824195,24.49593208,1.689069685,3.02962184,12.44611835,0.442164839,0.300672091,95.07428369,21.9621067,8.6,,38.1
27123,MN,Ramsey,18.0,0.268295676,5.916591447,0.74100709,0.684427738,0.222667158,70485.0,22.66905886,15.39453102,8.153134233,5.214152813,20.80873489,15.52904669,12.69136348,58.020429,44.5215683,13.0,0.136885539,32.6
27125,MN,Red Lake,10.8,0.741473079,3.738796415,0.741473079,0.988630772,,57208.0,24.09148666,21.09275731,2.617534943,26.25564766,99.19235992,0.127064803,0.381194409,92.12198221,25.29246902,9.1,,36.8
27127,MN,Redwood,11.7,0.464221776,3.880478614,0.397904366,1.06107831,0.464221776,61480.0,25.3095624,20.6547812,3.215559157,11.66466522,38.86283875,2.683954619,0.492706645,85.07617504,22.19974709,9.4,,39.0
27129,MN,Renville,14.7,0.624869823,4.437356999,0.347149909,0.624869823,0.347149909,63768.0,22.92331726,21.79582965,8.958771989,9.298895836,31.77104568,0.414317734,0.40752564,86.70787204,28.30428886,10.6,,38.4
27131,MN,Rice,10.9,0.342853725,4.341892007,0.536640644,0.52173394,0.119253471,71490.0,22.19324262,16.40311787,10.10924482,6.332841873,18.37875175,2.316049898,6.487622397,76.78882811,18.97248268,9.4,0.119253471,35.0
27133,MN,Rock,11.4,0.322545975,4.004237288,0.645091951,0.752607226,,67389.0,25.21640561,21.75391591,3.751030503,4.217363834,21.11553383,0.638911789,0.515251443,91.5704864,21.3149128,9.7,,37.8
27135,MN,Roseau,10.9,0.727657616,4.446955597,0.19845207,0.926109672,0.330753446,69341.0,23.93190268,18.67458091,1.552410149,9.046138763,37.81650925,2.596047225,0.554432196,89.36142456,19.54201698,9.9,,33.3
27137,MN,St. Louis,13.8,0.493608266,6.491663157,0.679970562,0.851222456,0.171251848,64321.0,19.05648975,20.78299564,1.799421668,9.149813652,27.28700066,0.949403439,2.035149402,87.95441265,32.84887695,13.8,0.110810019,36.7
27139,MN,Scott,5.7,0.192449346,2.073966741,0.557439506,0.497713834,0.145996064,108730.0,27.06986113,11.6823916,5.968408778,4.273024559,29.08177948,6.585259196,5.391312414,76.61268949,11.99324417,4.6,0.106178954,33.6
27141,MN,Sherburne,6.7,0.283369273,2.154467226,0.425053895,0.384572566,0.11132364,92205.0,26.41511375,12.34372267,2.901742074,3.869580984,16.30261803,1.314015826,3.753742939,87.21792906,15.59289932,6.0,0.161925286,37.7
27143,MN,Sibley,10.2,0.543662906,3.447810539,0.203873605,0.407747209,0.203873605,73913.0,23.13966029,19.12914532,8.863575088,0.801939487,3.27188921,0.485306012,0.545969264,87.23375573,19.3679924,9.0,,40.7
27145,MN,Stearns,15.0,0.53691107,4.926828623,0.703538656,0.728224218,0.222170115,67213.0,23.61963965,16.06903697,4.391251611,7.351221085,25.29802132,1.995678872,8.354180881,81.66931999,28.52108765,13.5,0.129599229,38.4
27147,MN,Steele,12.1,0.327904701,3.325828066,0.710460186,0.683134794,0.191277742,70093.0,24.96925627,18.19494199,8.394375234,5.122976303,30.88448715,0.88221141,3.633106988,83.87959151,27.1090641,9.1,0.081976175,36.9
27149,MN,Stevens,9.6,0.512032747,8.137432188,0.614439309,0.71684587,0.307219654,64585.0,23.1827112,17.48526523,10.19542963,3.441152811,13.02660751,0.703133078,0.868576156,83.68317651,20.54104805,11.9,,37.9
27151,MN,Swift,13.6,0.653879702,4.698956935,0.653879702,0.871839583,0.326939851,59516.0,23.34824151,22.45375076,6.729009961,7.293095589,25.81141663,0.792844074,0.803008742,87.59910551,31.35898018,10.8,,39.7
27153,MN,Todd,17.8,0.646935165,6.111560226,0.283034116,0.646935165,0.283034116,58012.0,25.2553242,20.49718945,8.740400602,11.38456059,32.36234283,0.383975932,0.376058903,87.55047106,22.26198196,13.1,0.12130034,40.5
27155,MN,Traverse,22.3,0.932256043,2.375875723,,,,60270.0,21.75595238,26.25,5.863095238,3.705822468,15.48036194,0.0,0.625,84.85119048,48.78806686,12.6,,38.3
27157,MN,Wabasha,8.4,0.508270979,2.889873656,0.41585806,1.108954787,0.138619348,68843.0,21.7141254,22.45756768,3.310422219,2.151771545,10.49858952,0.453546547,0.565764249,93.14536868,14.73600674,7.4,,33.1
27159,MN,Wadena,16.7,0.434562176,3.872671263,0.869124353,0.869124353,0.289708108,55215.0,24.70671881,23.14255244,1.940988269,2.251330614,7.358362198,0.383931745,0.838961962,92.74084607,37.99401093,12.7,,42.9
27161,MN,Waseca,11.0,0.485175192,3.648056772,0.646900296,0.646900296,,69110.0,23.27604386,18.39413749,6.700759173,12.69308758,40.59436035,0.58519612,1.771404471,87.18894981,26.79694557,8.8,0.215633422,41.2
27163,MN,Washington,5.4,0.203408211,2.08832513,0.59892422,0.568789661,0.116771385,105251.0,24.55487951,16.02545895,4.893709263,6.106072426,45.84732056,6.925342343,5.157193685,77.84077319,12.34669018,5.2,0.165740028,30.9
27165,MN,Watonwan,15.2,0.555967391,5.213867627,0.463306159,0.833951056,,65099.0,25.21105483,19.76361859,28.6767973,1.101079702,3.342154503,0.764240647,0.373233804,68.32844575,18.34692383,11.6,,39.3
27167,MN,Wilkin,12.5,,5.179158191,,0.486933947,,65514.0,23.54749462,19.84322164,3.24316016,5.679893017,29.12862968,0.122963418,0.630187519,90.96218875,33.69312286,10.0,,41.1
27169,MN,Winona,11.0,0.316925824,5.632923653,0.732890964,0.693275213,0.099039316,63878.0,18.70105293,18.60643031,3.803023897,3.024543524,12.14221954,1.878359606,1.795816472,88.94123332,20.42851067,12.3,0.138655052,34.8
27171,MN,Wright,4.9,0.306597561,2.584371052,0.527633011,0.527633011,0.092692286,99744.0,28.26436107,13.33125792,3.32326284,2.909765959,25.88977432,1.328031584,1.843112561,89.17056397,10.86579323,4.9,0.135473341,37.2
27173,MN,Yellow Medicine,14.5,0.521920681,3.210476291,0.626304805,0.417536527,0.313152403,64247.0,22.86943745,21.27413938,4.70193115,9.450703621,32.3343277,0.293870697,0.503778338,88.24517212,20.46798897,10.7,,39.6
28001,MS,Adams,36.6,0.429397196,14.92834395,0.891824961,0.693641603,0.132122219,40007.0,20.34667208,21.578983,3.426095199,15.4034071,28.26030731,0.558602478,56.56781096,36.98964046,40.20643997,25.8,,43.6
28003,MS,Alcorn,23.5,0.569275379,6.589896859,0.840358913,0.894575596,0.189758465,46712.0,22.66551526,19.55670697,3.592400691,7.805853367,18.86888695,0.518134715,12.42371906,79.84455959,18.51952171,17.0,0.081325054,42.4
28005,MS,Amite,30.4,0.409668177,12.26430043,0.245800897,0.245800897,,41927.0,19.50471698,24.90566038,1.014150943,6.810630322,13.94737244,0.243710692,38.01100629,58.44339623,25.72716141,22.0,,45.0
28007,MS,Attala,32.0,0.388802499,10.6879676,0.722061753,0.666518569,,40592.0,24.57376041,20.66074124,1.850299066,15.40845108,27.09092903,0.542232657,42.71898932,52.60215775,26.05439568,22.3,,44.4
28009,MS,Benton,30.5,0.598730683,7.04539491,,,,41019.0,20.50745488,20.45513994,1.896416427,16.95679665,35.73750305,0.013078734,34.71095998,59.70442061,28.71911621,19.7,,43.6
28011,MS,Bolivar,46.6,0.895760059,16.02221169,0.763054848,0.597173393,0.132705197,35599.0,23.63401646,17.48910763,2.562530257,27.81966972,50.92106628,0.845570437,62.14942714,32.09940294,53.01572418,34.2,0.132705197,45.6
28013,MS,Calhoun,32.1,0.983077049,6.048478441,0.351098925,,0.351098925,38073.0,21.36288256,21.98854214,5.630936228,1.149333954,3.123580694,0.128147143,25.96110357,65.29473843,19.70835304,22.4,,41.9
28015,MS,Carroll,23.3,0.616522789,5.826238589,,,,46012.0,18.76375275,23.52470494,1.540308062,20.41903114,56.14039612,0.290058012,30.30606121,65.30306061,16.35498047,15.9,,42.1
28017,MS,Chickasaw,28.7,1.002890706,8.186640945,0.471948564,0.353961408,0.235974282,40762.0,22.70548346,19.15117503,3.753069099,5.799240112,9.381425858,0.239681983,43.30059628,50.18122296,19.97423935,19.9,,47.3
28019,MS,Choctaw,30.9,0.620116591,6.206304428,0.496093273,0.496093273,,43567.0,21.81663837,22.5200097,1.418869755,6.356234074,12.91553879,0.072762552,28.28037837,67.414504,26.04489708,20.9,,41.6
28021,MS,Claiborne,39.9,0.336662561,18.15541031,0.336662561,,,33163.0,20.93048714,15.621237,0.78817734,9.148790359,12.87959862,0.0,87.12643678,10.6622879,54.83858871,33.3,,51.2
28023,MS,Clarke,29.1,0.522909999,10.87165673,0.392182499,0.653637469,0.19609125,43774.0,22.97790586,20.64040986,0.845341018,6.393414021,13.5469656,0.051232789,32.68011527,63.7207813,20.15926933,18.5,,44.7
28025,MS,Clay,33.5,0.981810689,10.23787691,0.826787949,0.516742468,,40257.0,21.58188452,20.20819918,0.998068255,11.22133636,20.43335724,0.305859627,57.87186091,38.61343636,37.07196426,22.7,,42.6
28027,MS,Coahoma,54.1,1.020218849,12.93099393,0.741977394,0.55648303,0.324615091,31234.0,25.59607293,16.76951847,1.636278635,15.94950008,22.26428604,0.523609163,75.77840112,20.03272557,65.85435486,37.9,,48.4
28029,MS,Copiah,27.9,0.823398829,8.622380416,0.572799206,0.357999504,0.107399851,43471.0,22.21869712,18.00267908,3.916384659,13.62257671,28.50428391,0.426536943,50.2820079,42.90397631,44.56497192,20.9,,46.3
28031,MS,Covington,30.6,0.540015101,8.377164146,0.756021142,0.432012111,0.216006055,43796.0,22.97709924,18.93675027,2.27917121,0.0,0.0,0.452562704,34.80916031,60.2344602,23.31965256,19.9,,41.4
28033,MS,DeSoto,14.1,0.499269694,4.888070197,0.833886623,0.62674278,0.100916214,72890.0,25.52424533,14.0485878,5.483125938,10.98667812,48.6722641,1.631285278,30.20387019,58.53092589,8.042313576,10.8,0.106227592,39.6
28035,MS,Forrest,27.6,0.906557858,10.08548612,0.999880016,0.679918408,0.146649063,45326.0,21.67148596,14.68691625,4.168479234,9.022379875,21.67761612,1.00949359,36.01806597,55.17157553,22.41508865,20.1,0.17331253,43.9
28037,MS,Franklin,32.0,0.783596694,10.0550603,,,,43579.0,20.92508143,22.4495114,0.781758958,15.03225994,32.38736343,0.104234528,33.39413681,63.97394137,26.6749382,22.1,,42.3
28039,MS,George,22.1,0.614124894,11.65670186,0.491299897,0.450358242,,54560.0,25.03901437,16.29158111,2.759753593,5.677483082,10.61209106,0.316221766,7.285420945,85.95071869,20.17741394,16.4,,40.4
28041,MS,Greene,24.8,0.66780442,8.18097304,0.222601473,,0.296801955,45013.0,20.0,15.06282336,1.263858093,1.69005239,5.431140423,0.155210643,23.22985957,72.49815225,24.8076973,21.2,,42.6
28043,MS,Grenada,36.0,0.92188257,11.34489222,1.115963101,0.824842334,,39562.0,22.80271857,19.37213926,1.4332609,5.917171478,15.36354256,0.38836747,43.23824495,52.05048777,29.94501114,22.1,0.145560414,45.0
28045,MS,Hancock,24.1,0.583333313,5.530540974,0.583333313,0.895833313,0.0625,54207.0,21.39057173,20.76954813,4.164766682,15.44761848,43.4798584,0.920678349,8.492389204,81.08266562,21.96180534,17.3,0.0625,36.3
28047,MS,Harrison,27.9,0.502871156,8.371952398,0.790226102,0.866854072,0.086206481,54090.0,23.56330379,16.45903337,6.699229704,14.83233261,33.68162918,2.834326362,24.51478998,59.96136535,21.85573769,18.0,0.124520473,34.7
28049,MS,Hinds,34.0,0.723792136,8.994730369,0.995762527,0.443048537,0.105278857,42092.0,22.0938606,16.14238919,2.004022095,14.84758377,34.89126205,0.947124378,69.14973962,25.472684,38.68011093,25.2,0.083345763,47.0
28051,MS,Holmes,48.3,0.657658756,18.74320898,0.298935801,0.179361477,0.179361477,28236.0,23.64117647,16.60588235,0.658823529,18.47398758,25.30367279,0.117647059,83.49411765,13.87647059,65.73099518,37.8,,53.0
28053,MS,Humphreys,47.6,1.277628779,15.76932891,0.383288622,,,30555.0,24.5728966,17.66217084,1.168914579,11.87084293,18.45992088,0.128452152,77.99614644,18.27874117,66.63898468,33.3,,51.0
28055,MS,Issaquena,58.4,,11.13956466,,,,29050.0,13.52765321,13.97608371,9.56651719,15.42048264,25.83356094,0.373692078,55.90433483,32.88490284,48.70218658,43.9,,46.1
28057,MS,Itawamba,18.1,0.472894549,2.733262108,0.515884936,0.644856215,0.214952067,51454.0,22.35259607,18.39668105,1.609185769,6.605793953,12.8355751,0.209529397,6.801324226,88.54293257,10.22813606,13.1,,37.8
28059,MS,Jackson,19.6,0.556320488,7.367178777,0.6397686,0.611952543,0.111264102,57664.0,23.43841622,16.7369391,7.015608857,11.61699295,32.37093735,2.214977801,20.74176975,64.83748918,17.68867302,14.7,0.083448075,38.4
28061,MS,Jasper,27.5,0.734753847,10.12486929,0.244917959,0.183688462,,43527.0,22.35596016,20.51689375,1.032565528,5.237798214,12.3099947,0.048878842,50.85843466,46.07441804,21.74667358,16.7,,44.1
28063,MS,Jefferson,43.9,0.571673572,18.59437159,,,,32234.0,23.16804408,17.13498623,1.019283747,4.512065411,9.966205597,0.192837466,84.54545455,12.27272727,46.90105438,31.7,,52.2
28065,MS,Jefferson Davis,39.9,1.010100961,11.47161066,0.367309451,,,34876.0,20.81971557,21.32320466,0.892147337,9.568279266,16.55020523,0.185495981,58.49306598,38.24750464,47.2987442,25.2,,43.8
28067,MS,Jones,25.6,0.661832809,9.330788573,0.838321567,0.352977514,0.117659174,44670.0,24.4921631,17.92522975,6.155012938,9.053471565,15.1901865,0.404485025,28.4552241,61.97543348,21.08550453,18.8,0.058829587,43.4
28069,MS,Kemper,38.0,0.420123935,10.04675698,,0.315092951,,37262.0,20.23809524,19.8153093,0.745438362,23.97014618,37.00979233,0.066755674,61.03693814,31.28615932,28.46339607,26.1,,47.2
28071,MS,Lafayette,16.0,0.569769144,12.85084397,1.029260397,1.139538288,0.055138949,52428.0,18.19468583,14.14544998,3.837815563,16.79863739,37.48615646,3.019009908,20.24617921,69.45693656,10.11799717,16.5,0.238935456,40.0
28073,MS,Lamar,17.6,0.420790136,9.004153324,1.013013363,0.638977647,0.109093741,65261.0,25.75285728,13.80368098,3.677867397,10.40826797,38.03940201,1.698794806,22.26028464,68.30213945,11.30938435,11.8,0.12467856,39.5
28075,MS,Lauderdale,31.1,0.949139655,9.317440045,1.084731102,0.528806388,0.081354827,44492.0,23.8271402,18.08341554,2.451222186,17.34433365,32.06827164,0.782363258,43.81782308,50.05754686,29.80524635,22.8,0.054236554,39.3
28077,MS,Lawrence,27.2,0.56089741,8.520700241,0.400641024,0.240384609,0.240384609,45844.0,24.75033289,18.78328895,1.722703063,8.208652496,20.39363098,0.274633822,30.70905459,64.97170439,25.2003212,19.3,,43.3
28079,MS,Leake,37.1,0.571654737,9.664307575,0.747548461,0.351787508,,42938.0,25.53231492,17.09048179,5.781433608,11.39860916,20.40594101,0.366627497,38.49118684,47.32784959,24.74971771,21.1,0.131920323,45.1
28081,MS,Lee,21.5,0.865841389,5.096671487,1.06475091,1.06475091,0.222310632,57597.0,23.57366545,17.15920953,3.393206388,6.892057419,19.89297485,1.103871951,28.95384135,63.41744358,16.51241493,15.2,0.093604475,40.6
28083,MS,Leflore,47.9,1.256551981,15.08735944,0.718029737,0.718029737,0.251310408,31091.0,25.94657539,15.9956244,2.96411306,20.83327675,29.1156044,0.723384735,73.42884364,21.04167402,48.0331955,35.6,0.107704461,45.8
28085,MS,Lincoln,25.5,1.031353116,8.655771966,0.854549766,0.47147572,,45609.0,24.04388805,18.26854213,1.163090498,7.372391701,17.6719532,0.466955052,30.03409058,65.87790415,25.74945068,17.7,,42.9
28087,MS,Lowndes,27.4,0.891800582,9.192025184,0.840350568,0.73745048,0.12005008,49086.0,22.46641417,17.43745648,2.246981097,14.77863598,32.13298035,0.872976783,43.96304285,49.87007252,27.31567955,18.5,0.154350102,44.1
28089,MS,Madison,16.2,0.617567003,4.973961999,1.094777822,0.804708481,0.159070283,77665.0,23.99010491,16.42219066,3.77204636,4.207336903,23.96027184,2.901644601,35.29799808,55.22286866,16.32809639,11.5,0.168427363,37.2
28091,MS,Marion,31.2,0.695552528,10.62444883,0.818297148,0.450063407,0.122744568,40017.0,23.61605499,19.27089726,1.661143161,6.115004539,14.50341892,0.265946565,31.02573544,64.32224541,38.72932053,22.9,,44.1
28093,MS,Marshall,29.4,0.963145494,11.31049654,0.424917132,0.169966862,,40650.0,19.54254563,19.23737853,4.562692581,10.18654251,22.5421257,0.219246267,44.08627637,48.24602986,38.226017,19.9,,44.4
28095,MS,Monroe,22.6,0.569427431,6.377535844,0.626370192,0.51248467,0.113885485,47768.0,22.09479228,20.42129901,1.383850205,3.869467974,8.644698143,0.196021065,30.16676419,65.78993563,20.54684067,16.9,,40.9
28097,MS,Montgomery,32.7,0.828071654,15.05944518,0.931580603,0.517544746,,40442.0,21.18713093,23.17246997,1.079209937,10.00097656,21.39158821,0.24434942,44.43086948,51.86316432,26.73981285,21.2,,45.5
28099,MS,Neshoba,31.1,0.586287737,13.58291755,0.655262768,0.413850188,0.103462547,44008.0,27.04988483,17.18980988,1.492075498,2.009945393,4.501872063,0.419431361,21.93419741,56.47196342,26.14441109,21.2,,42.4
28101,MS,Newton,27.8,0.623023093,8.647919877,0.575098217,0.143774554,0.143774554,45278.0,24.17453384,18.17669438,1.545253863,8.990367889,16.01335716,0.361655159,30.28040017,60.10051195,24.40173721,20.2,,44.3
28103,MS,Noxubee,40.5,0.976944149,14.29689028,0.488472074,,,34467.0,24.11278561,17.3553719,1.672338357,7.217895031,16.0714817,0.136120564,69.90763247,25.6587263,57.30591202,26.8,,47.0
28105,MS,Oktibbeha,24.5,0.72305125,18.36894935,0.803390324,0.763220787,0.100423791,43226.0,17.38240519,12.37931567,2.448443655,19.40596581,33.64514923,2.908009578,35.19734301,56.43006102,19.86382484,22.2,0.080339029,41.1
28107,MS,Panola,34.1,1.122666001,7.307110439,0.561333001,0.531789184,0.088631526,42287.0,24.31040713,17.61322573,2.041676704,10.62126637,21.30083656,0.186702,48.28655746,47.10310768,29.98700142,22.6,,46.0
28109,MS,Pearl River,22.0,0.447419286,5.820415326,0.590593457,0.429522514,0.107380629,51023.0,22.81236085,19.75242675,4.068038116,5.719199657,11.36539459,0.489803188,11.87282928,78.54840146,25.22251701,16.1,0.053690314,40.3
28111,MS,Perry,29.4,0.59011972,9.538839207,,,,45758.0,21.71835635,19.40752324,1.337850751,9.877942085,21.77108002,0.251932934,18.21735731,77.03935366,28.59972954,20.5,,41.7
28113,MS,Pike,39.4,1.205220938,15.77952112,1.051362872,0.461573958,0.179500982,39063.0,23.9261978,18.72086103,1.554905267,5.704813957,10.47554874,0.629897828,53.21148696,41.58565618,32.78030014,27.6,,46.1
28115,MS,Pontotoc,22.7,0.739348769,5.574833793,0.585317791,0.492899179,0.215643391,50133.0,25.32709082,16.29040534,6.567470498,6.165578365,16.29561424,0.176372499,13.49409954,76.51038994,11.01064873,16.3,,43.4
28117,MS,Prentiss,22.0,0.679646611,5.986195357,0.79958421,0.319833696,0.199896052,49750.0,22.32085733,17.56637876,1.619481766,3.235479832,5.989842415,0.339891235,14.18346129,80.63819578,20.00959587,16.5,,40.4
28119,MS,Quitman,49.7,1.035502911,18.12591034,0.591715991,0.443786979,,31877.0,20.90349741,19.65673575,0.340025907,62.59991837,90.0791626,0.194300518,73.60751295,24.02849741,65.7297821,33.8,,50.3
28121,MS,Rankin,14.3,0.679596066,4.29922899,1.032216668,0.564192951,0.076935403,71478.0,23.38455464,15.83317944,3.226751406,8.254876137,28.41582108,1.439206271,20.65197318,71.31712847,10.9387188,10.8,0.153870806,36.3
28123,MS,Scott,28.0,1.10473609,10.44689914,0.712732971,0.463276446,0.24945654,41496.0,27.47052519,15.09824937,14.81957842,16.20881844,31.35785866,0.367988567,35.45194712,46.96320114,22.75399971,19.1,,45.8
28125,MS,Sharkey,53.1,0.961538434,14.73839352,,,,32650.0,23.18421053,20.47368421,1.605263158,4.652635098,6.483279705,0.368421053,70.28947368,25.31578947,65.04406738,35.1,,49.8
28127,MS,Simpson,31.6,0.901273072,8.633742596,0.788613915,0.33797738,,43757.0,23.97009519,18.05849936,1.487533238,6.524822235,12.42699051,0.323711896,33.924236,61.3819415,25.87091827,21.3,,41.7
28129,MS,Smith,24.1,0.380252242,5.521173771,0.253501475,0.190126121,,48335.0,22.40833275,20.360335,1.393483004,5.432795525,13.51381969,0.133718066,21.89457386,74.47392498,20.92971611,17.0,,42.0
28131,MS,Stone,24.9,0.70806098,4.805231732,0.816993475,0.381263614,,51353.0,22.03130966,17.20394916,2.421862216,12.57926559,25.71004677,0.485463372,17.66759396,75.39409807,21.12835884,16.6,,41.4
28133,MS,Sunflower,58.5,0.970088899,14.55959244,0.606305599,0.36378336,0.121261112,34017.0,21.2352239,15.44799969,2.54514651,24.94137001,36.2136879,0.32343768,69.60455893,25.90966848,55.42980194,38.7,,47.5
28135,MS,Tallahatchie,42.8,0.583643377,12.95071121,0.364777118,0.291821688,,35671.0,20.07078254,17.56979945,3.342508848,31.3831234,51.21316147,0.078647267,58.12033032,37.17656311,36.43515396,33.7,,45.3
28137,MS,Tate,20.6,0.490556777,6.245461147,0.700795412,0.280318171,,54882.0,22.63397948,17.19284493,2.868443558,14.07106686,29.56866837,0.224486887,29.32938997,64.206813,19.9025898,14.9,,40.4
28139,MS,Tippah,28.1,0.551774859,7.39003205,0.597756088,0.459812403,0.27588743,49254.0,23.33715333,18.69355948,5.12491405,1.853507996,4.542567253,0.110016044,15.80105432,76.13568645,21.95220947,19.0,,42.2
28141,MS,Tishomingo,20.3,0.466926068,5.891472868,0.778210104,0.622568071,0.518806756,47839.0,20.94429708,22.4403183,2.848806366,0.0,0.0,0.217506631,2.297082228,91.08222812,11.52615643,15.7,,39.9
28143,MS,Tunica,42.0,1.916524649,19.03540277,0.958262324,0.745315135,0.319420785,37886.0,27.46882028,13.38172153,1.952565937,8.428977966,15.48108482,0.276017174,76.83500307,18.94295645,54.63869858,26.6,,50.1
28145,MS,Union,21.1,0.692856669,4.063559168,0.658213794,0.450356811,0.103928499,51678.0,23.96587104,18.15890845,4.683731144,5.704247952,11.50175571,0.392410988,14.22039817,77.61817331,11.34841442,14.1,,39.8
28147,MS,Walthall,35.0,0.489715964,8.804849885,0.629634798,0.34979713,0.209878266,37080.0,22.20541631,21.27628925,1.462114664,12.0380888,23.00148964,0.345721694,41.09766638,54.35753385,29.57534599,23.7,,41.4
28149,MS,Warren,34.8,0.847438753,9.567935944,0.981244862,0.691331565,0.066903055,50060.0,23.2771343,18.58593086,1.958767497,8.555569649,17.24686813,0.813917088,47.60520549,46.75327579,31.70275688,20.7,0.156107128,41.8
28151,MS,Washington,40.2,1.027149439,14.08704553,0.723673463,0.560263336,0.116721526,38040.0,23.69662971,18.02680201,1.300031165,17.64692688,29.07113457,0.67227639,71.05427185,24.88758292,59.54743195,28.1,0.070032917,44.6
28153,MS,Wayne,33.0,0.738297999,7.568993507,0.738297999,0.639858246,0.1476596,38380.0,24.00020223,17.80170888,1.734162496,7.053777695,17.91372108,0.176955357,38.97062541,57.19702715,32.60816193,22.5,,45.5
28155,MS,Webster,24.7,0.826787949,6.908831909,0.413393974,0.516742468,0.310045481,49335.0,23.22184163,19.88716502,1.561555511,3.607006073,10.53709602,0.130969172,17.9528511,77.48337699,22.28882408,16.5,,39.8
28157,MS,Wilkinson,39.5,0.598730683,10.28397028,,,0.359238416,33777.0,19.8905322,19.13357401,0.815185746,8.498718262,11.75255871,0.093164085,67.12472342,29.40491441,39.50624847,32.4,,49.3
28159,MS,Winston,32.9,0.896609724,8.867619926,0.896609724,0.39226675,0.168114319,48427.0,22.94230552,21.25437507,1.275827029,10.25867367,18.73144341,0.220164841,45.60234842,49.99435475,35.94377518,22.2,,45.3
28161,MS,Yalobusha,34.7,1.335336328,9.416531605,0.333834082,0.417292595,0.250375569,42995.0,20.03845846,23.52375611,1.305985097,9.222013474,22.17863083,0.168255749,36.97620383,58.73728067,30.61536789,22.3,,43.1
28163,MS,Yazoo,38.9,0.704173148,14.90971853,0.481802672,0.370617449,0.148246974,37119.0,20.99240923,15.48442583,4.023482781,20.34262085,31.05688095,0.43001907,59.12575253,34.34169689,39.40281296,31.3,,45.4
29001,MO,Adair,20.1,0.433087915,14.29318687,0.787432551,0.787432551,0.118114889,47619.0,19.17515999,15.76992968,2.611203287,11.53291607,27.28122902,2.706012483,4.997234732,85.28877301,13.65867424,23.9,,42.0
29003,MO,Andrew,10.7,0.454907298,3.104400248,0.227453649,0.284317076,,63665.0,24.43893025,19.12875655,2.156051833,4.6210289,15.75180054,0.490763717,0.760959471,92.39591949,8.638500214,8.7,,42.1
29005,MO,Atchison,17.6,1.177394032,4.775604143,,,,54708.0,21.43261074,25.03298775,1.37606032,1.539452553,5.091878414,0.13195099,0.41470311,93.93025448,12.2645216,12.5,,39.4
29007,MO,Audrain,23.1,0.523454785,7.770099444,0.483189046,0.322126031,,55262.0,23.60387789,19.87020271,2.928451246,9.389153481,22.64168549,0.456694175,5.223940389,85.93061453,17.68002129,16.3,,40.2
29009,MO,Barry,29.3,0.558378458,5.922739193,0.474621713,0.753810942,0.251270324,47532.0,23.01499971,21.12410957,9.651358082,8.466409683,19.71137428,2.339723171,0.295361093,81.24746627,20.61347198,19.0,,38.4
29011,MO,Barton,20.8,0.603864729,9.164140321,0.690131128,0.431331962,,46554.0,24.61115408,19.77313741,2.285812495,27.28319931,56.45072174,0.317951362,0.232018561,89.08653433,20.43075752,15.5,,42.7
29013,MO,Bates,18.8,0.430981398,6.273485765,0.738825262,0.554118931,0.184706315,54634.0,22.85251216,20.58970203,2.088268296,8.653532982,18.57286453,0.299214562,0.966213689,92.25158958,15.57176876,13.7,,38.3
29015,MO,Benton,26.9,0.66235286,7.917995921,0.356651545,1.120904922,0.152850658,51574.0,17.93338146,30.7208415,1.598432505,5.177812576,9.443569183,0.262967928,0.386717542,92.47189853,19.54790115,15.6,,38.4
29017,MO,Bollinger,22.5,0.412847817,5.079812207,,0.412847817,,54291.0,21.96460679,21.90782625,1.447903852,11.60418129,28.403965,0.189268477,0.331219835,93.32828617,22.10112,15.0,,41.2
29019,MO,Boone,13.5,0.34427923,8.820572089,0.81971246,0.765064955,0.180336744,62805.0,20.89101901,13.15832471,4.38538206,9.988103867,34.40192795,4.232884919,9.739120963,75.03458417,12.92686558,16.6,0.169407234,33.1
29021,MO,Buchanan,22.8,0.485380799,7.376507719,0.843638062,0.577834249,0.196463659,51811.0,22.01478896,17.52856958,6.604318753,11.56726837,32.59446716,1.235951081,5.074711356,80.65642211,23.56408119,18.6,0.080896802,40.1
29023,MO,Butler,28.5,0.592726052,7.785412899,0.806107461,0.640144169,0.189672336,43640.0,23.33728934,18.85354854,2.138618562,8.62047863,18.87792206,0.721576074,5.846190363,84.84452884,32.7244072,19.9,,41.2
29025,MO,Caldwell,17.6,0.552425146,6.791705499,0.331455082,0.441940129,0.441940129,52861.0,23.16505956,21.14577425,1.712989223,7.839814663,18.66625595,0.294951787,0.737379467,92.70561543,13.45155239,13.2,,40.0
29027,MO,Callaway,14.3,0.490119636,3.892746344,0.490119636,0.512397826,0.089112662,64333.0,21.55454689,16.85296841,2.17916582,7.819253445,19.62960243,0.501321049,4.387688278,86.83467696,13.59710693,10.5,,41.7
29029,MO,Camden,20.6,0.689447165,5.988986316,0.581721008,1.723617911,0.15081656,54637.0,18.24540882,27.54708153,3.169961399,6.176888943,20.47204208,0.517019534,0.577845362,90.56965727,13.08333683,13.2,0.15081656,33.5
29031,MO,Cape Girardeau,13.5,0.44018513,6.149908028,1.056444287,0.930677116,0.1383439,60997.0,21.31195692,17.84236936,2.734059479,9.519330025,30.78977776,1.590992535,7.904785216,82.47827683,17.49211884,12.4,0.037730154,40.7
29033,MO,Carroll,19.3,0.818330586,4.206049149,0.818330586,0.58452189,,59257.0,21.61271336,23.2960565,1.553855209,9.127718925,25.93873024,0.176574456,1.141848146,93.06650971,16.25944901,12.1,,38.9
29035,MO,Carter,32.3,0.667668164,3.090423503,0.667668164,0.83458519,0.667668164,39423.0,21.74163783,22.52979623,1.864667436,26.34225845,51.03587341,0.346020761,0.211457132,92.15686275,29.04356575,20.4,,40.0
29037,MO,Cass,9.6,0.383873552,2.450057253,0.543040633,0.608580053,0.093627699,79949.0,24.27196172,17.44416827,5.177882475,8.485858917,32.60105896,0.779974774,4.548152545,82.91845971,10.6501503,7.3,0.074902162,35.1
29039,MO,Cedar,27.0,0.558581233,7.822546078,0.768049181,0.488758564,0.209467947,43563.0,25.0,23.58330984,1.839582746,10.98041725,21.24638748,0.29602481,0.401747956,90.91485763,21.98249817,18.2,,42.0
29041,MO,Chariton,15.1,0.679347813,5.130700779,,0.679347813,0.407608688,56898.0,22.3812095,24.19006479,1.363390929,2.505368471,9.033442497,0.04049676,1.943844492,93.4800216,12.375453,11.8,,36.2
29043,MO,Christian,10.1,0.37504825,4.866140826,0.518449068,0.573603213,0.143400803,70623.0,26.06987686,16.4449247,3.390288377,6.844044209,21.54270744,0.7023705,0.671979469,88.79809099,10.63831711,8.3,0.088246651,36.7
29045,MO,Clark,21.4,0.878477335,4.215492315,0.439238667,0.732064426,,50390.0,23.65088936,22.30931565,0.753693096,4.488096237,12.73877239,0.180886343,0.3165511,95.52306301,13.55539322,13.0,,40.4
29047,MO,Clay,10.2,0.240666285,3.543975363,0.702272117,0.615474463,0.110469773,75129.0,24.4585233,14.72911362,7.440740521,5.861014366,31.07230568,2.391694791,7.047190479,76.29502437,10.16946602,8.1,0.102579072,35.2
29049,MO,Clinton,13.1,0.389237583,5.304318259,0.145964086,0.632511079,,64823.0,23.38557402,19.70354985,2.369712991,3.068163395,11.68720245,0.401246224,0.953549849,90.93655589,11.79876423,10.1,,38.2
29051,MO,Cole,14.7,0.498746574,4.715087179,0.866244018,0.734994948,0.118124187,63972.0,22.14831972,17.37600124,3.443367538,8.901063919,31.22801018,1.248722163,10.40515535,79.5481308,14.79067993,11.6,0.170623824,36.7
29053,MO,Cooper,16.7,0.701672316,6.110339604,0.701672316,0.760145009,,56824.0,22.25925276,18.86218792,1.882710636,10.01878548,31.2970314,0.391744138,5.379173244,86.12524119,14.48660946,12.5,0.175418079,41.1
29055,MO,Crawford,22.8,0.463372499,6.156749166,0.631871581,0.673996389,0.168499097,49511.0,22.59715475,20.57165163,2.09056211,3.542657852,7.334821701,0.351318529,0.641915337,90.99583622,23.18617821,15.8,,38.7
29057,MO,Dade,22.6,0.924947143,5.776464267,0.528541207,1.189217806,,43303.0,21.31060906,25.07596776,1.783590963,3.926113367,8.959321022,0.317082838,0.449200687,92.41643546,17.40882683,15.2,,44.5
29059,MO,Dallas,24.7,0.522678435,6.037577788,0.580753803,0.3484523,,46189.0,23.86503427,20.74278015,1.874524047,14.12851238,25.95567894,0.146447191,0.257747056,91.94540449,20.6216011,16.6,,40.6
29061,MO,Daviess,21.2,0.60364604,3.971734893,0.362187624,0.482916832,0.482916832,56786.0,25.83629893,20.45077106,1.340450771,5.423799515,15.13676834,0.189798339,0.367734282,93.99762752,13.92410183,12.9,,37.4
29063,MO,DeKalb,13.5,0.548245609,5.439378357,0.548245609,0.365497082,,54112.0,19.05884486,18.56922658,2.058210173,6.404143333,20.62247658,0.380814217,6.093027473,87.52380089,9.936951637,13.3,,42.3
29065,MO,Dent,24.6,0.258381248,5.7156747,0.581357777,0.452167183,0.193785936,45530.0,22.02343804,21.98876638,1.879203939,7.630917072,18.87612534,0.374453921,0.360585258,91.55398377,23.81952095,16.4,,38.9
29067,MO,Douglas,28.7,0.449640274,7.49486653,0.224820137,0.524580359,,41505.0,21.62722405,26.29124201,2.064259803,19.65198517,37.64400101,0.207289687,0.302297461,91.57021938,21.90747452,20.5,,38.7
29069,MO,Dunklin,32.0,0.692568719,9.587662221,0.657940328,1.07348156,0.34628436,42932.0,24.62963618,19.02202737,7.219884736,5.396772861,11.34885597,0.27578404,11.22936039,76.47349998,43.1008606,22.3,,43.1
29071,MO,Franklin,12.1,0.440322012,4.291624582,0.689199686,0.641338587,0.181872129,68162.0,22.54924438,18.56193042,2.10637932,2.988952875,10.57576084,0.508205804,0.84064118,91.40062284,13.87413216,9.6,0.134011045,38.8
29073,MO,Gasconade,16.1,0.686530292,4.066772,0.617877245,1.029795408,0.343265146,56626.0,20.96795998,23.55008787,1.277544951,2.797730207,8.860022545,0.344734352,0.121670948,92.63890767,13.23859215,11.3,,38.6
29075,MO,Gentry,19.8,0.771128953,5.587510271,0.616903126,0.771128953,0.46267736,49726.0,25.43005518,21.35670237,1.460564752,9.686831474,21.85564804,0.146056475,0.243427459,94.95293736,12.60795784,14.1,,37.6
29077,MO,Greene,14.8,0.349156082,6.286158817,0.986450732,0.905093968,0.149154052,53391.0,20.56470903,17.10753893,4.814746667,7.977344513,23.5098877,2.068146463,3.341083586,82.42075506,18.26091957,13.2,0.111865543,34.5
29079,MO,Grundy,24.4,0.31266284,6.02334306,0.729546666,0.31266284,,49560.0,24.97960848,22.33890701,2.457177814,13.69270802,33.44236374,0.550570962,0.509787928,92.99551387,19.35904121,16.7,,39.7
29081,MO,Harrison,23.8,0.841245055,6.266996292,0.96142292,0.48071146,,47536.0,23.51354665,23.25609906,2.059580728,14.76257229,33.58274841,0.281966409,0.392301091,93.3921785,18.88795471,15.1,,42.5
29083,MO,Henry,19.9,0.498278677,5.341384115,0.724768996,0.860663176,0.135894179,48263.0,22.14070901,22.92445092,2.61095416,15.87089252,36.85824966,0.414654151,0.806525107,90.22145266,21.3542614,14.5,,40.1
29085,MO,Hickory,30.1,0.938869178,8.190430507,,0.730231583,0.312956393,40224.0,16.34255345,34.98007006,1.594395458,1.8345505,4.392245293,0.181181302,0.132866288,92.37830656,18.62090492,18.1,,43.9
29087,MO,Holt,19.9,0.708884716,3.944537413,,0.945179582,,54322.0,21.57234194,25.62159602,1.586549846,12.05870533,34.34149551,0.047359697,0.094719394,94.52995501,13.82325172,13.9,,39.6
29089,MO,Howard,15.7,0.399960011,5.066921606,,0.499949992,0.299970001,55699.0,22.14560142,18.75677273,2.049059206,6.318009377,15.25954056,0.265983647,5.339375431,86.94709881,13.45698738,12.2,,40.0
29091,MO,Howell,25.0,0.571258247,10.11333692,0.819631398,0.844468713,0.298047781,45132.0,23.82138365,20.96855346,2.25408805,10.41355419,20.44738197,0.54591195,0.452830189,90.49559748,27.89851379,18.4,0.074511945,40.5
29093,MO,Iron,28.1,0.79223609,7.610103627,,0.495147556,0.396118045,44817.0,21.01289714,22.70105903,1.855929538,12.6443243,23.58337402,0.356506239,1.426024955,90.19607843,27.61272812,18.6,,39.4
29095,MO,Jackson,17.3,0.348478943,5.874328612,0.719623208,0.83011651,0.148741007,63282.0,22.7323049,15.32297645,10.84558926,7.832182884,26.15658188,2.088805974,21.82670481,58.49688513,21.931036,13.1,0.100577258,38.8
29097,MO,Jasper,19.3,0.443903714,7.976996336,0.822043955,0.838484824,0.106865712,51936.0,24.80103616,15.91629263,9.267601274,9.077047348,26.12927246,1.214555111,1.840975554,78.51679279,21.98077011,16.8,0.065763511,35.8
29099,MO,Jefferson,11.0,0.357548028,4.251226358,0.600327551,0.437003136,0.092697635,68959.0,23.10542077,16.17674948,2.448630364,8.34895134,31.03054428,0.811064704,1.012176996,89.6568301,12.98576164,8.7,0.079455115,39.1
29101,MO,Johnson,13.3,0.295099497,4.774444467,0.608642697,0.608642697,0.073774874,59146.0,22.52235573,13.80038139,4.804398941,11.55360603,33.38888931,1.520004443,4.274896784,82.23020384,10.19015503,11.7,,40.0
29103,MO,Knox,28.8,,4.773397694,,,,45464.0,24.19871795,23.10363248,0.614316239,7.846655846,19.30865479,0.480769231,0.534188034,95.43269231,14.76311302,17.1,,38.9
29105,MO,Laclede,21.7,0.696475804,5.264049225,0.696475804,0.64075774,0.111436136,46405.0,23.97957768,18.66034019,2.649907045,16.93310928,43.72945786,0.527206637,0.726990205,90.1301368,23.36676407,15.7,,44.1
29107,MO,Lafayette,14.9,0.605950415,3.800180074,0.696842968,0.787735581,0.090892568,68142.0,22.99296629,19.33664807,3.174266311,6.813913345,19.45915031,0.348653893,2.03431967,88.69755033,15.09826469,10.5,,38.9
29109,MO,Lawrence,20.0,0.523903072,5.929581222,0.523903072,0.55009824,0.104780614,51385.0,25.23354649,18.97581643,7.860319465,5.977294922,18.59644699,0.449988158,0.352622299,85.2635457,20.85134315,14.6,0.078585461,41.9
29111,MO,Lewis,18.7,0.611620784,7.083468308,0.305810392,0.611620784,,47136.0,21.24202552,19.05901116,1.644736842,13.00013447,40.06546021,0.219298246,1.844098884,92.85287081,12.4108057,14.9,,39.9
29113,MO,Lincoln,12.1,0.399208248,5.919830564,0.349307209,0.382574558,0.049901031,76182.0,25.49602175,14.17900426,2.586698895,2.642448902,8.962192535,0.394467385,1.79944271,89.05059254,14.34515953,9.3,,41.3
29115,MO,Linn,21.6,0.591715991,6.82972241,0.422654271,0.676246822,,49490.0,23.27774971,22.17449891,2.43388917,8.046162605,20.87679482,0.18527876,0.564258043,92.86676773,18.25866508,14.7,,41.4
29117,MO,Livingston,17.7,0.346909046,3.215294373,0.624436259,0.624436259,,51789.0,21.18568386,21.06203201,1.641821804,3.687465668,10.20503426,0.597650615,2.163907399,91.83210826,16.13126945,13.8,,38.6
29119,MO,McDonald,25.5,0.524017453,6.129004254,0.436681211,0.349344969,0.218340605,41784.0,26.30133459,14.66334807,12.09286358,1.803789616,3.832087755,1.613526155,1.806634339,71.52297987,20.93522644,17.8,,41.2
29121,MO,Macon,20.5,0.596223891,4.346953789,0.529976785,0.794965208,0.264988393,49295.0,23.29541719,22.59846144,1.814714971,12.49406719,29.14684677,0.552304557,1.965941219,90.59109738,14.08855057,13.7,0.198741302,36.9
29123,MO,Madison,21.4,0.412779659,3.156872268,0.660447478,0.577891529,,46428.0,22.79423412,19.80041185,2.708696341,10.2060461,20.46402931,0.324726754,0.427688896,91.51750356,27.1333828,13.9,,38.0
29125,MO,Maries,16.9,0.56850481,7.540202502,,1.023308754,,52560.0,21.66745731,21.27609108,1.589184061,1.910765648,5.47873354,0.083017078,0.272770398,92.4573055,12.22285366,11.3,,38.8
29127,MO,Marion,17.5,0.809203804,8.065638621,0.879569352,0.809203804,0.140731096,54542.0,23.14110429,18.99386503,1.808939527,6.747716427,15.95082188,0.578439965,4.77826468,87.39702016,20.67281151,13.8,0.105548322,36.1
29129,MO,Mercer,19.1,0.843170345,3.826384923,,1.124227047,,49815.0,22.92255512,22.58338044,4.381006218,37.76741409,99.76810455,0.0,0.0,93.01865461,10.53962898,13.0,,42.4
29131,MO,Miller,19.9,0.620371461,5.986787779,0.465278596,0.96933037,0.31018573,47185.0,23.61459429,19.47253458,1.884960764,1.689187765,7.968950272,0.258878731,0.473262681,92.66240595,18.54329109,15.0,,39.7
29133,MO,Mississippi,29.3,0.472775996,8.967747575,0.630367994,0.551571965,0.315183997,38559.0,20.9509422,19.52770931,1.773077841,1.305256724,2.951439142,0.159020434,24.33012642,70.08030532,36.18706131,23.2,,44.5
29135,MO,Moniteau,15.1,0.449149817,4.773799611,0.449149817,0.449149817,0.256657034,56419.0,25.50248821,17.15245912,5.583920377,3.992112875,10.98256016,0.271440574,1.822529568,88.46377561,11.62977219,11.4,0.192492783,39.8
29137,MO,Monroe,20.6,0.807195544,8.684426711,0.461254627,1.499077439,,52079.0,22.5248096,23.87491345,1.83475652,5.791399956,14.11414623,0.357719825,2.042464805,91.18393723,13.34755516,15.0,,41.4
29139,MO,Montgomery,19.2,0.619798124,9.05226985,0.619798124,0.619798124,0.265627772,52818.0,21.85126303,21.7187776,2.022610846,5.905835152,17.7027626,0.441618089,0.892068539,92.24518636,16.94114876,13.2,,41.2
29141,MO,Morgan,25.0,0.724078,6.714628297,0.434446812,1.303340435,0.241359338,50410.0,22.78396649,24.15976388,2.123202894,1.404429197,3.196646214,0.290393221,0.59982862,91.86898981,20.86149216,17.6,,43.1
29143,MO,New Madrid,29.5,0.419337451,7.916949048,0.838674903,0.599053502,0.299526751,39778.0,23.69477912,20.01947183,1.539491299,2.534105301,4.680326939,0.377266642,16.6179871,76.73116709,31.79476357,22.1,,41.7
29145,MO,Newton,21.5,0.547467113,4.857603999,0.530358791,0.598792136,0.188191816,58832.0,23.71095349,18.94011731,6.150252353,5.695248127,16.45462036,1.36066021,0.891761015,81.07863866,17.93952751,15.1,,36.9
29147,MO,Nodaway,12.1,0.321942687,8.958177345,0.597893596,0.597893596,,49751.0,19.94727179,17.07075938,2.01026317,31.31315041,54.2928772,1.836071748,1.708959089,90.81493338,8.673289299,15.2,,42.3
29149,MO,Oregon,31.7,0.480261266,8.707639288,0.480261266,0.576313496,0.384209007,37898.0,21.89924725,24.88708743,1.354950782,8.689508438,16.47314453,0.092646207,0.289519398,92.53039954,31.57717705,21.2,,44.3
29151,MO,Osage,9.9,0.517177701,3.0626238,0.369412631,0.664942741,0.369412631,67603.0,22.75124303,18.56260359,0.941690523,3.639646053,11.1386776,0.022600573,0.18080458,95.58535483,7.554488182,8.4,,36.6
29153,MO,Ozark,33.5,0.440383136,10.08088149,,0.660574675,,41194.0,18.7770373,28.07202151,1.274406641,17.74062347,36.94941711,0.163685257,0.222144277,93.53443236,24.6889801,20.4,,44.2
29155,MO,Pemiscot,35.5,0.833333313,11.38314785,0.512820542,0.512820542,0.256410271,36828.0,25.7518677,17.77025733,2.649894643,6.096308231,10.38738728,0.22348509,27.43758381,64.9766937,50.51816177,23.7,,43.8
29157,MO,Perry,13.4,0.468896538,4.118245595,0.520996153,0.573095739,0.156298846,56788.0,23.10614054,19.80903144,2.020468453,4.850557327,15.16512012,0.64887107,0.538088204,93.14728846,13.29842663,10.1,,37.3
29159,MO,Pettis,20.8,0.541303813,6.229997866,0.776653349,0.470698982,0.117674746,49333.0,25.07212657,17.18706375,9.343880875,6.284017086,16.09342766,0.684039088,3.147975803,80.85388553,20.80881691,16.1,0.094139799,39.0
29161,MO,Phelps,21.8,0.51785475,9.514404085,0.788039804,0.720493555,0.135092542,49346.0,20.48702899,16.91159998,2.820466867,9.278895378,18.9620285,3.37380707,2.302970563,84.99708768,16.95598984,18.1,0.135092542,39.2
29163,MO,Pike,21.6,0.51276207,9.727335122,0.683682799,0.797629893,,51699.0,23.17052368,18.78091772,2.467731847,9.923872948,24.67807961,0.130778416,5.356229033,87.46801615,17.08257294,16.6,,43.3
29165,MO,Platte,8.1,0.187737018,3.13232863,0.563211083,0.807269156,0.084481657,86720.0,23.91911393,15.02089619,6.710208212,6.320821762,37.58786011,2.549710452,7.622893982,76.30015555,6.598174095,6.9,0.140802771,39.5
29167,MO,Polk,19.9,0.338565707,6.729645826,0.492459208,0.55401665,0.092336103,53856.0,24.1473397,18.93143818,2.509597386,1.040630102,3.662695169,0.415622323,0.767790856,90.99907992,19.0238018,15.3,,42.0
29169,MO,Pulaski,14.2,0.417386025,6.912494875,0.474302292,0.664023221,0.075888366,58046.0,22.61514225,9.15207117,11.2667964,22.04982185,63.31956863,3.291631915,11.19266055,66.47206005,14.21325874,12.7,0.056916278,35.4
29171,MO,Putnam,20.9,,5.352112676,,,,46774.0,21.89703055,25.59282205,2.392651143,10.20979023,26.66386795,0.0,0.234992523,94.97970519,13.68742847,14.4,,40.7
29173,MO,Ralls,13.1,0.776774466,7.714815176,,0.291290402,,61239.0,21.87349107,21.63206181,0.927088363,1.557591081,7.462122917,0.164171898,1.100917431,93.80009657,11.18231583,9.8,,40.0
29175,MO,Randolph,20.0,0.368716449,5.020062805,0.491621941,0.696464419,0.163873985,48560.0,21.42336948,17.68490047,2.314290338,6.016280174,15.77645111,0.384366402,5.466094837,86.06166046,20.992939,15.3,,41.6
29177,MO,Ray,14.4,0.436395377,3.909023182,0.349116296,0.261837214,,68609.0,23.01580447,18.88764142,2.50453407,2.13769412,6.803191662,0.328180326,0.980222817,90.21936264,14.18284988,10.4,,40.4
29179,MO,Reynolds,31.5,0.806711853,5.0,,,,42611.0,21.42388451,23.91732283,1.624015748,18.24560165,45.45417023,0.295275591,0.541338583,92.99540682,31.38109016,16.4,,40.6
29181,MO,Ripley,33.0,0.676691711,6.166022455,0.60150373,0.375939846,,37865.0,22.36164435,22.71748291,1.18924993,3.968117714,8.45126915,0.262196835,0.290289353,92.5648469,34.26065063,23.4,,42.8
29183,MO,St. Charles,6.0,0.268338084,2.173400797,0.748392463,0.713926971,0.103396326,92029.0,23.35402776,16.05159132,3.950777522,4.90826416,39.23477173,2.731072738,5.100897691,82.87947056,6.090535641,5.3,0.120629042,36.1
29185,MO,St. Clair,28.9,0.92888844,5.741950011,,0.61925894,,41754.0,21.2623869,25.76475657,1.917277036,3.581716776,9.821046829,0.204653167,0.280051702,92.27703576,20.2119236,18.2,,41.1
29186,MO,Ste. Genevieve,14.3,0.390537828,2.913694919,0.446328938,0.892657876,0.167373359,63729.0,21.46220034,20.13637102,1.455706478,12.42798424,31.95874596,0.156934899,1.731695438,92.68358677,12.24150085,10.3,,36.7
29187,MO,St. Francois,23.0,0.376024663,5.97659766,0.812213302,0.571557522,0.210573807,48557.0,20.94527958,17.27533547,1.627267565,7.824157238,20.63009071,0.602193599,3.952362452,88.8706255,24.47544479,18.0,,40.0
29189,MO,St. Louis,13.2,0.311864942,4.362020708,0.860143661,0.741433799,0.186112955,72507.0,21.88452633,19.01725383,3.702527076,5.048877239,26.75626945,4.835254575,24.41608365,62.21366862,17.0219574,10.5,0.169010684,33.4
29195,MO,Saline,18.1,0.78747046,6.570813682,0.656225383,0.612477005,0.218741804,51994.0,22.34174774,17.38739125,12.1287447,14.17531586,34.04630661,0.750010714,4.924356062,74.88535551,18.77169228,13.7,,39.1
29197,MO,Schuyler,22.0,0.882223189,2.53133448,,,,49163.0,25.84325397,21.75099206,1.165674603,37.3383522,82.24952698,0.37202381,0.0,95.83333333,12.29598618,13.1,,39.8
29199,MO,Scotland,20.5,,1.823642995,,0.821186602,,48665.0,29.79219678,18.91433418,0.742154368,3.704333067,9.621943474,0.106022053,0.127226463,96.20441052,9.169917107,14.2,,39.2
29201,MO,Scott,23.1,0.522356868,7.040525038,0.600710392,0.731299639,0.261178434,49257.0,23.95753961,18.6788933,2.456711947,7.624345303,18.25972748,0.391497412,11.76068735,80.38834441,30.67323112,15.9,0.078353532,43.4
29203,MO,Shannon,32.5,0.975252986,12.95193843,,0.853346348,0.365719855,36683.0,21.83188736,23.65239653,2.005404637,4.925346851,10.10774899,0.184895463,0.042668184,91.75081781,30.06014061,21.5,,41.4
29205,MO,Shelby,21.1,0.675789833,6.04714725,,0.844737291,,50838.0,24.44699328,22.41520564,1.917089956,15.21346569,38.52551651,0.016385384,0.327707685,94.19957398,16.00777245,14.3,,41.4
29207,MO,Stoddard,21.7,0.482741982,6.763897696,0.517223537,0.620668232,0.275852561,46818.0,22.45396205,20.45898438,1.974051339,3.192049265,7.041247845,0.313895089,1.039341518,92.80831473,24.35835457,17.9,,45.2
29209,MO,Stone,24.2,0.646850467,5.4983042,0.431233644,0.739257634,0.123209611,53039.0,17.02278285,30.80190501,2.516411379,4.715621948,14.64611721,0.370060497,0.254215472,91.05418973,15.02387142,14.6,0.092407204,40.0
29211,MO,Sullivan,20.0,0.497265041,6.780821918,,,0.497265041,46864.0,23.33722287,20.07001167,17.56959493,10.51214504,27.24845505,0.483413902,3.467244541,75.1291882,16.71363068,16.1,,40.0
29213,MO,Taney,22.4,0.516897202,3.817104776,1.069442511,1.568515658,0.178240404,47210.0,20.27075233,22.01155781,7.72125709,17.45760536,41.3652916,1.0844362,1.492883387,82.88089038,21.43192482,15.6,0.089120202,39.2
29215,MO,Texas,31.6,0.477859199,7.975433957,0.398215979,0.716788769,0.19910799,41483.0,21.83607629,21.38277453,2.103156777,5.080899239,12.56141853,0.265446972,3.185363662,89.81092008,20.63754463,22.0,,41.3
29217,MO,Vernon,26.5,0.539533079,6.008696108,0.441436142,0.735726893,,48273.0,24.24011772,19.75947633,2.161668443,16.15602303,32.87752151,0.522656924,0.558177297,91.16557568,21.31973076,19.3,,41.3
29219,MO,Warren,12.3,0.273268849,4.088368996,0.519210815,0.355249494,0.136634424,71073.0,23.28605201,17.58696386,3.940110323,3.882861614,12.58303738,0.402454126,2.020713723,87.53517956,13.30591583,7.9,,37.6
29221,MO,Washington,26.5,0.569013178,9.342667195,0.406437963,0.203218982,,44063.0,22.1995407,17.6873352,0.965382325,6.932587147,12.14640617,0.170111423,2.5941992,90.91605001,29.09418488,19.4,,39.0
29223,MO,Wayne,30.9,0.783146679,5.957101658,0.39157334,0.313258678,0.234944001,41271.0,19.27282668,26.01603791,1.412429379,17.76563263,34.69417572,0.209586295,0.45562238,91.97193366,28.56527519,20.0,,41.4
29225,MO,Webster,23.9,0.376326561,6.540970187,0.602122486,0.275972813,0.100353748,59303.0,27.08200077,16.0777792,2.021235768,3.220753431,8.868201256,0.360752207,0.4963541,91.83318409,15.36248589,15.0,0.075265311,38.6
29227,MO,Worth,20.3,,5.198776758,,,,45477.0,20.67916878,24.53117081,1.26710593,5.325685978,14.01086044,0.202736949,0.0,95.6411556,13.52619934,14.0,,39.7
29229,MO,Wright,28.1,0.436562061,6.567832168,0.436562061,0.436562061,0.327421546,41748.0,25.83021773,19.71629646,2.034308335,10.10697556,17.95997047,0.263910271,0.610292501,91.56586761,28.84947777,19.8,,40.9
29510,MO,St. Louis,33.0,0.413243979,9.211726296,1.038149476,1.18261683,0.312452763,49246.0,17.91609468,13.44527784,5.10813123,3.58474493,6.021296501,4.047045872,42.77268236,42.8970283,37.19195557,21.5,0.157906234,36.7
30001,MT,Beaverhead,14.9,0.52725929,5.542439573,0.949066758,1.476326108,0.316355586,53776.0,19.70974282,24.13829901,4.599295699,7.137408733,20.07289505,0.39483513,0.256109273,88.89126027,10.75609016,12.7,,31.3
30003,MT,Big Horn,32.9,0.842073023,11.21834466,,0.459312558,0.306208372,47179.0,33.35111247,13.52483999,3.924108504,23.66741371,42.52916718,0.335263639,0.08381591,25.96007315,40.06226349,25.7,,41.4
30005,MT,Blaine,24.0,0.456760049,14.43981015,,,0.913520098,46335.0,29.51448041,15.71550256,2.243043725,18.42022896,34.0127449,0.184554231,0.141964793,41.76604202,26.80927658,18.9,,41.4
30007,MT,Broadwater,12.6,,1.988162088,,0.775915563,,66307.0,21.62680839,22.64540892,2.952465309,3.820747852,15.38936043,0.073811633,0.250959551,90.77354591,9.388578415,8.6,,32.0
30009,MT,Carbon,13.8,0.457833529,2.99990354,0.54940021,2.380734444,0.54940021,62841.0,18.78162895,25.64690156,2.492122601,3.341454744,14.93563938,0.200515612,0.124128712,91.69292466,7.34059763,9.2,,29.0
30011,MT,Carter,15.9,,2.409638554,,,,52116.0,23.10954064,26.71378092,0.777385159,34.26815414,100.0,0.070671378,0.0,94.77031802,1.82186234,13.1,,33.4
30013,MT,Cascade,16.1,0.356501848,4.987154668,0.934280753,0.786762714,0.147518009,57085.0,22.30317246,19.11175871,4.752766129,9.869156837,26.26444817,1.075650958,1.285331817,81.49596039,14.54896355,13.0,0.159811184,35.6
30015,MT,Chouteau,19.7,0.701877534,6.573331057,,0.877346873,0.526408136,51113.0,26.27650551,20.62765055,2.697201018,22.46379662,49.55866623,0.305343511,0.169635284,70.77184054,5.644265175,14.4,,34.5
30017,MT,Custer,14.2,0.442791343,5.56178322,0.885582685,1.151257515,,54913.0,22.07803152,20.53594,3.05047611,4.54180336,19.52969551,0.438189938,0.598297801,90.1744333,9.394556999,13.2,,35.8
30019,MT,Daniels,13.0,,4.717530577,,,,52852.0,21.07164359,25.28597231,2.950030102,5.215885162,26.80077171,0.782661048,0.0,88.32028898,3.968253851,11.2,,31.9
30021,MT,Dawson,14.9,0.584453523,3.932518906,0.584453523,1.168907046,,70252.0,21.99105145,20.5033557,3.22147651,11.9976387,52.46206284,0.637583893,0.425055928,89.13870246,5.902980804,11.2,,35.7
30023,MT,Deer Lodge,18.5,0.434593648,9.030589294,0.543242097,1.521077752,,45725.0,16.66489757,25.51746099,2.759791954,2.743624687,7.248456001,0.350281286,0.244135442,90.37257191,16.39685631,14.6,,32.9
30025,MT,Fallon,11.4,,3.939899833,,1.061571121,,63793.0,27.5500164,17.71072483,2.06625123,5.025101185,22.43639755,0.163988193,0.163988193,93.73565103,3.332153797,8.9,,33.5
30027,MT,Fergus,15.4,0.630403459,9.270164169,0.630403459,1.440922141,0.540345848,54823.0,20.70592347,26.26244976,1.965752228,11.9230423,39.38310623,0.33199371,0.183470208,92.31172462,8.577989578,12.0,,32.1
30029,MT,Flathead,11.6,0.321206212,3.185477968,0.614070714,1.114774585,0.217286557,65835.0,21.89790814,21.44273983,3.190011212,4.074743271,12.88271427,0.673649108,0.257769004,89.51579674,14.55819988,9.5,0.160603106,30.2
30031,MT,Gallatin,6.8,0.273958534,4.813533393,0.924610019,1.309864163,0.179785281,78910.0,19.75537996,13.20359785,4.955447209,4.366619587,16.60403252,1.167619368,0.414425017,87.42686617,5.813057423,8.8,0.256836116,23.7
30033,MT,Garfield,19.8,,5.864197531,,,,49898.0,23.52941176,28.04774084,1.193520887,18.46598625,55.30102539,0.170502984,0.0,95.90792839,2.825972557,14.8,,32.0
30035,MT,Glacier,29.6,0.367809325,13.22735675,0.51493305,0.662056804,0.367809325,44777.0,31.42691247,12.71592394,2.184642183,15.11312675,28.09794426,0.283059951,0.137901002,25.37378429,49.47035599,24.6,,36.2
30037,MT,Golden Valley,27.5,,6.463414634,,,,43820.0,19.68408262,28.31105711,4.2527339,40.33149338,100.0,0.0,0.85054678,87.9708384,8.162031174,16.6,,34.1
30039,MT,Granite,16.1,0.904431701,6.05875153,,1.507386208,,52984.0,18.22302811,29.1931097,2.568751889,33.82061386,98.32987976,0.090661831,0.0,92.65639166,6.732991695,11.7,,32.4
30041,MT,Hill,21.6,0.489057332,6.163522013,0.855850339,0.855850339,,54377.0,26.43938929,16.18124962,3.065791894,21.40679932,53.49515533,0.484395119,0.269789687,67.57005334,23.7855072,16.9,0.183396503,34.9
30043,MT,Jefferson,9.3,0.404530734,2.898306513,0.404530734,0.88996762,,68128.0,20.84402151,24.00496483,2.407943732,10.84976292,30.26221848,0.405461316,0.124120811,90.40959868,7.868123055,7.4,,29.4
30045,MT,Judith Basin,23.2,,7.335329341,,,1.504513502,51392.0,18.58625803,28.4725655,2.422145329,22.16499138,61.25503922,0.197726149,0.395452299,93.07958478,3.844867945,15.1,,33.4
30047,MT,Lake,20.6,0.322726399,9.229314729,0.645452797,0.806815982,0.258181125,50978.0,23.19650543,24.27249952,3.751525663,1.911222577,5.677994251,0.443245327,0.20556305,65.43650029,23.38421631,17.2,,33.9
30049,MT,Lewis and Clark,11.2,0.313260913,3.833253474,0.697717488,0.882826209,0.227826118,67702.0,21.54058586,19.54968791,3.661955955,4.26664257,17.07622719,0.77635157,0.374790413,87.44593014,11.90510082,9.0,0.227826118,30.1
30051,MT,Liberty,21.7,,12.74900398,,1.266357064,,49277.0,23.83869321,23.5324145,0.66360388,19.20860481,56.22702789,0.306278714,0.102092905,94.74221542,3.412128925,16.1,,37.4
30053,MT,Lincoln,27.5,0.442412615,5.393466201,0.491569579,1.081453085,0.442412615,48156.0,18.49875489,30.31458047,2.851044367,2.712823153,7.497186184,0.508207552,0.162626417,90.07978859,19.26133537,16.8,0.147470877,30.9
30055,MT,McCone,20.2,,0.731158605,,,,51881.0,21.74667438,23.59745518,1.850780798,12.78664875,40.13272476,0.4626952,0.0578369,92.07634471,1.972087383,13.9,,34.2
30057,MT,Madison,13.5,0.334858805,2.656861582,0.446478397,1.897533178,0.334858805,62516.0,16.14287371,30.26788821,2.771657196,9.861647606,30.19206047,0.347906761,0.127565812,92.25327612,4.613610268,9.1,,26.5
30059,MT,Meagher,23.5,,7.688172043,,2.730748177,,45391.0,17.43642968,28.48988064,2.387130254,41.04686737,100.0,0.103788272,0.622729632,92.42345615,10.42235565,15.3,,33.7
30061,MT,Mineral,22.9,0.880281687,3.505577054,,0.880281687,,50327.0,17.99338479,28.64388093,3.241455347,9.089331627,27.1718235,0.46306505,0.220507166,89.17309813,22.0620594,14.2,,35.1
30063,MT,Missoula,13.2,0.254871339,5.456129651,0.822165608,0.781057298,0.14798981,65682.0,19.40859212,17.35130001,5.091501162,4.966945171,19.56306648,1.206729872,0.598700836,84.7619613,15.74652672,12.9,0.271314651,29.2
30065,MT,Musselshell,24.4,,3.175266346,,0.642535865,,54003.0,19.23890063,27.25158562,3.086680761,12.78634644,31.89033127,0.465116279,0.084566596,90.35940803,15.2602272,15.8,,33.3
30067,MT,Park,12.6,0.417661101,5.290786835,1.133651495,2.505966663,0.23866348,59113.0,16.97399802,23.1865511,2.966668606,12.39862442,41.57567596,0.436274795,0.36065383,90.95456925,11.67959404,9.9,,27.7
30069,MT,Petroleum,23.3,,3.051643193,,,,48141.0,16.73387097,31.0483871,1.008064516,29.59427261,100.0,0.0,0.0,93.9516129,4.666666508,12.9,,32.8
30071,MT,Phillips,21.8,0.76550138,2.461759082,0.76550138,1.275835633,,53626.0,23.2866967,23.40526441,2.655916528,13.28401661,36.11307144,0.355703106,0.118567702,82.80768319,12.31181431,14.5,,39.4
30073,MT,Pondera,22.9,0.518851638,9.042644288,,0.691802144,0.518851638,47900.0,24.39810105,22.44828756,1.644625297,12.92075634,25.46754456,0.423872499,0.0678196,78.73855544,19.54341125,17.0,,34.4
30075,MT,Powder River,15.5,,5.314846909,,1.784651995,,52298.0,18.59504132,28.15820543,2.066115702,20.78099442,52.37716675,0.0,0.295159386,90.25974026,2.131667614,11.1,,33.2
30077,MT,Powell,17.9,,6.957172246,,1.173536777,,47687.0,14.7566945,21.76792399,2.317880795,5.866819382,19.2307415,0.331125828,0.921393608,86.61099914,12.12654591,16.9,,32.7
30079,MT,Prairie,17.8,,9.607351713,,,,46328.0,18.84191176,31.80147059,3.033088235,34.75935745,100.0,0.643382353,0.183823529,90.25735294,4.842236996,13.7,,36.5
30081,MT,Ravalli,14.7,0.311097294,5.220578067,0.488867164,0.77774322,0.266654819,60030.0,19.28057228,27.93951193,3.585819713,0.892818928,2.735879183,0.545569792,0.199212206,89.86055146,13.99752617,9.5,0.111106172,32.7
30083,MT,Richland,11.8,0.362220407,4.429542045,1.08666122,1.177216291,0.271665305,63148.0,24.47132539,15.59481333,5.264989992,11.5860548,53.84511948,1.052997998,0.530850231,86.08476199,3.471278906,9.1,,35.7
30085,MT,Roosevelt,31.4,0.547245502,16.62039253,0.638453126,0.638453126,0.456037939,47266.0,30.88753011,13.79470076,2.21419307,8.327900887,26.0825386,0.435427089,0.296460997,33.23142487,38.12477112,25.3,,40.6
30087,MT,Rosebud,24.2,0.339520156,9.15720263,0.679040313,0.565866888,0.565866888,61331.0,27.05006603,17.34902149,2.80946092,10.70959949,24.10190201,0.384199784,0.240124865,57.2457678,30.97178268,17.6,,39.7
30089,MT,Sanders,24.6,0.658057094,5.43397473,0.24677141,1.233857036,0.658057094,50270.0,17.62903226,32.24193548,2.790322581,12.96002293,31.13269615,0.451612903,0.185483871,86.5483871,16.56110382,14.7,,35.3
30091,MT,Sheridan,14.8,0.919963181,3.120485409,,2.453235149,,56095.0,21.27719695,24.63972874,3.023452953,11.81043053,35.23910904,0.367335405,0.395591975,89.5733258,5.238679409,11.8,,32.7
30093,MT,Silver Bow,16.8,0.454803854,8.793992048,0.966458201,0.881182492,0.170551449,52495.0,19.95844363,20.62733043,4.662283323,2.190577745,6.923048973,0.609113938,0.358637179,88.46668374,18.14714813,13.0,0.170551449,29.8
30095,MT,Stillwater,10.0,0.303398073,2.151870212,,0.809061468,,75820.0,20.84123619,24.43378333,3.001227268,3.999967337,15.30505657,0.245453531,0.145040723,90.48309718,6.944444656,8.1,,31.9
30097,MT,Sweet Grass,13.0,0.814332247,3.332422835,,2.171552658,,61454.0,20.52746058,27.02555737,2.664491572,5.104094982,22.61458969,0.407830343,0.217509516,90.59271343,4.795512199,9.7,,32.1
30099,MT,Teton,16.9,0.640102446,7.192118227,,0.800128043,,59787.0,23.41792483,23.77128172,1.365242531,18.29665565,60.16043091,0.240925153,0.30517186,90.82878252,7.987944603,12.5,,31.3
30101,MT,Toole,19.3,,1.50697256,,1.493811369,,49297.0,20.11667673,18.02454235,3.580768457,7.88929081,43.64525986,0.724200362,0.643733655,84.06759203,9.211836815,14.6,,35.1
30103,MT,Treasure,19.9,,2.597402597,,,,58275.0,23.75328084,27.29658793,4.06824147,44.78764343,100.0,0.393700787,0.131233596,90.28871391,6.474820137,12.1,,31.0
30105,MT,Valley,15.2,0.40766409,3.375641372,0.815328181,1.358880281,0.40766409,55338.0,23.18553708,22.89522301,2.296120348,14.3809042,41.89451599,0.250725785,0.197941409,83.8347849,13.55483055,11.8,,36.1
30107,MT,Wheatland,24.6,,16.08357629,,,,42431.0,22.18463026,26.14789754,3.28661189,16.34465027,34.48288727,0.144997583,0.144997583,89.41517641,7.18590641,17.2,,35.4
30109,MT,Wibaux,13.4,,2.805611222,,3.194888115,,51924.0,22.09178228,26.36072572,2.88153682,44.24934006,100.0,0.213447172,0.213447172,91.6755603,3.816116333,11.1,,34.5
30111,MT,Yellowstone,13.0,0.349714696,4.538294202,0.773053586,0.785324275,0.104300879,69182.0,23.16746696,17.80842707,6.140313602,6.366336346,21.31267166,0.776417311,0.720568685,82.87086219,13.01511383,11.3,0.233143136,34.6
31001,NE,Adams,12.0,0.510839403,5.695520377,0.925896347,0.734331608,0.159637302,57136.0,23.59557763,18.59317417,11.72568499,12.18121243,35.02439499,1.329915078,0.791539817,82.61176094,15.73757744,11.7,0.159637302,40.7
31003,NE,Antelope,13.6,1.117496848,4.246421103,0.638569593,,0.798211992,57413.0,23.38363781,24.19380461,3.510722796,3.864251614,12.86044216,0.349483717,0.349483717,93.70929309,9.219348907,10.0,,40.8
31005,NE,Arthur,18.9,,4.661016949,,,,58677.0,27.18894009,23.96313364,2.764976959,34.44976044,100.0,0.0,0.69124424,92.16589862,4.649499416,13.0,,39.0
31007,NE,Banner,17.6,,2.662229617,,,,59863.0,23.88724036,24.33234421,7.566765579,27.5457592,98.53997803,0.296735905,0.0,89.02077151,4.877014637,10.3,,39.0
31009,NE,Blaine,20.6,,2.601156069,,,,53541.0,20.41763341,24.59396752,2.552204176,25.625,100.0,0.232018561,0.232018561,92.11136891,10.57622147,13.7,,39.4
31011,NE,Boone,12.2,0.981161714,3.439203157,,0.784929335,0.784929335,64705.0,23.94497118,23.57315486,3.402119353,3.485229492,12.25124836,0.130135713,0.390407139,94.0137572,7.898351669,9.6,,35.3
31013,NE,Box Butte,13.8,0.560957372,5.146989762,0.560957372,0.560957372,0.373971581,65493.0,24.515772,19.7472791,11.49234459,9.172379494,32.5735817,0.654860727,0.608743774,80.06825309,17.49875259,11.2,,40.5
31015,NE,Boyd,22.8,,6.299212598,,1.612903237,,51107.0,19.22651934,31.7679558,1.82320442,12.29698086,36.2842865,0.0,0.0,95.19337017,7.168458939,14.1,,40.7
31017,NE,Brown,16.5,2.012747288,2.609334803,,1.341831565,,52738.0,20.49603858,25.1808474,6.062693765,4.133351326,10.08354664,0.206682742,0.068894247,90.56148812,10.06373692,10.9,,40.6
31019,NE,Buffalo,11.1,0.578680634,4.730056576,0.937861681,0.758271158,0.119727023,65721.0,24.05358997,15.85735964,10.10702021,9.453653336,30.71222878,1.317786119,1.197987381,84.07475441,12.92719269,10.7,0.09977252,43.4
31021,NE,Burt,12.0,0.926354766,7.725969519,,0.771962345,,61317.0,22.19577507,24.85867301,2.558762273,0.216470152,0.671959102,0.52067837,0.282653972,92.18982446,13.8052597,10.0,,40.6
31023,NE,Butler,9.7,0.502512574,5.157032873,,0.628140688,,66416.0,23.8021269,21.48404827,5.759349982,4.19740057,15.52475929,0.10753973,0.334568049,91.12199785,9.767587662,8.3,,39.4
31025,NE,Cass,7.1,0.457456529,2.063204896,0.419335157,0.343092412,0.114364132,77771.0,23.85517708,18.59162343,3.714565005,3.248403072,18.41707802,0.387247161,0.38348748,91.21362508,10.45478821,6.4,,38.1
31027,NE,Cedar,8.9,0.950796306,1.510169285,0.475398153,0.713097215,0.475398153,64037.0,25.19093079,21.87350835,2.219570406,4.589776993,18.27926826,0.107398568,0.298329356,95.58472554,7.517233372,7.9,,40.4
31029,NE,Chase,10.4,0.78125,1.5130674,0.78125,0.78125,0.78125,59492.0,24.24865143,23.16979193,14.43616748,8.790932655,29.42085457,0.282558438,0.513742615,82.43000257,8.723958015,8.8,,38.5
31031,NE,Cherry,14.5,0.864902258,2.699724518,0.69192183,0.864902258,0.518941343,53533.0,22.40146654,22.93308891,2.713107241,10.85286427,38.75593185,0.12832264,0.201649863,87.47937672,12.05097198,11.1,,42.0
31033,NE,Cheyenne,16.3,0.439029753,6.840598155,0.548787177,1.536604047,0.3292723,54772.0,22.67638361,21.29277567,7.931981411,5.423551559,21.46989059,0.792141952,0.538656527,87.01943388,11.29586983,11.9,,41.2
31035,NE,Clay,11.8,0.482625484,3.05203469,,0.643500626,0.482625484,64315.0,24.16448231,22.19855832,8.568152031,8.055552483,24.67325783,0.163826999,0.131061599,88.0078637,12.78957558,9.9,,44.2
31037,NE,Colfax,11.4,0.377821863,4.000385579,0.377821863,0.472277313,0.472277313,69498.0,30.30618031,13.66471366,47.18389718,9.317749977,31.62817764,0.472500473,3.543753544,47.42014742,12.23985386,8.3,,38.8
31039,NE,Cuming,9.8,0.795635343,2.769989907,0.568310976,1.136621952,0.454648793,66165.0,24.59780317,21.15832686,12.33773438,5.19063139,22.15513229,0.199711528,0.232996782,84.74425829,8.278396606,8.5,,39.7
31041,NE,Custer,14.2,0.941087902,4.978065993,0.470543951,1.035196662,0.658761501,56531.0,23.56567093,23.24324324,3.679468943,14.41157341,44.5680275,0.18018018,0.455192034,92.97297297,8.775644302,10.6,,38.7
31043,NE,Dakota,14.7,0.39860487,7.004002287,0.697558522,0.647732913,0.298953652,64231.0,29.02418682,13.20081549,40.82568807,4.938789845,16.20956612,2.789361505,7.427485868,43.30923918,21.84022522,10.4,0.149476826,45.8
31045,NE,Dawes,17.4,0.717617512,7.221773107,0.478411674,1.315632105,,50905.0,19.90486645,19.42919868,4.000487864,9.701321602,29.00628281,0.646420295,2.000243932,84.68105867,16.71450806,15.3,,39.5
31047,NE,Dawson,12.7,0.680561483,3.261509974,0.72309655,0.808166742,0.127605274,61817.0,28.13653519,16.39500643,35.84670897,14.57305717,41.33106995,0.796317034,4.923064162,56.11131849,15.79824162,10.7,0.170140371,41.4
31049,NE,Deuel,17.5,,2.569593148,,2.230897903,,51583.0,21.43634385,25.62568009,5.440696409,7.882511139,26.81713676,0.326441785,0.054406964,91.73014146,13.57129574,11.1,,38.5
31051,NE,Dixon,10.0,0.714796305,2.358660425,,,,64943.0,24.75918659,21.92293971,14.19907242,10.37470055,33.94021606,0.303246522,0.303246522,82.82197645,7.847867489,8.0,,40.5
31053,NE,Dodge,12.1,0.579758167,4.399823234,0.690188289,0.883441031,0.220860258,59872.0,24.52982484,19.0626093,16.36666936,8.23925209,28.17715454,0.492372266,0.578470148,79.37417602,18.67879486,10.6,0.082822591,38.7
31055,NE,Douglas,13.6,0.294254899,4.67810128,0.834012389,0.790483534,0.168891862,69475.0,25.40981924,13.64644173,13.8265877,2.32883954,11.87993717,4.720577015,10.89874531,65.25406911,18.91545296,11.7,0.207197234,35.8
31057,NE,Dundy,20.4,,4.914529915,,1.795332193,,52916.0,19.77025393,26.05804111,6.22732769,17.18341255,33.26264191,0.060459492,0.423216445,90.14510278,10.22341919,13.9,,41.2
31059,NE,Fillmore,11.8,1.268345714,2.110571535,,1.087153435,0.543576717,65739.0,22.71662763,24.91442983,3.188614664,7.003355026,22.18545151,0.234192037,0.360295442,93.33453432,8.923718452,8.9,,38.9
31061,NE,Franklin,18.9,,4.607808653,,1.020408154,,54192.0,21.39148494,27.96815507,2.838352371,13.50049973,47.02106476,0.484596746,0.20768432,94.87712011,14.00226784,13.0,,42.3
31063,NE,Frontier,15.0,,4.420350292,,,1.159644365,53735.0,21.35768162,22.66772529,3.215561731,8.384170532,37.80621719,0.0,0.674870981,92.77491068,7.795387268,12.0,,40.6
31065,NE,Furnas,16.1,0.64474535,3.239220836,0.64474535,,0.859660447,54308.0,22.47627265,25.1078516,4.745470233,1.00894177,4.063536167,0.129421915,0.194132873,91.35030198,13.43219471,11.9,,41.4
31067,NE,Gage,13.8,0.513275146,5.979816944,0.559936523,0.746582031,0.279968262,56261.0,22.61795061,21.90840398,2.925727976,8.367928505,32.3925209,0.456137118,0.562108367,92.39310726,13.38403893,12.0,,42.6
31069,NE,Garden,25.2,,3.825779871,,,,53240.0,18.9434365,27.69477054,4.69583778,9.451702118,37.86807632,0.106723586,0.160085379,91.88900747,17.14492035,15.0,,42.3
31071,NE,Garfield,16.5,1.533742309,2.41360395,,2.044989824,,51055.0,21.07004964,28.84721456,1.323772752,2.939009905,10.10106373,0.0,0.165471594,96.63541092,6.177573204,11.3,,37.9
31073,NE,Gosper,13.8,,3.154929578,,,,67263.0,22.02852615,25.35657686,5.018489171,11.98262119,64.07082367,0.58108822,0.105652404,92.23454834,7.762671947,8.6,,38.7
31075,NE,Grant,16.4,,4.624277457,,,,64244.0,22.42225859,23.07692308,1.963993453,19.03718567,40.98944092,0.163666121,0.818330606,94.27168576,7.671957493,10.0,,36.6
31077,NE,Greeley,16.4,,5.758683729,,,1.724881411,53225.0,23.40036563,25.77696527,2.376599634,20.60102081,66.1456604,0.274223035,0.045703839,95.88665448,8.013511658,13.0,,38.1
31079,NE,Hall,15.1,0.458805799,5.557089716,0.802910149,0.622664988,0.180245131,60751.0,27.02122585,15.36211146,30.49685985,7.037075996,27.07136726,1.093886636,2.885761984,62.67588839,18.84927177,12.0,0.11470145,38.0
31081,NE,Hamilton,7.8,0.324780762,1.479321888,0.54130131,0.757821798,,73024.0,25.46399406,19.97030438,3.393785131,2.736076593,17.31442833,0.148478099,0.28635062,93.28666879,8.642777443,6.7,,41.7
31083,NE,Harlan,13.2,,2.58186398,,1.812141299,,58928.0,20.72892938,28.05076473,2.928734136,2.530721426,6.881371498,0.357956394,0.03254149,94.59811259,11.75374985,9.7,,36.6
31085,NE,Hayes,21.4,,3.928170595,,,,57060.0,22.78037383,25.58411215,7.359813084,44.43266296,100.0,0.23364486,0.0,88.78504673,4.18486166,14.0,,40.5
31087,NE,Hitchcock,18.0,1.081860781,6.247589665,,1.081860781,,50300.0,22.28593272,26.91131498,3.325688073,37.60158539,94.99758148,0.076452599,0.0,94.11314985,16.67868805,13.2,,43.4
31089,NE,Holt,12.8,0.903977513,2.986857826,0.602651656,1.205303311,0.602651656,61415.0,24.13350449,22.5041967,5.144662783,8.532743454,29.83032417,0.493729634,0.4048583,92.08057668,9.374581337,10.9,,39.2
31091,NE,Hooker,6.7,,4.733727811,,,,52254.0,19.26863572,31.50492264,1.547116737,32.72450638,100.0,0.140646976,0.562587904,93.24894515,6.182380199,7.0,,39.9
31093,NE,Howard,11.0,0.770653486,2.104770814,,0.770653486,0.462392122,70906.0,24.63320463,21.80694981,2.254826255,5.123244762,20.05903435,0.185328185,0.200772201,95.04247104,10.3524456,8.1,,38.1
31095,NE,Jefferson,12.1,0.422594726,4.272174282,0.563459635,1.12691927,,57098.0,22.00276243,24.43370166,4.986187845,9.886043549,29.84672928,0.20718232,0.276243094,90.5801105,12.50176048,9.7,,39.9
31097,NE,Johnson,13.9,0.593237102,2.647610122,,0.790982783,,50886.0,18.22306238,18.73345936,11.89035917,5.852185249,26.24922371,1.436672968,5.879017013,77.52362949,10.61235237,13.3,,40.3
31099,NE,Kearney,9.1,,4.151348039,0.450992197,0.601322889,,72694.0,25.17942584,20.03588517,5.756578947,0.55294311,2.488844156,0.179425837,0.044856459,90.66985646,9.395670891,7.7,,38.3
31101,NE,Keith,18.2,1.252661943,3.042843233,1.002129555,1.377928138,,53637.0,21.82363527,25.38692262,8.99820036,6.882915974,27.62597466,0.455908818,0.179964007,86.76664667,13.26777744,11.6,,37.0
31103,NE,Keya Paha,30.1,,2.00845666,,,,49421.0,20.41612484,28.34850455,2.600780234,26.48442268,99.8841095,0.0,0.0,95.44863459,1.86649096,19.3,,39.8
31105,NE,Kimball,15.8,0.858369112,3.551136364,,0.858369112,,52460.0,19.56901573,26.82003494,7.629586488,3.144487858,6.779146194,0.436808387,0.029120559,88.11881188,13.85312366,11.9,,43.8
31107,NE,Knox,16.5,1.083814979,3.660162405,,0.481695563,0.722543359,54189.0,24.53819569,25.55118579,2.204743177,11.75769615,30.69829941,0.333690859,0.190680491,83.0294363,13.12620449,12.3,,43.8
31109,NE,Lancaster,11.8,0.31810385,5.780022812,0.863870263,0.6362077,0.159051925,65436.0,22.93898477,14.64997768,8.010960671,4.784907341,16.95071983,4.331882656,4.144038586,78.10159698,13.04511642,12.0,0.152814597,33.1
31111,NE,Lincoln,14.8,0.611407101,5.418473801,0.873438716,0.669636369,0.203802377,61702.0,23.35909563,20.22147883,8.683239128,3.135032177,14.35563946,0.937247664,1.101626485,85.48563848,18.08260727,11.1,0.145573124,39.4
31113,NE,Logan,13.2,,4.971098266,,,,61004.0,24.58100559,23.74301676,3.212290503,4.926325798,14.0432272,0.558659218,0.0,92.87709497,11.49040604,9.9,,37.9
31115,NE,Loup,29.1,,1.203007519,,,,53369.0,20.42833608,26.19439868,2.965403624,11.80191612,39.90821075,0.164744646,0.0,93.08072488,1.153846145,15.6,,38.7
31117,NE,McPherson,19.4,,3.368421053,,,,54138.0,19.04761905,22.30576441,0.751879699,32.81938171,100.0,0.501253133,0.0,94.73684211,25.31645584,11.4,,40.8
31119,NE,Madison,11.4,0.459598422,4.982802971,0.804297268,0.77557236,0.25852412,61263.0,24.85878882,17.48489532,15.49529296,7.819169044,29.5572567,1.250526907,1.135309822,78.18743853,16.11706352,9.7,0.114899606,40.3
31121,NE,Merrick,11.6,0.896401584,5.760063559,0.640286863,,,64309.0,24.04799165,21.16588419,4.851330203,10.46465111,31.59469986,0.378195097,0.534689619,90.51904017,10.08451748,9.0,,40.1
31123,NE,Morrill,18.7,0.64864862,3.491495076,0.864864886,,0.64864862,52933.0,22.23929748,23.64434687,14.22612514,18.03479195,50.33340836,0.439077936,0.41712404,81.71240395,18.03603554,13.5,,38.9
31125,NE,Nance,12.0,1.132502794,2.035855363,,1.132502794,,56880.0,23.31360947,22.6035503,1.775147929,1.320248365,4.620869637,0.147928994,0.118343195,94.73372781,8.446583748,10.5,,40.5
31127,NE,Nemaha,12.1,0.567859173,3.938461539,0.567859173,0.851788759,0.42589438,56658.0,23.07039864,20.299689,2.940344925,1.258333564,3.987722158,0.438224484,0.791631326,92.42295731,18.28979683,11.5,,40.9
31129,NE,Nuckolls,12.6,0.967585862,3.098868667,,1.451378822,,59602.0,19.36507937,27.66788767,2.881562882,13.55556583,37.33560181,0.073260073,0.097680098,93.65079365,11.14739513,9.9,,38.2
31131,NE,Otoe,11.2,0.626370192,7.068580542,0.751644194,0.313185096,0.187911049,67595.0,24.2081448,20.25515334,7.931121166,19.60853767,71.81031036,0.540472599,0.515334339,87.14806435,12.9032259,9.3,,37.2
31133,NE,Pawnee,19.4,,3.893524037,,1.153402567,,50501.0,21.97327044,28.06603774,1.533018868,5.423562527,18.10644913,0.0,0.157232704,96.14779874,12.23888206,12.4,,39.2
31135,NE,Perkins,13.3,,4.409171076,,1.046389937,,61156.0,25.5423373,23.23303009,5.10846746,7.339466095,29.57969475,0.104968509,0.349895031,91.67249825,6.103941441,9.4,,39.3
31137,NE,Phelps,10.9,0.444148332,4.912928151,0.777259588,0.888296664,0.444148332,66986.0,23.7176628,22.2234612,6.144067797,4.592950344,22.28773499,0.312221231,0.379125781,90.76717217,10.71507931,8.8,,43.2
31139,NE,Pierce,10.7,0.695991099,5.660641726,0.556792855,0.556792855,,64607.0,25.18791855,19.59819598,1.940686074,9.782258034,46.46928024,0.16400164,0.4100041,94.98428318,7.667501926,10.1,,41.4
31141,NE,Platte,8.8,0.539503634,1.761513597,0.839227915,0.449586391,0.17983456,70177.0,26.24795895,17.52974108,21.14532307,3.791801929,19.24462509,0.577326802,1.008864007,74.59470492,10.65269947,7.8,0.08991728,36.4
31143,NE,Polk,8.4,0.576812148,3.112840467,,0.576812148,,69503.0,22.477944,23.80130418,4.967395474,1.428795934,4.771343231,0.038358266,0.153433065,91.12006137,8.58809185,6.6,,40.2
31145,NE,Red Willow,13.1,0.470499665,3.951807229,0.564599633,0.940999329,,63958.0,22.5191553,21.4445898,6.419360867,19.23129654,58.20906448,0.364417866,1.046533358,89.10484022,13.75427341,10.9,,39.5
31147,NE,Richardson,15.3,0.513412893,4.96006184,0.641766131,0.770119369,,54044.0,21.59827214,24.93965189,1.969254224,9.720461845,30.66542244,0.444670309,0.190572989,90.15372888,18.5042572,11.4,,44.2
31149,NE,Rock,17.3,,2.777777778,,,,53120.0,19.49286846,28.84310618,1.584786054,8.9836092,28.02030373,0.0,0.237717908,96.59270998,8.896150589,14.0,,41.0
31151,NE,Saline,10.1,0.428969771,4.834643334,0.428969771,0.714949608,0.357474804,63187.0,26.64427652,16.79960817,28.45647915,11.3821106,32.17123032,1.938147215,0.909599776,65.51217464,8.007435799,10.1,,40.8
31153,NE,Sarpy,6.0,0.264751971,2.37697367,0.640699804,0.413013101,0.079425596,88913.0,27.49575035,12.63404755,10.52181486,6.896500111,36.73703766,2.479486265,3.794254056,77.15682777,7.387904167,5.5,0.137671024,38.4
31155,NE,Saunders,7.2,0.547270477,3.410660039,0.273635238,0.684088111,0.273635238,78689.0,25.40623036,18.63273184,2.625908968,6.187117577,24.45220566,0.386031062,0.323188796,92.93024508,8.41048336,7.3,,36.2
31157,NE,Scotts Bluff,17.9,0.424941212,3.731068648,0.849882424,0.963200092,0.113317661,53206.0,24.15197872,20.52710343,22.73306729,1.970254064,7.665017128,0.767653254,0.648486864,71.25318701,21.95057487,13.6,0.198305905,42.0
31159,NE,Seward,6.7,0.465495169,2.425776187,0.640055835,0.40730828,0.232747585,75305.0,23.81168721,18.38264524,2.816741439,7.378973484,32.38161087,0.323698109,0.579249248,93.03197229,5.949610233,7.8,,41.7
31161,NE,Sheridan,20.8,0.776699007,7.023081476,0.5825243,0.970873773,0.776699007,47543.0,22.74234445,26.79929783,4.330017554,10.34164524,31.9896946,0.565632924,0.292568754,79.87126975,16.34304237,13.3,,36.3
31163,NE,Sherman,16.3,,4.025929717,,1.004688501,,54771.0,21.39236228,26.73200406,2.771206489,4.912653446,20.15662384,0.168976005,0.0,93.7478878,8.846840858,11.1,,40.0
31165,NE,Sioux,24.9,,3.052728955,,,,46834.0,20.26431718,26.25550661,3.788546256,20.5339241,63.73807907,0.352422907,0.0,92.95154185,3.125,15.5,,40.9
31167,NE,Stanton,9.4,0.510204077,4.702842377,,,,71709.0,25.79596029,17.25436494,6.02533379,1.586704969,7.455537796,0.30811366,0.376583362,89.26737419,6.179138184,7.1,,37.9
31169,NE,Thayer,12.6,0.818498075,3.640826345,,1.63699615,1.023122549,56626.0,22.92411601,25.92371871,2.701628923,5.606667519,18.75260925,0.198649186,0.198649186,94.73579658,7.843939781,8.9,,40.2
31171,NE,Thomas,19.6,,2.491103203,,,,53019.0,21.67414051,28.99850523,4.334828102,34.57364273,100.0,0.0,0.0,93.12406577,5.074424744,11.8,,36.9
31173,NE,Thurston,25.6,0.692520797,8.520446097,,,,52202.0,33.41207737,13.76051971,3.838771593,1.322230935,3.297801971,0.118116049,0.354348147,36.08445298,57.59464264,19.0,,48.8
31175,NE,Valley,15.5,,2.645502646,0.731172323,,0.731172323,52336.0,23.57723577,25.08006898,2.85784676,4.441221237,11.53827095,0.12318305,0.36954915,94.06257699,8.692826271,11.4,,40.2
31177,NE,Washington,6.6,0.382756799,3.706782728,0.430601418,0.621979833,,100572.0,24.24155284,19.13251857,2.96669063,4.970270157,20.37345695,0.479271507,0.335490055,92.7821711,7.31224966,6.3,,37.8
31179,NE,Wayne,10.5,0.316055626,6.305309735,1.053518772,0.421407491,,59787.0,20.20212437,14.83964113,10.21965556,2.43868947,8.983746529,1.258121068,3.609363721,80.72599773,8.559840202,12.5,,37.3
31181,NE,Webster,12.6,1.169932723,3.094317168,,1.169932723,,58161.0,22.50368189,23.94698085,4.359351988,13.64057064,52.41216278,0.265095729,0.412371134,91.634757,13.99044514,11.4,,39.5
31183,NE,Wheeler,14.5,,5.306122449,,3.797468424,,50850.0,21.44702842,25.58139535,2.583979328,31.321064,89.08621216,0.0,0.0,95.09043928,3.270042181,11.2,,38.6
31185,NE,York,10.8,0.444082588,3.993344426,0.740137637,1.110206485,,64531.0,22.94513274,20.50973451,5.939823009,5.54786396,19.72568321,0.637168142,1.182300885,88.91327434,8.974168777,8.5,,38.9
32001,NV,Churchill,14.0,0.394275129,4.779036017,0.670267701,0.630840182,,67716.0,22.47609343,20.53221508,14.05392695,5.777869701,18.93802071,2.50823013,1.6773789,70.03448816,42.38457489,10.4,0.197137564,33.6
32003,NV,Clark,20.6,0.289296508,6.513939175,0.891637743,0.660200536,0.093265742,63735.0,22.69829408,15.26126471,30.9612922,5.186813831,19.02440643,10.23950534,12.138898,39.40928579,42.22102737,15.1,0.094561093,32.8
32005,NV,Douglas,11.4,0.346316814,3.359691892,0.774119973,0.977835715,0.101857886,74053.0,16.69697704,30.68218558,12.40906887,12.03882217,50.1302948,1.814581313,0.369786615,78.51600388,15.39242458,8.0,0.2648305,30.5
32007,NV,Elko,12.0,0.396181554,4.408405665,0.773497343,0.547107875,0.226389468,81466.0,28.47938624,11.4558117,25.31004432,4.08569479,16.1278019,1.033481062,0.919891252,63.64195002,24.10418892,9.7,0.056597367,35.5
32009,NV,Esmeralda,22.2,,1.936799185,,,,53509.0,18.2441701,28.53223594,19.06721536,43.74014282,97.19029236,0.548696845,0.548696845,71.46776406,23.04364204,14.5,,35.5
32011,NV,Eureka,13.3,,15.89486859,,,,80084.0,21.88679245,21.94070081,9.595687332,6.252365112,46.80164719,0.215633423,0.107816712,83.2884097,9.927360535,10.0,,33.9
32013,NV,Humboldt,14.1,0.707463741,3.696520922,0.707463741,1.0022403,0.294776559,77018.0,26.20190917,14.56754411,26.09777264,5.184042931,15.65531445,0.879375181,0.792594735,63.82412496,29.31552887,10.6,0.235821247,33.8
32015,NV,Lander,15.2,0.725426197,5.979599015,0.906782746,0.906782746,,85773.0,25.35751657,15.74816882,21.90442972,4.181688786,15.21286774,0.47087548,0.122078828,69.3233345,26.56873322,11.0,,33.8
32017,NV,Lincoln,17.6,0.969180048,4.758382643,,0.58150804,0.775344074,64304.0,24.11647033,23.73860858,6.534785508,14.59151936,52.59182739,0.466770393,3.734163147,85.30784619,27.25011253,13.9,,32.1
32019,NV,Lyon,13.8,0.342941403,4.7830827,0.41152969,0.462970912,0.120029494,71547.0,22.1440027,21.81311724,17.45420782,9.797793388,39.28164673,1.559888579,0.823837258,71.49489322,30.99761581,9.4,0.102882423,35.9
32021,NV,Mineral,27.1,0.885347486,7.203389831,0.664010644,,,53515.0,20.26789635,25.36231884,11.15502855,32.72359848,92.62212372,1.405357927,3.535353535,62.75801493,46.84963989,17.5,,35.0
32023,NV,Nye,24.6,0.665917516,6.988636364,0.665917516,0.499438137,0.083239689,59282.0,16.4505437,31.13333721,15.36508306,34.21216202,87.13883209,1.992595608,2.899730573,72.32463026,53.50231171,14.9,0.104049608,32.0
32027,NV,Pershing,16.8,0.912825167,4.665022606,,,,52412.0,18.57142857,15.80451128,22.54135338,4.427223206,15.33655167,1.639097744,4.842105263,63.11278195,21.38800049,18.3,,34.8
32029,NV,Storey,9.5,,5.555555556,,1.663893461,,79281.0,15.082846,29.41033138,8.28460039,0.08832489,0.382494807,1.632553606,0.584795322,81.33528265,7.150780678,7.0,,31.3
32031,NV,Washoe,11.9,0.350044638,4.94558066,0.802797019,0.760875463,0.129956692,76123.0,21.09901088,17.27140426,25.11942642,6.795343876,30.14311028,5.76844018,2.369412036,59.17096273,29.83711433,11.0,0.157205686,29.8
32033,NV,White Pine,15.5,0.316923738,4.049063572,0.633847475,0.950771153,0.422564983,63070.0,20.95814978,18.52422907,16.04625551,12.45744896,54.53480911,1.156387665,4.823788546,69.97797357,31.45467949,12.8,,33.4
32510,NV,Carson City,16.6,0.428311378,3.625067531,0.749544919,1.106471062,0.142770454,64869.0,19.16642508,22.06893023,25.35854977,2.744270325,14.26247215,2.315864868,1.840072307,63.20708061,37.8341713,11.8,0.124924153,32.6
33001,NH,Belknap,11.4,0.568634152,3.127294786,0.89356792,1.283488512,0.194960281,75781.0,17.66266384,24.25712267,1.979436465,2.255423069,11.35223961,0.913586061,0.508594302,92.16545012,18.59162903,7.6,0.162466899,30.3
33003,NH,Carroll,12.1,0.833892643,3.851067713,0.752537251,2.135578632,0.345760375,66874.0,15.04979344,30.04370647,1.534715708,0.45115453,1.534890771,0.714471032,0.261440517,93.69349592,14.15075111,7.9,0.244066149,28.5
33005,NH,Cheshire,12.1,0.695282578,3.693315931,0.590334237,0.787112355,0.157422468,67883.0,17.98765335,21.21295352,2.356849512,4.231965065,19.2833519,1.395537419,0.847524131,90.59091266,14.9507618,9.9,0.078711234,31.2
33007,NH,Coos,20.5,0.962340415,5.350566089,0.73779434,1.154808521,0.320780128,53602.0,16.31380325,26.05859025,2.149162083,5.178309441,16.93179893,0.617244467,1.579889983,91.5600614,22.70054054,12.5,0.192468077,35.9
33009,NH,Grafton,11.7,0.683640063,4.610397265,0.849036813,1.466518164,0.341820031,77378.0,15.82124278,21.73884414,2.830395751,2.505449057,10.48892117,3.133299677,0.859325271,88.2043065,14.27466202,8.6,0.231555507,28.8
33011,NH,Hillsborough,9.9,0.425089866,3.118406422,0.678233266,0.883613765,0.160005733,90806.0,20.02023942,16.58213871,7.92032856,4.079732418,32.28143311,3.880719824,2.374821782,81.01726735,14.32986641,7.3,0.193439767,29.8
33013,NH,Merrimack,9.3,0.465201616,3.694717256,0.668317795,0.760047674,0.157251254,80842.0,18.56405389,19.4294185,2.522625611,3.091001511,16.15127754,1.958935816,1.648808905,89.23593051,13.72180939,8.7,0.144146979,30.7
33015,NH,Rockingham,4.9,0.485051721,2.511045893,0.963678956,1.079320431,0.131702796,104281.0,19.12590395,19.09757588,3.264730597,5.206726551,43.04330063,1.988375942,0.660776125,90.10841057,6.722463608,4.6,0.308377266,31.7
33017,NH,Strafford,10.0,0.501775205,4.814151366,0.669033647,0.737457514,0.15965575,91928.0,17.90371995,16.49183659,2.990320042,5.66513586,24.24682236,3.417399476,1.095584809,87.55433994,15.58861065,8.9,0.09123186,32.9
33019,NH,Sullivan,12.1,0.600919843,6.87026504,0.46224606,0.531582952,0.138673812,64919.0,18.66335369,22.45547222,1.908831247,8.469528198,33.86808014,0.935838191,0.42960314,90.85061422,12.81577206,9.1,,32.3
34001,NJ,Atlantic,22.6,0.28903383,5.811315968,0.764418423,1.270227671,0.28903383,65693.0,20.59526325,18.93208127,19.56515404,7.823757648,30.11383247,7.854400548,14.21390429,54.22206357,37.32624817,15.1,0.121698454,33.2
34003,NJ,Bergen,9.1,0.249356717,3.160346575,0.902843297,1.067289829,0.25365597,104777.0,20.97847514,17.71186902,21.4163594,0.894750595,10.25940514,16.47951518,5.222070622,53.56302813,10.0675087,7.5,0.237533778,25.8
34005,NJ,Burlington,9.8,0.304525793,3.119352435,0.745640337,0.613529921,0.154502049,94043.0,20.88403412,17.66790802,8.744424717,5.032445431,36.28916168,5.625081193,16.19689949,63.7660763,14.86821079,7.6,0.172415331,32.6
34007,NJ,Camden,16.8,0.309781402,5.39763393,0.785305679,0.611670256,0.280184448,77675.0,22.34658109,16.35978108,18.1963189,4.452288151,20.00115395,6.175535116,18.17339561,53.34899758,37.40232086,12.0,0.130226567,32.8
34009,NJ,Cape May,13.7,0.316780627,4.237703521,1.92253077,3.233347178,0.305857152,74896.0,17.10212779,27.94579218,7.836200833,8.743701935,32.8264122,0.937404869,3.469342767,84.02002876,29.90481949,9.0,0.185698986,31.7
34011,NJ,Cumberland,20.9,0.278896391,6.108008231,0.571397483,0.510176301,0.278896391,58030.0,23.17907001,15.85123774,34.41667964,11.68432236,35.17203903,1.330504956,17.10973585,42.69033162,55.77870941,14.4,0.142849371,36.8
34013,NJ,Essex,19.8,0.198625609,7.379223597,0.727044702,0.743284523,0.449718356,66191.0,23.41246318,13.2613508,24.35407906,0.748623192,8.099606514,5.436549469,37.52118723,27.22211159,48.54834747,15.1,0.139912382,29.1
34015,NJ,Gloucester,9.8,0.334191561,3.531539557,0.750225902,0.586540282,0.14663507,93783.0,21.50654661,16.47402859,7.322341826,6.468941689,41.32143021,3.134365882,10.42594296,74.54828743,19.21573067,7.7,0.153455302,36.3
34017,NJ,Hudson,23.3,0.275434524,6.232393966,0.798015654,0.866502106,0.38709715,79159.0,19.60436171,11.35263101,40.42455446,0.118932962,0.680313051,17.02742897,9.848190118,28.49263438,43.78466034,15.9,0.159305364,30.7
34019,NJ,Hunterdon,4.1,0.23237738,2.03590035,0.673093081,1.073743701,0.184299305,122095.0,19.33119809,19.262953,8.475575236,2.632977009,20.42158318,4.402584007,2.349802632,81.17055845,5.657187462,4.1,0.24039039,26.5
34021,NJ,Mercer,11.8,0.261410147,5.537008011,0.776061356,0.767892301,0.313147575,86499.0,21.3424898,15.36866835,21.73207002,3.669639111,27.95477104,12.47741003,18.68229462,43.5224867,25.71735764,10.4,0.196057603,30.7
34023,NJ,Middlesex,9.4,0.320880562,3.802205893,0.80220145,0.758444965,0.262538642,98992.0,21.2188442,15.24140312,22.43924084,3.902510881,25.04345894,26.41138048,9.119840771,38.5973896,13.45672607,8.0,0.131269321,26.9
34025,NJ,Monmouth,8.8,0.318573833,3.10952963,0.937933087,1.104497075,0.242568895,107500.0,20.50060984,18.4632117,12.54321295,4.699975491,34.07674789,5.594648975,6.087179447,71.59948106,10.83919144,7.4,0.263591528,29.3
34027,NJ,Morris,5.7,0.254537374,2.291402245,0.832846344,1.007968068,0.197521016,122525.0,20.75301648,17.64650441,15.05267188,3.684001923,40.34281921,11.32960916,3.060368949,66.99097755,7.381584167,5.6,0.281009257,25.9
34029,NJ,Ocean,19.2,0.265369892,4.153402843,0.722847998,0.722847998,0.174199864,75732.0,24.26584477,22.65104068,10.40897385,8.865035057,43.64505768,1.779423096,2.76964796,81.69402209,19.9028759,11.4,0.096054129,33.2
34031,NJ,Passaic,21.3,0.203844264,6.241400048,0.7314412,0.783401489,0.425674796,74016.0,22.95322809,14.89034912,42.74419119,1.825663447,15.21968079,5.763778386,9.894527568,38.83514781,50.38367462,14.1,0.091929764,31.7
34033,NJ,Salem,19.2,0.400313854,5.033732008,0.640502155,0.400313854,0.192150652,69844.0,22.0537656,19.2359301,10.07912149,8.42713356,20.82210159,1.000971667,13.95653716,69.83512501,36.23640823,12.0,0.096075326,36.3
34035,NJ,Somerset,6.3,0.25506255,2.111287721,0.807698011,0.865390718,0.203442737,123708.0,21.47231448,16.22360371,16.61420948,3.204227924,40.21159744,19.42836626,8.82554776,51.36972617,8.428196907,5.5,0.245953158,26.9
34037,NJ,Sussex,7.3,0.321423978,2.896655876,0.535706639,0.83570236,0.19285439,99695.0,19.25933117,18.58397875,9.922272069,5.345859051,42.72038269,2.02328371,1.981680893,81.99014013,9.135583878,6.1,0.14999786,29.3
34039,NJ,Union,12.1,0.250272781,3.760033125,0.788629353,0.849847138,0.291684836,85926.0,23.37536608,14.27752044,33.9829146,0.943538427,10.96178722,5.555449339,19.51194501,36.71623113,21.1597538,9.3,0.185453936,28.0
34041,NJ,Warren,11.3,0.359766722,4.294336119,0.738468528,0.871014178,0.208286002,82900.0,19.89656305,18.8403021,11.15094133,7.819100857,35.05494308,2.632443082,5.083369819,76.8525613,16.79384804,9.3,0.170415819,29.1
35001,NM,Bernalillo,18.2,0.28606385,7.776700033,0.883130431,0.649878383,0.112958543,59723.0,21.0916203,17.54794188,48.70780138,6.033350945,19.41802979,2.842216059,2.641903838,37.45395036,63.69028091,15.2,0.12176051,28.1
35003,NM,Catron,36.8,1.932100415,5.767599661,,,,40273.0,10.1424979,43.33612741,16.82034088,44.09876251,100.0,0.223526125,0.977926795,76.50181615,48.69353104,19.8,,33.0
35005,NM,Chaves,35.7,0.448146373,9.355236403,0.664492905,0.587226272,0.092719942,45098.0,26.37629111,15.92461286,56.93478828,16.33398628,28.15223312,0.937735009,1.453412527,37.51707414,78.40501404,27.6,0.108173266,42.0
35006,NM,Cibola,34.0,0.37944904,9.603428969,0.531228662,0.37944904,0.151779622,42862.0,23.6051818,17.31929928,31.81215958,21.92099762,39.30725098,0.739732077,0.934785809,20.38127484,84.30409241,26.4,0.113834709,38.3
35007,NM,Colfax,28.7,1.341494083,8.300929839,0.586903691,1.593024254,0.335373521,42787.0,18.39832082,26.68119803,47.45297489,14.63506222,28.47649574,0.484378784,0.201824493,48.06652135,64.90176392,18.8,,35.6
35009,NM,Curry,24.5,0.450884342,9.037723584,0.573852777,0.655831754,0.102473713,50322.0,26.77472641,13.1798472,45.00516209,12.93207359,32.3706665,1.513524675,5.18893248,43.46892422,66.99219513,18.9,0.081978969,34.9
35011,NM,De Baca,30.8,,6.25,,,,40181.0,19.9057715,27.50294464,38.51590106,7.792908669,17.28959084,0.23557126,0.176678445,57.89163722,77.9537735,19.6,,33.1
35013,NM,DoÃ±a Ana,22.7,0.235015497,9.871410343,0.619175434,0.465511471,0.099429637,46619.0,23.87445858,17.28175769,67.25784634,16.50774193,32.85469437,1.119506652,1.444701017,27.21293855,77.23498535,19.3,0.058753874,36.0
35015,NM,Eddy,17.2,0.616248429,6.844257545,0.667602479,0.599130392,0.068472043,66191.0,26.3070899,14.18782296,50.24071637,10.17161083,30.46512794,0.92756042,1.269377668,43.55201078,60.84597397,13.8,0.119826078,39.1
35017,NM,Grant,26.7,0.407301813,9.445299333,0.592438996,0.777576208,0.148109749,46503.0,18.99591982,28.7883626,47.77718645,10.7069273,26.57279205,0.677665425,0.883448643,46.53893915,81.97566223,18.6,,35.0
35019,NM,Guadalupe,29.9,1.403508782,5.749867515,,1.403508782,,37534.0,19.45193172,19.20485175,77.17879605,14.35089302,28.48679352,1.100628931,1.437556155,17.27313567,89.57115173,25.8,,35.6
35021,NM,Harding,31.6,,1.688555347,,,,44080.0,14.61187215,38.20395738,42.92237443,48.14814758,100.0,0.0,0.304414003,53.57686454,33.5684433,17.4,,35.0
35023,NM,Hidalgo,31.6,0.730638087,5.344995141,,0.974184096,,40226.0,22.47486836,21.70895165,57.20440402,15.9443388,34.43521118,0.263283868,0.335088559,39.3729057,91.28916931,24.1,,34.9
35025,NM,Lea,23.3,0.431574553,8.881879425,0.779618561,0.598635674,0.09745232,51749.0,29.17063998,11.10200792,60.69840843,7.158844471,20.69598007,0.854207239,3.353703579,31.93203949,51.16246796,18.8,,35.5
35027,NM,Lincoln,29.9,0.651988566,7.377585426,0.852600455,1.655047894,0.150458902,50472.0,17.71671025,29.71039518,32.04894173,15.32820129,38.3944664,0.680842666,0.335487691,60.87621491,59.51485443,18.4,0.250764847,30.5
35028,NM,Los Alamos,3.2,,1.702283679,0.822114885,0.462439626,0.154146537,134050.0,22.49858386,18.12142747,17.68886142,5.03830862,44.5509758,6.29795561,0.808486534,69.24146455,5.750522614,3.7,0.359675258,22.4
35029,NM,Luna,37.4,0.669316053,9.886359073,0.75298053,0.962141812,,35040.0,24.8122075,21.72887089,65.56023125,23.86466599,37.4185524,0.62925237,0.896684627,30.16871829,108.3734207,27.6,0.167329013,38.7
35031,NM,McKinley,38.0,0.522421777,18.15036262,0.762453377,0.508302271,0.141195074,40149.0,27.73860799,13.36040164,11.81174728,34.09993362,54.69831085,1.282543689,0.443060547,8.156154838,77.13487244,30.3,,37.4
35033,NM,Mora,31.8,0.893255889,2.586002373,,,,41734.0,16.47171163,28.98066364,78.8016233,59.96035385,99.99931335,0.334208642,0.238720458,18.23824302,69.07846069,21.9,,37.0
35035,NM,Otero,27.7,0.264834404,7.363587927,0.456103683,0.397251606,0.117704183,49845.0,23.02657763,17.99997052,38.55009655,7.901750565,23.91879654,1.475552411,3.388906086,45.5947169,45.55151749,19.9,0.058852091,38.8
35037,NM,Quay,33.7,0.975966811,9.113475177,0.853970945,0.853970945,,35776.0,21.93002515,26.05762634,43.99725589,18.20368958,38.03369141,0.548822319,1.017608049,50.6974617,105.526413,22.3,,36.0
35039,NM,Rio Arriba,26.0,0.363438129,12.32777736,0.623036802,0.415357858,0.103839464,47042.0,21.24718182,21.03907044,67.28687164,0.0,38.16836929,0.577261353,0.396402646,14.72883581,106.904892,20.4,,38.8
35041,NM,Roosevelt,26.9,0.435967296,9.99116315,0.599455059,0.544959128,,46977.0,24.75639623,14.53806472,43.7548851,14.74964714,31.61528206,0.901464228,2.308373717,48.60611745,67.62942505,21.1,,34.3
35043,NM,Sandoval,11.3,0.208187819,5.10833476,0.496964484,0.335786819,0.08730457,72545.0,23.43416155,19.56139054,38.71225661,18.42216682,53.10556793,1.558783611,1.896744024,42.61526264,36.01817322,9.4,0.067157365,31.1
35045,NM,San Juan,32.2,0.478461146,11.29114802,0.875827193,0.429804087,0.097314127,49977.0,26.30012905,15.64346833,19.42282243,19.21331024,39.11338425,0.716745711,0.455363674,35.82331232,48.53609848,24.3,0.064876087,38.1
35047,NM,San Miguel,29.7,0.552608311,10.71428571,0.699970543,0.626289427,0.110521659,43564.0,19.44781442,21.69405537,75.32811294,22.67533112,45.40672684,0.485276277,0.970552553,20.02499908,114.3776398,21.4,,35.1
35049,NM,Santa Fe,17.9,0.210601136,4.963924009,0.730522692,1.079330802,0.14478828,67311.0,17.42183009,25.7255059,48.04001989,9.345155716,30.20224571,1.44552166,0.788642514,43.83134289,47.01066971,12.3,0.131625712,23.1
35051,NM,Sierra,50.2,0.644152045,9.172838405,0.644152045,0.920217156,,37660.0,15.38527989,35.8845888,28.60228058,14.96696663,29.21414757,1.027988943,0.604699378,64.84968901,117.3660355,26.7,,33.7
35053,NM,Socorro,36.8,0.423190862,8.90355011,0.483646691,0.967293382,,38817.0,21.2112082,19.45766797,50.33443808,27.28339767,50.15951157,1.777643869,0.729135282,32.30491112,104.3215866,22.2,,35.0
35055,NM,Taos,29.2,0.521584392,5.996131528,0.889761627,1.564753175,0.276132911,45626.0,17.52442808,27.37104584,50.53785265,13.80236435,28.21139526,0.568297138,0.376931775,39.74020702,71.41104126,18.6,0.12272574,29.0
35057,NM,Torrance,30.5,0.581170082,8.303732994,0.387446731,0.258297831,,45684.0,20.68461283,21.59521436,41.64174144,21.64580536,40.66382599,0.338983051,0.804253905,51.58524427,112.2680664,22.7,,34.8
35059,NM,Union,27.8,0.745156467,8.252427185,1.490312934,0.993541956,,41518.0,20.0784506,20.76489336,39.12723707,11.00983524,26.81342697,0.147094876,1.593527825,54.76832557,41.37688446,19.5,,35.4
35061,NM,Valencia,24.3,0.309382021,6.599594868,0.567200363,0.373836607,0.064454585,50510.0,23.70710583,18.30850994,60.06823699,26.91902161,58.79921341,0.4474772,0.98025064,32.34827111,77.36161804,18.8,0.090236418,35.5
36001,NY,Albany,16.1,0.549968064,5.843447293,1.10652256,1.030778408,0.283217072,74512.0,18.73062557,17.68853542,6.85886523,5.542281151,31.40259743,7.738019616,12.9163914,66.98311566,31.49280739,11.9,0.181127205,33.5
36003,NY,Allegany,20.3,0.39484942,7.899737798,0.39484942,0.767762721,0.285169005,55320.0,20.64964698,19.60349578,2.077234372,1.324866772,3.880245447,0.802910281,1.741432754,91.11201998,33.92414474,14.6,,34.3
36005,NY,Bronx,34.3,0.260501802,12.28726246,0.675163567,0.442496181,0.778650582,43143.0,23.73802672,13.13071502,54.76255794,0.000549663,0.55486691,4.601624007,28.47871937,8.881651766,59.06277466,26.4,0.041394804,37.2
36007,NY,Broome,17.6,0.538485885,9.121301227,0.791891038,0.839404523,0.205891669,55729.0,18.64175596,19.78377617,5.176587831,3.673752308,16.36899757,4.699445851,5.811770509,78.60410805,39.94826126,14.1,0.100306198,33.3
36009,NY,Cattaraugus,21.6,0.487721294,7.177622078,0.645901144,1.041350842,0.224088162,54602.0,21.83873731,20.2136497,2.096259183,2.414954424,7.871064186,0.726876249,1.292801329,87.68463955,39.51750565,16.1,0.092271596,36.5
36011,NY,Cayuga,21.5,0.47350353,6.867620503,0.618185163,0.73656106,0.157834515,62839.0,19.7198615,20.33627112,3.457139859,0.993632674,3.304559946,0.497062218,3.576487252,86.97015004,33.65492249,14.8,0.052611504,41.0
36013,NY,Chautauqua,23.2,0.38085565,8.142360828,0.745842338,0.991811633,0.222165793,48102.0,20.63576615,20.94518906,9.219235921,5.647708893,14.42107487,0.623545908,2.264662337,83.08435887,52.30351639,17.2,0.071410432,34.7
36015,NY,Chemung,18.3,0.520442486,7.078970741,0.593062401,0.76250875,0.193653017,59155.0,20.99039787,19.74853829,3.491467415,6.183996201,24.90143013,1.694633265,5.952607311,82.66268955,47.20090866,14.9,0.108929828,34.2
36017,NY,Chenango,20.8,0.620586336,5.711519845,0.534988225,0.77038306,0.213995293,58177.0,20.56543837,21.69843287,2.365523083,1.81331861,4.061108589,0.499788225,0.730622618,91.3871241,37.03901672,13.3,0.085598119,37.5
36019,NY,Clinton,20.9,0.60166961,6.355423764,0.68941313,0.802226186,0.1629522,60094.0,18.54263993,18.17942713,3.577019902,3.226374865,9.279558182,1.198602257,3.448016733,86.73396541,39.63916397,15.1,0.037604351,41.8
36021,NY,Columbia,15.3,0.755870581,4.182859823,0.755870581,1.293378592,0.302348226,69403.0,17.41432516,24.73282443,5.752801689,7.129683971,16.74766731,2.311190515,3.932109794,82.49959396,26.57025146,10.5,0.11757987,33.0
36023,NY,Cortland,15.5,0.635957003,5.667276051,0.805545568,0.784346998,0.190787107,62292.0,19.13948172,18.24221838,3.542053879,4.311292648,17.63157845,2.174795445,1.771026939,87.16486146,34.82394409,11.0,0.127191395,34.0
36025,NY,Delaware,23.4,0.773817658,7.333694909,0.523464859,1.297282577,0.204834089,53385.0,17.51151034,25.03385393,4.480003611,3.697584867,11.44576931,1.08332581,2.263699558,87.61623183,28.65401268,15.9,0.06827803,35.9
36027,NY,Dutchess,11.6,0.484157473,4.295375421,0.886485517,1.053553939,0.272764772,87370.0,19.02193565,18.4886672,14.26915525,5.65729475,35.86144638,3.59398603,10.18076381,67.07929073,18.18289757,9.7,0.112515472,34.3
36029,NY,Erie,19.2,0.431729496,6.440854601,0.829662025,0.844925165,0.300902367,63014.0,20.13296501,18.59592386,6.251912525,5.754789352,20.90292358,4.830042044,13.61025994,71.07633751,44.2296524,13.7,0.14936097,32.7
36031,NY,Essex,16.2,0.786099613,4.366011574,0.758992732,1.761947393,0.433710128,62884.0,18.02787512,23.80888687,2.6163024,0.657721639,2.862895489,0.612610685,1.631845055,90.19020358,25.04224205,11.3,0.081320651,36.0
36033,NY,Franklin,21.3,0.540378273,9.62390929,0.640448332,0.66046232,0.260182142,54960.0,20.37640627,18.84765009,2.916622858,7.580832958,20.72543526,0.401640206,3.545368521,81.08295658,37.29610825,16.7,0.060042031,36.6
36035,NY,Fulton,21.6,0.511247456,6.638164675,0.738468528,0.757403612,0.208286002,56169.0,19.8897307,20.97742105,4.001950341,3.805250406,12.5445919,0.643237567,1.811567024,88.23606631,42.7049408,13.6,0.07574036,36.3
36037,NY,Genesee,14.2,0.438642651,4.449444474,0.614099741,0.929922462,0.15791136,62785.0,19.78831267,19.92018908,4.713297253,1.545612216,9.766950607,0.705624443,2.325820374,87.27820785,22.99803543,9.6,0.052637119,35.3
36039,NY,Greene,17.9,0.763083696,4.275184275,0.657099843,1.695741534,0.275557995,61375.0,17.32907722,22.29663475,6.486407544,1.965435028,11.70697117,1.043166218,4.50439173,82.39761324,27.04707718,11.7,0.084787078,32.4
36041,NY,Hamilton,16.6,2.071346283,4.662283323,1.150748014,2.761795282,0.690448821,57427.0,13.04092422,33.77716859,1.95809673,12.1992979,53.34661102,0.234971608,0.587429019,93.38163305,19.19831276,9.6,,37.3
36043,NY,Herkimer,19.6,0.4430224,4.709578776,0.623512983,0.8860448,0.164082363,59366.0,20.6471674,21.57501788,2.544106154,4.176801682,12.39382076,0.596950398,1.134039475,90.87779976,40.47775269,13.3,0.082041182,37.8
36045,NY,Jefferson,17.6,0.582820654,6.452458187,0.730838597,1.017623425,0.259031415,59430.0,22.8604964,14.81310133,6.845383436,5.86739254,15.23918629,1.871985333,5.372640742,79.46727667,38.23334503,12.4,0.037004486,37.4
36047,NY,Kings,25.8,0.263496399,8.274110919,0.849963009,0.854295552,0.795215607,66943.0,21.7721816,13.61849131,18.8747088,0.00164707,0.014900838,13.55138786,26.66945412,35.39476637,62.44914246,19.2,0.083105743,26.9
36049,NY,Lewis,18.8,0.534616411,4.483098378,0.420055747,0.992859066,0.152747542,59978.0,23.1735761,19.79158829,1.730494319,4.488314152,13.56959057,0.244526371,0.38748025,93.83041156,30.15172958,12.6,,35.9
36051,NY,Livingston,14.1,0.625020027,6.028067191,0.737203121,0.7692554,0.176287696,65221.0,18.96205971,19.52323964,4.400491639,3.909716368,17.98459435,1.056053304,1.732056797,88.31872433,25.48025131,12.0,0.080130771,32.4
36053,NY,Madison,14.0,0.383098274,4.025568227,0.624308288,0.666874766,0.156077072,66419.0,19.33809692,19.03375676,2.459715361,5.784473419,16.78334618,0.976240884,1.574629499,89.63332157,25.7598114,10.4,0.070944123,34.4
36055,NY,Monroe,18.1,0.392765552,6.254141895,0.767984867,0.805776775,0.256444871,66003.0,20.31923396,18.50237608,9.578730728,6.860401154,33.90509796,4.252327034,14.84114015,66.64792486,41.62887573,13.3,0.140369818,36.1
36057,NY,Montgomery,24.5,0.650803328,8.156603502,0.69147855,0.772828937,0.162700832,55523.0,22.78123233,20.10215618,14.76217395,18.37029076,37.94712067,0.967051603,1.992651215,77.1965598,44.20378113,15.0,,36.0
36059,NY,Nassau,6.9,0.418845385,2.770866815,1.024913192,0.946472168,0.356684566,125118.0,21.2706355,18.41351107,18.3715272,0.48446238,5.554959297,11.68992975,10.54726625,55.84385438,8.996788979,6.1,0.193882495,26.9
36061,NY,New York,22.7,0.243798196,7.647089293,1.630284071,2.535997391,0.633999348,84371.0,13.72352739,16.71434752,23.76507377,0.0,0.000126114,12.96289629,11.78054491,46.82269628,58.71762466,17.4,0.367868513,21.2
36063,NY,Niagara,19.1,0.374287426,6.073192206,0.748574853,0.84454596,0.172748044,61068.0,19.82357311,20.05774313,3.676187073,5.264255047,19.84074402,1.146868799,7.620400064,81.67314004,36.06075287,13.0,0.110366799,34.6
36065,NY,Oneida,21.4,0.510235488,6.614528282,0.690577328,0.919303596,0.228726253,59804.0,21.39623048,19.33096392,6.544318794,5.597000599,18.24695396,4.532902531,6.457296715,77.96833603,46.34272766,14.2,0.087971635,38.2
36067,NY,Onondaga,19.9,0.516099274,7.231508512,0.857987761,0.718619227,0.228651568,65548.0,20.7191364,18.08438751,5.576308036,6.07886076,26.73101807,4.22210377,11.41829445,72.88107849,40.78944397,14.2,0.156789646,35.1
36069,NY,Ontario,11.6,0.481419921,3.748447348,0.753921747,1.108174205,0.136250913,76137.0,19.69802059,21.53159402,5.435807146,3.046792984,9.89011097,1.221789468,2.168809689,86.60744456,23.82195854,7.8,0.109000735,34.1
36071,NY,Orange,18.0,0.430906922,5.552031766,0.789130747,0.890367925,0.25958249,88494.0,25.4185044,14.29867185,22.36276195,5.970878124,33.80535889,2.906730458,10.30151255,57.7727941,27.00912476,12.2,0.109024644,37.3
36073,NY,Orleans,22.8,0.350192606,7.640591632,0.350192606,0.500275135,0.150082543,56140.0,20.20920606,18.66742682,5.173140322,3.825790405,9.242123604,0.381726694,4.560890365,84.36903552,36.5680275,16.1,,36.2
36075,NY,Oswego,23.1,0.421157569,8.455607393,0.653223991,0.696199238,0.171901047,59394.0,21.0431823,17.39714954,3.076792172,2.469590425,7.887203217,0.740268028,1.165709424,89.94681983,42.95950699,15.7,0.111735687,38.5
36077,NY,Otsego,18.3,0.715490341,5.786847397,0.562170982,1.090270996,0.255532265,61664.0,17.18952908,21.78593398,4.087212084,10.63275528,34.20439911,1.389173672,2.031645137,87.98099925,28.12416649,13.8,0.119248398,35.5
36079,NY,Putnam,7.0,0.446555436,3.116910014,0.751025021,0.93370682,0.263873667,107014.0,19.8611623,18.2147684,18.18405209,6.696394444,53.55994415,2.197239628,2.482901257,73.65974526,7.389308453,6.6,0.172532782,30.1
36081,NY,Queens,17.0,0.289780706,4.943589076,0.927747548,0.842385769,0.591691792,72807.0,18.95663373,15.62679799,27.76433154,0.074554645,0.570364594,27.29548229,15.85452952,22.83792233,62.80910873,13.6,0.069187954,24.7
36083,NY,Rensselaer,16.9,0.537607193,4.960448996,0.765299678,0.733675718,0.221367672,74106.0,19.26953392,17.66275678,5.884689381,4.096446514,23.62350082,3.544343077,7.32327934,77.32886489,25.90159798,12.3,0.025299162,34.6
36085,NY,Richmond,16.5,0.309260786,5.176116662,0.698466539,0.647974968,0.410243899,84744.0,21.45328161,17.1785205,19.55836344,0.156763524,0.999840617,11.85140808,9.447359238,56.07315828,63.43895721,11.9,0.107294559,29.4
36087,NY,Rockland,26.3,0.315733016,6.29446209,0.827649653,0.928806782,0.306536913,98054.0,29.20618688,15.65369803,19.64094121,4.358373642,27.64845657,6.033476291,9.98288648,60.92087879,33.09270096,15.2,0.156333819,32.0
36089,NY,St. Lawrence,19.5,0.54112047,8.446458619,0.494472176,0.699724793,0.167933941,55531.0,20.49767292,18.20745588,2.610017972,7.289181709,16.42942238,1.003640385,2.569466845,88.98760426,36.29550171,15.0,,37.1
36091,NY,Saratoga,8.8,0.464615405,3.064867482,0.703436434,0.976995051,0.117239401,87154.0,19.91134097,19.02475065,3.680114136,3.573747873,24.36357689,3.160813387,1.59314506,86.52790339,17.07425499,7.7,0.143292606,32.1
36093,NY,Schenectady,18.3,0.50850296,5.123270334,0.740225792,0.662984848,0.30252707,72357.0,21.37149581,17.85323388,7.911502521,2.981472254,18.82271385,5.239116544,10.08661213,66.35286377,39.64338303,12.9,0.115861431,34.3
36095,NY,Schoharie,18.5,0.513940632,5.740487942,0.353334188,0.803032279,0.128485158,67080.0,18.08238541,22.17136703,3.617823248,1.266501784,6.876482964,0.706737565,0.932220502,89.71528572,32.66199875,12.9,,37.6
36097,NY,Schuyler,22.2,0.452360749,6.453254906,0.508905828,1.413627386,,57706.0,18.94066376,22.70644765,1.838194212,0.355540305,0.816811085,0.603419376,0.508436697,92.84836295,32.90924454,13.6,,37.6
36099,NY,Seneca,20.5,0.411873728,5.025465799,0.706069231,0.67664969,0.176517308,60985.0,20.68374046,19.94735908,4.042704205,2.060899496,6.570611,0.792571124,3.735139291,86.57065121,28.96600151,13.4,,37.4
36101,NY,Steuben,18.4,0.528222978,5.518708953,0.570480764,0.718383193,0.221853644,57584.0,21.51756711,20.27162763,1.835783895,4.400601387,14.14418221,1.726790904,1.513079159,90.120106,32.66178513,13.7,0.063386753,36.6
36103,NY,Suffolk,7.5,0.443608463,3.381740672,0.944194198,0.936054587,0.296417296,112681.0,20.4144385,17.74286988,21.82021338,4.040906429,28.50735474,4.260970431,7.029726329,63.39323162,21.35187912,6.4,0.16957511,29.8
36105,NY,Sullivan,27.8,0.725574493,7.007315032,0.804728091,1.081765652,0.435344726,57017.0,21.41585267,18.66732804,17.81517094,2.845617533,4.648905754,1.995573871,7.719017094,67.01643264,47.49435043,17.1,0.065961324,34.8
36107,NY,Tioga,16.6,0.396626592,4.039940798,0.459251851,0.793253183,0.208750829,64052.0,21.42193788,20.34052213,2.305231658,1.060449362,8.309746742,0.763595088,0.895676401,91.20833763,30.05664063,11.7,,35.2
36109,NY,Tompkins,14.0,0.356231064,11.46789991,0.692671537,0.999426067,0.197906151,65402.0,14.84017401,15.17022886,6.692831473,5.448311329,15.15502834,9.917722716,4.041989786,72.57140155,21.82492638,16.2,0.148429617,33.0
36111,NY,Ulster,14.2,0.579576373,7.292815142,0.821535468,1.361723185,0.253212988,77427.0,17.81348467,20.43816091,11.61335379,6.136865616,23.35189056,2.077525007,5.582592342,75.16868205,28.47942734,11.3,0.123793021,32.2
36113,NY,Warren,15.4,0.674446344,3.790343722,0.988142312,2.180186987,0.329380751,69314.0,17.84991709,23.20610919,2.665165736,5.33446312,31.80028915,1.10896451,1.119613003,90.20642865,29.16588211,10.2,0.141163185,34.7
36115,NY,Washington,18.3,0.396000385,4.142512077,0.610500634,0.528000534,0.16500017,61633.0,19.26527683,20.2962383,2.872663208,2.364860296,7.454498291,0.520374539,2.549672115,89.07539721,29.88427925,12.3,0.066000067,36.0
36117,NY,Wayne,13.8,0.414152831,5.081012882,0.749952435,0.604439259,0.179093122,65299.0,21.4048618,19.61153775,4.945060964,1.94234848,6.118927479,0.518168772,2.625899675,86.79600802,26.51324272,10.0,0.067159921,37.2
36119,NY,Westchester,11.4,0.324083,4.002665168,0.824185491,1.091320992,0.436942548,109131.0,22.10298699,17.44514698,26.81389049,1.358505607,14.04479885,6.461899315,13.04286794,49.5475665,22.62083817,9.4,0.238144055,26.6
36121,NY,Wyoming,12.0,0.557455957,4.120494036,0.608133793,0.608133793,0.202711269,66261.0,18.83990032,18.96079544,3.676198465,4.26445055,21.70919418,0.535392662,4.569341985,87.78219141,17.94205856,9.4,0.101355635,35.8
36123,NY,Yates,18.9,0.363196135,6.494389663,0.403551251,0.847457647,0.403551251,63619.0,22.94340841,21.88584807,2.720594171,0.179223657,0.594209492,0.375393558,0.585291031,93.03705498,23.57075691,10.6,,35.3
37001,NC,Alamance,17.6,0.431874692,6.235859986,0.747026503,0.752862632,0.151739761,58847.0,21.84522941,17.42554619,14.41122422,11.11197567,24.99435997,1.639879824,19.57529971,59.78881661,37.48069382,12.5,0.116722889,38.0
37003,NC,Alexander,18.3,0.267086893,4.460448037,0.400630325,0.480756402,,52989.0,19.67676435,20.2612227,5.037866315,7.593864441,20.40504646,1.070135002,5.265612995,84.76841181,35.85863876,12.6,,33.8
37005,NC,Alleghany,28.4,0.625334978,7.877218935,0.625334978,1.518670678,0.268000722,45239.0,17.87288758,28.0859662,11.82953711,1.990655303,4.276329994,0.137766348,0.945995591,84.36811168,38.11565781,17.8,,36.6
37007,NC,Anson,30.5,0.580985188,8.213277174,0.705482006,0.456488371,,40773.0,19.08864203,20.29471775,3.015189299,4.626757622,8.414905548,1.002040354,44.60666516,48.02992519,72.86522675,21.2,,43.1
37009,NC,Ashe,22.4,0.478539348,5.984885885,0.625782251,0.699403644,0.220864311,45551.0,17.28186026,27.21902397,5.715468262,10.58077335,22.15604019,0.383790496,0.47033149,90.40900026,41.45807266,14.2,,33.9
37011,NC,Avery,24.0,0.626031518,6.138613861,0.682943463,1.536622882,0.170735866,48470.0,15.17466023,24.5479052,5.543075368,0.193396091,0.301313251,0.31450073,3.644838818,87.32449736,32.24062347,17.0,,33.1
37013,NC,Beaufort,32.0,0.658551633,6.755232768,0.807256818,0.743526042,0.169948801,50312.0,19.36531398,25.93388874,7.688345427,9.189439774,20.74079895,0.36728478,22.83212398,65.91194123,54.4261055,20.1,0.106218003,38.3
37015,NC,Bertie,30.8,0.801624596,9.082240763,0.42753312,0.21376656,,41280.0,16.93989071,22.80584365,1.840080294,24.48535538,45.94849014,0.351288056,59.51823352,35.11765362,75.59320068,20.7,,43.5
37017,NC,Bladen,30.6,0.698854506,12.42685142,0.729239464,0.455774665,0.182309866,42398.0,20.87414713,22.03269608,8.599608188,7.251146317,14.38751698,0.158751604,32.10497872,53.46889144,65.90248108,21.6,,38.6
37019,NC,Brunswick,18.4,0.342192322,5.44202844,0.751481175,0.858835578,0.154322028,67286.0,14.69497341,34.40337106,5.428222367,8.61262989,28.02647972,0.651094057,8.334003936,80.99610075,30.01954651,9.8,0.080515839,30.9
37021,NC,Buncombe,17.0,0.432675332,3.890304165,1.001984954,1.16518712,0.242905453,63838.0,18.39956653,20.58028888,8.135771863,9.815886497,29.42600441,1.215058712,5.573163309,79.74036192,37.29927063,11.7,0.174588293,26.2
37023,NC,Burke,19.9,0.552987218,6.679846984,0.696763933,0.508748233,0.154836431,53758.0,20.04339386,20.88386434,8.203722736,10.00510883,24.90929031,3.597122302,5.437935366,78.41041453,43.40765381,14.3,0.044238977,32.0
37025,NC,Cabarrus,12.7,0.397328854,3.830076264,0.835293651,0.668234885,0.167058721,79148.0,25.80335158,13.57549025,12.07374537,8.268493652,31.66428757,5.284671662,18.46158615,59.24651468,28.58246994,9.4,0.162543625,34.6
37027,NC,Caldwell,21.2,0.560292304,5.141714659,0.730816066,0.511571229,0.14616321,44705.0,20.106135,20.9009076,6.104002381,15.36831379,35.098526,0.65342459,4.764915935,84.14918415,46.06780243,14.8,0.073081605,35.0
37029,NC,Camden,9.8,0.455207586,1.50680962,0.273124546,0.364166051,,79162.0,23.83389667,16.32061806,3.283437953,1.049647093,3.623453617,1.139546113,10.1303718,79.18879768,23.03350258,8.0,,34.3
37031,NC,Carteret,17.9,0.646942139,3.945670119,0.948848426,1.509531617,0.21564737,63146.0,16.95032946,26.44860089,4.608043022,7.703338146,33.18582916,0.862807671,4.739532547,85.00723931,31.85710716,11.8,0.11501193,31.6
37033,NC,Caswell,27.8,0.534687877,7.09922251,0.356458575,0.178229287,0.133671969,50879.0,18.20900774,22.44458128,4.407107671,3.013116837,8.656970024,0.268296974,29.92610837,61.73469388,57.26358795,20.7,,35.5
37035,NC,Catawba,17.9,0.573898852,6.181461351,0.854610205,0.867086291,0.180902898,59841.0,21.19668763,18.99072287,10.81937613,9.787833214,28.24795151,4.319158209,7.862524127,72.29935869,43.77018356,13.5,0.10604652,34.1
37037,NC,Chatham,16.7,0.448856741,3.557918826,0.58087343,0.554470062,0.224428371,82764.0,20.31460969,25.41390837,13.59638199,4.550671101,11.23697281,2.118371895,10.18286688,69.59035197,21.92357063,12.2,0.132016689,30.7
37039,NC,Cherokee,26.9,0.378357917,8.149357564,0.756715834,0.89430058,0.171980873,44211.0,16.41412386,30.41287273,3.12434837,3.182451487,8.741196632,0.549106833,1.296309168,88.15597414,38.68136597,13.9,,31.5
37041,NC,Chowan,28.5,0.506695628,8.667404947,0.796235979,0.506695628,,48568.0,18.92325649,26.89670266,3.866355413,16.28189468,35.099823,0.284505398,31.92296469,60.31514444,59.06019974,17.6,,39.4
37043,NC,Clay,25.2,,4.089661482,0.260756195,0.956106067,,51537.0,16.7282893,33.30327351,3.949860222,1.099764585,3.236461878,0.360717828,0.541076743,90.57624673,39.54077911,13.8,,32.7
37045,NC,Cleveland,26.8,0.797697783,9.006502406,0.76740545,0.555359244,0.171656489,49009.0,21.590852,19.32394819,4.058521488,6.053944588,13.78273106,0.858127594,20.13082929,70.50211517,64.41157532,18.0,0.070682079,37.8
37047,NC,Columbus,33.9,0.620959222,8.446251129,0.785330772,0.529641688,0.237425581,41206.0,20.36031053,20.95095115,5.1616854,3.672687054,8.215513229,0.308160322,28.64903305,59.29913281,62.29681778,23.4,,39.2
37049,NC,Craven,18.0,0.523544669,5.010566643,0.898916364,0.75074333,0.207442239,57628.0,20.78733122,21.39197776,7.143566322,8.695244789,34.35746002,3.037132645,19.7607228,64.46882446,40.25943375,12.6,0.098782018,36.1
37051,NC,Cumberland,21.7,0.517296731,8.36700932,0.894863904,0.65405333,0.169459283,52463.0,23.97379365,13.03297005,11.80002868,13.56077862,29.24068069,2.671721517,37.09668746,39.79380273,56.40194321,15.8,0.077297211,39.6
37053,NC,Currituck,12.8,0.516315579,4.165144319,0.860525966,1.170315266,0.30978933,82759.0,21.69395018,17.83629893,4.334519573,0.464772761,1.516551495,0.943060498,4.900355872,83.64768683,20.73580742,8.6,,33.2
37055,NC,Dare,14.0,0.985431612,3.37137214,1.811063409,3.648760319,0.452765852,68682.0,17.52675064,24.66747934,6.918596776,8.50600338,35.63447189,0.704320737,1.836651768,86.471624,24.54035378,8.7,0.133166432,29.5
37057,NC,Davidson,19.6,0.525899053,5.56927116,0.531808019,0.596806765,0.17726934,53473.0,21.75516486,18.99248209,8.229444148,9.544876099,25.24644661,1.444385248,9.37607293,76.65127568,44.55763245,13.6,0.100452624,34.5
37059,NC,Davie,14.4,0.462043166,4.896724488,0.554451764,0.669962585,0.115510792,67224.0,20.90279078,22.04298558,7.901760629,8.385403633,31.47609138,0.648529687,5.649466192,81.49700318,44.92984772,9.7,0.092408627,34.0
37061,NC,Duplin,28.4,0.629315913,9.324765361,0.629315913,0.408204913,0.238119543,45149.0,23.95976599,19.47244175,22.19644873,6.319470882,11.00034714,0.318177153,23.47736837,51.20599405,46.78623581,19.1,,39.4
37063,NC,Durham,19.3,0.354408413,6.78049115,0.922683954,0.776032209,0.155817494,71436.0,20.09278614,13.80924968,15.42454123,8.070446968,32.98355103,5.143258228,33.62497037,41.18054508,37.01683807,13.4,0.14665176,32.5
37065,NC,Edgecombe,33.0,0.727930903,12.1191065,0.49184522,0.35412854,0.236085698,41157.0,21.90388548,20.94274029,5.533742331,9.558917046,17.57352066,0.229038855,55.82617587,35.4601227,91.95865631,22.4,,40.5
37067,NC,Forsyth,19.9,0.416837096,7.501378781,0.765938163,0.828463733,0.234470859,60228.0,22.26979273,17.0861758,14.29415301,14.23260403,40.88824844,2.399174051,24.50090175,54.39922633,40.44904709,14.3,0.158919141,31.8
37069,NC,Franklin,17.4,0.431400388,5.589066776,0.500981092,0.264406681,0.139161408,63687.0,22.50010937,17.39022647,10.152684,2.16857934,4.240715027,0.659151561,23.01926414,61.66421186,40.47973633,12.5,0.069580704,38.0
37071,NC,Gaston,19.6,0.489919156,5.876747427,0.759153962,0.639984488,0.158892691,56017.0,21.97786289,17.06435381,8.803955375,11.90486717,33.18917847,1.539419943,17.44383464,67.4085188,50.12181854,14.9,0.083860032,36.5
37073,NC,Gates,20.7,0.436147928,6.802331136,,0.261688769,,59762.0,20.37602596,20.97728574,1.91830502,7.889174938,25.92558861,0.200419927,28.84138194,63.9912197,41.57943726,13.5,,37.3
37075,NC,Graham,27.6,0.708048165,6.505389822,0.354024082,0.826056182,,43647.0,20.67247821,25.14321295,2.727272727,1.015317678,2.652107239,0.249066002,0.572851806,85.74097136,47.98009491,17.1,,34.0
37077,NC,Granville,16.7,0.644777298,5.754266094,0.512515306,0.297589511,0.099196509,62715.0,20.98144019,16.96943861,10.18330273,8.457735062,23.05311394,0.600078699,30.02852833,55.10558762,35.56745911,14.0,0.099196509,37.5
37079,NC,Greene,31.8,0.477828741,7.906182899,0.286697239,0.382263005,0.191131502,42884.0,18.99662608,17.73018434,14.3562662,0.071203321,0.125812262,0.180920248,35.23544081,47.15661826,55.11754608,23.3,,41.2
37081,NC,Guilford,17.7,0.488417655,6.438182388,0.830680013,0.78257829,0.216457829,60915.0,21.71369243,16.11697047,9.634601209,7.288156033,24.20009041,5.305570489,33.14674514,47.22713325,49.16197968,13.5,0.123954482,33.5
37083,NC,Halifax,35.9,0.990319133,10.85713097,0.949897945,0.56589663,0.343580097,38944.0,19.8408128,22.33968163,2.990415861,6.394242764,10.80055714,0.577927687,50.8761466,39.2209288,84.21417999,27.3,,41.2
37085,NC,Harnett,17.8,0.408586144,6.864210851,0.612879217,0.357512891,0.131331265,61701.0,26.57747365,13.32504792,14.14934715,6.566129208,17.92393875,1.054144705,20.041477,58.30438428,40.08400345,13.3,0.05836945,39.4
37087,NC,Haywood,20.4,0.555802584,5.230001969,0.746363461,1.09572506,0.142920658,51817.0,17.71328255,26.17693955,4.556362641,3.278923988,9.498391151,0.579812849,1.056547859,89.68577365,42.064991,13.7,,31.5
37089,NC,Henderson,18.6,0.346152216,4.580219396,0.565663397,0.717632651,0.177297473,60384.0,18.79326803,26.86337407,12.89892588,8.118027687,25.74621773,1.114541499,2.837092904,78.90111024,27.44522858,12.0,0.084427372,33.9
37091,NC,Hertford,35.1,0.735675931,7.294878924,0.908776164,0.432750553,0.216375276,40461.0,18.1560876,21.33908686,7.326466221,11.39818001,22.41112137,0.524313289,56.67687454,31.18504083,69.93609619,24.5,,43.4
37093,NC,Hoke,21.5,0.483610958,9.223416022,0.286584288,0.179115176,0.107469104,54948.0,28.05191813,11.01916209,14.75941784,7.858263016,18.18270111,1.374755194,31.46000538,37.7616067,50.94632339,15.5,0.071646072,35.6
37095,NC,Hyde,30.3,1.032417893,19.31979216,,2.684286594,,44880.0,17.5201569,23.05513184,7.561560253,30.08714485,60.47061157,0.152538679,25.10350839,63.80475049,49.10868073,21.0,,39.2
37097,NC,Iredell,12.8,0.457555056,4.096083964,0.775152087,0.802067101,0.161490008,69734.0,22.97782991,16.83673196,8.450772123,5.755198956,22.22760391,2.527143492,11.38500104,73.05737226,21.8473568,9.5,0.199171022,33.5
37099,NC,Jackson,22.5,0.363363832,10.00637186,0.658596933,1.11280179,0.181681916,50652.0,16.97789325,19.58523742,7.636456424,1.85890317,6.02341938,1.152891508,1.7073001,76.0862001,31.58048058,18.7,0.068130717,32.4
37101,NC,Johnston,15.2,0.411568314,4.926369724,0.596542835,0.485558122,0.161852702,69889.0,25.87974944,13.91117551,15.92599966,2.878332138,12.45061779,0.84768911,15.29683008,63.17807027,36.13901138,11.8,0.110984713,36.2
37103,NC,Jones,29.1,0.32432431,5.274535236,,0.32432431,0.32432431,47616.0,18.43654601,24.26951592,4.295682512,0.084646732,0.175716534,0.34888792,27.95464457,63.09419974,60.53153229,17.6,,38.2
37105,NC,Lee,20.6,0.59339565,6.241340527,0.753772855,0.78584832,0.224528089,56679.0,23.53322272,18.26973216,20.73477127,8.144859314,22.99479675,1.016038556,16.90922019,56.97242633,50.08446503,15.1,0.176414922,38.4
37107,NC,Lenoir,30.1,0.825556338,9.279696869,0.879396975,0.448671937,0.233309403,44244.0,22.13090962,20.9353797,7.918798302,13.31175995,31.29149437,0.602300352,39.97315047,48.22393962,66.69657898,21.1,0.125628144,40.4
37109,NC,Lincoln,12.3,0.476747215,3.963206369,0.681067467,0.522151709,0.14756462,73319.0,21.18880313,18.96210114,7.386245824,6.880373001,25.27218056,0.797143186,5.074300196,82.54924548,32.68461609,8.8,0.113511242,33.2
37111,NC,McDowell,21.8,0.436852902,4.795655376,0.698964655,0.567908764,0.15289852,50476.0,19.68011127,21.03055319,6.610884293,1.279426455,2.787841797,0.870384495,3.829243124,84.76827134,53.8111763,14.5,0.15289852,33.3
37113,NC,Macon,21.8,0.361171305,6.368477691,0.69456023,1.361338019,0.222259268,49406.0,18.01750689,29.4969471,9.450478197,3.416111946,8.00935173,0.675420111,0.680823472,85.19749284,40.54610825,14.2,0.111129634,31.3
37115,NC,Madison,22.2,0.367985278,5.461069603,0.643974245,0.459981591,0.229990795,51849.0,17.51521729,23.507762,3.529467277,6.260361195,13.1020155,0.396357288,0.929552211,90.75166329,41.08402252,15.3,,31.9
37117,NC,Martin,30.8,0.54107672,10.19102459,0.946884274,0.586166501,0.13526918,43261.0,20.04448277,24.77418183,4.062457446,3.983355761,9.465067863,0.444827743,40.25237166,52.32626753,67.24381256,20.1,,38.5
37119,NC,Mecklenburg,14.1,0.335711658,4.653343476,0.828206837,0.935386598,0.191329077,75138.0,22.90104188,11.76737948,15.2330562,5.474473476,21.30596161,6.417225917,29.12032646,44.70560708,39.28365326,10.2,0.232960865,34.1
37121,NC,Mitchell,22.4,0.268799126,5.512838116,0.671997845,0.940796971,,49086.0,17.82862511,26.01489633,4.703750923,1.73342669,6.514845371,0.348923036,0.335502919,90.67972891,42.28546524,15.0,,34.1
37123,NC,Montgomery,27.8,0.697554886,5.790404243,0.770981729,0.697554886,0.220280483,52897.0,21.64576133,21.3545105,15.23824318,6.864855289,16.95298958,1.518387635,16.27897946,64.09071492,49.38872147,17.6,,37.5
37125,NC,Moore,13.1,0.493459255,4.144249995,0.715999663,1.006269813,0.164486408,69373.0,21.57389674,24.65430626,7.385161491,6.82932663,26.81064034,1.240386254,10.57386666,75.59738085,26.39684486,9.2,0.087081045,32.1
37127,NC,Nash,22.3,0.727395415,5.959292914,0.737937331,0.685227573,0.221381202,55956.0,21.47625566,19.74939455,7.709803096,5.461042404,17.74091148,0.951879541,38.62167,48.77013794,47.56708908,14.8,0.04216785,42.1
37129,NC,New Hanover,13.2,0.380367935,6.843793323,0.94669354,1.289024711,0.207089216,66212.0,18.42650929,19.40744876,7.664974169,8.830683708,28.69141388,1.536539331,11.95115684,74.05782846,34.18873978,11.9,0.147920862,32.4
37131,NC,Northampton,36.4,0.523889363,9.617734334,0.314333618,0.523889363,,40524.0,17.73796577,27.63436552,2.0204911,0.464163512,1.159337044,0.154541812,55.22866464,39.12197356,78.56594086,23.6,,40.3
37133,NC,Onslow,18.1,0.387363136,5.983109775,0.794339597,0.568786383,0.112776607,55645.0,23.02762787,10.500743,13.51136008,14.51007271,38.93157959,2.203582043,13.16821132,63.30116925,26.31822014,13.9,0.068646632,32.1
37135,NC,Orange,10.6,0.301857442,8.000088505,0.650670469,0.784829319,0.174406514,79814.0,19.61653306,14.93718728,10.6337763,2.177718163,8.682192802,8.483752085,10.47170065,64.92239199,21.33237648,12.2,0.187822402,26.3
37137,NC,Pamlico,26.3,0.314589053,6.190722538,0.707825422,0.629178107,0.314589053,53732.0,14.64646465,31.66340828,4.04040404,3.47159338,5.911385536,0.407298794,16.73998045,74.16096448,38.59614563,15.3,,36.6
37139,NC,Pasquotank,22.4,0.544932127,4.747096191,0.94124639,0.891707122,0.222926781,51365.0,21.20883455,18.53677776,5.514198383,10.01658535,17.78544807,1.128968645,35.28889765,53.18724118,51.50640869,15.4,0.074308924,36.0
37141,NC,Pender,15.4,0.170091689,5.889157282,0.587589502,0.618515253,0.170091689,69555.0,22.58193113,19.37278873,8.275335116,5.703541756,23.55072975,0.529873927,12.530937,73.78037639,37.56062698,10.8,0.139165938,31.3
37143,NC,Perquimans,27.2,0.292675793,5.443126308,0.365844727,0.43901369,,53760.0,18.55440215,27.33564014,2.376009227,2.306684494,5.430092812,0.276816609,20.65359477,71.76470588,46.95617294,15.5,,33.8
37145,NC,Person,25.6,0.826549768,5.590206786,0.651221037,0.450845331,0.125234812,55287.0,20.80466532,20.68700923,5.614241502,5.086305141,10.85702133,0.317159884,25.26792337,64.28114689,49.05239105,17.5,0.200375706,40.5
37147,NC,Pitt,23.5,0.44280684,11.59608085,0.891080439,0.732544661,0.136668786,48116.0,22.30341336,14.50514852,7.617346969,8.472951889,21.70211029,1.795081149,35.13389684,51.00767726,46.76851273,21.6,0.142135531,37.3
37149,NC,Polk,18.8,0.332857817,4.149485881,0.665715635,1.046124578,,58064.0,16.16307947,31.88120861,5.308360927,1.613174796,5.682321072,0.310430464,3.56477649,86.48592715,31.23712158,12.3,,32.2
37151,NC,Randolph,21.1,0.442731947,7.416534069,0.629509449,0.601838708,0.166024476,57088.0,22.09598324,18.8685658,13.21416929,10.25508881,23.32804298,1.496833621,5.959589654,75.15658489,44.78625488,13.5,0.083012238,32.5
37153,NC,Richmond,40.2,0.969953954,10.7591623,0.631597936,0.496255517,0.315798968,42158.0,22.60513203,18.96334932,7.153169096,11.19245243,22.72092438,0.838262003,29.73501607,54.97601639,81.00995636,26.2,0.090228274,39.8
37155,NC,Robeson,36.0,0.830775619,12.42545076,0.58461988,0.469234377,0.223078638,38613.0,24.09250837,16.38204754,10.0892474,5.414218426,8.484329224,0.76975886,22.49892731,25.02274093,89.78274536,27.9,0.076923668,41.9
37157,NC,Rockingham,26.5,0.733965039,7.223772228,0.701100945,0.591553926,0.219094053,46868.0,20.1029683,21.52454553,6.680864143,9.845550537,17.65070724,0.541187319,18.23460964,70.49486256,50.32225037,18.1,0.076682918,37.8
37159,NC,Rowan,23.6,0.512298703,7.349355134,0.60352993,0.624583304,0.133338019,56441.0,21.72391489,18.34348936,10.85276596,8.808392525,22.68913078,1.024680851,15.47574468,68.17702128,46.31682968,17.0,0.098249063,33.9
37161,NC,Rutherford,25.3,0.491979241,7.051463868,0.506887734,0.685789227,0.163993075,44477.0,20.21134629,21.98187574,5.099000683,5.25468874,14.51753044,0.53224505,9.055924524,80.73055676,56.78757477,17.5,0.074542314,36.7
37163,NC,Sampson,29.2,0.520652533,7.085700636,0.552207232,0.457543164,0.189328194,48267.0,23.88373196,18.07879938,20.74835693,2.742182016,7.17832756,0.365878447,23.61948642,50.35740904,56.45004272,20.4,,38.5
37165,NC,Scotland,35.0,0.952738404,12.84264588,0.692900658,0.40419206,0.173225164,44060.0,21.44612864,19.77526775,3.236378533,9.512931824,20.77415276,0.991982209,38.31567859,41.68958858,86.25169373,24.4,,41.1
37167,NC,Stanly,20.7,0.521829903,6.817051745,0.72739923,0.901342511,0.205569342,57465.0,21.18264431,19.74753616,4.937284014,2.183082581,5.20566082,1.823883271,11.19928325,77.82701907,41.61329651,14.5,0.253008425,34.3
37169,NC,Stokes,19.1,0.437225372,6.280875088,0.480947912,0.633976758,0.174890146,57763.0,19.02740341,22.29784367,3.270440252,4.256863594,13.61723804,0.354896676,3.636567835,88.9690027,35.00353241,13.1,0.065583803,33.1
37171,NC,Surry,21.1,0.544062078,5.956450812,0.68356514,0.934670687,0.195304319,51820.0,20.90976611,21.60063902,11.90599644,2.9814291,9.341554642,0.518505024,3.381493575,80.95825334,48.03788757,16.1,0.041850928,35.3
37173,NC,Swain,25.8,0.846322,9.739702517,1.198956251,1.410536766,0.2115805,47838.0,22.25685344,20.59927747,4.193525537,1.511634231,2.897196293,0.375433874,0.722533116,60.50152299,43.46804047,17.4,,36.8
37175,NC,Transylvania,21.9,0.34784624,5.374562281,0.550756574,1.101513147,0.231897503,61737.0,17.24064755,29.90662705,5.147638392,2.951413393,8.31539917,0.524464925,3.113442066,86.52761778,42.20534515,12.5,0.202910319,32.8
37177,NC,Tyrrell,30.9,1.059883356,8.193668529,,,,39970.0,20.6779661,22.00308166,8.382126348,4.214679241,10.50700188,1.325115562,28.78274268,57.90446841,53.12665558,21.1,,37.0
37179,NC,Union,9.4,0.343471199,3.273664983,0.54791832,0.453872651,0.1717356,87553.0,27.02976073,13.29390977,12.63708361,7.568018436,39.32279968,3.993838845,11.12197661,67.61867988,26.33994675,7.7,0.143112987,31.1
37181,NC,Vance,34.4,1.051030874,9.705011255,0.64850843,0.49197191,0.223623604,45557.0,22.79815867,19.63925032,8.729860491,2.99398756,6.13735342,0.667011133,49.5114848,38.14880924,87.67163086,20.8,0.089449435,41.2
37183,NC,Wake,10.1,0.312646002,4.055729879,0.846970379,0.82400769,0.193416595,91558.0,23.84705289,12.30952444,11.35468962,5.386165142,25.36093903,8.558893582,18.10989809,57.11123507,19.88886261,9.4,0.187234327,25.6
37185,NC,Warren,29.2,0.66591537,8.454585538,0.409794092,0.409794092,0.204897046,44794.0,17.97017487,26.19354147,3.964166935,1.357036352,2.4759655,0.332582341,48.54092908,38.67074348,66.94583893,19.9,,42.0
37187,NC,Washington,38.8,0.435350448,10.91188989,0.783630848,0.69656074,0.261210263,42582.0,19.56739071,26.52003999,3.371807689,0.278930187,1.350218773,0.336271926,48.62310279,45.06043806,77.81889343,20.7,,41.0
37189,NC,Watauga,13.8,0.283481866,14.22193746,0.584681332,1.488279819,0.194893777,55183.0,13.85940909,16.64016566,6.510002588,2.551446438,8.307226181,1.734275043,3.884554228,83.17494361,15.01863289,21.8,,33.7
37191,NC,Wayne,26.7,0.596933067,7.694247795,0.75826633,0.532399774,0.169399917,49955.0,22.86739451,17.56112944,12.72191114,10.38685703,23.0530529,1.314208279,30.11002872,51.30611167,55.02203369,18.7,0.088733293,39.1
37193,NC,Wilkes,23.9,0.661346495,7.189632697,0.617256761,0.587863564,0.146965891,47891.0,20.18827025,22.52118419,7.054828783,3.518247128,6.924359322,0.491139778,3.91092786,85.36736952,54.94687271,17.1,0.044089768,35.2
37195,NC,Wilson,26.6,0.622110546,8.879506249,0.792885959,0.548921049,0.25616315,48777.0,22.50330016,19.6918156,11.45410236,2.703768253,9.285118103,1.142363932,37.87824939,45.82910236,55.26008606,18.8,0.073189475,39.2
37197,NC,Yadkin,18.8,0.637873769,7.207940124,0.372093022,0.584717631,0.186046511,56547.0,20.77175257,20.68307626,11.77513839,5.280970573,12.16784286,0.381576826,2.877949159,81.57413876,36.20154953,12.7,0.079734221,36.1
37199,NC,Yancey,24.2,0.386761695,7.545409647,0.442013383,0.718271732,0.165755019,46299.0,18.21873308,26.39415268,5.500812128,0.568052948,1.184018135,0.216567407,0.563075257,90.01082837,45.90493011,17.4,,32.3
38001,ND,Adams,14.6,,5.512172715,,1.82815361,,56364.0,19.68181818,29.40909091,1.636363636,5.661676884,22.63745499,1.772727273,0.545454545,92.18181818,8.264777184,12.0,,38.2
38003,ND,Barnes,11.6,0.384541422,6.160817586,0.769082844,0.865218222,0.384541422,61111.0,19.46927117,22.86925274,1.704597807,6.271630764,30.15914726,0.635768912,1.630885469,91.80871648,13.41088295,11.2,,37.8
38005,ND,Benson,37.0,,20.62231049,,,,47080.0,34.17169685,15.4091214,1.492287056,15.11406803,42.70840454,0.117370892,0.033534541,42.45472837,49.70176315,26.3,,42.1
38007,ND,Billings,13.3,,5.642256903,,5.617977619,,77375.0,22.01058201,20.0,2.328042328,18.18181801,100.0,0.634920635,0.423280423,95.44973545,16.19850159,10.8,,35.9
38009,ND,Bottineau,13.7,0.795291901,3.732681337,0.636233509,1.43152535,,67400.0,21.91566076,24.69039034,2.210377802,10.46165276,45.4178772,0.658410409,0.485969588,89.16758113,11.92937851,11.2,,39.3
38011,ND,Bowman,9.2,,4.944124619,1.339584708,1.004688501,,68253.0,23.4213164,23.62178416,4.310056799,2.932140589,29.76260376,0.567991981,0.0,92.21516873,5.46997118,9.0,,37.2
38013,ND,Burke,9.7,,1.433194637,,1.416430593,,71492.0,25.44298046,20.39981826,2.680599727,16.24396706,68.78623962,0.545206724,0.545206724,93.09404816,5.232923985,8.9,,35.1
38015,ND,Burleigh,8.6,0.311811417,4.304035099,0.706772566,0.706772566,0.114330851,71980.0,23.19466168,16.76654005,3.132300067,4.604923248,27.15967751,1.059334945,2.261878161,85.67003189,9.440957069,8.3,0.135118276,39.2
38017,ND,Cass,9.3,0.299069077,4.637974854,0.793892443,0.652514338,0.184879065,66351.0,22.53949329,12.54843517,3.350223547,3.261730433,21.0301342,3.270017613,6.915594093,80.98740008,9.49816227,10.6,0.174003825,34.1
38019,ND,Cavalier,8.6,,3.800605894,,0.807972014,0.807972014,65006.0,22.1112311,26.59287257,1.214902808,8.248739243,36.29232788,0.431965443,0.05399568,94.087473,9.1570158,8.0,,36.6
38021,ND,Dickey,11.0,0.850159407,1.722706517,,1.062699199,0.637619555,55270.0,24.50490098,21.60432086,3.980796159,2.835213184,14.24509048,0.540108022,0.380076015,91.45829166,10.30818272,11.2,,38.4
38023,ND,Divide,12.5,,3.292568203,,1.756697416,,64646.0,22.96127563,22.87015945,2.414578588,7.941665173,33.03077698,0.501138952,1.047835991,92.2095672,7.612355232,10.8,,36.7
38025,ND,Dunn,14.3,0.671892524,2.72431892,,0.671892524,,75713.0,25.37240537,16.996337,2.612942613,13.29522133,52.77820969,0.781440781,0.561660562,79.14529915,4.75923872,11.0,,37.8
38027,ND,Eddy,14.0,,5.548216645,,,,57277.0,22.28376651,25.05325948,3.28078398,8.183038712,28.86808777,0.0,0.213037921,89.56114188,12.39100552,11.7,,39.7
38029,ND,Emmons,16.4,,3.278186275,,,1.25509882,55883.0,20.78158134,28.50651318,1.060284762,13.40716743,45.72673798,0.363526204,0.0,95.7891548,9.727016449,13.4,,36.8
38031,ND,Foster,9.1,,1.783555018,1.263823032,,,69364.0,22.66705917,21.93111569,1.942890786,5.905482769,18.32585907,0.382690609,0.206064174,94.17132764,8.399157524,8.9,,39.9
38033,ND,Golden Valley,19.5,,2.969731582,,,,63973.0,26.61290323,22.81105991,2.764976959,33.25375748,100.0,0.057603687,0.288018433,92.16589862,4.125887394,12.7,,40.9
38035,ND,Grand Forks,12.1,0.402987868,7.353005274,0.69083637,0.719621181,0.158316657,64804.0,21.02774361,13.31966653,4.997949979,9.963152885,24.96489334,3.388000547,4.112341123,80.29930299,13.46291351,13.6,0.129531816,37.4
38037,ND,Grant,26.2,,3.202077023,,,1.805869102,48544.0,18.07909605,31.63841808,1.129943503,15.74140263,52.32372665,0.47805302,0.434593655,94.26336375,15.04890919,17.3,,40.5
38039,ND,Griggs,14.3,,2.086230876,1.359311223,,,59520.0,20.77189939,30.2254987,1.040763226,5.934307098,32.8230896,0.303555941,0.346921075,95.40329575,14.12173367,10.7,,37.0
38041,ND,Hettinger,18.0,,3.507271172,,,1.230516791,54282.0,21.93652069,25.5524307,1.366010446,29.17976761,99.97951508,0.200883889,0.200883889,93.16994777,7.5540061,14.4,,37.5
38043,ND,Kidder,16.9,,3.225806452,,,,55020.0,21.59565581,25.02088555,2.172096909,37.97413254,100.0,0.041771094,0.125313283,94.86215539,11.42527771,14.2,,38.1
38045,ND,LaMoure,10.8,,5.921213604,,1.239771843,,65932.0,22.55069631,25.82457855,2.150012216,19.42334366,74.72528839,0.171023699,0.146591742,95.21133643,6.446813583,10.9,,37.6
38047,ND,Logan,21.3,,3.087478559,,,,51318.0,24.09381663,25.90618337,1.865671642,26.13368797,95.83237457,0.0,0.106609808,94.50959488,7.269503593,14.2,,38.2
38049,ND,McHenry,14.7,0.526777864,3.864190583,,0.526777864,0.702370524,64262.0,23.31150608,22.48830683,1.833489242,16.99106026,69.00283051,0.224508887,0.205799813,93.99438728,10.08194351,11.9,,37.0
38051,ND,McIntosh,17.4,,4.409385113,,2.049180269,,54211.0,18.81422925,32.05533597,2.09486166,5.340380669,19.89786148,0.909090909,0.276679842,93.87351779,10.86065578,13.8,,40.9
38053,ND,McKenzie,11.2,0.196824566,6.507480286,0.590473711,0.590473711,,86294.0,29.50217628,8.575897715,10.41893362,15.72569656,44.79772186,1.162948857,1.455386289,69.83133841,5.50562048,9.1,,35.5
38055,ND,McLean,11.9,0.743415475,2.868937049,0.42480883,1.380628705,,68419.0,22.43373247,25.10490226,1.514686317,13.20208549,55.16633224,0.491249616,0.327499744,85.68212056,8.425374985,10.6,,36.4
38057,ND,Mercer,7.9,0.734034717,7.240537241,0.734034717,0.489356488,0.367017359,78823.0,23.85628743,20.11976048,2.610778443,4.21951437,23.35392189,0.51497006,0.502994012,90.67065868,6.922355652,8.0,0.367017359,36.3
38059,ND,Morton,10.2,0.476145118,3.710466052,0.571374178,0.349173099,0.158715039,71415.0,23.80823646,17.06467213,3.941005076,5.204028606,30.69410515,0.513652338,1.387762458,86.49785227,12.35861111,9.9,0.095229022,35.8
38061,ND,Mountrail,14.2,0.761759639,7.575914603,0.666539729,0.856979609,0.380879819,71941.0,27.87236212,13.46722398,7.829544296,2.504038095,12.15344334,1.070445509,1.152003262,56.46854929,9.712435722,11.2,,39.7
38063,ND,Nelson,10.3,1.43420577,6.924643585,,1.075654387,,62095.0,17.97678275,31.47595357,2.288557214,26.45898438,100.0,0.298507463,0.199004975,94.32835821,12.72857666,10.4,,39.2
38065,ND,Oliver,15.9,,5.135135135,,,,72965.0,24.66702184,21.57698455,1.491742142,19.62665558,83.82313538,0.266382525,0.159829515,93.50026638,6.706472874,11.1,,40.0
38067,ND,Pembina,10.3,0.600781024,2.748319642,,0.600781024,0.600781024,63809.0,21.61016949,24.89772063,3.550555231,8.286565781,45.94187927,0.394506137,0.394506137,89.07071888,9.299589157,9.7,,34.3
38069,ND,Pierce,12.6,,3.191763192,,1.527494907,,55747.0,22.40601504,24.73684211,1.804511278,6.627188206,19.29914474,0.426065163,0.902255639,90.50125313,14.08689785,12.3,,36.3
38071,ND,Ramsey,16.1,0.52687037,5.396456059,0.790305614,1.05374074,,63973.0,23.07626023,20.77552779,2.361051271,5.24174881,27.61503029,0.620422232,0.629039207,80.60318828,17.75260544,12.3,,36.0
38073,ND,Ransom,11.2,0.966557145,7.653338158,,0.966557145,,71594.0,24.33806768,21.58513063,2.261967386,1.77588594,12.21264648,0.420831142,0.631246712,94.0382255,10.63212872,8.9,,38.3
38075,ND,Renville,5.9,1.31406045,2.429328622,,1.31406045,,66937.0,22.08588957,22.43645925,1.62138475,13.51378059,57.53666306,0.0,0.219106047,94.04031551,7.081325531,8.5,,37.4
38077,ND,Richland,10.6,0.557068586,6.210376504,0.557068586,0.804654598,,65184.0,22.37279932,18.74886563,3.472684373,5.360377789,29.8524437,0.744146651,0.93774578,88.95274971,12.03887081,10.1,,41.9
38079,ND,Rolette,30.8,0.7059654,17.70858871,0.3529827,0.423579246,0.3529827,47394.0,33.03520144,14.2364815,1.124148683,4.988746166,9.603563309,0.188725691,0.106671043,18.8561582,71.3907547,27.2,,45.4
38081,ND,Sargent,11.7,,2.793885082,,,0.766675174,69666.0,20.84412222,22.39772139,2.356292077,1.56821692,9.675611496,0.336613154,1.242879337,92.4391507,5.515801907,9.0,,36.0
38083,ND,Sheridan,26.0,,0.455580866,,,,49374.0,19.68379447,28.22134387,0.790513834,28.92470741,90.69168854,0.4743083,0.158102767,94.15019763,23.52941132,16.5,,37.4
38085,ND,Sioux,50.7,0.718907237,27.0043268,,,,40307.0,34.73576193,9.928168291,1.616213443,24.34899902,40.33055115,0.051308363,0.076962545,10.28732683,77.68192291,42.8,,49.4
38087,ND,Slope,16.1,,0.516129032,,,,57922.0,21.52974504,23.93767705,1.133144476,20.5627079,95.23780823,0.0,0.0,96.17563739,5.800981522,12.8,,37.4
38089,ND,Stark,8.9,0.591771245,6.641639293,0.654062986,0.747500539,0.124583423,73453.0,25.77720977,13.09516733,6.758604292,6.424864769,26.8044796,1.022409796,3.07020151,84.13184331,9.024511337,10.1,0.093437567,39.3
38091,ND,Steele,11.9,,8.930481283,,,,77013.0,21.74638487,24.4160178,2.002224694,12.45407677,84.51081085,0.0,0.166852058,95.71746385,5.246913433,8.5,,37.2
38093,ND,Stutsman,11.5,0.439067215,6.201242236,0.439067215,0.878134429,,63871.0,20.09447506,19.96943454,2.746260362,6.370378494,27.74855423,0.634464873,2.056221924,90.32556847,15.42020321,11.7,,40.2
38095,ND,Towner,15.0,,7.771535581,,,,66452.0,22.84921369,24.74560592,1.572617946,8.028974533,34.79986572,0.46253469,0.092506938,91.76688252,11.50379467,11.4,,36.6
38097,ND,Traill,8.9,1.13079536,3.184796855,0.502575696,0.628219604,0.879507482,72320.0,23.33375016,20.18256846,3.71389271,2.146103621,17.78193665,0.225084407,0.600225084,91.42178317,11.17183876,9.9,,38.2
38099,ND,Walsh,12.6,0.574877858,4.415708812,0.383251905,0.766503811,0.287438929,61472.0,22.75868598,22.34213765,12.45858184,5.346599102,19.52493858,0.426015337,0.653223516,82.13575689,12.89482975,11.9,,38.5
38101,ND,Ward,10.1,0.36514473,4.688495916,0.77410686,0.642654777,0.102240525,69957.0,24.47546447,13.26821036,6.564739198,7.403217316,24.18597412,1.554656102,4.080435933,79.62499464,11.10405159,9.4,0.116846316,37.4
38103,ND,Wells,13.2,0.808843374,2.324406266,0.808843374,1.887301207,1.34807229,63665.0,20.14063285,28.60371673,0.954294324,9.993580818,44.7921524,0.301356102,0.452034154,95.02762431,12.51460457,12.4,,37.9
38105,ND,Williams,9.3,0.387596905,3.697261971,0.671834648,0.77519381,0.129198968,77051.0,27.24542125,8.803418803,9.516483516,5.056465626,30.60493851,1.494505495,4.984126984,75.11843712,4.661929607,8.5,0.155038759,37.7
39001,OH,Adams,27.5,0.617485762,7.614026032,0.762776494,0.217936143,,47001.0,23.95094079,18.94311606,0.789751428,11.18458748,22.00570488,0.141936893,0.30571023,95.2978855,47.93384552,18.9,,45.2
39003,OH,Allen,20.1,0.460874677,6.109023514,0.921749353,0.539321423,0.186311036,52518.0,23.27358472,18.91865448,3.20137761,4.002373695,17.44320869,0.816977477,12.20574135,77.97096061,31.9964695,15.3,0.10786429,47.1
39005,OH,Ashland,14.9,0.412278414,5.938359825,0.618417621,0.487238109,0.224879131,59117.0,22.51606384,20.36913455,1.643563979,1.513346076,4.980051041,0.613953134,0.730261025,93.32850306,18.37606049,10.9,0.056219783,40.5
39007,OH,Ashtabula,22.0,0.559510112,7.542645894,0.828903854,0.787458658,0.165780783,48916.0,21.68815463,20.45216964,4.600610818,9.956500053,21.93755722,0.346403755,3.578822227,86.15409843,45.34622192,15.7,0.082890391,43.1
39009,OH,Athens,23.3,0.442876548,14.7803819,1.05374074,0.48869139,0.137444451,49023.0,15.69412632,14.42072048,2.322564111,10.9797039,16.95980453,1.938139706,4.433694799,86.6332431,34.14476395,20.9,,38.3
39011,OH,Auglaize,10.1,0.437828362,2.599281143,0.744308233,0.547285438,0.131348506,64942.0,23.816294,19.4067468,1.682391969,2.170478344,9.873385429,0.521304554,0.497608892,94.01361423,16.57727623,7.9,0.153239936,42.6
39013,OH,Belmont,21.2,0.561184227,5.121943484,0.834192812,0.561184227,0.212339982,50602.0,19.12116336,22.04009203,1.239153646,6.908688068,22.25018501,0.398514219,3.114426215,91.03568582,28.1312561,15.9,0.091002852,43.0
39015,OH,Brown,22.6,0.667987287,5.651334311,0.506748974,0.437646836,0.115170218,58990.0,22.76307354,19.20276582,1.115028849,2.761825323,6.829142094,0.192325305,0.691455261,93.99441341,33.57020187,16.8,,42.6
39017,OH,Butler,12.8,0.383769661,5.700549451,0.816807032,0.588619649,0.134837985,72859.0,23.38244223,15.41537618,6.472280502,9.429896355,42.65906143,4.011200004,8.746865049,75.49806972,26.90255547,11.6,0.114093684,36.5
39019,OH,Carroll,19.8,0.223073199,5.9487296,0.557682991,0.446146399,,56287.0,20.84502825,22.16234422,1.118970098,1.902416348,6.431942463,0.194603495,0.456569739,94.32281726,25.23515701,13.3,,40.7
39021,OH,Champaign,14.7,0.282340854,4.543290845,0.48767966,0.385010272,0.154004112,64876.0,22.82378468,19.28759622,1.673813091,1.214528918,3.377480984,0.322880612,1.764219662,91.21764736,23.03216934,10.6,0.102669403,39.7
39023,OH,Clark,22.8,0.471581608,7.165019666,0.793454766,0.419183642,0.134737596,59077.0,22.28586555,20.36235028,3.906588922,8.031350136,20.34616089,0.660289263,8.877875898,80.73028875,42.55275345,16.0,0.052397955,41.8
39025,OH,Clermont,10.1,0.380816489,4.735390945,0.69896698,0.520609856,0.106050164,70789.0,22.907848,17.45437462,2.375827537,9.661105156,45.37541199,1.212362357,1.555601363,90.00388301,19.91734505,9.5,0.07712739,40.1
39027,OH,Clinton,15.8,0.524796665,5.625553696,0.572505414,0.477087855,0.119271964,62999.0,22.24522824,18.01370841,1.820648294,12.32618809,29.29204178,0.487886144,1.949164644,91.02527488,38.14516068,12.0,,41.6
39029,OH,Columbiana,24.3,0.474692941,6.251709848,0.801044345,0.454914063,0.187899292,51019.0,20.18021732,21.54558929,1.71972084,6.127709866,17.760849,0.338643659,2.043640861,91.74396576,35.6538887,16.7,0.069226056,47.0
39031,OH,Coshocton,19.0,0.35666272,9.049598227,0.658454299,0.301791549,0.164613575,50135.0,24.42095488,19.70665356,1.095269311,2.782994986,8.09031868,0.267671802,1.062493172,94.45536982,35.98863983,13.9,0.082306787,40.5
39033,OH,Crawford,20.3,0.483816355,5.843410285,0.749915361,0.411243886,0.120954089,50656.0,21.12076145,21.77751338,1.518143962,13.62624454,31.5239296,0.311719215,0.725758477,93.72516359,34.15743256,13.5,0.120954089,44.0
39035,OH,Cuyahoga,23.1,0.435709268,7.668412192,0.955302715,0.784276664,0.245137364,55250.0,20.23415245,18.87292786,6.588067681,3.313197136,16.83550072,3.458128725,28.87129126,56.82663974,49.82518768,16.2,0.132748798,37.8
39037,OH,Darke,13.6,0.390586853,3.614669927,0.527292252,0.527292252,0.175764084,59456.0,23.65605906,20.79373952,1.65571211,3.493969202,9.756703377,0.348875311,0.582101347,94.43534242,16.3786087,10.4,0.097646713,40.1
39039,OH,Defiance,13.6,0.502938211,3.885796468,0.847053826,0.79411298,0.132352158,66697.0,23.15728987,19.98641801,10.31708719,5.733531475,17.27102852,0.347385467,1.561928642,84.30235595,23.67559624,10.1,,42.2
39041,OH,Delaware,4.0,0.224767506,2.155665044,0.941213906,0.777320981,0.093653128,118661.0,26.63176477,14.48413069,3.274738002,4.716788769,44.06491089,8.480133007,3.596981188,80.05641591,6.406264305,4.1,0.191988915,32.2
39043,OH,Erie,20.4,0.501905859,6.038293584,1.030941844,1.112331986,0.149215266,59226.0,19.95715533,23.55795932,4.139007167,6.89552784,22.21696091,0.626801724,8.800349105,80.74502129,34.13186264,12.6,0.067825116,36.7
39045,OH,Fairfield,10.9,0.212887183,3.182357095,0.669968486,0.500911057,0.08139804,80245.0,24.28124666,16.77059671,2.530187955,5.990095139,24.64043617,1.92737272,8.370196513,82.21946753,24.92084503,8.2,0.106443591,39.0
39047,OH,Fayette,24.6,0.699814558,8.037658962,1.154693961,0.524860919,0.139962912,58020.0,23.32561915,19.22904217,2.352250354,3.871974468,10.56671047,0.590653173,1.799592415,90.70498428,42.87530518,16.3,0.17495364,40.6
39049,OH,Franklin,19.9,0.385769844,6.71468302,0.916486502,0.681702912,0.188732803,66056.0,22.78081322,12.71779043,6.887862052,6.543619156,24.39048195,5.568334357,22.36549588,59.49621055,36.74294281,14.3,0.132112965,36.1
39051,OH,Fulton,11.3,0.477452308,3.747155859,0.740051091,0.668433249,0.21485354,68985.0,23.53850116,19.4835296,8.875517992,5.924140453,17.75691032,0.355863554,0.526771709,86.54976237,17.0032711,8.1,0.095490463,42.4
39053,OH,Gallia,25.6,0.603986323,5.951924083,0.973089039,0.301993161,0.167773977,49575.0,23.23066393,19.58590007,0.896646133,6.703314781,14.02512264,0.506502396,2.04312115,92.24845996,50.98091888,18.0,,40.1
39055,OH,Geauga,7.1,0.396693498,2.590728477,0.611122429,0.729058325,0.192986026,91701.0,22.45877753,22.2690441,1.744289653,4.048755646,24.44158363,0.698135161,1.126869818,93.25031185,8.444032669,6.2,0.171543136,36.3
39057,OH,Greene,12.1,0.358566195,5.430376465,0.864085793,0.62308228,0.09992829,79035.0,21.05247491,17.90600479,3.105390377,6.217336178,29.36239624,3.283997952,6.718621626,80.73241013,17.22734261,10.3,0.088172019,39.2
39059,OH,Guernsey,22.2,0.464168757,9.010619283,0.928337514,0.644678831,0.309445828,50599.0,21.676466,20.66184505,1.155106925,12.51073933,28.99843979,0.387637234,1.352827931,92.92106769,32.66587448,15.2,,41.5
39061,OH,Hamilton,22.1,0.382647604,7.398181006,0.858206451,0.844758749,0.193157583,64087.0,22.28561385,16.18175886,4.364110041,7.920987606,31.14102936,3.028993341,25.01255058,62.57038256,35.60955811,15.7,0.165039703,38.6
39063,OH,Hancock,12.5,0.424363792,4.625969443,0.87525028,0.729375243,0.132613689,65866.0,21.97010144,18.58115323,5.603310198,3.82783246,13.01658058,1.859316604,1.819273892,86.90202883,19.67544937,10.0,0.106090948,37.0
39065,OH,Hardin,24.5,0.476659566,6.957601561,0.667323411,0.444882274,0.190663829,53940.0,23.02580141,17.15532968,2.270654157,3.297940969,9.144113541,0.550560334,0.833984884,92.48436278,23.21332169,16.9,0.095331915,45.3
39067,OH,Harrison,21.4,0.399627,5.903361345,0.66604501,0.66604501,0.1998135,50691.0,21.1006007,23.00628323,0.897604088,4.588251591,15.1536026,0.276185873,1.615687358,92.69488366,29.6223526,14.1,,41.4
39069,OH,Henry,11.9,0.446030319,4.217732141,0.817722261,0.594707131,0.148676783,69634.0,23.31718603,19.68404309,7.906152845,1.779265523,8.821240425,0.45188345,0.560335478,88.43539874,15.63274384,8.9,,42.8
39071,OH,Highland,20.2,0.5773139,6.219813877,0.623498976,0.34638831,0.138555333,56772.0,23.89362144,18.90712653,0.978830482,2.365546227,6.103389263,0.25394187,1.195835353,93.47831106,38.70889664,13.9,0.09237022,43.1
39073,OH,Hocking,23.7,0.462715775,7.53968254,0.569496334,0.676276922,0.142374083,55814.0,21.84670232,19.50445633,0.827094474,5.71492815,14.12870312,0.25311943,0.495543672,94.48128342,53.93308258,16.5,0.106780566,42.7
39075,OH,Holmes,13.1,0.249977276,3.26024302,0.29542768,0.431778938,0.363603294,70027.0,30.9883997,14.29120593,1.071840445,2.199514389,5.186865807,0.144721073,0.269090745,96.95181241,7.342135429,10.1,,42.7
39077,OH,Huron,16.8,0.482933462,5.046703154,0.724400222,0.482933462,0.103485748,62153.0,23.53794929,18.40519081,6.973448305,4.686367035,13.28030777,0.368820968,0.959617519,87.49594468,30.17471886,11.2,,41.9
39079,OH,Jackson,24.6,0.738620639,6.939351199,0.861724079,0.3077586,0.24620688,48745.0,23.72523198,18.44547209,0.937126757,2.582561255,5.712972164,0.30931308,0.483875907,94.43236456,43.79148483,17.7,0.12310344,43.7
39081,OH,Jefferson,23.7,0.415774792,8.220647869,0.66215986,0.55436641,0.184788808,50442.0,19.43478061,22.10608592,1.776272433,10.12225819,23.11209869,0.518015602,5.546445156,86.66033196,45.41056442,17.2,0.061596267,40.1
39083,OH,Knox,16.7,0.288355261,5.493082533,0.865065753,0.528651297,0.144177631,61642.0,22.99867668,19.04625245,1.906857352,5.950648785,20.31363869,0.581942252,0.900814719,92.56548843,22.89353752,12.5,,35.8
39085,OH,Lake,10.6,0.431242883,2.909133763,0.836349845,0.818925917,0.1960195,74208.0,19.47180389,21.05733804,4.884717738,7.844172955,38.26296997,1.39938006,4.63364617,84.72332687,19.39358902,7.0,0.113255709,40.9
39087,OH,Lawrence,22.4,0.423076272,7.729275825,0.710768163,0.236922711,0.169230506,49916.0,21.7393544,19.98282967,1.061126374,4.459947586,12.11939621,0.37603022,1.888736264,92.74725275,45.64005661,17.2,,44.9
39089,OH,Licking,15.5,0.34811902,4.400011558,0.696238041,0.482874781,0.106681637,72936.0,22.99699192,17.48721425,2.233935884,8.199547768,35.14570999,2.800262157,4.000694604,85.66875235,23.94020271,11.0,0.06737788,36.0
39091,OH,Logan,15.0,0.441247851,4.763368837,0.728058934,0.617747009,0.264748722,65499.0,22.35102925,19.47128927,2.175514626,2.643226862,5.731298447,0.708559047,1.458288191,90.46370531,28.23986244,10.1,0.088249572,38.7
39093,OH,Lorain,19.9,0.329946309,6.0476348,0.679112792,0.518944681,0.185795009,63348.0,21.63891055,19.47859818,10.51782314,6.749530315,27.86970901,1.140386754,7.342697563,75.89371301,29.01632309,12.8,0.080084056,39.6
39095,OH,Lucas,24.5,0.483312875,8.712520288,0.919928849,0.770498753,0.170443669,53379.0,22.35513438,17.29924249,7.458512935,6.846264839,18.27772903,1.643715553,19.3373663,66.00437304,47.23974609,17.4,0.107402861,42.4
39097,OH,Madison,17.0,0.359074473,4.624038809,0.516169548,0.359074473,0.067326464,71958.0,20.97480832,16.42707192,2.881982475,8.235741615,36.30168915,0.577309237,6.078860898,86.16511501,21.03577995,13.4,,41.7
39099,OH,Mahoning,28.5,0.437907785,7.277890868,0.911202013,0.738692939,0.150392562,50216.0,19.6606507,22.23179683,6.164539355,15.37773705,35.5404892,0.853840972,14.77162379,73.96309937,44.29245377,19.3,0.092889525,39.7
39101,OH,Marion,21.5,0.478247464,8.181651039,0.725084841,0.416538119,0.169700712,53172.0,21.00858336,18.47029483,2.992701847,13.51471424,32.19493103,0.547743999,6.198075246,85.85504674,38.75604248,15.8,,45.2
39103,OH,Medina,7.7,0.326125413,2.616930528,0.690943658,0.591447771,0.116078533,86880.0,22.05951663,19.01298844,2.516578068,3.870434761,23.22322083,1.196909081,1.256096893,90.77821012,12.03623867,6.1,0.116078533,36.0
39105,OH,Meigs,29.3,0.705529571,8.301526718,0.749625206,0.308669209,,45935.0,21.17514633,21.26519586,0.774425934,14.90832615,33.91938019,0.09905448,0.666366502,95.36244935,54.38824844,21.1,,48.7
39107,OH,Mercer,9.2,0.533023238,2.165349574,0.775306463,0.92067647,0.169598296,67958.0,25.51025207,18.50310384,2.182091798,2.606130362,12.96682167,0.444413093,0.449115877,93.47253574,13.05906868,7.3,,37.8
39109,OH,Miami,11.5,0.390639544,3.641010757,0.799880922,0.520852685,0.093009412,65537.0,23.28405685,19.30240683,2.021622814,3.942681313,15.97285175,1.51139059,2.352584257,89.142626,15.05589867,8.2,0.130213171,39.8
39111,OH,Monroe,21.8,0.588841438,6.008680036,0.662446618,0.515236259,,53036.0,20.0747105,24.7067613,0.500560329,2.561995506,6.351624012,0.156892043,0.141949944,96.44378035,31.39874458,14.2,,43.0
39113,OH,Montgomery,22.5,0.413837224,7.088724513,0.944301248,0.609469354,0.154248416,56636.0,21.72362644,18.50611101,3.941679741,10.13499641,28.76849937,2.366236188,20.99685656,67.07425336,39.77978897,15.2,0.122270085,41.5
39115,OH,Morgan,23.8,0.279622495,6.300355665,0.349528134,0.489339381,0.209716886,46327.0,20.68540791,22.40979568,0.920156499,7.864572525,14.93042469,0.173887842,2.869149399,90.74771772,36.15868759,16.4,,41.8
39117,OH,Morrow,16.8,0.39535737,4.252663357,0.423597187,0.197678685,0.084719434,62516.0,23.0472103,18.62947067,1.659513591,0.376345903,2.164244652,0.25751073,0.43776824,93.77110157,26.19242668,11.3,,42.6
39119,OH,Muskingum,22.3,0.523134172,6.93767648,0.918391049,0.546384573,0.151127651,52806.0,22.5205416,18.91447749,1.220923504,10.6559391,23.66942406,0.44439301,3.454461289,89.04872121,49.25986099,15.8,0.058126017,41.2
39121,OH,Noble,17.0,0.208855465,5.0126369,0.696184933,0.278473973,0.208855465,50109.0,19.0010627,17.11654269,1.225646475,14.30613613,42.92465591,0.155862558,5.327665604,90.96705632,17.55546188,16.3,,44.8
39123,OH,Ottawa,12.3,0.397485912,3.613460139,0.919186175,1.440886378,0.173900083,71409.0,18.39510455,26.13467446,5.10108017,8.957107544,30.97589111,0.38896046,0.829947478,90.26855614,19.19318581,8.4,0.074528605,41.2
39125,OH,Paulding,15.6,0.536250532,3.951595631,0.536250532,0.589875579,0.160875157,60274.0,24.10400936,19.54163565,5.370626396,6.226408958,19.50806999,0.159523556,0.739125811,90.24779326,24.70774269,10.3,,39.4
39127,OH,Perry,21.1,0.441805869,6.931173165,0.414193004,0.414193004,0.248515815,63329.0,23.85901491,17.73892906,0.71170357,1.78102529,3.619321823,0.189222775,0.254179846,94.87968821,41.96005249,13.9,,42.9
39129,OH,Pickaway,13.3,0.323911488,6.238651103,0.681918919,0.323911488,0.119335808,72652.0,22.44315755,16.87422061,1.542561369,3.032953739,15.62946796,0.505645809,3.660807325,89.54030646,28.47153473,10.2,0.051143918,42.9
39131,OH,Pike,27.7,0.686044395,8.613743192,0.577721596,0.397183597,0.180537999,49357.0,23.85189014,18.1519492,0.808476078,1.398214579,4.896713734,0.258417011,0.701417602,94.02687537,59.92357254,19.2,,40.6
39133,OH,Portage,15.7,0.319836646,4.980536655,0.781139493,0.541262031,0.116863385,65445.0,18.39224679,17.93239426,2.166375138,9.635993958,34.72175598,2.101476596,4.903857446,85.77362152,21.2942524,12.4,0.055356342,38.5
39135,OH,Preble,15.3,0.416299343,4.00266023,0.563228548,0.489763945,0.073464587,56134.0,22.57128223,20.52001268,0.941486378,2.982076883,13.51635265,0.395131589,0.443913266,94.39254616,23.4107151,11.0,,38.5
39137,OH,Putnam,7.2,0.326855659,3.103854075,0.772567868,0.683425426,0.089142449,72588.0,25.47095875,18.12429247,6.470058924,4.870535374,23.92667007,0.177063075,0.290267336,91.22231575,14.10926914,7.1,,40.0
39139,OH,Richland,19.1,0.45495528,5.738286291,0.744472265,0.57903403,0.157166377,51733.0,21.65348659,20.20394442,2.093071653,13.63021851,36.38857651,0.63312416,8.977396427,83.42751489,36.25855637,13.4,0.082719147,39.8
39141,OH,Ross,26.5,0.444909722,7.064113519,0.706621289,0.497252017,0.196283698,53068.0,21.12902598,17.76425875,1.337345803,5.622649193,13.44465351,0.478642678,5.195024192,87.8225001,44.99476624,18.9,0.052342318,42.2
39143,OH,Sandusky,18.0,0.44557935,7.31336843,0.754057348,0.634093702,0.205651999,54399.0,21.98111926,20.24246129,10.28083401,3.26615262,10.71753025,0.342977452,2.991714208,81.87143439,23.25438499,13.1,0.085688338,42.2
39145,OH,Scioto,32.2,0.53801769,11.0358931,0.780125618,0.484215915,0.147954866,43981.0,21.45713977,18.86958167,1.421467949,3.222729921,7.331828117,0.370230245,2.753756351,91.24824343,58.91629791,23.9,,43.7
39147,OH,Seneca,16.7,0.582474768,5.284842417,0.47326076,0.655284166,0.163821042,59292.0,21.85984855,19.14870435,5.264304781,8.388567924,24.11486053,0.651909423,2.386097441,87.55016434,29.56818008,12.0,0.072809346,47.1
39149,OH,Shelby,14.0,0.475825965,3.457619998,0.641330659,0.620642543,0.124128513,63848.0,24.79784367,17.41032552,1.631764462,4.154876232,14.75920105,0.933029235,1.739581174,91.36844288,16.97974586,10.7,0.103440426,37.9
39151,OH,Stark,17.0,0.329933047,5.873225677,0.916781127,0.630118012,0.173079625,59205.0,21.3294278,20.28982028,2.80536637,8.576045036,28.92909241,0.84699869,7.662470355,82.84180732,32.60207367,12.8,0.089244179,38.3
39153,OH,Summit,16.1,0.369294047,5.633365336,0.909316957,0.649512112,0.170728907,63191.0,20.70877157,19.04694057,2.443618761,7.609336853,31.07135582,4.164477044,14.60361047,73.55947508,35.56929398,12.5,0.139181167,39.5
39155,OH,Trumbull,22.3,0.518292665,7.434003177,0.772357702,0.604674816,0.203252032,51838.0,19.89731504,22.26837709,2.069047466,11.29064178,29.85401726,0.54412136,8.38709358,83.98332483,33.82537079,15.5,0.035569105,44.6
39157,OH,Tuscarawas,16.1,0.424947709,5.105449306,0.806311011,0.751830518,0.185233608,58282.0,22.73784888,20.10550808,4.248201323,3.036015272,11.54372883,0.328104393,0.747348895,91.11759219,25.56677818,12.4,0.032688286,43.7
39159,OH,Union,5.5,0.26657337,1.892895651,0.483164221,0.366538376,0.099965014,98167.0,25.75496942,12.91093272,2.443297655,8.379693031,38.26631165,6.439538736,2.030772171,84.87353466,12.17629433,5.5,0.099965014,37.4
39161,OH,Van Wert,13.1,0.497176737,4.820422535,0.781277716,0.568202019,0.142050505,61842.0,23.73924164,19.32874771,3.791780443,6.840034485,20.23229218,0.304171995,0.888320487,91.48318413,19.43724251,8.9,0.106537871,42.3
39163,OH,Vinton,28.7,0.693802059,8.037954831,0.462534696,0.231267348,,46511.0,22.0234375,18.90625,0.65625,2.409393072,4.97219038,0.171875,0.3359375,95.4140625,67.38873291,19.3,,41.2
39165,OH,Warren,6.3,0.281026125,2.267694101,0.629162967,0.599802017,0.125832587,97011.0,24.79357259,15.46276466,3.193074108,6.104115009,45.73768234,7.129740815,3.373401503,81.79807458,8.147660255,5.9,0.121638171,34.1
39167,OH,Washington,19.4,0.55320859,5.995430417,0.871722639,0.687319815,0.167638972,55133.0,19.92772415,21.52548895,1.199578391,4.066606522,11.16706753,0.516973114,1.003831289,93.12710177,26.01058388,13.6,0.117347278,44.7
39169,OH,Wayne,12.8,0.363026619,3.47979317,0.648261786,0.440818012,0.250661224,60709.0,24.00208736,18.61515561,2.356836108,4.841095448,16.47765541,0.812702106,1.501360207,91.47603812,21.62889481,9.6,0.069147922,40.1
39171,OH,Williams,13.6,0.601668239,4.582067505,0.793108165,0.57431972,0.136742786,57131.0,22.16053043,19.98005498,5.01859738,10.47954273,29.77626228,0.533663953,0.870573015,90.24580885,27.44427681,9.0,0.082045674,41.5
39173,OH,Wood,10.1,0.289826334,5.71024218,0.84659797,0.716938853,0.129659146,64702.0,20.63774121,16.71027161,6.260964249,8.041117668,30.8134346,2.079426532,2.335763112,85.06215595,12.02525043,10.9,0.129659146,35.7
39175,OH,Wyandot,10.9,0.368476808,2.564696079,0.783013225,0.644834399,0.184238404,65757.0,22.59817352,20.54794521,2.926940639,1.694714069,6.652029514,0.388127854,0.351598174,93.69863014,14.42433167,7.9,,40.0
40001,OK,Adair,28.5,0.59212023,10.80364878,0.546572506,0.273286253,0.18219085,43371.0,26.03231598,17.19415235,6.422159528,5.164924622,9.651418686,0.830982303,0.205180816,38.28674019,93.52083588,20.8,,43.6
40003,OK,Alfalfa,16.9,0.524658978,3.58974359,,1.049317956,,55157.0,19.98596245,18.51201965,4.895595719,14.83579826,58.50933456,0.122828566,4.018248816,82.50570275,18.71283722,16.4,,37.7
40005,OK,Atoka,20.3,0.431282341,6.353655688,0.503162742,0.790684283,,44489.0,21.65028636,18.70183129,3.874708336,14.98558712,34.67367935,0.346461147,3.994909142,65.77812345,49.48365784,17.1,,42.8
40007,OK,Beaver,17.1,1.152294993,3.366733467,,0.576147497,,60260.0,25.76747871,21.03386809,25.82689642,11.87733555,38.18638611,0.217864924,0.059417706,69.26123985,19.36495781,11.6,,39.2
40009,OK,Beckham,23.0,0.512390554,9.322343367,1.071362019,0.838457227,0.186323836,46744.0,24.08299866,15.5243195,11.97679607,7.84834671,26.51234818,0.571173583,4.99330656,73.74386435,50.4200058,18.4,,42.7
40011,OK,Blaine,24.4,0.529268563,4.872513683,0.63512224,1.481951952,,50068.0,25.03720664,20.84716657,11.27647396,23.50807381,61.38960266,0.29765312,2.839152833,71.52833429,55.81136703,18.0,,43.6
40013,OK,Bryan,21.4,0.530633926,6.616905386,0.59186089,0.612269878,0.081635982,47916.0,23.44628476,17.67425706,7.441335446,10.79182339,26.43148994,0.61866412,1.552087177,65.28751601,35.26504517,16.5,0.081635982,41.2
40015,OK,Caddo,36.1,0.627527535,7.739228408,0.522939622,0.55780226,0.174313203,44121.0,21.75913899,17.48747449,16.08832808,9.854884148,22.88853455,0.233809612,2.397476341,54.11022453,55.98649597,26.1,,41.0
40017,OK,Canadian,10.1,0.300276786,3.36387734,0.613609076,0.509164989,0.065277562,75806.0,26.98811567,13.47754283,10.60652181,7.557499886,34.24821091,3.097049966,3.437064862,69.8798614,22.59909058,8.2,0.104444094,42.4
40019,OK,Carter,19.1,0.868612111,6.807719921,0.744524658,0.909974575,0.186131164,53211.0,23.57769306,19.66960398,7.545361748,7.637731552,18.06987381,1.222840239,5.882965648,65.05218424,54.58813477,14.2,0.082724959,40.7
40021,OK,Cherokee,24.1,0.489606082,10.12397599,0.489606082,0.632407844,0.081601009,42269.0,23.55452653,17.20124049,7.300649985,14.03971767,27.90363884,0.6542334,1.102425762,42.97336335,47.49348831,21.8,0.06120076,44.3
40023,OK,Choctaw,26.5,0.409668177,8.909129723,0.614502251,0.546224236,,41228.0,22.86679809,21.07152915,4.188960856,21.08263969,37.17069626,0.20416784,9.652210645,57.12475359,83.1626358,18.6,,45.4
40025,OK,Cimarron,25.2,,3.454384411,,1.398601413,,50300.0,24.30313589,24.52090592,24.52090592,15.06956482,40.42378235,0.0,0.043554007,71.73344948,28.90442848,15.9,,39.5
40027,OK,Cleveland,13.5,0.362286031,6.579763458,0.794242442,0.654901683,0.114956141,67692.0,22.61240898,14.20542216,10.25689613,5.598686218,22.53600121,4.296378008,4.944709131,66.01235754,33.69898605,12.3,0.114956141,36.9
40029,OK,Coal,26.7,1.073921561,7.170245399,0.536960781,0.715947747,,44733.0,23.05355108,20.94568933,3.759969616,11.28592014,27.38805389,0.284846183,0.436764147,64.01443221,52.33876419,18.7,,43.2
40031,OK,Comanche,23.4,0.429400742,6.718892038,0.73493588,0.578039467,0.115607888,50090.0,23.90423117,13.42910217,13.74200206,11.2044754,27.92495155,2.471826625,15.57977296,53.22187822,48.75418854,19.2,0.057803944,43.8
40033,OK,Cotton,24.9,0.70472163,6.301824212,,,,48703.0,23.73801339,20.82504071,6.531572282,6.936432838,23.48892784,0.506603944,1.230323865,74.14510584,50.75463867,17.6,,42.4
40035,OK,Craig,24.4,0.634070754,7.379631018,0.563618422,0.704523027,,48825.0,21.46452116,20.30197774,3.026866095,13.76635265,26.772995,0.531650953,2.608634011,59.8142766,70.74585724,17.5,,43.6
40037,OK,Creek,19.2,0.37770161,6.281101561,0.489613205,0.489613205,0.097922638,53287.0,23.51367171,19.08046938,4.755135602,5.326915264,15.85748482,0.404158653,2.023580567,71.81202442,52.57396698,14.3,0.055955794,39.4
40039,OK,Custer,20.8,0.698128998,7.356253924,0.767941892,1.047193527,0.139625803,51098.0,24.72205661,15.13695507,18.88261495,16.33553886,42.10711288,1.031108617,2.746115807,64.82306316,40.01152039,17.0,0.139625803,38.8
40041,OK,Delaware,26.6,0.579562306,7.697671523,0.301372409,0.672292292,0.069547474,47774.0,19.99405896,25.6281407,4.012674208,9.260803223,21.14766121,1.165928163,0.287150036,61.93281679,48.66391754,18.1,0.092729971,43.0
40043,OK,Dewey,21.8,2.076843262,3.806538289,,0.623052955,0.623052955,53165.0,25.60214095,20.65120428,5.798394291,25.08831215,64.11483002,0.089206066,0.156110616,83.02854594,22.93181038,16.4,,40.8
40045,OK,Ellis,18.1,1.044386387,6.336528222,,1.044386387,,52503.0,22.88610296,23.68631635,9.069085089,13.64768028,42.67454529,0.240064017,0.426780475,83.96905842,26.80591774,12.9,,41.2
40047,OK,Garfield,18.7,0.640720248,5.676209279,0.788578749,0.575005352,0.147858515,59514.0,25.99369888,16.63749483,14.29207905,4.965848923,19.05841255,1.089965949,2.642968526,68.32415746,48.61396408,12.9,0.115001068,42.3
40049,OK,Garvin,21.2,0.794481933,7.603344534,0.866707623,0.902820408,0.216676906,50043.0,24.19706891,19.48861865,9.557218584,4.986544132,12.94130898,0.4599314,2.124259432,70.93857187,54.65373993,15.6,,42.4
40051,OK,Grady,18.4,0.536615014,3.860047669,0.482953519,0.554502189,0.107323006,61326.0,24.03321471,16.92672689,6.42394379,7.112019539,27.88529587,0.364996806,2.337804544,76.36098184,37.40803146,13.4,0.089435838,41.0
40053,OK,Grant,19.2,0.914913058,5.69245934,,0.686184824,,51688.0,23.45886304,22.59534661,4.413528424,19.15140343,65.34024048,0.28783881,1.055408971,87.11921324,17.32616615,14.1,,44.8
40055,OK,Greer,28.5,,7.918649935,,,,39391.0,20.94336186,18.35731197,12.11072664,7.066794872,16.99923325,0.127481333,6.410489893,72.77362958,54.39165497,23.0,,41.5
40057,OK,Harmon,38.8,,8.848484849,,,,38826.0,24.47749196,22.9903537,29.74276527,2.050893068,8.287625313,0.281350482,5.988745981,56.39067524,58.72767639,27.8,,43.5
40059,OK,Harper,17.0,1.384657979,2.937576499,,0.830794811,,58116.0,25.24449878,22.03545232,22.40220049,20.20410728,51.22367096,0.0,0.122249389,72.58557457,22.15452766,11.4,,43.2
40061,OK,Haskell,33.6,0.395194441,7.303613003,0.316155553,0.711349964,0.237116665,36954.0,24.28855635,21.05354208,4.575728743,17.73762321,38.16976166,0.181645186,0.55358533,66.5772857,70.18653107,21.5,,43.7
40063,OK,Hughes,27.2,0.533292711,7.327124372,0.457108021,0.609477401,0.22855401,39603.0,21.16406075,18.45589886,5.648238199,7.441515923,18.78614235,0.284282187,5.446248223,60.39500262,51.9071579,21.4,,47.6
40065,OK,Jackson,20.6,0.576013148,8.476253298,0.617156982,0.905163527,,55293.0,24.5592092,15.9370587,23.95400444,10.08620739,31.70923424,1.29110349,6.512003228,60.04841638,50.89144897,14.9,0.123431392,42.7
40067,OK,Jefferson,36.6,0.840477407,13.26245104,,0.672381938,,37798.0,23.96477422,22.03485104,10.94247705,13.59055519,26.06135559,0.562113547,0.505902192,74.8173131,81.73642731,24.2,,45.2
40069,OK,Johnston,26.8,0.646710992,7.881675601,0.277161866,0.461936444,,47039.0,22.61487539,19.70404984,5.656152648,13.61333942,33.73973465,0.50623053,2.297507788,65.56658879,60.29810333,20.9,,43.7
40071,OK,Kay,23.4,0.485279858,8.639684565,0.808799744,0.785691202,0.138651386,50034.0,24.30892449,19.62471396,8.356979405,15.26196003,38.18689728,0.578947368,1.958810069,70.31578947,65.53781128,15.8,,44.0
40073,OK,Kingfisher,14.1,0.885739565,5.693052883,0.506136894,0.949006677,0.189801335,66770.0,26.60036881,17.35379347,18.14409905,4.116712093,18.861866,0.296364594,1.119599579,72.34589041,24.38419914,10.7,,41.3
40075,OK,Kiowa,29.0,,12.44917484,,0.686420321,0.343210161,40937.0,23.71606534,21.92972147,11.19990598,19.27781105,41.75582886,0.552356329,3.690210365,72.26466095,68.79457092,20.6,,45.4
40077,OK,Latimer,27.2,0.296091586,7.197748674,,0.296091586,,37294.0,22.63871241,21.05040237,3.642524354,7.434202194,19.52877998,0.70944515,0.444726811,61.60525201,21.06362724,20.0,,46.4
40079,OK,Le Flore,31.0,0.680885136,9.469028431,0.42054671,0.300390512,0.080104135,42198.0,23.83178541,18.72052193,7.423798541,9.155388832,18.03305054,0.60670282,1.74738723,66.32176027,74.67040253,23.5,,42.7
40081,OK,Lincoln,20.0,0.456555843,6.147676908,0.570694804,0.656299055,0.142673701,51525.0,24.01817204,19.05373902,3.398290394,11.0987196,27.3223114,0.340725686,1.769382509,78.14573495,45.62942886,15.8,,42.3
40083,OK,Logan,15.1,0.471533716,5.824406637,0.26651907,0.451032251,0.082005866,68955.0,25.9146403,15.60084754,8.07789325,15.25222206,53.40716171,0.524669559,6.459489456,72.76763192,28.31764984,13.1,,42.2
40085,OK,Love,22.0,0.488758564,7.391521197,0.488758564,0.977517128,,52205.0,22.86615415,21.2793219,16.60753006,5.825269222,19.37078094,0.709639267,1.931795782,67.08062291,39.65460968,15.3,,43.5
40087,OK,McClain,11.2,0.628809154,3.514462709,0.749733984,0.749733984,0.072554901,72895.0,26.11972541,16.14900869,8.878594403,3.390714884,9.290120125,0.501656185,0.830493015,73.69065335,32.63761139,9.2,,37.9
40089,OK,McCurtain,30.5,0.579763234,8.112421025,0.457707793,0.732332468,0.122055411,43930.0,25.22230155,18.85831116,6.14655676,13.78370857,28.40285683,0.402414487,8.236515869,58.93100539,77.67556,21.5,,45.1
40091,OK,McIntosh,27.9,0.560224116,8.926951603,0.560224116,0.916730344,0.203717858,42506.0,19.64521409,26.91515759,2.592260176,6.644692421,14.20057964,0.359009556,2.887915105,66.7546592,66.61997986,18.1,,42.1
40093,OK,Major,17.7,0.791661143,5.254839984,0.395830572,0.659717619,0.395830572,55948.0,25.05782575,20.61166795,10.07453097,2.888245344,10.81095219,0.514006682,0.192752506,83.25623233,26.80652618,10.7,,41.6
40095,OK,Marshall,21.3,0.584316909,5.594313545,0.525885224,0.759612024,0.23372677,49443.0,23.053814,22.24399164,17.01280042,14.43409729,29.1362133,0.287356322,1.103709509,63.66901776,39.72868347,14.9,,43.7
40097,OK,Mayes,19.1,0.510303259,7.562938239,0.704704523,0.801905155,0.170101091,53161.0,23.95635917,19.75106285,3.521487476,5.486279964,12.58083057,0.491727706,0.460994724,60.22639963,51.3968544,14.6,,43.1
40099,OK,Murray,19.2,0.501612306,7.144983626,0.788247943,0.931565762,0.214976713,55997.0,23.3098389,20.87888377,6.65995397,5.71048069,15.85858727,0.323647871,1.100402762,67.93728423,34.85608673,13.5,,44.4
40101,OK,Muskogee,27.1,0.443721354,8.840407873,0.85786128,0.62120986,0.162697822,44521.0,23.04526749,18.81698548,6.781832708,5.884281635,14.63655949,0.771793364,9.865991347,52.54375254,73.11295319,19.2,0.059162844,44.6
40103,OK,Noble,15.0,0.629892945,6.928769658,0.629892945,0.809862316,,58612.0,23.43463933,20.33138045,3.844745514,12.31751156,31.78634834,0.430245331,1.327352618,77.02306847,33.72926712,11.8,,40.5
40105,OK,Nowata,23.1,0.396982938,5.159071367,,0.297737211,,50228.0,22.62875536,20.55793991,2.58583691,10.72905636,24.94752884,0.053648069,1.115879828,62.36051502,80.17401123,15.5,,41.2
40107,OK,Okfuskee,33.0,0.33999151,11.08440684,0.254993618,0.764980853,0.254993618,36567.0,20.90185676,20.0,3.023872679,7.457533836,14.84899235,0.282935455,6.136162688,58.26702034,60.69556427,26.8,,44.6
40109,OK,Oklahoma,23.9,0.405451953,7.245475601,0.970099807,0.911645055,0.126859203,57890.0,24.42194572,14.54767849,19.27659703,6.94141674,21.86232376,3.494070015,14.81328457,51.2357276,49.21339035,16.3,0.116909459,39.4
40111,OK,Okmulgee,24.0,0.523094654,6.69713383,0.549249351,0.575404108,0.078464195,46411.0,23.07524655,19.50089904,4.653190214,16.19054985,27.0287571,0.435896039,7.470168365,58.84324089,72.45296478,18.0,,44.2
40113,OK,Osage,18.0,0.38591826,6.173559839,0.40735817,0.34303847,,56156.0,22.49770832,20.04015889,4.085730499,16.0096302,37.55539322,0.279366188,10.46750186,59.89567419,33.15681076,12.3,,40.3
40115,OK,Ottawa,26.8,0.453382552,8.312726534,0.453382552,0.550535977,0.097153403,45523.0,23.4208354,20.01981179,5.639755655,8.951303482,15.91348553,0.508502559,0.94766386,62.24203401,61.63843918,20.5,,44.0
40117,OK,Pawnee,20.0,0.427324325,5.899457224,0.610463321,0.366277993,,52367.0,23.44885231,21.09560856,3.002636147,1.6115098,5.602851391,0.315051759,0.469362824,74.13360766,55.83195877,14.8,,40.7
40119,OK,Payne,20.0,0.415876716,13.74824813,0.795058429,0.672741711,0.06115834,50651.0,18.62308013,13.25355804,6.580849031,10.72185516,25.2799778,3.260416922,3.825049604,72.17254979,29.69950867,20.7,0.122316681,38.5
40121,OK,Pittsburg,24.1,0.52656883,8.505037452,0.663934588,0.801300406,0.091577187,47589.0,22.08895895,20.42583328,5.176707103,14.17315197,36.01762772,0.63966372,2.8030978,64.85276312,52.92779922,18.2,,41.4
40123,OK,Pontotoc,20.4,0.442742914,4.905660377,0.703179955,0.781311035,0.182305902,51044.0,23.89334034,17.17851044,5.80060423,9.241096497,28.5971241,0.977275713,2.261920399,59.64271641,52.10910416,17.4,0.078131102,43.3
40125,OK,Pottawatomie,18.6,0.369873136,6.789054382,0.849338353,0.602756262,0.054796021,51569.0,23.44936097,17.25784636,5.918237778,8.821926117,17.28829193,0.683192094,3.028128192,67.8471858,59.42856979,14.4,0.09589304,42.6
40127,OK,Pushmataha,24.5,0.546946228,7.494646681,0.364630818,0.820419312,0.273473114,42360.0,21.88309286,22.85423603,3.477617462,9.407709122,24.45699692,0.480947096,0.610432852,68.27598964,65.0030365,18.2,,43.5
40129,OK,Roger Mills,22.2,0.840336144,7.107486164,,0.840336144,,54944.0,24.86926206,20.22080186,7.437536316,20.37347412,54.73823929,0.145264381,0.145264381,83.09122603,29.27170944,15.0,,40.3
40131,OK,Rogers,11.8,0.311309099,3.70732546,0.504535437,0.418657064,0.064408779,69436.0,23.97417052,17.42650147,5.519739605,4.846379757,21.86498642,1.759764805,1.158126837,65.5050399,31.82509422,9.7,0.042939186,40.9
40133,OK,Seminole,23.6,0.536126673,9.417467325,0.6186077,0.412405133,0.164962053,42053.0,24.53302768,18.21616573,4.992358635,12.21222305,23.20309258,0.30565461,3.905586687,59.89556801,76.97885895,20.1,,43.0
40135,OK,Sequoyah,26.2,0.601858556,7.471366987,0.625932872,0.650007248,0.192594737,43293.0,23.73157506,19.70163692,4.393981823,10.16247749,20.2821846,0.733178891,1.489269621,57.27196354,65.99780273,19.6,0.072223023,41.2
40137,OK,Stephens,24.6,0.719257534,7.726164841,0.556844532,0.719257534,0.092807427,49840.0,23.16560866,21.1725168,8.056385362,8.550607681,27.38076019,0.569454817,1.864731143,75.57645631,51.25096512,18.9,0.069605567,42.3
40139,OK,Texas,16.0,0.500074983,8.628813479,0.550082505,0.850127518,0.250037491,56229.0,29.28357651,12.23344557,50.61260756,12.71096516,28.8474617,2.095024317,4.559483726,38.64104003,30.9879818,12.9,,41.3
40141,OK,Tillman,28.3,0.968322039,11.96631703,0.553326905,0.414995164,,44231.0,24.49770379,20.6946039,27.59758898,17.69144058,40.65195465,0.373134328,6.802525832,57.14695752,57.08488846,20.9,,42.4
40143,OK,Tulsa,19.1,0.308703452,6.596072432,0.913944721,0.898737669,0.138384312,59232.0,24.42060785,15.28376058,14.94877323,8.746873856,25.5191288,3.712353144,9.88855171,55.56920208,38.55941772,14.7,0.14446713,37.0
40145,OK,Wagoner,13.0,0.301477224,4.17546974,0.349713594,0.361772686,,70603.0,25.27506452,16.92619256,7.578320841,10.18954086,40.38547897,1.734974871,3.257554241,65.11897853,25.83358383,9.7,,43.5
40147,OK,Washington,22.2,0.440427393,5.462831324,0.61276859,0.746811688,0.114894107,54108.0,23.490611,20.30692975,6.40549042,12.66538239,33.49536133,1.856829664,2.520255457,67.1203889,64.9662323,16.7,0.134043127,41.6
40149,OK,Washita,24.8,0.738688827,4.70963505,,0.738688827,0.277008325,51073.0,26.10765287,19.27865251,8.971072867,16.1672802,47.49957275,0.201391432,0.704870011,80.72134749,46.29116821,15.9,,40.7
40151,OK,Woods,17.1,0.460458159,4.555837564,0.57557267,1.151145339,,51371.0,19.75881262,18.21660482,7.108070501,7.80941391,26.5980072,0.858070501,2.643784787,81.45871985,23.33947372,14.7,,40.7
40153,OK,Woodward,19.0,0.706642449,4.692937564,0.858065844,0.959014714,0.15142338,56666.0,24.24523693,15.99413776,14.68490474,6.818004608,30.09266281,0.615534929,1.714704446,75.35906204,36.22383881,14.0,,42.0
41001,OR,Baker,20.4,0.491279781,4.714142427,0.491279781,1.412429333,0.24563989,53107.0,19.72642189,27.02183825,4.853611711,14.50617313,37.89080048,0.383969282,0.419966403,87.97696184,55.09498215,16.0,,34.3
41003,OR,Benton,11.4,0.257403016,11.11448186,0.740033686,0.922360837,0.150151759,65419.0,16.27584468,17.1058161,8.955286603,7.382771492,27.92724991,6.697554211,0.985459741,75.86253992,25.98340416,17.3,0.214502513,26.4
41005,OR,Clackamas,8.9,0.289376557,3.539854942,0.578753114,0.827806711,0.12334083,91076.0,21.48381233,19.1674913,9.573304287,3.348645449,17.28423119,4.854995598,1.028948674,77.20935641,27.41190529,8.4,0.156547979,29.0
41007,OR,Clatsop,16.9,0.568983018,5.438269303,0.915320516,2.721223116,0.346337467,59539.0,19.01538761,23.77045189,9.368913128,3.72517252,12.43290138,1.343981301,0.545383716,81.62738605,46.88543701,12.9,0.098953567,30.3
41009,OR,Columbia,12.5,0.416067779,3.467839982,0.453892112,0.775399029,0.113473028,78267.0,20.65070642,20.02129723,5.837722718,1.420059443,6.096260071,1.066763011,0.570461503,84.1012379,41.82426834,10.2,0.113473028,36.9
41011,OR,Coos,24.4,0.386333078,8.16069517,0.587226272,1.081732631,0.278159827,54067.0,17.78250089,27.33139275,6.610297402,3.931478262,10.55284691,1.121224722,0.398897257,82.45622141,63.134552,17.4,0.077266619,31.1
41013,OR,Crook,16.6,0.398327023,4.466870709,0.358494312,0.716988623,0.159330815,65755.0,19.67418546,26.23494219,7.288382246,5.380500317,16.50672913,0.460829493,0.31530439,84.3803056,50.35517502,12.0,,33.0
41015,OR,Curry,22.4,0.557820201,3.65188009,0.600729465,1.973825336,0.429092467,52586.0,14.1815235,35.46873667,7.139810629,2.12526989,6.565009594,0.912735648,0.328414228,82.86274844,52.12400818,14.8,0.171636984,31.7
41017,OR,Deschutes,10.1,0.252764314,4.229861552,0.783073723,1.075487256,0.158597201,79648.0,20.21961837,21.22086425,8.694445986,5.13413763,22.97898865,1.221166893,0.396463105,83.02270331,31.11065865,8.7,0.183378026,27.0
41019,OR,Douglas,22.1,0.619589806,6.010319087,0.610610247,0.781221926,0.25142774,52042.0,19.1023462,26.78752889,5.983759139,9.687367439,23.16909409,1.065637899,0.344421363,84.10445949,59.44395447,16.5,0.089795627,35.1
41021,OR,Gilliam,14.8,,6.570098293,1.518987298,,,69135.0,20.0,27.11779449,5.363408521,20.80768967,54.60178375,0.30075188,0.15037594,87.56892231,41.85654068,10.4,,31.8
41023,OR,Grant,21.3,0.557103038,5.893186004,0.417827308,1.810584903,0.696378827,53079.0,18.29116549,30.4714503,3.912622702,14.51317501,39.80830765,0.317987004,0.138255219,88.8981059,47.63231277,15.6,,30.9
41025,OR,Harney,22.5,1.085039973,4.55543359,0.949410021,1.356299996,0.406890005,50113.0,22.09472982,24.80320213,5.256837892,12.54491806,38.09376144,0.480320213,0.066711141,85.85723816,47.71915436,16.2,,34.8
41027,OR,Hood River,13.1,0.472508579,2.599924028,1.116838455,1.632302403,0.472508579,70850.0,23.37656921,16.77857947,29.81190307,2.090960503,15.00495148,1.589022814,0.196021187,62.28886016,31.60080147,10.9,0.214776635,30.5
41029,OR,Jackson,15.5,0.387659788,5.621837659,0.712212205,0.973657191,0.175799206,63308.0,20.25763799,23.3141777,13.61602444,5.820230484,20.0916748,1.474968534,0.705010772,76.24866187,52.0827713,13.5,0.153260857,35.9
41031,OR,Jefferson,22.6,0.523012578,7.218739115,0.482780814,0.603476048,0.160926938,59317.0,22.52469186,20.56158681,20.41466003,4.10373497,12.50694942,0.534650233,0.546894131,61.23989878,68.5079422,15.9,0.120695204,34.9
41033,OR,Josephine,23.6,0.488342255,7.565998682,0.635980606,0.874473333,0.193065539,49833.0,18.55034624,27.72164831,7.988420933,9.1136446,22.21060181,0.987626291,0.417754569,82.56328755,54.1132431,16.8,0.090854369,32.8
41035,OR,Klamath,23.9,0.523720145,8.837133934,0.741936862,0.960153639,0.247312292,49660.0,20.90674657,22.6254448,12.63740222,12.77187538,34.3188858,1.086251855,0.716004207,74.79722818,71.10107422,19.1,0.116382256,38.4
41037,OR,Lake,20.1,0.754811943,8.85341074,0.629009962,1.258019924,,52012.0,19.06862745,24.69362745,9.828431373,18.49071312,40.53071594,0.637254902,0.600490196,79.75490196,50.36272812,15.7,,34.1
41039,OR,Lane,14.8,0.402103484,7.989943142,0.778096318,0.882538795,0.169718996,61509.0,18.1460215,20.90314932,9.864976721,5.528051853,17.86822319,2.455538409,1.136378473,77.94506634,47.97782135,14.4,0.114886709,32.5
41041,OR,Lincoln,22.1,0.395389766,6.326721405,0.553545654,2.233952045,0.375620276,52751.0,15.90435559,30.5784304,9.625954956,4.847957134,14.2103548,1.281873202,0.375037206,78.3768231,54.46988297,15.2,0.079077952,32.0
41043,OR,Linn,14.5,0.480717868,5.15247277,0.595174491,0.640957177,0.137347966,64834.0,21.93297566,19.8794806,9.774512091,11.52157116,34.73357391,1.114998834,0.484410232,80.95637975,49.93297958,12.1,0.099195749,34.8
41045,OR,Malheur,24.4,0.161378816,7.855017778,0.548687994,0.935997188,0.225930348,51466.0,24.46232302,17.70295524,32.68822654,4.143635273,8.92370224,1.219473568,1.415856324,60.10262583,69.79096222,20.0,,38.3
41047,OR,Marion,16.0,0.415230066,5.406770342,0.727368534,0.778914332,0.117409877,64412.0,24.04544403,16.8128469,27.67691952,4.895162106,17.35728264,2.101641998,1.094761795,61.76283534,47.73427582,13.3,0.105955258,39.4
41049,OR,Morrow,15.7,0.512820542,5.196111297,0.256410271,0.683760703,,67334.0,27.44132611,15.75578533,40.9322173,1.454603314,4.515288353,0.237978008,0.303627113,54.16051206,55.3418808,13.8,,37.4
41051,OR,Multnomah,12.7,0.391105354,5.97803827,0.877841473,1.521510124,0.179001197,77851.0,18.2380296,14.3263415,12.72374753,1.501713753,7.608291626,7.51507184,5.370553869,65.68611821,45.59156418,12.4,0.123829596,28.9
41053,OR,Polk,12.6,0.284919769,5.062555589,0.547045946,0.638220251,0.068380743,71606.0,22.6241808,19.42515984,14.55972001,8.075182915,25.89521599,1.946633422,0.780025848,74.02125056,33.80572891,11.0,0.125364691,34.4
41055,OR,Sherman,18.8,4.441976547,5.050505051,,,,69892.0,19.35828877,24.27807487,6.363636364,17.75488853,47.75307465,0.374331551,0.0,86.09625668,46.45567322,12.8,,33.2
41057,OR,Tillamook,21.3,0.65592885,5.332980573,0.4372859,1.894905567,0.364404917,56158.0,18.23658269,27.32018985,10.75575027,0.807750344,2.879510403,1.022270902,0.27747353,80.32128514,45.56883621,14.6,,30.8
41059,OR,Umatilla,16.4,0.463010609,5.086143817,0.553040445,0.694515884,0.192921087,58764.0,24.57945676,16.5682173,28.25101467,11.92135334,30.501688,0.855448017,0.814236653,62.13300031,52.10477066,13.2,0.077168435,37.8
41061,OR,Union,22.0,0.602613866,5.670324521,0.677940547,0.97924751,0.263643563,53294.0,22.20568026,21.57963048,5.142006413,3.753844023,12.1145649,0.824553367,0.553519621,84.26859062,50.25234604,17.5,0.112990096,35.6
41063,OR,Wallowa,17.4,0.417769104,3.764997931,0.835538208,2.785127401,0.417769104,58311.0,18.60370721,31.32187796,3.477202002,10.70303726,25.06251144,0.419429035,0.12176972,89.27073468,35.30149078,12.9,,30.4
41065,OR,Wasco,18.5,0.568117261,3.818780133,0.719615221,1.136234522,0.302995861,59638.0,21.36107987,22.72965879,18.81139858,12.14617348,39.95554733,0.929883765,0.4311961,70.12748406,52.57609558,13.3,,32.9
41067,OR,Washington,9.1,0.236945629,3.824367637,0.685982406,0.770487487,0.124272183,91899.0,22.55401651,14.12024545,17.92921722,2.307440519,14.30418015,11.39793328,2.125848641,60.83428274,23.73722839,8.6,0.170667127,29.6
41069,OR,Wheeler,33.0,,2.602739726,,,,43468.0,16.1268091,35.0103377,5.789110958,51.06038666,100.0,0.551343901,0.068917988,86.56099242,36.3494339,17.4,,35.3
41071,OR,Yamhill,12.1,0.334373593,5.405591246,0.464407802,0.854510307,0.222915739,75303.0,21.70958579,18.54031674,16.51751731,3.337773085,15.67876816,1.413824474,0.788139841,73.66368987,37.27336884,10.9,0.027864467,34.5
42001,PA,Adams,11.6,0.301726669,3.59314483,0.603453338,0.642385781,0.087598063,72849.0,20.07375881,21.56915611,7.5010592,4.189161301,15.85733128,0.916689135,1.418364596,86.60882795,19.56437874,8.6,0.058398709,37.3
42003,PA,Allegheny,13.9,0.358275592,5.481462942,0.880829632,0.90311867,0.156023234,68874.0,18.42308117,19.41982028,2.744730836,5.520362854,26.44296455,4.663283698,12.91834656,75.02546822,35.71329498,11.3,0.176661238,32.0
42005,PA,Armstrong,15.7,0.37405318,4.037000735,0.405224264,0.716935277,0.155855492,54089.0,18.87794014,22.81338662,0.747429757,2.047729969,5.173372269,0.224228927,0.668110681,95.06086214,42.6277771,11.8,0.077927746,37.9
42007,PA,Beaver,17.0,0.442872524,4.728085273,0.738120854,0.565892637,0.129171148,64593.0,19.08272152,22.15260232,2.146657551,9.388394356,32.52877808,0.607555807,6.580269298,85.53398924,39.17115021,11.1,0.061510071,37.2
42009,PA,Bedford,15.4,0.460087419,3.93152227,0.522826612,0.627391934,0.292782903,52984.0,19.53254724,23.4125733,1.090863232,6.273154259,22.7117157,0.321583959,0.380435925,95.38432436,35.87287521,11.6,0.062739193,35.3
42011,PA,Berks,18.1,0.301650524,5.349197113,0.638929069,0.686433077,0.182890475,68693.0,22.19685717,18.07862441,23.21329885,3.2919662,17.45006371,1.451559873,4.217568422,67.91621293,36.5626564,12.9,0.111634448,35.0
42013,PA,Blair,16.3,0.454519153,5.412328266,0.859454393,0.743758619,0.173543677,55843.0,19.82299588,22.26636922,1.390630343,4.377863407,16.2413559,0.706713781,2.005341063,92.01608832,48.40077972,11.9,0.082639851,36.2
42015,PA,Bradford,18.7,0.514770567,5.450145371,0.54798162,0.680825651,0.232477039,55199.0,21.72194707,21.40510614,1.45580069,4.720460415,14.19464016,0.767088565,0.657028032,92.91276869,35.92185593,13.7,0.099633016,34.9
42017,PA,Bucks,8.2,0.257967114,2.635172704,0.759569883,0.773901343,0.136945516,99755.0,20.29238807,19.75630203,6.151223903,4.457965374,34.60395432,5.42164575,3.909592321,80.67197906,17.16304016,6.5,0.17675525,30.4
42019,PA,Butler,8.8,0.359531552,3.758070541,0.713775873,0.623892963,0.142755181,77902.0,19.8376367,19.95995107,1.891485991,3.188835859,24.32904816,1.440935576,1.121989234,91.90660756,21.18063736,8.5,0.169191316,32.7
42021,PA,Cambria,19.4,0.349726439,5.714285714,0.73053968,0.676137805,0.202064157,52441.0,18.79345481,23.39591825,1.846829298,6.345585823,22.2890625,0.572404699,4.244335891,89.44198034,50.82172775,12.9,0.069945291,37.1
42023,PA,Cameron,25.0,0.692840636,4.121903091,,1.847575068,0.692840636,47588.0,17.50604794,27.66659336,1.891356939,3.024229527,7.551332951,0.637783154,0.263910271,93.93006378,56.25481033,13.4,,38.0
42025,PA,Carbon,22.4,0.374525994,6.36955701,0.530578494,0.873893976,0.124841996,58295.0,19.24199602,21.94319603,5.624797294,1.825631976,4.975941658,0.505027105,1.652535174,88.71025035,35.65019226,14.0,0.109236747,34.4
42027,PA,Centre,10.6,0.247684151,11.92767134,0.681131423,0.687323511,0.111457869,66239.0,15.00455201,15.10570771,3.572693018,3.079437733,16.12185669,7.190273879,3.354576031,81.97911135,13.21910954,15.2,0.167186797,34.7
42029,PA,Chester,7.8,0.248690575,3.084662458,0.645456433,0.658745289,0.132888094,109616.0,22.74027765,17.23910159,8.147631139,6.192771435,45.07774353,6.57600021,5.312557891,75.87315428,14.01305008,6.6,0.167059317,29.5
42031,PA,Clarion,15.8,0.496018797,7.216920157,0.678762555,0.783187568,0.208850026,55551.0,19.53492119,21.61327569,1.039177251,5.946953297,15.68650723,0.469912194,1.398995731,94.0441986,35.25649261,11.8,,35.7
42033,PA,Clearfield,19.0,0.381621122,5.686424014,0.585152388,0.865007877,0.190810561,54539.0,18.14006604,21.74846702,3.273255381,5.788975716,19.27971458,0.558576004,2.184652814,91.03299322,43.13484955,14.2,0.076324224,36.9
42035,PA,Clinton,18.3,0.289801627,4.94825445,0.579603255,0.737676859,0.184419215,54171.0,20.96662216,20.51535381,1.767690254,3.439857721,11.2790451,0.563417891,1.110814419,93.27903872,38.51507568,13.2,,35.3
42037,PA,Columbia,18.3,0.462663084,7.404123982,0.77110517,0.925326169,0.138798922,56300.0,17.96622739,20.3670802,3.306193706,2.59736681,8.378909111,1.155622847,1.339471936,90.89097286,35.07371902,16.2,0.107954718,37.2
42039,PA,Crawford,21.1,0.310644358,4.667648114,0.573497236,0.812454462,0.191165745,55141.0,20.64619124,21.922133,1.478472206,4.061775208,14.50422096,0.434844766,1.782267864,92.14777574,40.97120285,15.0,0.071687154,37.8
42041,PA,Cumberland,10.5,0.316583097,3.334289814,0.777778208,0.730877042,0.140703589,81975.0,20.40166648,19.45396174,4.615194879,5.281241417,26.96913147,5.332428922,4.077943801,81.70147494,23.06920052,8.0,0.136795163,33.0
42043,PA,Dauphin,17.0,0.414472222,6.193078976,0.836090505,0.789641082,0.217955217,66121.0,21.61584631,17.57640511,10.91162391,8.475658417,35.35398102,5.99962989,16.90077898,61.16424174,48.05614853,11.8,0.107191093,34.3
42045,PA,Delaware,13.9,0.310540915,4.343331195,0.758707941,0.585793078,0.24349232,78194.0,22.02381984,17.31255309,4.641228785,2.384890079,15.85291195,6.295962415,22.02642026,62.9733197,35.46180344,10.1,0.167621523,31.4
42047,PA,Elk,14.1,0.439085364,3.796435333,0.472861141,1.013273835,0.23643057,56843.0,18.5898677,22.79122298,0.948693127,4.717382908,17.26659393,0.364633753,0.238786705,95.08228461,32.65275192,10.1,0.135103181,37.8
42049,PA,Erie,23.8,0.376267582,7.003246001,0.700379252,0.700379252,0.152742282,56799.0,20.87117353,19.00759019,4.441146502,13.74294949,34.04052734,2.347199457,7.31737031,80.91525274,53.14717484,15.8,0.089410119,36.9
42051,PA,Fayette,21.0,0.460484207,6.862485241,0.757067263,0.56975168,0.179510787,47812.0,18.70749356,22.46746995,1.225117232,6.350218773,16.82693863,0.2919164,4.427657526,89.53293376,62.07756424,15.9,0.070243351,34.8
42053,PA,Forest,34.8,0.430725068,6.738167405,0.430725068,1.005025148,,46432.0,9.321669296,21.58324968,4.632152589,15.00673199,39.42614746,0.243797505,17.71117166,75.69195468,24.80258369,19.6,,40.4
42055,PA,Franklin,13.9,0.289134324,4.249801259,0.648945928,0.65537113,0.179905802,66983.0,22.42515968,20.57884206,6.903009004,6.276076794,24.26099586,0.9029577,3.205243311,85.01526306,29.54417419,9.5,0.09637811,39.2
42057,PA,Fulton,18.5,0.34480381,3.736703965,0.275843054,0.34480381,,55100.0,20.89859852,21.93597142,1.003022808,0.865748286,2.359087229,0.281670789,0.851882385,94.29788403,34.8424263,11.4,,36.0
42059,PA,Greene,20.2,0.561466575,6.24809137,0.982566476,0.477246583,0.140366644,55287.0,18.58485843,20.20359348,1.418479168,6.629182339,22.59093475,0.333759804,2.953774267,91.50025032,50.65597916,14.8,,36.0
42061,PA,Huntingdon,19.7,0.381251395,4.637733234,0.470957607,0.560663819,0.089706212,54516.0,18.18243672,21.66606187,1.932323324,0.465185493,1.654925823,0.476276876,5.141522272,89.40397351,32.35030365,13.9,0.067279659,35.8
42063,PA,Indiana,18.2,0.394434869,6.250639517,0.549818337,0.466150314,0.131478295,51887.0,18.64353843,20.67006223,1.773058165,2.534258604,8.238246918,0.980227278,2.893832737,90.95692286,36.85475922,13.7,0.071715437,40.1
42065,PA,Jefferson,18.7,0.278370619,7.233993815,0.649531424,0.88150692,0.162382856,51099.0,20.78126405,22.2152297,0.892295244,2.316156387,7.920552254,0.224759507,0.280949384,95.11148072,38.20056534,13.3,,35.8
42067,PA,Juniata,13.6,0.324952275,3.611979948,0.284333229,0.528047442,0.284333229,55279.0,21.97456293,20.92390148,3.862350589,2.481592894,5.620579243,0.293504615,0.489174359,92.85805436,25.53583336,9.9,,36.1
42069,PA,Lackawanna,19.2,0.51198864,6.077653564,0.794300199,1.05268693,0.181827754,61227.0,19.5923037,20.71691926,8.461018268,4.066924095,15.2504015,3.132063586,3.43452403,81.17148998,50.2845459,13.7,0.110053636,33.2
42071,PA,Lancaster,10.8,0.283782989,3.774281938,0.646292865,0.611506581,0.228857249,75619.0,23.08746727,19.19296037,11.06198371,4.853842735,20.43885803,2.52068776,3.532832776,79.67915889,25.39369583,8.8,0.111682341,35.7
42073,PA,Lawrence,18.5,0.470129162,5.354426167,0.63467437,0.54064852,0.152791977,58307.0,19.767631,22.71987917,1.922853491,6.876427174,18.52605057,0.372952248,4.119902405,88.08063204,51.00803375,12.2,0.070519373,35.8
42075,PA,Lebanon,12.3,0.352950305,4.518391061,0.57177949,0.451776385,0.240006208,71826.0,22.35353246,20.75151651,14.20384344,4.474384308,19.52481461,1.530117202,1.783507961,79.58005542,31.39492989,9.0,0.098826088,37.3
42077,PA,Lehigh,15.6,0.372166276,4.866893785,0.717364013,0.728151441,0.161811426,68688.0,22.05859188,17.82585828,25.8921873,4.186079502,25.48513412,3.664328794,6.127238311,60.87030812,39.65930557,11.1,0.102480568,34.3
42079,PA,Luzerne,18.8,0.514224768,6.635422121,0.646724403,0.902259409,0.230296984,58645.0,19.39194211,20.47703582,14.40382808,5.060797215,20.29522896,1.216238628,4.309354595,76.87610951,53.86714935,12.8,0.104106858,38.7
42081,PA,Lycoming,15.1,0.441661,5.667828107,0.706657588,0.830322683,0.158997953,58862.0,20.48201212,20.43910043,2.079027569,8.433964729,23.28651619,0.80831611,4.967246996,87.30076716,40.19704056,10.7,0.026499661,35.6
42083,PA,McKean,19.1,0.545459032,6.959765098,0.669427037,0.719014227,0.272729516,54377.0,20.0608429,20.71873763,1.587851207,0.713038027,2.796860695,0.477344677,2.099821923,91.48941433,47.0789032,13.4,0.074380778,36.3
42085,PA,Mercer,17.7,0.414574593,4.739468381,0.718595982,0.829149187,0.119765997,54112.0,19.54234899,22.7533167,1.454108376,7.864670277,18.19691086,0.617250479,5.683584571,87.66041283,45.85886002,12.9,0.073702149,35.7
42087,PA,Mifflin,23.7,0.542723179,3.760044029,0.521014214,0.78152138,0.282216042,51503.0,21.85813666,22.07918861,2.121665258,6.940658092,19.56762695,0.346748152,0.758511584,93.93190733,41.17640686,15.1,0.108544633,38.7
42089,PA,Monroe,16.3,0.33499065,4.999276429,0.652350247,0.910939515,0.117540583,74989.0,20.23204833,17.84265151,16.96578683,5.51036787,23.42515945,2.344840697,13.55872795,62.20986532,35.12455368,11.3,0.058770292,37.7
42091,PA,Montgomery,7.8,0.274623483,2.928597432,0.775901258,0.838261187,0.179884374,102648.0,21.30971464,18.66831358,6.364112904,3.773431063,31.25239182,7.910894014,9.282554611,72.17813725,18.60663986,7.0,0.244642749,31.2
42093,PA,Montour,13.6,0.33255738,4.462123833,0.60968852,0.831393421,0.16627869,68053.0,20.63850904,22.41949713,2.685266873,4.272101402,19.29822731,3.68328187,1.764446405,88.80127922,23.81018448,9.3,0.27713114,35.3
42095,PA,Northampton,12.6,0.382487923,3.919176973,0.725746334,0.872857094,0.166725516,78768.0,19.57974252,19.93347201,14.25047372,4.752163887,24.54721451,3.160878221,5.569242469,72.97404386,27.79575729,9.7,0.111150339,33.7
42097,PA,Northumberland,17.3,0.476412058,5.79734842,0.587205589,0.653681695,0.221587002,50930.0,20.0464827,21.61118204,4.529335385,2.24818635,6.583264828,0.484467577,2.610014512,89.13439611,47.21187973,11.8,0.055396751,37.7
42099,PA,Perry,12.6,0.411148608,4.416801078,0.389509231,0.605903208,0.216394007,76010.0,21.65045155,20.00567165,1.989441996,2.285148621,6.259481907,0.303215392,0.630426247,93.44705728,25.42268944,7.9,0.086557604,34.9
42101,PA,Philadelphia,32.7,0.353503078,10.95436758,0.898328602,0.757687569,0.442829102,52882.0,20.29153316,14.28310441,14.85705485,0.312374592,1.076196194,8.255907699,38.27385885,34.34524444,81.31790161,22.3,0.103263445,34.5
42103,PA,Pike,14.1,0.463689536,4.033065268,0.428021103,0.713368535,0.124839492,70065.0,18.94251303,22.53011019,11.47860255,2.669498444,12.58837986,1.436747245,5.171265055,77.51772444,30.53365898,8.8,,33.9
42105,PA,Potter,25.8,0.547012687,4.849941456,0.486233503,0.972467005,0.243116751,51348.0,19.85850207,25.15247621,1.506464991,1.473450541,4.791255951,0.42083435,0.262259088,94.49865821,37.22218704,16.1,,38.2
42107,PA,Schuylkill,17.4,0.454839408,5.056196305,0.469053149,0.653831661,0.206099108,57868.0,18.9564415,21.78274577,5.637229201,2.403437376,8.367783546,0.522897748,2.876636677,88.21592601,43.58877945,12.8,0.071068659,39.0
42109,PA,Snyder,11.6,0.322444618,3.336538975,0.719299555,0.892923594,0.223230898,61208.0,21.62270989,19.36279444,2.458727602,2.826081038,6.229284763,0.744916449,1.26837125,93.09442319,21.5913887,9.7,0.148820594,36.5
42111,PA,Somerset,18.8,0.411432326,3.591567624,0.466289967,0.699434996,0.219430581,53770.0,18.12246219,23.49148107,1.398912706,5.752521038,15.90955544,0.261705945,2.513186472,93.14033644,37.68491745,12.9,,36.6
42113,PA,Sullivan,17.3,0.676475585,5.445026178,1.014713287,1.352951169,0.507356644,55516.0,16.83219178,29.04109589,1.797945205,11.3441,34.39587784,0.29109589,1.318493151,92.56849315,25.59332466,12.9,,36.6
42115,PA,Susquehanna,17.4,0.399940014,5.341663413,0.474928766,0.674898744,0.149977505,56995.0,19.5425925,23.73419368,2.203777905,6.1072855,18.1141777,0.351251496,0.359057085,93.14409117,30.71414375,12.0,,33.2
42117,PA,Tioga,19.4,0.42099008,4.83342772,0.470518321,0.941036642,0.173348859,56920.0,20.28261664,22.68729443,1.559264222,9.377547264,23.37827301,0.460470216,0.782068461,93.20745523,38.06039047,13.3,,38.8
42119,PA,Union,12.0,0.338646322,4.075244196,0.609563351,0.632139802,0.112882107,67424.0,18.74604625,18.84913662,4.685925822,10.67160225,18.44298553,1.907171809,5.761345798,84.46381294,18.93409157,12.1,0.090305686,35.3
42121,PA,Venango,21.0,0.437132418,4.922290224,0.496741384,0.695437908,0.198696554,56992.0,20.08562255,23.67106671,1.143615967,1.955630183,5.269283772,0.340904586,0.86018948,93.38605462,47.38581467,13.1,0.059608966,35.5
42123,PA,Warren,20.2,0.385495096,4.529370135,0.513993502,0.693891168,0.154198036,54073.0,19.38994998,23.67895923,1.075491746,4.333338737,10.82820797,0.399098142,0.373182678,94.0990489,38.86647415,12.3,,34.6
42125,PA,Washington,11.6,0.372335017,4.04666513,0.77368319,0.580262363,0.116052479,68238.0,19.18232234,21.60793699,1.920716125,9.646025658,34.43283844,0.954387172,3.277302495,89.27675795,34.60580063,9.1,0.135394558,38.2
42127,PA,Wayne,18.2,0.37136212,3.861060791,0.37136212,1.153177142,0.175908372,54336.0,16.74909589,24.61733946,4.588016812,0.874955237,1.955829501,0.817124426,3.219626625,87.61802365,31.33775139,12.6,0.11727225,35.2
42129,PA,Westmoreland,14.7,0.339972407,4.410116396,0.723161638,0.766378462,0.138293862,63184.0,18.34107308,23.59225518,1.474639305,7.652281284,32.76404953,0.930742705,2.533390853,91.1045133,33.68991852,11.2,0.109482639,31.4
42131,PA,Wyoming,17.4,0.866061687,4.032131661,0.564822853,0.753097117,0.150619417,63118.0,19.16452491,21.82669071,2.228700756,0.24405551,0.87787205,0.441136983,0.820898385,92.60807856,36.09531784,11.6,,35.8
42133,PA,York,12.3,0.295261592,3.88960848,0.71040386,0.492842674,0.128760695,72949.0,21.92411675,18.3711698,8.623296045,5.438402653,29.48576355,1.436558744,5.645454585,80.04438719,31.06536865,9.2,0.113220617,35.3
44001,RI,Bristol,7.9,0.268872797,2.541793151,0.744570851,1.30299902,0.103412613,94553.0,18.11666962,21.05211348,3.825330262,12.09386921,56.01336288,2.518063513,1.441143465,87.94715807,14.95863533,7.5,0.227507755,25.6
44003,RI,Kent,9.9,0.394786388,3.744618005,0.801720083,1.008223653,0.1153991,74282.0,18.3091399,20.20802639,5.673180209,5.53775835,32.15211868,2.83512265,1.695790753,84.97208901,25.1215744,8.1,0.188282743,32.9
44005,RI,Newport,12.7,0.354367286,3.888500203,1.014223576,1.551884294,0.171073854,85764.0,17.22615976,22.60079633,6.52943031,4.644577026,33.48879242,1.801665051,3.088401854,82.80186355,20.45656395,9.7,0.146634728,27.6
44007,RI,Providence,21.0,0.351898611,5.774015423,0.818478465,0.964579225,0.210510775,66610.0,20.21382054,16.11342417,24.26412165,3.261905432,15.93440628,4.254314474,7.211903,57.30157505,47.05832291,14.3,0.131961972,32.4
44009,RI,Washington,8.6,0.278338879,4.420451244,0.763443768,1.296263933,0.238576174,90152.0,16.23318109,22.73353923,3.525905159,7.595977306,31.24183655,2.006330918,1.130631012,88.63977695,16.43259621,9.2,0.238576174,25.0
45001,SC,Abbeville,21.2,0.491722673,6.677084213,0.573676467,0.327815115,,49485.0,20.27577691,22.59312616,1.741098992,8.829011917,20.36270714,0.292241202,25.45379708,68.91953077,37.73288345,14.8,,38.7
45003,SC,Aiken,22.7,0.595737278,5.647292142,0.717198312,0.572601855,0.138812572,56711.0,21.25610161,20.86216293,6.827875456,9.227856636,29.12863159,1.050305673,23.37863134,63.92943462,34.48913956,15.5,0.086757861,37.0
45005,SC,Allendale,47.2,0.960268855,5.675675676,0.480134428,0.360100836,,31262.0,16.81801219,22.82622217,2.413235477,1.291221857,2.333132505,0.211469088,70.232616,24.69212589,72.09018707,35.4,,44.5
45007,SC,Anderson,21.7,0.670408547,6.368332189,0.748704433,0.782958925,0.137017801,58951.0,22.45456955,18.88394742,4.699633808,12.31803036,36.07876587,1.180062636,14.83128639,74.8073317,32.8267746,15.9,0.068508901,38.5
45009,SC,Bamberg,34.4,0.934848249,11.56998985,0.79102546,0.431468427,,37906.0,19.69048156,22.80820374,1.059274284,15.52304554,27.10024261,0.495830516,58.21501014,37.63804372,61.82583237,25.9,,44.3
45011,SC,Barnwell,32.5,0.576784432,14.88127164,0.865176618,0.384522945,0.192261472,42265.0,22.46345136,19.2238574,2.525620477,0.013742511,0.030652694,0.781970955,42.66841517,50.27927534,65.73339844,23.0,,43.4
45013,SC,Beaufort,19.4,0.332215726,4.889787754,0.725763559,1.528192282,0.153330341,72661.0,18.89138881,28.36620938,12.51142333,13.1020422,48.99441147,1.27246589,14.72073622,67.71378335,14.97100353,11.3,0.183996409,27.9
45015,SC,Berkeley,14.2,0.339001715,5.089126479,0.546640277,0.423752159,0.114413083,74289.0,24.32426553,14.51529403,8.843605483,9.023946762,29.03096962,2.328798709,22.5283976,59.96667551,23.28412247,10.2,0.067800343,36.6
45017,SC,Calhoun,26.3,0.824515581,8.34584853,0.343548179,0.274838537,,39476.0,19.09483674,24.64055528,3.44925278,0.272468984,0.980033636,0.191231674,37.9701112,55.12430059,41.83271408,18.7,,38.4
45019,SC,Charleston,18.5,0.442603856,6.288772224,0.909132242,1.416332364,0.232067958,71755.0,19.67935135,17.48012787,7.172339461,5.988320351,20.78396034,1.827623795,22.47382023,64.56085343,21.32413483,13.8,0.18900381,28.8
45021,SC,Cherokee,28.7,0.785121083,7.181432313,0.645543993,0.540861189,0.139577076,45829.0,22.52917319,17.92016508,4.939874769,5.150079727,11.53052044,0.606588871,20.08680803,70.39988615,43.51606369,18.8,0.122129947,32.3
45023,SC,Chester,26.2,0.961777091,6.629231009,0.527426183,0.589476287,0.155125335,46500.0,22.14033567,19.43395058,2.461757602,9.100396156,15.9163065,0.452096365,34.95076485,57.56796928,54.23957443,17.3,,42.0
45025,SC,Chesterfield,27.0,0.592027366,8.08235376,0.526246548,0.548173487,0.153488576,45395.0,22.12927229,19.43012964,4.820557854,4.429010391,11.09169483,0.621634738,30.38846394,59.68848936,47.73677444,20.2,0.087707758,39.8
45027,SC,Clarendon,28.0,1.047433734,8.952468851,0.508753538,0.598533571,0.149633393,41240.0,19.57038274,24.77202671,2.912278448,7.272737026,16.54156303,0.722450552,44.37772926,49.15553558,52.72083282,20.8,,45.6
45029,SC,Colleton,30.6,0.827085733,5.48098434,0.773725331,0.720364988,0.293482035,46629.0,21.15324837,22.02880531,3.574759092,18.15464592,37.98973846,0.481815356,34.71401927,56.51227852,55.78159714,20.9,,44.8
45031,SC,Darlington,28.6,0.887098014,7.804776273,0.57135123,0.496173441,0.135320038,46291.0,21.88061362,20.2511724,2.219219458,6.872626305,12.48615456,0.461012638,40.35609252,53.76520149,53.63058472,20.9,0.075177796,41.4
45033,SC,Dillon,39.6,1.086705923,12.45774472,0.724470615,0.428096294,0.230513379,39613.0,24.03859748,18.4893256,3.025590273,1.905476689,4.468746185,0.222677789,44.92082568,45.9034356,68.77806091,26.1,,42.3
45035,SC,Dorchester,14.0,0.331851065,5.160991459,0.555096328,0.518894374,0.114639461,71548.0,24.94057199,15.12195122,6.723412158,6.839034081,24.97842598,2.034171103,23.69567909,61.37489167,24.06221962,9.9,0.060336556,36.4
45037,SC,Edgefield,22.8,0.258112103,7.520162142,0.258112103,0.40560472,0.11061947,57774.0,19.02794559,19.93607982,5.343570955,12.06659317,29.7927227,0.459913474,32.35374362,58.03484429,34.21521759,16.8,,39.1
45039,SC,Fairfield,30.5,1.087991238,8.803051979,0.407996744,0.362663776,,40766.0,17.38113424,24.42715295,2.019285851,10.48564148,23.39931107,0.482146267,53.47049838,40.59098721,54.18801117,20.6,,41.1
45041,SC,Florence,23.3,0.901241362,8.372993707,0.806756377,0.719539523,0.181701899,52062.0,22.88065724,18.57229368,3.124931599,7.474901199,17.76611137,1.684675942,41.49818691,50.35860469,48.07468796,18.8,0.079948835,38.8
45043,SC,Georgetown,25.3,0.789228618,5.592758731,0.599813759,1.357473254,0.220984012,58419.0,17.76544067,29.65743486,3.509242319,9.662270546,26.39408684,0.40691439,28.46981263,64.95804681,35.22458649,14.7,0.07892286,33.9
45045,SC,Greenville,14.2,0.390620589,5.090313605,0.860116482,0.952137709,0.187798366,68487.0,22.69900711,16.9480947,11.04115052,10.06816006,35.70973587,2.449889065,16.57818524,65.43763106,22.86022568,10.9,0.150238693,30.0
45047,SC,Greenwood,22.9,0.633142948,7.43983477,0.816050887,0.71756196,0.22511749,52462.0,21.76176263,19.69113639,6.847774365,4.146915436,13.57332325,0.977635506,30.02119652,58.57882367,41.07338715,15.9,0.070349216,40.5
45049,SC,Hampton,35.1,0.997064173,9.356596401,0.997064173,0.443139642,0.27696228,41281.0,20.75857982,19.78880448,3.588168741,6.555947781,12.73285389,0.538764075,51.37654221,42.03437315,58.12514877,23.5,,43.7
45051,SC,Horry,19.2,0.555481076,6.484511938,0.911207855,1.573406935,0.180599749,56342.0,17.36238316,26.78126309,6.923644485,8.367617607,23.42155075,1.304165753,11.21474294,75.70001339,26.30576897,12.6,0.093036234,34.7
45053,SC,Jasper,28.0,0.759782195,9.385821032,0.601494253,0.569836676,0.189945549,54099.0,19.75964711,22.62859922,17.64092946,5.096119881,9.823148727,0.649508527,33.20134764,45.34750443,38.09991074,16.1,,37.5
45055,SC,Kershaw,19.7,0.741048157,6.655859194,0.563196599,0.578017533,0.148209631,54900.0,22.84145987,19.31715671,5.299451096,12.08942986,33.50849915,0.637585432,23.06163326,66.3440515,35.23560333,14.0,0.088925779,36.5
45057,SC,Lancaster,17.3,0.396329999,4.24470629,0.594494998,0.48550424,0.208073243,68993.0,22.29628395,22.08902683,6.555157474,6.981840611,28.47920799,1.838235294,19.89355941,67.6210215,27.30383301,11.8,0.108990744,36.0
45059,SC,Laurens,25.0,0.780755103,8.036852207,0.530324221,0.35354948,0.147312284,53130.0,21.83627238,19.50280579,6.140156058,6.740543365,15.74491787,0.436784673,23.5967367,65.67760849,40.63977814,18.5,,41.0
45061,SC,Lee,34.0,0.898149788,7.242231179,0.419136584,0.479013234,,39125.0,17.81501422,21.35986934,1.784526042,2.832636356,4.971880913,0.205674188,60.81906721,34.60770673,65.4651413,25.9,,49.1
45063,SC,Lexington,14.3,0.648141444,5.233283001,0.796194077,0.730392873,0.171083018,65016.0,23.32928559,17.2726376,7.414172543,8.658864021,32.81361389,2.259933127,14.41608757,71.04095023,26.24835777,11.1,0.108571917,39.0
45065,SC,McCormick,35.7,0.636267245,8.350926578,0.530222714,0.636267245,,50005.0,11.37938274,37.45538526,1.291203023,1.649007916,6.275514126,0.37791308,41.10854503,54.11505354,36.14351273,19.5,,38.3
45067,SC,Marion,39.5,0.762650073,12.95230263,0.828967452,0.331586987,0.232110888,37534.0,21.73183018,21.47825789,2.432923277,0.114055023,0.211481452,0.43861152,55.96751533,37.96730974,70.41802216,29.2,,42.4
45069,SC,Marlboro,32.8,1.133653879,14.57265833,0.469098151,0.273640603,0.15636605,38254.0,19.06101174,18.5360183,2.156223047,8.825708389,20.5607338,0.371245359,49.88187648,39.58450519,64.63130188,24.1,,46.0
45071,SC,Newberry,23.4,0.936402678,7.05443861,0.598257244,0.702301979,0.130055919,57072.0,21.23598187,21.34998277,8.762162305,15.41084766,28.70879936,0.357909807,27.46626369,60.00954426,38.82819748,14.9,,38.7
45073,SC,Oconee,23.5,0.574892223,5.524589739,0.562394559,0.59988755,0.21246016,53432.0,19.11789026,24.4863689,5.577111453,10.40524197,22.81996918,0.751841439,6.512142684,82.30310278,27.42714882,16.4,0.062488284,31.6
45075,SC,Orangeburg,41.9,1.031133175,9.780040436,0.87880671,0.597588539,0.210913613,39832.0,20.9633948,21.03344692,2.335466559,12.80784321,28.44432449,1.059093122,60.31844033,32.99217553,57.76005936,26.5,0.046869691,47.1
45077,SC,Pickens,16.4,0.5000664,8.827718679,0.828234971,0.750099599,0.101575993,54415.0,18.52150619,17.32595659,5.001369821,15.60136986,42.57255554,2.072235244,6.408480716,81.61623695,22.17937851,17.8,0.101575993,36.8
45079,SC,Richland,19.6,0.529768467,9.341432507,0.787493646,0.694426239,0.121703565,56940.0,21.30641336,14.4203851,6.270620718,17.00757599,46.48968124,2.722595621,45.21022619,41.48630172,33.23262787,17.0,0.090681084,33.9
45081,SC,Saluda,23.7,0.492247105,7.105894905,0.295348257,0.344572961,0.147674128,50440.0,21.87466865,22.26699184,15.96861414,0.921810031,2.948939323,0.185558265,21.3551055,59.71795144,35.83148575,16.5,,38.9
45083,SC,Spartanburg,17.1,0.551800251,6.39256235,0.714274764,0.702012539,0.134884506,60470.0,23.16637042,16.86173959,8.454955381,14.12132645,34.01483154,2.492705726,19.37975042,65.37864676,31.65596199,13.7,0.098097824,36.4
45085,SC,Sumter,27.2,0.695750296,8.801768693,0.705152333,0.507709682,0.150432497,48286.0,22.88264049,17.73276744,4.075561787,7.039202213,18.95896339,1.326310205,45.98128008,43.99749896,48.83258057,20.0,0.047010154,40.9
45087,SC,Union,29.3,0.926234663,7.918215613,0.518691421,0.481642038,0.111148164,43615.0,21.3698429,21.20466892,1.607693437,3.73351717,7.914997101,0.286301571,30.96094553,63.42313904,50.85954666,20.1,,42.9
45089,SC,Williamsburg,33.4,0.972338617,10.74057888,0.33528918,0.435875952,0.234702438,40235.0,19.64803713,22.1362728,1.995100883,4.432628155,8.049659729,0.473796171,63.10513763,32.18590859,68.74266815,21.2,,47.2
45091,SC,York,12.4,0.397779346,4.184547779,0.563808978,0.657200694,0.152193844,73466.0,24.4528342,15.2820022,6.713460243,8.529566765,31.85037804,3.100074444,18.18497643,66.65071431,20.55913925,9.7,0.131440133,31.2
46003,SD,Aurora,11.9,1.098901153,2.227525855,,1.098901153,,56110.0,25.84637787,22.315253,7.972333455,16.91805458,70.41963196,0.473243538,0.509646888,87.695668,6.898656845,9.9,,33.4
46005,SD,Beadle,15.6,0.486144871,4.045376712,0.594177067,0.432128787,0.270080477,53648.0,27.23379811,17.82860724,14.3140634,6.369083881,28.97086716,10.79951956,0.741553084,69.81565617,18.14940834,12.7,,34.7
46007,SD,Bennett,43.3,,22.16896345,,,,41607.0,32.94883171,14.49275362,2.573203194,23.32318497,39.24375153,0.207039337,0.207039337,29.48831707,57.39433289,31.0,,43.0
46009,SD,Bon Homme,14.7,0.730140209,3.297101449,,,,54009.0,18.50635442,21.51934885,1.670712552,26.0578804,80.1966629,0.157075539,1.513637013,87.96230187,8.664330482,14.0,,36.0
46011,SD,Brookings,8.1,0.421312809,5.063537977,0.730275512,0.730275512,0.084262565,61581.0,21.04436364,13.39054545,4.151272727,16.44580269,45.35110474,2.653090909,1.826909091,87.04581818,6.626314163,12.6,0.16852513,37.8
46013,SD,Brown,11.8,0.516288936,4.005661335,0.851876736,0.800247848,0.154886678,62070.0,23.65734576,18.11963134,4.331479596,8.361088753,42.12817383,2.396804261,1.39683037,85.38941542,11.5089407,11.6,0.180701122,35.9
46015,SD,Brule,16.8,1.712980628,5.681148024,0.951655865,1.332318187,0.570993543,58516.0,23.49914237,21.45988184,2.02020202,13.20024776,32.63670349,0.49552125,0.533638269,82.71393177,11.07093048,12.8,,36.8
46017,SD,Buffalo,44.4,,26.67347982,,,,25653.0,38.6036961,10.11293634,0.667351129,12.05484962,18.13111877,0.051334702,0.0,14.68172485,60.1141777,35.9,,44.4
46019,SD,Butte,17.1,0.569368005,4.344344344,0.569368005,1.233630657,0.37957868,53812.0,24.17260568,21.17543688,4.002733574,16.8231411,42.45508194,0.292882944,0.117153178,89.30000976,19.84089279,12.2,,34.9
46021,SD,Campbell,13.4,,0.907911803,,,,61892.0,19.97095134,27.74146696,2.687000726,8.532710075,40.49100876,0.435729847,0.0,92.22948439,3.200483084,10.9,,35.0
46023,SD,Charles Mix,28.6,0.863744318,12.78336835,0.647808254,0.539840221,0.539840221,50712.0,28.72079377,18.17987837,2.432518937,3.595530987,9.423670769,0.330737224,0.160034141,61.02635229,31.71561241,22.6,,38.5
46025,SD,Clark,16.0,,2.696144513,,0.789058387,,59637.0,27.57362523,21.18842846,4.404482669,16.23102951,46.27931213,0.052124055,0.312744332,93.11962471,6.356303692,10.6,,38.0
46027,SD,Clay,16.2,0.350975722,12.94894508,0.772146583,1.123122334,,51388.0,17.15774704,13.13556491,3.060065477,11.06980991,33.29525375,2.411973007,1.570120933,84.55268257,13.86354065,16.8,,39.9
46029,SD,Codington,11.0,0.709572136,5.499623804,0.709572136,1.099836826,0.141914427,65106.0,23.36451898,18.50661959,2.609002648,6.520250797,32.54798508,0.695498676,0.384819064,91.23036187,11.6576786,9.6,0.141914427,39.8
46031,SD,Corson,53.1,,23.07887395,,,,34372.0,34.62327012,12.48077909,1.178882624,21.20974922,36.11452103,0.512557663,0.153767299,24.52588416,57.07847595,41.9,,46.2
46033,SD,Custer,15.0,0.55450815,4.226728561,0.665409803,1.774426103,,68600.0,16.74681414,32.65207983,2.536667468,7.63710928,35.25918579,0.300553018,0.384707862,90.23803799,7.790839672,9.8,,37.5
46035,SD,Davison,12.6,0.656167984,5.791688585,0.908540249,1.211387038,0.201897845,60924.0,23.02565644,19.55301664,4.575065143,9.9845438,32.6647644,0.586289838,0.63640008,88.31930247,14.65021229,11.4,0.15142338,36.9
46037,SD,Day,19.3,0.935453713,5.229852969,0.748362958,1.683816671,,56687.0,23.06845293,26.29840338,2.807854652,18.58641434,48.97493744,0.348687833,0.055055974,84.32739952,16.24571228,14.5,,37.8
46039,SD,Deuel,8.9,0.690289915,2.289355676,,0.920386553,,63342.0,23.88824214,21.6298021,3.18975553,9.953261375,32.71463394,0.046565774,0.232828871,94.17927823,8.053382874,9.1,,34.9
46041,SD,Dewey,26.3,,15.41516928,,0.518224239,,45120.0,31.38003436,12.04428326,1.546096583,24.25567627,48.52059555,0.114525673,0.171788509,16.20538271,58.67449951,23.7,,40.8
46043,SD,Douglas,11.7,1.37646246,3.576642336,,,,60711.0,23.06878307,26.80776014,1.904761905,2.171316624,7.109363556,0.105820106,0.24691358,93.58024691,6.079376221,11.4,,36.2
46045,SD,Edmunds,11.3,0.785957575,1.826601492,,,,67142.0,22.85499247,23.00551932,1.530356247,9.51641655,46.18645096,0.577019568,0.301053688,94.80682388,5.305213451,10.1,,35.6
46047,SD,Fall River,18.8,1.043530107,4.29393537,0.44722718,1.3416816,,52113.0,17.22357665,32.38204503,2.581385343,12.45678043,34.08222961,0.674028395,0.501936039,85.0709881,12.95716572,13.5,,36.5
46049,SD,Faulk,26.1,,2.423954373,,1.300953984,,59970.0,22.25882353,27.05882353,2.164705882,18.77967453,48.21984863,0.141176471,0.094117647,94.25882353,3.143972158,15.7,,37.2
46051,SD,Grant,12.3,0.571428597,4.767644302,0.857142866,1.285714269,0.571428597,66697.0,22.76336686,23.65007941,6.352567496,4.022945881,18.93068886,0.21175225,0.0,90.07411329,10.44047642,9.8,,33.1
46053,SD,Gregory,18.7,1.18511498,6.189994947,,1.896183968,,45603.0,22.50876314,27.66649975,1.301952929,11.12441826,27.95304871,0.525788683,0.225338007,87.40610916,16.25582695,14.2,,36.8
46055,SD,Haakon,13.6,2.149382114,6.710310966,,,,54380.0,22.59615385,23.61111111,1.014957265,20.84799767,41.32684708,0.747863248,0.106837607,91.72008547,4.925667286,10.7,,35.9
46057,SD,Hamlin,6.5,0.962463915,1.560664541,,0.64164263,0.481231958,75467.0,32.33290071,17.81310837,4.67229072,24.88243866,96.07843018,0.210902012,0.081116158,91.92083063,7.20511198,7.8,,34.2
46059,SD,Hand,7.8,,1.727574751,1.279181361,,,64118.0,21.68521463,26.20031797,1.558028617,9.113994598,33.12080383,0.222575517,0.222575517,95.13513514,5.063426018,8.7,,34.5
46061,SD,Hanson,11.1,,0.23364486,,,,79602.0,29.29789078,17.48049697,0.953481653,14.73405457,70.6863327,0.0,0.144466917,95.8104594,3.200535059,8.2,,33.1
46063,SD,Harding,14.3,,3.694158076,,,,58187.0,24.79023646,19.22196796,2.440884821,24.98060417,100.0,0.0,0.381388253,91.91456903,3.877447128,11.5,,33.7
46065,SD,Hughes,11.6,0.576834321,5.658005029,0.634517789,0.807568073,,72724.0,24.0247678,17.9510273,2.75823248,7.112047672,34.84174728,0.720517872,0.467210808,79.28511117,12.81052876,9.8,0.173050299,34.8
46067,SD,Hutchinson,16.5,0.686624527,5.089903181,0.411974728,0.686624527,0.411974728,60502.0,25.4072977,23.41456847,2.113908711,2.314509153,8.866562843,0.282752121,0.12117948,94.37188636,7.186670303,12.8,,34.1
46069,SD,Hyde,14.9,,2.451708767,,,,60715.0,21.71156894,25.75277338,1.901743265,4.862867355,14.78574562,0.396196513,0.316957211,86.21236133,6.375227451,11.3,,35.2
46071,SD,Jackson,36.8,1.204456449,36.88377114,,,,39639.0,31.7533856,14.89665004,2.173913043,45.84776688,63.92193985,0.249465431,0.392017106,37.24162509,44.31396103,28.1,,39.7
46073,SD,Jerauld,15.2,,0.620067644,,2.015113354,,67818.0,22.8502706,30.12627781,4.449789537,24.30613327,100.0,0.180396873,0.0,92.90438966,6.801007748,13.2,,36.6
46075,SD,Jones,22.6,,7.205240175,,4.264392376,,53891.0,24.64558342,23.22791712,1.199563795,40.13424301,99.99549103,0.0,0.436205016,84.29661941,10.12793159,12.9,,35.5
46077,SD,Kingsbury,10.6,0.60156405,2.555467512,,,1.00260675,60106.0,22.88413341,24.33005591,2.294197031,3.77017355,16.7575016,0.212068633,0.096394833,94.96818971,7.268898964,9.3,,34.2
46079,SD,Lake,10.2,0.400384367,2.275029935,0.560538113,1.201153159,,67151.0,22.00018085,19.7124514,5.479699792,2.430644751,19.07955933,0.596798987,0.768604756,89.05868523,8.521513939,9.6,,35.8
46081,SD,Lawrence,14.2,0.533923209,8.006139926,0.800884783,1.296670556,0.228824228,62652.0,19.1904688,23.26529028,3.578081341,6.449929714,20.10943604,0.760633344,0.496740143,89.00574356,12.11497116,13.0,0.114412114,35.0
46083,SD,Lincoln,4.1,0.28562814,2.329113115,0.412573993,0.23802346,0.14281407,91352.0,28.24542288,13.14896948,2.576694649,2.631716967,16.57478142,1.523917681,1.712680898,89.79143966,2.837768555,3.9,0.269759923,32.6
46085,SD,Lyman,28.1,1.316829085,12.85367825,,,0.790097475,48076.0,29.47821409,16.0570199,1.210328133,16.83198357,54.9031601,0.107584723,0.080688542,51.50618612,27.45588684,20.7,,39.9
46087,SD,McCook,11.1,,4.159884247,,0.724637687,0.543478251,69208.0,25.4311862,20.13375572,3.079901443,11.40761852,47.75208282,0.070397747,0.158394931,92.87222809,9.208937645,9.2,,34.7
46089,SD,McPherson,23.0,,5.514365153,,,,49970.0,20.57237661,29.15802572,2.198257984,23.20861816,55.68772888,0.124429697,0.124429697,93.9444214,7.758499146,16.7,,37.8
46091,SD,Marshall,17.8,0.6142506,3.988803359,,0.81900084,,62871.0,24.38457966,23.36274965,5.921969345,15.1544714,50.69634628,0.27868091,0.139340455,83.5810497,6.807944298,11.2,,32.9
46093,SD,Meade,10.5,0.454736263,4.367024791,0.34979713,0.524695694,0.139918849,63475.0,25.11724508,16.17312073,4.358166957,4.569262981,15.34177017,0.921211309,1.366742597,84.73134128,8.637073517,9.3,,33.3
46095,SD,Mellette,40.2,,32.95392954,,,,40223.0,33.00312826,16.47549531,2.033368092,28.49633217,40.40450287,0.15641293,0.052137643,33.94160584,54.97048187,30.0,,42.8
46097,SD,Miner,13.4,,6.604194556,,1.36239779,,60032.0,22.7154047,24.58659704,1.82767624,6.288571835,24.27747154,0.261096606,0.174064404,94.99564839,8.363609314,10.9,,36.3
46099,SD,Minnehaha,10.0,0.447475076,3.946389075,0.849185646,0.716977119,0.162718207,73040.0,24.95258957,14.57807255,6.102000872,4.90481329,19.78236961,2.31626558,5.786100378,78.97005284,14.75354099,9.5,0.193227872,33.9
46101,SD,Moody,12.4,0.919540226,4.752729608,,0.766283512,,66527.0,26.90972222,19.6969697,4.955808081,4.304560661,17.32047844,1.357323232,0.299873737,76.19949495,11.63473797,10.5,,32.8
46102,SD,Oglala Lakota,41.4,0.284292817,29.35098952,0.213219613,,,35046.0,37.06114687,7.526331188,2.940315974,0.0,0.0,0.285254535,0.175541252,3.203627853,89.05472565,43.5,,43.9
46103,SD,Pennington,15.6,0.500319183,4.89594463,0.698721588,0.879871666,0.086261928,64387.0,22.37644431,18.61529728,5.10428302,9.004611015,32.76581192,1.339473732,1.247917086,75.75671568,17.44503593,11.6,0.138019085,34.6
46105,SD,Perkins,19.2,1.765536666,1.19128659,,1.059322,,49810.0,20.84656085,26.49029982,1.340388007,8.552816391,31.76331139,0.176366843,0.070546737,93.50970018,8.092042923,14.3,,33.5
46107,SD,Potter,12.4,1.386962533,4.311708861,,2.311604261,,64542.0,19.53883495,30.7038835,1.577669903,12.35567379,39.61787033,0.566343042,0.242718447,93.60841424,4.392047882,10.1,,34.1
46109,SD,Roberts,22.4,0.580776334,8.04700727,,0.67757237,0.290388167,55666.0,28.06420233,20.87548638,2.091439689,10.27627563,35.3164978,0.262645914,0.311284047,54.25097276,26.96576691,17.6,,42.8
46111,SD,Sanborn,17.6,,3.107466552,,1.291989684,,61286.0,24.16309013,20.90128755,2.446351931,27.76142883,98.87176514,0.386266094,0.0,93.64806867,9.331036568,12.4,,35.0
46115,SD,Spink,14.7,,4.042011458,,0.791264415,,62269.0,23.26678195,22.00911806,2.248074202,11.51662731,43.33292007,0.031441597,0.361578368,94.24618771,8.321464539,11.2,,36.8
46117,SD,Stanley,10.4,1.28164053,1.391245334,,0.961230397,,73957.0,24.69798658,20.83892617,1.040268456,4.746860027,13.4569006,0.167785235,0.402684564,85.67114094,6.461604118,7.5,,33.7
46119,SD,Sully,5.7,,3.534956795,,2.15672183,,62078.0,21.16182573,22.19917012,2.904564315,21.68822479,99.71192932,0.414937759,0.345781466,92.25449516,1.437814474,7.5,,37.4
46121,SD,Todd,48.1,0.38785997,36.29301974,,,0.290894985,36362.0,39.74675394,8.251958365,2.382229853,12.29000664,17.03748322,0.48288443,0.107307651,7.350574096,77.53967285,39.8,,44.3
46123,SD,Tripp,29.1,0.55793196,12.24186047,0.74390924,1.115863919,0.55793196,50688.0,23.82645804,21.94167852,0.960170697,12.1642046,32.09334564,0.088904694,0.177809388,76.67140825,21.44938278,20.5,,41.2
46125,SD,Turner,10.0,0.717017233,4.819419775,,0.597514331,0.358508617,66854.0,26.05788078,21.21526577,2.8709789,0.758846939,2.15063858,0.138360429,0.426611322,92.73607748,9.898820877,9.7,,34.2
46127,SD,Union,5.6,0.617588937,3.477351059,0.308794469,0.555830061,0.185276687,87314.0,24.7100113,18.77937065,3.931949319,0.426333755,0.993045747,1.469276069,1.005294153,89.19160074,7.550024509,6.5,,32.6
46129,SD,Walworth,27.2,0.562218904,6.630043569,1.499250412,0.749625206,0.562218904,53162.0,22.91627469,24.76011289,1.862652869,9.521787643,32.94265747,0.20696143,0.150517404,77.44120414,17.46002007,16.4,,34.8
46135,SD,Yankton,11.8,0.791487098,4.160932196,0.70354408,0.923401654,,65826.0,21.14114114,20.35607036,5.293865294,9.273227692,25.45351219,0.553410553,1.338481338,86.63663664,14.22844696,11.0,0.131914526,35.3
46137,SD,Ziebach,45.8,,21.18883947,,,,37066.0,34.93576461,10.36054704,1.409034397,25.01778603,37.49684143,0.124326564,0.0,16.74264401,66.26506042,38.1,,44.9
47001,TN,Anderson,18.7,0.631785274,6.362594606,0.928337514,0.489955902,0.128935769,58633.0,21.11821376,20.50361111,3.656496765,2.640846729,10.89867592,1.264214307,3.683725996,85.63463558,23.41258621,14.3,0.116042189,38.3
47003,TN,Bedford,20.3,0.657645643,5.346744309,0.498216391,0.498216391,0.119571932,55420.0,25.04727591,15.68764058,15.2576786,8.927298546,23.00352287,0.670820312,7.092382109,72.65362183,27.81209946,13.4,,41.3
47005,TN,Benton,29.1,0.495939493,7.827303364,0.619924366,0.681916833,0.247969747,45165.0,19.48436712,24.01664145,2.363842663,5.768872261,12.58396244,0.674483106,1.991931417,90.63287948,30.35563087,18.3,,39.8
47007,TN,Bledsoe,28.9,0.525520623,7.516195524,,0.328450382,,44867.0,17.45456984,18.64145377,3.077851539,1.8957479,4.677407265,0.24810568,5.237041507,88.03728291,29.97109604,22.1,,42.8
47009,TN,Blount,13.9,0.460107893,4.062398194,0.615950882,0.467528999,0.096474238,62724.0,20.41321703,21.07702543,4.220136014,8.577095985,30.12894249,0.946185689,2.625665287,87.19101124,14.37404346,9.7,0.037105475,33.4
47011,TN,Bradley,15.2,0.705962181,5.630317389,0.779308915,0.568437099,0.128356755,56273.0,21.83667833,17.66341374,7.789541521,12.36877155,32.87549973,1.09372123,4.69987111,80.85987848,23.37544632,11.7,0.091683395,39.2
47013,TN,Campbell,25.3,0.677761853,6.796268307,0.727966487,0.326329798,0.20081833,44325.0,20.43185985,21.02515787,1.273171725,6.33111763,13.80813217,0.239356284,0.331024649,94.47188837,37.53629303,19.9,,39.2
47015,TN,Cannon,21.1,0.606183052,10.46421253,0.404122055,0.404122055,,53093.0,21.35667999,19.08175927,2.723011168,0.743838608,2.319384098,0.261960568,1.323590239,90.05928581,24.62338066,14.9,,36.2
47017,TN,Carroll,22.1,0.827963591,7.529780336,0.467979401,0.503977835,0.17999208,45997.0,20.94233474,21.3466948,2.703938115,3.425359726,9.402409554,0.436005626,8.597046414,83.48804501,26.82781982,15.9,,40.6
47019,TN,Carter,25.1,0.47857067,6.204900919,0.655819058,0.496295512,0.14179872,45293.0,18.55880474,22.23898077,2.095606502,23.05054283,47.02855301,0.409894244,1.245652637,91.89793456,24.1308918,17.1,,41.3
47021,TN,Cheatham,12.9,0.754239559,5.375998417,0.583927393,0.486606151,0.121651538,75162.0,21.45744059,16.64394235,4.477502922,1.4028548,7.570446968,0.447993767,1.984320218,88.37894429,15.28146076,8.6,,37.4
47023,TN,Chester,23.3,0.229463056,7.758999812,0.573657632,0.458926111,,51615.0,22.20171847,17.91707514,3.044807105,4.54415226,11.38388729,0.403667609,8.615420103,83.44962805,23.80201149,17.6,,39.2
47025,TN,Claiborne,24.5,0.530868411,8.045223661,0.468413323,0.281048,0.218592882,43331.0,19.05876478,20.85947009,1.529195144,4.438557148,8.414941788,0.46187935,0.979933215,93.51808507,28.97917175,17.1,,41.1
47027,TN,Clay,27.3,0.655393898,9.234264333,0.524315119,0.655393898,0.393236339,39770.0,20.35351537,24.91755705,1.714813349,0.084767096,0.176703066,0.06595436,1.002506266,95.00065954,32.91169739,18.7,,39.4
47029,TN,Cocke,33.0,0.772946835,7.875374951,0.55210489,0.55210489,0.165631473,40572.0,19.62554515,22.14228173,2.650073613,11.19443607,21.94882965,0.416678241,1.616711575,90.92752576,38.02392578,21.0,,41.5
47031,TN,Coffee,20.5,0.850222111,5.585317987,0.694058836,0.780816197,0.173514709,55070.0,22.956002,18.54238284,5.629739674,5.298789978,13.74099731,1.055468224,3.622449861,84.61538462,27.05383492,15.6,0.138811767,39.6
47033,TN,Crockett,20.7,0.564174891,6.219679965,0.493653029,0.211565584,0.211565584,50792.0,23.49220042,19.09280426,10.76845662,6.54175806,14.52877808,0.179713895,13.50729638,72.28811732,26.22825623,15.6,,39.1
47035,TN,Cumberland,23.9,0.681784987,6.037162049,0.535688221,0.616853058,0.097397856,52000.0,17.28841279,32.93809796,3.166244174,10.92216778,26.86806488,0.598577153,0.489001554,92.09747322,21.69537163,14.9,0.048698928,37.4
47037,TN,Davidson,21.1,0.446572632,6.76460694,1.089061022,1.1121099,0.165664032,65463.0,19.98452263,12.36177928,13.70599147,8.210762978,26.57374763,3.863754463,23.95485861,54.03598907,21.11808395,15.0,0.184391275,32.3
47039,TN,Decatur,24.3,0.775795162,6.994933784,0.430997342,0.603396237,0.34479785,48292.0,20.2273721,24.76606909,3.130738959,2.828494072,6.205018044,0.367293397,2.361171841,91.49103629,25.80955696,17.7,,41.5
47041,TN,DeKalb,21.3,0.479915529,5.848824073,0.335940868,0.623890221,0.239957765,45612.0,21.99203187,19.80577689,7.216135458,7.174827576,14.63652611,0.378486056,1.165338645,87.28087649,27.10722923,15.5,,41.7
47043,TN,Dickson,17.2,0.717228174,4.203726243,0.809180498,0.937913775,0.110342801,61219.0,22.29770782,17.56604989,4.753751266,3.906537056,12.18622875,0.57074473,3.555187333,86.52121882,19.19658089,12.1,0.073561862,35.1
47045,TN,Dyer,22.7,0.681328893,7.124010554,0.654075682,0.844847798,0.218025237,51499.0,24.0699981,18.10548626,3.540664656,14.91128445,27.47529793,0.57878862,14.49688867,76.82399935,35.36550903,16.0,0.08175946,41.3
47047,TN,Fayette,18.6,0.50456512,5.093722542,0.336376756,0.50456512,0.072080731,70943.0,18.77828054,22.14098595,3.405572755,4.852702141,16.88828659,0.640628721,26.28721124,65.62991188,20.42087173,12.3,0.096107639,36.8
47049,TN,Fentress,26.5,0.532282948,3.876185165,0.372598082,0.425826371,0.212913185,41469.0,20.55816972,23.78170804,1.709124344,0.117513709,0.319655806,0.178484504,0.135215534,94.87262697,33.88424683,19.9,,40.1
47051,TN,Franklin,15.9,0.89443332,7.459265534,0.423678935,0.49429211,0.094150878,57723.0,19.58198906,21.1226446,3.511478936,6.392558575,19.10997009,0.813578342,4.586898583,86.1831954,19.49511528,12.4,,39.0
47053,TN,Gibson,19.4,0.63060683,5.656808104,0.508553863,0.773001909,0.244105861,51280.0,24.11112653,18.98312479,2.853516826,10.61247158,21.51243782,0.396597196,17.70608182,75.21465823,26.78722763,13.4,0.12205293,40.0
47055,TN,Giles,19.9,1.01591599,6.805157593,0.745005071,0.474094152,0.135455474,55468.0,20.97146247,20.54306993,2.398998221,4.845169544,12.01928234,0.579977592,9.64542279,82.11955447,23.66519928,12.4,0.101591602,38.2
47057,TN,Grainger,23.1,0.551665604,6.80975778,0.339486539,0.21217908,0.16974327,46983.0,20.49985123,21.06940961,3.285586773,0.0,0.0,0.22527309,0.501551409,92.43847494,25.43673515,16.9,,38.0
47059,TN,Greene,20.2,0.632447422,6.147565146,0.718690276,0.474335581,0.215607077,54166.0,19.69010149,22.01932946,3.613581936,11.13575172,28.59536934,0.426217357,1.864522751,90.00883795,21.52836609,12.5,0.043121416,38.0
47061,TN,Grundy,29.3,0.889877617,5.989740495,0.222469404,0.667408228,0.222469404,41266.0,20.40801242,20.88107029,1.293517629,3.745074511,6.94611454,0.32522729,0.280878114,93.28109986,42.22592926,20.5,,37.6
47063,TN,Hamblen,25.2,0.645062208,7.534584587,0.936876059,0.568269074,0.153586239,48483.0,23.23291834,18.7770353,14.70255353,14.53860664,42.65865326,1.103893084,3.265166902,76.27560117,24.53156281,18.4,0.076793119,38.7
47065,TN,Hamilton,16.8,0.540813982,6.284688399,0.941715837,0.877141058,0.16950886,65689.0,20.9608227,18.06410036,7.393359493,13.20721722,43.85080719,2.222513496,17.47072011,68.25074343,22.07538986,12.6,0.142602682,33.3
47067,TN,Hancock,42.6,0.462036043,12.89371606,,,,34055.0,20.77454218,21.37496247,0.600420294,0.506309569,1.071048737,0.015010507,0.495346743,95.93215251,53.84003448,27.6,,42.6
47069,TN,Hardeman,27.3,0.805282652,5.926883309,0.523433745,0.241584793,0.161056533,44314.0,18.34498468,18.34498468,1.9401461,6.953482628,12.45892525,0.636242243,39.86332574,54.86607494,34.08694458,20.9,,47.5
47071,TN,Hardin,26.2,0.820857584,6.282642675,0.508149922,1.329007506,0.156353831,50309.0,20.35704968,23.31631322,2.105773173,7.38266468,19.02426147,0.55160076,3.000260892,90.46252469,31.35871506,17.6,,37.5
47073,TN,Hawkins,22.7,0.510788202,8.055202989,0.493174821,0.510788202,0.123293705,49873.0,19.94499392,21.98303979,1.567320745,6.780527592,16.84938812,0.451331958,1.182983375,93.12952875,26.72390938,16.5,0.052840158,37.5
47075,TN,Haywood,31.4,0.705799341,7.374314313,0.941065729,0.646982729,,42634.0,22.52015226,19.47492163,4.690998657,10.90747261,25.36029053,0.145544111,50.34146888,42.28616211,43.46547318,21.3,,44.3
47077,TN,Henderson,19.9,0.676734567,6.485017626,0.641116977,0.498646528,0.142470434,53282.0,22.56662596,19.34846635,2.582429423,1.726459503,4.104561329,0.32325264,6.935564974,85.80561741,27.01595688,13.6,,43.0
47079,TN,Henry,24.0,0.623908162,7.107271237,0.873471439,0.686298966,0.155977041,45980.0,20.61554707,24.04422498,2.723687071,10.39884472,23.11010742,0.627348675,7.164818783,84.62995745,28.92854118,16.4,,39.4
47081,TN,Hickman,21.7,0.551463366,5.520806185,0.236341432,0.590853572,0.118170716,50345.0,20.79037111,17.75727182,2.73219659,3.867224455,9.800537109,0.2888666,3.735205617,88.60982949,25.07517052,16.3,,39.7
47083,TN,Houston,23.3,0.602990806,5.081121872,0.482392669,0.84418714,,48788.0,21.51394422,21.59845467,2.438729929,0.752506554,1.9410882,0.193166727,2.414584088,90.43824701,26.26025009,15.3,,38.1
47085,TN,Humphreys,19.3,0.860677779,4.103929989,0.753093064,0.860677779,0.161377087,55298.0,22.81200632,20.15271195,2.364402317,8.688625336,22.31978989,0.300157978,2.601369142,90.05792522,21.7769413,12.1,,37.7
47087,TN,Jackson,26.8,0.505731642,7.820050962,0.337154418,0.505731642,,43611.0,18.92915555,22.98355858,2.108978222,0.032370489,0.079243727,0.146337264,0.266850306,92.7778256,28.62300491,21.2,,35.5
47089,TN,Jefferson,21.2,0.452022344,4.59229348,0.632831275,0.433941454,0.090404473,50969.0,20.02816232,21.20220178,4.3743028,5.239173889,16.77603912,0.46998153,1.43920414,89.56165536,20.49168015,14.7,,38.8
47091,TN,Johnson,34.1,0.392178833,9.736475358,0.784357667,0.504229903,0.168076649,42230.0,17.47827056,23.94695788,2.874972142,2.798298359,8.158262253,0.150434589,4.033875641,89.84845108,27.57390785,23.7,,39.1
47093,TN,Knox,12.6,0.405795515,5.897473466,0.975591302,0.721180618,0.13456431,64817.0,20.9551309,16.63044318,5.964452963,11.96912861,41.16665268,2.480525961,8.320545503,78.04021538,17.80278969,12.1,0.149282292,37.5
47095,TN,Lake,38.9,0.429307371,13.50700525,,0.429307371,,29281.0,14.81798715,16.88793719,2.49821556,0.075740777,0.187705576,0.17130621,26.15274804,67.88008565,43.67010117,33.4,,44.8
47097,TN,Lauderdale,29.3,0.62865901,8.473091912,0.275038302,0.235747129,0.117873564,42280.0,21.91067096,16.86354055,2.334645826,4.256153107,5.889221191,0.210794257,33.34924233,59.72238794,38.74438477,21.5,,44.5
47099,TN,Lawrence,19.7,1.035289884,6.630344446,0.675189078,0.382607132,0.157544106,49794.0,24.47066283,18.60322924,2.529495686,1.568534851,3.470702648,0.378178854,1.57159356,91.41511357,23.07833672,13.6,,41.0
47101,TN,Lewis,22.0,0.80886519,6.103938552,0.647092104,0.566205621,0.242659554,50422.0,22.45271022,21.09362581,2.59100302,16.96476555,34.6192627,0.437132411,1.462406613,91.47989191,26.8408432,14.7,,39.0
47103,TN,Lincoln,21.1,0.897510111,5.494250203,0.521134913,0.550086856,0.086855821,52018.0,22.20900932,20.16761516,3.590135621,3.801583767,10.15209675,0.503978029,6.223279255,84.38234378,24.09525108,14.6,,40.5
47105,TN,Loudon,15.5,0.491713703,4.02545124,0.728464782,0.4735021,0.145692959,72378.0,18.58397406,28.0235397,9.758408337,5.053186417,14.21009159,0.819881208,1.053091863,84.57347958,13.88635921,9.6,0.109269716,36.3
47107,TN,McMinn,21.3,0.701003551,7.754166505,0.664108634,0.664108634,0.129132226,50480.0,21.14272843,20.22674375,4.056235453,5.967983246,14.4907217,0.807117651,3.457466777,86.32967941,26.25996208,14.5,,40.4
47109,TN,McNairy,21.7,0.58374846,5.619167124,0.544831872,0.622664988,,45083.0,21.07399675,22.12557025,1.693342612,11.92773724,24.13209915,0.301554164,5.97309209,88.32830743,27.13457298,15.4,,43.1
47111,TN,Macon,22.9,0.402787298,8.406953548,0.443066031,0.362508565,,49357.0,24.34168782,16.45383883,6.678299492,7.140076637,13.98066902,0.174492386,0.475888325,88.98715102,33.38771057,15.9,,40.4
47113,TN,Madison,25.0,0.732004881,9.099562155,0.925172806,0.772671819,0.111834079,53954.0,21.83803366,18.01200125,4.778239883,13.5731287,33.45795059,1.241613794,36.26382522,53.89838398,29.47166824,17.1,0.142334282,39.5
47115,TN,Marion,22.8,0.968054235,6.432810513,0.760614038,0.656893909,0.103720091,51898.0,20.52918126,21.0944273,2.08412803,5.126966953,10.92100525,0.513229532,3.582203419,89.08346915,29.70716286,16.2,,40.8
47117,TN,Marshall,16.0,0.713959336,4.346129604,0.599725842,0.342700481,0.08567512,64710.0,23.40171339,16.59187598,6.512617285,8.966406822,22.63372231,0.413777027,5.880296055,82.33288653,18.84376717,11.1,,40.1
47119,TN,Maury,16.2,0.552264273,4.181797723,0.86354053,0.622552454,0.110452853,68425.0,22.89698338,17.28662824,7.586111276,7.838468552,25.57201767,0.924990592,11.13256878,75.44714481,17.92432213,10.3,0.070288181,40.7
47121,TN,Meigs,24.6,0.638365805,6.896551724,0.319182903,0.398978621,0.239387169,51337.0,20.8261483,20.88885405,1.724408214,0.694810927,3.17057395,0.203793698,1.02680671,92.67126509,34.24566269,15.2,,38.0
47123,TN,Monroe,21.3,0.741886914,5.782549253,0.699493408,0.593509555,0.275557995,50364.0,21.13945946,22.03243243,4.188108108,5.843231678,13.98475456,0.419459459,1.591351351,89.04864865,25.90775108,15.6,,36.1
47125,TN,Montgomery,14.5,0.378061235,5.780057196,0.695446014,0.67677629,0.102683298,63593.0,27.01289141,9.950969923,10.42127696,15.93212414,46.97299576,2.289736401,19.69791293,59.66037924,20.92055511,10.8,0.074678764,42.6
47127,TN,Moore,14.6,,3.648035071,0.621310949,0.621310949,,62609.0,20.63148119,22.00897694,1.563225507,0.05404865,0.131546289,0.448846928,1.594180467,92.84940412,12.87925816,9.7,,36.5
47129,TN,Morgan,22.9,0.699920654,8.334237068,0.233306885,0.139984131,0.186645508,48122.0,19.6672213,18.64986927,1.421440456,6.814280987,12.79093647,0.19491324,4.616115997,90.46351319,25.09215546,18.1,,40.2
47131,TN,Obion,22.6,0.730145037,7.190170233,0.597391367,0.597391367,0.13275364,50021.0,21.73319908,21.3336798,5.112547504,2.935925007,6.834256172,0.334556793,10.18936564,80.34560042,28.95965385,15.5,,40.9
47133,TN,Overton,19.2,0.709031284,6.619181563,0.620402396,0.66471684,0.354515642,45793.0,21.65163698,21.52281107,1.528141797,0.221175924,0.440933943,0.270978633,0.382035449,94.27835281,22.5855999,14.9,,38.0
47135,TN,Perry,24.8,0.987776279,11.04701117,0.49388814,,,43998.0,21.46784604,22.25675353,1.518049247,13.71744442,24.56790924,0.310781736,2.330863017,92.03920631,26.92719269,17.0,,38.8
47137,TN,Pickett,25.4,0.790357649,7.305751766,,0.790357649,,44566.0,18.21635673,27.93441312,1.659668066,0.256144464,0.76620543,0.299940012,0.159968006,96.20075985,26.39465141,14.2,,39.8
47139,TN,Polk,21.0,0.772200763,4.006765426,0.534600556,0.297000289,0.178200185,50863.0,18.75854993,21.98472412,1.692886457,1.933240175,3.963643789,0.188098495,0.347697218,92.98335613,25.29452515,13.5,,37.6
47141,TN,Putnam,17.9,0.556042969,7.394403519,0.753747106,0.741390586,0.172991142,52138.0,20.85430911,17.40801964,7.834297593,15.22579956,41.39768219,1.359981967,2.706188795,83.63012498,20.83719444,13.7,0.148278117,38.4
47143,TN,Rhea,23.0,0.657835722,7.417772467,0.657835722,0.657835722,0.149508119,50479.0,22.01399452,19.87222391,5.962884089,11.63589287,21.22428513,0.593246121,1.819288105,87.13416489,31.29454041,15.8,0.119606495,39.3
47145,TN,Roane,19.5,0.520049751,5.599119026,0.705781817,0.371464133,0.111439236,56355.0,19.51726462,23.41772152,1.89311662,6.242785931,20.33200836,0.638528949,2.438019624,90.05692457,22.79861069,13.1,,39.4
47147,TN,Robertson,13.3,0.650294006,4.695006653,0.747146308,0.470425457,0.124524385,67539.0,23.68446355,15.74660385,9.447412881,1.874540687,9.44522953,0.613985687,6.992843701,78.36078184,17.52795982,10.5,,37.7
47149,TN,Rutherford,10.6,0.415609211,4.542094356,0.787004709,0.598359346,0.091375075,77942.0,25.16647827,11.233257,11.22066498,6.379890442,22.38135147,3.629431368,15.59946821,64.18828297,14.38002968,8.7,0.079584748,33.8
47151,TN,Scott,29.2,0.588501573,7.035105033,0.679040313,0.271616101,0.181077406,40788.0,24.34324943,17.54691076,0.938215103,7.869574547,20.50056458,0.233409611,0.146453089,95.91304348,42.94175339,22.4,,41.2
47153,TN,Sequatchie,22.7,0.461254627,7.009496738,0.593041658,0.461254627,,55099.0,20.98445596,21.06028055,3.923922659,22.19420815,42.05371094,0.410716542,0.454947555,91.04637938,35.23655701,13.6,,38.9
47155,TN,Sevier,19.2,0.80609405,4.842341174,1.2192173,1.753254652,0.241828218,51771.0,20.35068103,20.83756861,8.755844684,7.741871357,21.46222878,1.121162838,0.778613539,85.18093108,15.45937252,13.2,0.100761756,39.4
47157,TN,Shelby,23.9,0.620715201,8.891542066,0.834386528,0.669859648,0.159185141,54931.0,24.05834294,14.40740677,8.357892065,11.18938637,32.75627899,3.007279423,51.0972913,34.06744222,40.13904953,18.0,0.112177446,42.6
47159,TN,Smith,16.8,0.739462674,5.7684468,0.394380093,0.542272627,0.246487558,56567.0,23.01045016,17.40856109,2.602491961,1.206555486,3.268334627,0.422025723,1.788585209,90.70538585,20.62279129,11.7,,36.9
47161,TN,Stewart,20.5,0.721552789,5.31826742,0.288621098,0.360776395,,56764.0,21.24185399,20.37782822,2.460276781,6.856979847,15.78984165,0.556491177,1.252105148,90.21747089,20.13733482,13.3,,36.6
47163,TN,Sullivan,25.3,0.472426057,6.813881344,0.988945246,0.648798466,0.100784227,49489.0,19.1093998,22.46163768,2.243255376,11.14895916,30.71215248,0.802969089,2.021332423,90.63687462,23.24073792,17.1,0.107083239,40.7
47165,TN,Sumner,10.4,0.470441461,4.849716402,0.588051796,0.557370842,0.086929396,71268.0,23.75115268,16.45752773,6.55692604,7.284945488,33.82200241,1.493776779,7.915692298,79.05451878,13.70373821,8.6,0.10738337,38.4
47167,TN,Tipton,16.9,0.387609422,5.811412654,0.387609422,0.452210993,0.096902356,62814.0,24.46777103,15.77661145,2.765294407,1.579243302,4.101845264,0.644579301,17.64802362,73.68377891,24.41670227,13.1,0.048451178,39.4
47169,TN,Trousdale,18.5,0.436490625,3.612903226,0.3491925,0.3491925,,49014.0,18.86353853,13.63753767,3.228583728,0.0,0.0,0.232458028,16.50452002,75.64356436,20.06401825,17.8,,38.6
47171,TN,Unicoi,22.0,0.394255131,8.762090082,0.732188106,0.450577289,0.168966487,44971.0,17.93284248,24.22467648,6.174698795,1.887071729,3.674871922,0.20638108,0.245426149,90.22199911,22.68375015,14.5,,36.8
47173,TN,Union,23.5,0.495368302,6.287223575,0.495368302,0.247684151,,51102.0,22.45732754,18.09413191,2.04019796,0.723888993,1.907224178,0.181799818,0.267649732,94.14200586,29.10701561,15.6,,37.7
47175,TN,Van Buren,26.7,,5.701827939,,,,45565.0,21.59533074,23.54085603,1.345654994,0.886850357,1.920100927,0.162127108,0.324254215,95.10376135,23.23300171,17.0,,39.2
47177,TN,Warren,22.6,0.72106719,6.338518114,0.552818179,0.48071146,0.072106719,48444.0,23.17778917,18.83134325,9.628110273,4.887065411,9.608086586,0.629990477,2.661587674,82.97316436,30.22072601,15.6,,39.2
47179,TN,Washington,18.3,0.429556549,7.007510291,0.905137062,0.859113097,0.153413057,56071.0,19.02767648,19.18256254,4.613499147,9.333221436,26.1768837,1.488710611,4.143577868,84.66552883,19.91365433,14.3,0.092047833,37.1
47181,TN,Wayne,21.8,0.786734462,8.376378612,0.181554109,0.363108218,0.181554109,47563.0,17.83514046,19.73878758,2.334894036,8.948167801,24.39076233,0.166338098,5.409068507,89.34820108,20.72742653,19.8,,40.3
47183,TN,Weakley,21.4,0.689986229,8.691817736,0.629987419,0.719985604,0.119997598,44799.0,19.46082305,18.7405021,2.750592669,8.079756737,19.40327454,0.583551152,7.88097988,84.53285515,22.58954811,18.0,,40.0
47185,TN,White,23.0,0.649655342,6.425417259,0.577471375,0.433103561,0.144367844,45239.0,21.87854192,21.2752733,2.690943658,16.45035934,29.11201096,0.482614895,1.480750247,90.79375526,26.09148026,16.4,,39.8
47187,TN,Williamson,3.9,0.269005656,1.783679642,0.83962369,0.860002935,0.097820237,123474.0,27.56392143,13.84109863,5.756763521,4.972781181,43.90394211,5.198889095,3.919249493,80.89905783,2.862600565,4.0,0.232323065,28.7
47189,TN,Wilson,8.3,0.43205294,4.613496072,0.708836854,0.580571115,0.101262406,82489.0,23.64945816,16.15844372,5.668857497,5.8100667,35.30885315,2.088847073,6.835796043,80.47340883,11.62211132,7.5,0.114764057,36.8
48001,TX,Anderson,24.5,0.588184416,6.041482789,0.501686692,0.536285818,0.069198169,54515.0,18.19861193,16.31331791,19.18269397,15.83915615,43.77350998,0.657781154,19.73343462,57.14236387,29.9152317,20.4,0.051898625,39.5
48003,TX,Andrews,15.4,0.211875632,8.509110988,0.582657993,0.582657993,,70005.0,30.42450296,10.67705535,55.88393337,8.202183723,26.80090904,0.548092423,1.031703385,39.79043525,25.78702927,11.8,,39.0
48005,TX,Angelina,26.4,0.264989167,7.330677291,0.783446252,0.553020895,0.149776489,50620.0,24.69703108,17.84709763,22.83928468,9.760302544,25.98922729,1.031309682,14.89901036,57.83899531,40.7440033,18.4,0.069127612,41.1
48007,TX,Aransas,27.8,0.503905237,12.84326507,0.629881561,1.427731633,,55435.0,16.84431389,28.73688628,25.84137642,16.20972633,31.6766777,2.01426773,1.011330256,66.3701217,37.45695877,15.1,,40.3
48009,TX,Archer,12.5,0.572737694,5.200420708,0.343642622,,,69286.0,22.75700935,19.73130841,8.668224299,4.931225777,18.27568054,0.210280374,0.35046729,85.93457944,15.19664001,9.6,,36.1
48011,TX,Armstrong,13.2,,1.298026999,1.605136395,,,64401.0,22.78138528,21.59090909,7.792207792,21.34175873,99.74791718,0.541125541,0.324675325,86.2012987,13.06402683,9.9,,34.4
48013,TX,Atascosa,23.8,0.63800168,4.30354865,0.522001386,0.444667846,0.07733354,57905.0,26.5368204,15.59584329,63.6532533,5.830230713,18.76869774,0.347073355,0.69414671,32.80047365,45.56878662,16.4,,43.0
48015,TX,Austin,16.5,0.76738292,2.663405809,0.567196071,0.600560546,0.133457899,68150.0,23.23731229,20.73457752,26.69141777,2.241778374,7.368290424,0.66629098,7.796598933,61.25899161,23.68877602,10.4,0.100093417,36.3
48017,TX,Bailey,24.7,0.447961777,5.88669224,0.59728235,0.59728235,,47375.0,29.92468134,14.45538818,65.7589803,2.197224617,6.297027111,0.115874855,0.709733488,31.7207416,31.33243752,16.1,,37.9
48019,TX,Bandera,19.4,0.37718454,5.182613798,0.419093907,0.461003304,,69051.0,16.79535754,28.7180471,19.23169153,10.23808861,35.60509491,0.45561364,0.489185171,74.7925759,20.37844086,11.4,,36.0
48021,TX,Bastrop,18.1,0.567679405,4.258579754,0.513094842,0.61134702,0.087335289,72809.0,24.88170671,15.64865866,42.67198815,5.561358929,17.29249573,0.738561554,5.616359447,47.06118334,31.48710251,11.5,0.109169111,40.2
48023,TX,Baylor,25.2,1.137009621,5.608028335,0.852757275,1.421262026,,45408.0,23.92496392,24.06926407,12.66955267,1.441341281,7.440770149,0.25974026,1.500721501,80.72150072,34.27610397,17.6,,35.9
48025,TX,Bee,30.9,0.246055424,7.324135582,0.461353928,0.492110848,,45431.0,19.40606178,13.4602377,62.46014108,10.78182316,48.72572708,0.679614778,7.459657938,27.6999388,39.6738739,27.1,,43.0
48027,TX,Bell,19.7,0.443330705,6.409090909,0.729873717,0.516318083,0.081097081,58878.0,26.57083424,11.8805764,25.21725523,10.64462948,31.25187492,2.936486738,21.78865605,42.29900687,35.41419601,14.3,0.081097081,39.0
48029,TX,Bexar,20.8,0.383358598,6.766650136,0.733167112,0.689256072,0.08190158,63014.0,24.73150174,13.18085087,59.27157591,9.687818527,28.37994957,3.245718461,7.359440289,26.66230036,36.77915192,14.8,0.095716298,37.3
48031,TX,Blanco,14.2,0.32602495,3.558271183,0.978074849,0.815062344,0.244518712,69247.0,17.17074028,28.33655706,18.39282574,0.953784823,6.346221924,0.334095305,0.597854756,76.55178477,10.20186424,9.0,,34.8
48033,TX,Borden,12.0,,0.363636364,,,,69744.0,25.35657686,21.39461173,13.62916006,15.10574055,100.0,0.0,0.158478605,83.67670365,21.48253059,9.9,,33.2
48035,TX,Bosque,19.8,0.430038154,3.385677692,0.645057261,0.537547708,0.32252863,56041.0,20.72388264,25.74718947,18.21222923,9.741873741,25.56856537,0.438716753,1.338086098,74.69701124,24.69135857,13.2,,37.0
48037,TX,Bowie,23.6,0.438591808,7.133286763,1.048341393,0.599052191,0.171157777,52934.0,22.9898916,17.65902705,8.183609099,9.490578651,28.90210342,1.164780985,24.85009635,60.12831968,39.28694916,17.8,0.117670968,40.9
48039,TX,Brazoria,11.8,0.425735444,3.333361397,0.662255108,0.554507256,0.091979884,82165.0,25.83951337,12.85242359,30.96569909,6.658845901,29.82552719,7.050756523,14.42567958,43.49986963,24.50541115,9.0,0.110375859,39.6
48041,TX,Brazos,23.5,0.481606513,13.23625137,0.8944121,0.580507815,0.086001158,50494.0,20.4892901,9.881590257,26.96911255,12.36465836,28.47571182,6.252325218,10.07872602,52.61301096,22.0678978,22.6,0.133301795,36.9
48043,TX,Brewster,20.8,,5.884254769,1.190862775,0.974342346,0.54130131,51197.0,17.80850618,22.2920595,41.51477058,16.32401848,38.63958359,0.984705636,1.697045883,51.83322858,18.68391609,13.3,,35.9
48045,TX,Briscoe,24.3,,9.792993631,,,,49905.0,22.43902439,27.59581882,25.6445993,48.4569931,100.0,0.0,1.18466899,70.24390244,18.60569382,14.7,,43.3
48047,TX,Brooks,45.6,,17.49576467,1.005169392,,,33460.0,24.68908988,18.37196156,88.21368005,10.15430737,17.68741226,0.409836066,0.113058225,10.23176936,88.89766693,28.6,,45.0
48049,TX,Brown,22.3,0.531448483,6.758760848,0.90346241,0.637738168,0.132862121,48803.0,21.56975981,21.50150938,21.55400971,13.28369904,35.09527969,0.706129413,3.551647198,70.01443759,30.71993637,15.3,,38.3
48051,TX,Burleson,20.7,0.810197711,7.03442745,0.378092259,0.810197711,0.162039533,57469.0,21.14839587,22.60514681,21.04069833,5.371643066,16.46294212,0.39678041,10.497676,63.81362657,32.68247604,14.4,,38.4
48053,TX,Burnet,16.3,0.70489198,2.962853774,0.684752166,0.866010129,,72510.0,20.65336861,24.07490332,22.7946265,6.796128273,24.1473217,0.863016487,1.178506004,70.85283941,16.93922424,9.9,0.100698851,41.7
48055,TX,Caldwell,19.4,0.477500618,7.587855717,0.522976875,0.545714974,0.136428744,60063.0,25.8243794,15.24965674,55.5063967,6.882631302,17.525177,0.494736613,4.849290587,36.09179871,34.19624329,12.8,0.068214372,39.0
48057,TX,Calhoun,22.1,0.809485257,3.203820705,0.571401358,1.047569156,,70662.0,22.89863722,19.05898737,49.03014026,28.31456184,68.4609375,5.530687357,1.795483935,41.64925893,34.72850418,14.6,,36.7
48059,TX,Callahan,19.1,0.637845516,4.638382062,0.779588938,0.212615162,0.212615162,56708.0,21.97257076,21.97257076,9.527283338,9.024715424,28.48510933,0.379340531,0.860811205,84.29384301,27.25017738,12.1,,36.4
48061,TX,Cameron,32.6,0.33712104,11.2010412,0.683672011,0.601159871,0.091942102,46436.0,28.45704568,14.44811017,89.46907132,17.92751312,32.17157745,0.61660218,0.333715741,8.813658356,62.82120895,24.6,0.044792306,47.6
48063,TX,Camp,26.0,0.535987735,7.597585513,0.612557411,0.306278706,,51024.0,25.02406932,19.27150193,25.85044929,4.943714142,10.60691357,0.842426187,15.05937099,54.02759949,40.58192825,16.7,,39.9
48065,TX,Carson,13.0,0.683293462,5.646130084,0.512470126,0.683293462,,66548.0,24.21215774,19.45927329,9.609092475,5.270129204,17.62940788,0.327191321,0.327191321,83.91596349,16.39904404,9.1,,34.2
48067,TX,Cass,29.9,0.535493135,8.228652082,0.702834785,0.736303091,,42896.0,21.88444507,23.66626836,4.695297673,7.49097681,16.26385307,0.41821888,15.87825965,73.90173614,40.80067444,18.2,,38.6
48069,TX,Castro,21.0,0.540832877,7.365285676,0.540832877,0.946457565,,62236.0,28.40862841,17.46031746,64.90299824,4.47701025,15.34571457,0.298466965,1.288834622,31.58323158,28.76554871,16.2,,40.4
48071,TX,Chambers,12.7,0.811581492,8.964933387,0.723842919,0.41675806,0.109673172,89767.0,28.14412403,12.52710915,23.51678083,4.133150578,10.69372177,1.335595113,6.759571407,64.11285993,23.96176147,10.4,,38.7
48073,TX,Cherokee,25.1,0.378250599,6.02884737,0.52955085,0.359338075,0.113475174,48664.0,24.84527493,18.37062604,23.40117432,12.7812252,33.66543198,0.521701182,12.61406014,59.69808776,36.43183517,18.1,,39.1
48075,TX,Childress,24.0,0.559988797,1.341767299,1.259974837,0.979980409,,42758.0,20.19807923,16.52160864,29.14165666,18.94919777,42.77839661,0.765306122,8.583433373,57.80312125,26.91446114,21.1,,41.1
48077,TX,Clay,15.1,0.2843602,4.478787282,0.379146934,,,60973.0,20.29751419,23.23350949,6.273243296,20.57185173,57.82727432,0.48933255,0.342532785,87.50244666,21.01895714,10.7,,34.5
48079,TX,Cochran,31.4,1.035554051,12.87128713,,,,42274.0,28.66117,17.27522576,59.95288575,9.195396423,21.17568398,0.0,2.434236356,35.80683157,43.40697098,21.3,,43.6
48081,TX,Coke,22.4,,4.453569173,,0.902798653,0.902798653,46767.0,19.8173516,27.67123288,20.1217656,36.07532883,99.97629547,0.0304414,0.213089802,75.28158295,23.09659958,15.1,,39.6
48083,TX,Coleman,31.8,1.111111164,5.443054302,0.61728394,1.358024716,,42253.0,19.76834982,28.08433108,15.51275377,10.21080112,27.29188538,0.416449766,1.847995836,78.25351379,32.60288239,19.3,,38.2
48085,TX,Collin,7.9,0.294757158,3.59188064,0.920649707,0.79752332,0.100739785,102119.0,26.08136482,11.30248529,15.89136327,2.839411497,19.55410385,17.69574387,10.15533625,50.96193863,10.4393158,6.6,0.16510132,28.6
48087,TX,Collingsworth,27.1,,9.317630759,1.39033711,1.042752862,,45734.0,25.03770739,22.36048265,31.37254902,2.857603073,7.358327866,0.263951735,4.07239819,60.97285068,34.55567169,16.9,,39.4
48089,TX,Colorado,21.8,0.925497472,4.351297405,0.786672831,0.647848189,0.231374368,62004.0,21.71523082,24.16695043,29.13849297,7.285333157,20.85860825,0.389161843,10.80897018,57.2116554,25.27764893,12.4,,39.7
48091,TX,Comal,9.6,0.285173416,3.54599875,0.752372384,0.734169841,0.054607674,93487.0,21.65063993,20.09275484,26.99054495,4.472423077,14.60481071,1.141788596,2.219181305,65.16987511,13.67264938,5.3,0.175958067,39.1
48093,TX,Comanche,24.7,0.5090909,4.508687837,0.654545426,0.581818163,,49076.0,22.27453288,24.25334706,28.4463734,7.935527325,21.04494858,0.279535089,0.286891276,67.65484773,27.92121124,16.1,,39.1
48095,TX,Concho,25.6,1.768659353,3.941730934,,1.414927483,,48563.0,13.68452922,22.04056918,31.27459885,12.04666042,26.69489479,0.575234635,2.089009991,63.48773842,24.37802124,14.9,,39.4
48097,TX,Cooke,19.3,0.869712293,4.402003603,0.82139492,0.724760234,0.096634693,58060.0,24.34722089,18.89939522,20.44494576,2.70521903,8.98730278,0.736776423,2.834309302,70.56734185,24.18685913,13.0,,37.3
48099,TX,Coryell,17.9,0.417008758,3.836297745,0.469134837,0.403977215,0.039094571,59718.0,24.65550648,10.78309846,19.83560589,25.57100677,63.65989685,2.185502991,14.15281672,55.61599653,27.03172302,13.6,,37.7
48101,TX,Cottle,34.0,,11.41025641,,,,44590.0,20.50724638,26.8115942,23.69565217,56.88417435,99.95832062,0.0,6.956521739,65.36231884,31.54805565,18.8,,42.4
48103,TX,Crane,17.9,0.62959075,2.652345463,0.62959075,,,63555.0,28.32085561,13.47593583,67.55080214,3.916445017,13.44011402,0.470588235,1.497326203,28.70588235,27.92934608,11.3,,40.3
48105,TX,Crockett,22.0,1.138628006,0.0,1.992598891,1.423284888,,53159.0,22.72433828,21.62685604,61.97546804,2.2503016,6.719994545,0.322788896,0.581020013,34.86120077,21.04089546,14.6,,38.6
48107,TX,Crosby,36.7,0.718519866,5.920925747,,,,42728.0,25.73543737,20.41691019,55.11396844,2.326436996,5.553640842,0.233781414,2.27936879,40.44418469,52.51182556,23.2,,41.3
48109,TX,Culberson,29.9,1.39599812,5.810258738,,,,48217.0,21.34369287,19.01279707,75.18281536,4.250092506,7.762441158,1.279707495,0.914076782,20.33820841,45.21482849,19.6,,43.1
48111,TX,Dallam,16.4,0.824969053,3.274487472,0.962463915,0.824969053,,70895.0,29.41672523,11.51089248,52.10119466,17.59521866,48.09527206,0.140548138,1.040056219,43.83696416,16.47646523,10.5,,40.1
48113,TX,Dallas,20.3,0.448046356,6.152068921,0.918096662,0.75648129,0.156683445,63549.0,24.52463881,11.42156287,40.47519475,7.236475468,18.55704498,6.937489741,21.60828669,27.73966641,33.61375046,14.4,0.112296119,34.8
48115,TX,Dawson,27.8,,8.496669838,0.770772338,0.847849548,,43627.0,24.13294798,16.82723186,54.32723186,18.78727913,37.46800613,0.449582531,6.799935774,36.84971098,38.0761528,21.3,,42.6
48117,TX,Deaf Smith,24.1,0.492422163,8.838095238,0.492422163,0.765990019,,50967.0,30.31803261,13.87289458,74.93407954,7.432706356,20.72343254,0.236775548,0.575795082,22.77888393,34.58353806,17.3,,43.6
48119,TX,Delta,23.3,0.74780333,5.078876491,,,,50329.0,21.96940727,23.55640535,7.533460803,1.994914889,7.210911751,0.707456979,5.965583174,80.09560229,34.05620956,15.8,,36.8
48121,TX,Denton,7.6,0.298045099,3.584128038,0.797325015,0.591739118,0.082669437,98027.0,25.15450861,10.74322997,20.16477976,4.745357037,22.94360352,10.23265102,10.52335446,53.57835534,12.18485928,7.4,0.116389871,30.7
48123,TX,DeWitt,25.0,0.297412515,3.923312031,0.793100059,0.793100059,,54279.0,22.22558515,20.96953188,34.75585149,2.175872087,5.582077026,0.353107345,7.854116223,54.75181598,38.65949631,17.1,,41.0
48125,TX,Dickens,27.4,,6.140350877,,,,42690.0,22.65536723,25.36723164,28.92655367,5.912077904,19.84283638,0.056497175,1.016949153,66.55367232,26.79127693,20.7,,37.4
48127,TX,Dimmit,36.5,0.906800985,19.89007214,0.906800985,0.503778338,0.302267015,41838.0,26.77887406,18.28206616,86.90655833,26.66698837,53.90260315,0.789320952,0.835751596,10.42367963,67.27959442,25.7,,49.9
48129,TX,Donley,24.7,,7.939698493,1.209189892,,,44353.0,20.47268263,25.75199509,10.92694905,5.525405884,15.60278797,0.306936771,5.125844076,77.86985881,25.44336891,16.9,,37.3
48131,TX,Duval,43.3,0.813890398,12.35025973,0.361729056,0.542593598,,37921.0,23.58864815,18.7875089,80.98870919,13.91188145,26.7347641,0.457735734,1.474926254,9.53107517,73.01651764,30.0,,42.6
48133,TX,Eastland,25.5,1.033282518,7.746937326,0.9788993,0.815749407,0.217533171,47526.0,21.09449929,22.74753173,16.5528914,10.88680649,26.27543068,0.53596615,1.889985896,77.02679831,31.28398895,18.5,,37.2
48135,TX,Ector,22.0,0.333927631,7.296384697,0.822893143,0.584373355,0.095407896,58389.0,27.67495505,10.76520697,60.57419281,7.180447578,26.75033951,1.366462636,4.498368358,30.89101598,35.43310165,16.6,0.089444906,40.3
48137,TX,Edwards,32.6,,1.77646188,,,,47573.0,19.83122363,29.18424754,50.49226442,10.93131924,31.86855316,0.773558368,0.140646976,45.78059072,34.49471283,20.1,,42.3
48139,TX,Ellis,12.4,0.52670002,3.326417853,0.698790133,0.490196079,0.099082187,87698.0,26.74443376,13.48678912,27.03593048,7.334875584,34.64089966,0.792393027,12.33431192,55.33501338,21.11710739,8.8,0.078222781,37.6
48141,TX,El Paso,27.4,0.281711578,7.710587109,0.763117433,0.687043428,0.111733705,50983.0,25.4945088,13.64651357,82.63677184,9.127794266,20.31289101,1.235131236,2.820401152,11.34617984,45.42747498,20.1,0.102224454,39.3
48143,TX,Erath,20.4,0.555247068,8.604097426,0.97168237,0.71719414,0.138811767,51964.0,20.46774004,15.33435186,21.75108708,18.11574173,42.37164688,0.817957457,2.80644024,70.52767658,18.12457657,17.9,,39.7
48145,TX,Falls,27.5,0.694645464,8.211201256,0.289435595,0.347322732,0.173661366,46173.0,20.75671853,18.76473362,23.36751532,5.146598816,13.79896641,0.300565771,21.85289958,51.31423857,40.29425812,20.3,,42.7
48147,TX,Fannin,17.9,0.58474648,4.882175598,0.334140837,0.389830977,0.111380279,56794.0,21.12893276,19.35113005,11.82771578,12.9970293,36.89745331,0.406595255,6.166227357,75.82861309,23.15317535,14.3,,37.8
48149,TX,Fayette,15.5,0.626296639,3.937204087,0.861157894,1.252593279,0.15657416,64711.0,20.62205852,27.43605484,21.3464293,5.595541,18.60517883,0.274196849,5.659914058,69.74012687,17.25577736,11.0,0.15657416,36.0
48151,TX,Fisher,21.6,,5.600870038,,,,51362.0,22.05882353,24.50980392,26.49782135,3.671841621,17.02669907,0.354030501,2.505446623,67.97385621,28.93763161,15.3,,37.6
48153,TX,Floyd,30.5,,4.951224002,0.881523252,0.528913975,,43855.0,27.26767864,20.52943354,56.77526842,4.481808186,15.33294296,0.222139948,2.313957793,38.48574602,45.25152969,18.2,,41.1
48155,TX,Foard,31.8,,7.559808612,,,,42616.0,17.89954338,29.04109589,17.99086758,41.2964325,100.0,0.273972603,1.735159817,77.16894977,25.11013222,17.4,,40.4
48157,TX,Fort Bend,8.9,0.590682924,3.637806593,0.628791511,0.549001694,0.144098058,98070.0,27.44187686,12.05256819,24.13527812,5.913834095,29.51590729,22.06206041,20.41423031,29.62229226,18.76559639,7.2,0.119089298,33.1
48159,TX,Franklin,22.4,,3.775232919,0.646890283,0.554477394,,51885.0,22.55043923,21.97123274,14.04575731,20.78604889,74.2166214,0.656434019,3.803455932,76.03050487,26.11434555,14.8,,34.5
48161,TX,Freestone,21.2,0.704437971,4.618107406,0.603803992,0.452852964,,48397.0,21.31721122,20.92101878,16.23359918,8.71572876,18.67589951,0.339593517,14.09827631,65.9480319,30.00989532,15.8,,39.3
48163,TX,Frio,33.7,0.588841438,4.723272602,0.785121918,0.441631079,0.14721036,47833.0,24.80282839,13.20641828,77.0791406,11.65817451,23.51679039,1.082404134,3.834647811,16.60592875,46.68613052,26.7,,41.6
48165,TX,Gaines,20.3,0.318239689,6.617961004,0.681942165,0.681942165,0.136388436,58712.0,34.55412538,9.329567553,38.8971201,1.377173305,3.063325644,0.3333642,1.11584406,58.12575238,21.20082474,13.8,,40.3
48167,TX,Galveston,16.4,0.553480387,4.733653192,0.762122214,0.721552968,0.133298948,77627.0,23.75371419,15.54257133,25.27532066,8.653044701,34.51383591,3.479505649,12.29604029,54.56738584,28.72181702,12.1,0.092729703,39.8
48169,TX,Garza,26.7,,2.636490901,0.803600132,0.482160091,,43890.0,17.65818432,14.59766162,56.25859697,5.262028694,19.83234406,0.429848693,3.954607978,37.17331499,21.37576294,24.8,,41.2
48171,TX,Gillespie,14.8,0.482195854,4.867440717,0.816023767,2.040059328,0.148367956,71594.0,17.9756782,32.43405051,21.57530402,3.133166313,10.45926189,0.475210477,0.314312442,74.40224509,9.65937233,8.8,,34.2
48173,TX,Glasscock,10.3,,9.254709255,,,,116958.0,24.37275986,16.93548387,34.67741935,36.44579315,98.35160065,0.0,0.716845878,63.62007168,6.19643259,8.5,,34.2
48175,TX,Goliad,24.3,0.393391043,2.913869447,0.524521351,0.786782086,,58937.0,21.5630348,23.31717056,32.62977752,9.861369133,36.80334091,0.342270394,3.351397604,60.55333714,28.60827065,14.7,,38.9
48177,TX,Gonzales,23.1,0.572847068,4.549192968,0.66832155,0.859270573,,48164.0,25.2582303,18.8673485,50.35872386,17.47796059,42.54640579,0.320561746,5.469902814,41.51529029,38.67115402,16.1,,39.5
48179,TX,Gray,23.6,0.461723149,6.429187598,0.738757014,0.831101656,,45530.0,24.14377915,17.52956141,29.90059829,8.491798401,22.42162514,0.598294625,3.933669383,61.3605314,36.49151993,17.7,,40.5
48181,TX,Grayson,14.8,0.520539641,5.071770335,0.665133953,0.607296228,0.079526886,62678.0,23.32839025,18.61844581,15.39585224,5.896846294,18.60933495,1.444560029,5.494935187,70.24412917,24.81359291,11.2,0.057837736,37.2
48183,TX,Gregg,21.6,0.643972039,6.75982911,1.255745411,0.780816078,0.144893706,57608.0,24.33696343,17.02042032,19.34980159,9.958335876,24.18060684,1.299108975,20.10157841,54.77346083,37.74212646,16.1,0.16099301,39.9
48185,TX,Grimes,21.7,0.742891848,7.336307153,0.438981563,0.540284991,,52540.0,21.26212929,19.59819598,25.15033484,12.2012043,31.3146534,0.348503485,13.06546399,57.7764111,32.5043335,16.1,,41.6
48187,TX,Guadalupe,12.5,0.363406181,4.183241983,0.480633974,0.339960605,0.0586139,80145.0,25.75706692,14.65669983,37.7711255,12.38045406,41.25634003,1.77527127,6.91753616,48.67404722,20.2496357,9.5,0.0586139,39.4
48189,TX,Hale,28.1,0.457959324,7.664861008,0.671673715,0.549551189,0.152653113,47373.0,25.76409815,15.23276551,59.92558883,8.145222664,23.4745369,0.458151405,4.246356313,32.87928172,38.43296432,19.6,0.152653113,42.7
48191,TX,Hall,42.3,,8.509887006,,1.701258898,,34766.0,22.15929204,24.92035398,33.62831858,13.00864124,24.45471954,0.318584071,6.725663717,56.24778761,40.46160889,24.1,,41.1
48193,TX,Hamilton,22.8,0.934907079,5.263812842,1.285497308,1.051770449,,53759.0,21.05327171,25.91826806,12.70980297,12.22590637,30.961092,0.437849672,0.389199708,82.76575043,21.95084,14.8,,37.5
48195,TX,Hansford,16.7,0.568289459,3.850531108,,1.136578918,,57692.0,28.5525071,16.63197729,49.47965941,3.626887798,7.599609375,0.170293283,0.227057711,48.28760643,14.20723629,11.7,,36.8
48197,TX,Hardeman,26.3,0.997257531,5.860277136,,0.997257531,,45677.0,22.79515356,22.90786137,23.04874613,7.810914993,25.8439827,0.507185123,3.663003663,68.77993801,27.94398689,17.2,,37.1
48199,TX,Hardin,15.1,0.514535606,5.058751442,0.703198671,0.428779691,0.120058313,67183.0,24.18416887,18.14479558,6.076719247,9.210346222,30.64017105,0.709573011,5.400935427,83.46641532,28.97121429,9.7,0.068604752,37.5
48201,TX,Harris,23.0,0.517490327,6.956454798,0.785099506,0.679997444,0.163984492,63539.0,25.60819844,11.4568038,43.00669288,5.775279999,18.91565323,7.287073214,18.71675884,27.68025499,37.95514679,16.4,0.106579363,35.2
48203,TX,Harrison,20.0,0.421775669,8.096322714,0.662790358,0.391648829,0.16569759,56645.0,24.65753425,17.09786604,14.29277009,4.836378574,11.50045204,0.701637153,19.53543776,61.06858031,36.4735527,15.0,0.045190252,39.9
48205,TX,Hartley,8.2,,1.206896552,,0.734888852,,71332.0,21.5533259,14.56707544,30.30471944,11.53906631,23.92074966,0.445930881,3.548866592,63.22928279,6.139383793,10.4,,35.2
48207,TX,Haskell,27.4,0.521376431,3.399101387,1.216544986,,,43546.0,20.01477105,22.83973412,25.42466765,11.44010258,27.1259079,0.40620384,3.341949778,66.98670606,32.07913208,20.6,,39.7
48209,TX,Hays,12.6,0.28173098,6.220869191,0.770617127,0.534460247,0.062146541,79336.0,23.04089734,12.22564681,38.52497438,2.449100256,8.32708168,2.000273783,3.735061207,50.42913381,15.93644524,12.4,0.116006881,34.4
48211,TX,Hemphill,14.9,1.059041619,1.668618267,,1.059041619,,65387.0,29.15434654,16.94263749,33.61916026,2.779660702,10.59745598,0.295683028,0.118273211,61.79775281,12.64230824,10.2,,36.6
48213,TX,Henderson,22.7,0.560912728,7.840791556,0.799598992,0.632518589,0.107408822,50348.0,20.96165551,22.71211199,13.68472307,8.3481884,18.32254982,0.620815581,5.727328058,75.29397444,35.35739136,15.8,0.131277442,37.3
48215,TX,Hidalgo,37.6,0.321069479,12.61699712,0.545018256,0.468464345,0.08797989,44260.0,30.15178328,11.86773712,91.87166463,20.28751945,34.72991562,0.988078518,0.386319867,6.125305904,68.20412445,28.8,0.039990861,47.6
48217,TX,Hill,21.3,0.702588797,3.908118858,0.756634057,0.486407608,0.162135869,52495.0,23.38183643,21.29397335,21.97691922,1.886422753,4.979507923,0.52405642,5.728382673,67.24368624,31.20890236,13.9,0.10809058,37.1
48219,TX,Hockley,22.8,0.436281145,8.54043204,0.610793591,0.567165494,,51078.0,26.00176441,16.37182523,49.32906161,15.45078182,39.71781158,0.227515439,2.623392302,45.28021544,32.22663498,16.4,,41.3
48221,TX,Hood,16.1,0.314826757,3.04408151,0.787066936,0.582429528,0.141672045,68911.0,20.112666,26.47813241,12.91925063,5.379543781,23.88475037,0.759764927,0.803597519,80.87113218,18.27962875,10.2,0.141672045,33.5
48223,TX,Hopkins,20.6,0.538068354,4.725216861,0.726392269,0.618778586,,56680.0,24.23682279,19.09913828,17.62579172,8.927238464,28.75170708,0.752983391,6.450648327,70.61190094,24.96188736,14.5,,37.6
48225,TX,Houston,28.8,0.613093913,8.800880088,0.525509059,0.656886339,0.131377265,45603.0,18.94317049,22.09734433,13.91733889,13.58554173,39.20106888,0.625396538,23.39798785,58.71929666,39.46062469,19.8,,40.4
48227,TX,Howard,19.4,0.574712634,8.023803296,0.766283512,0.711548984,,55842.0,22.94320138,14.36890419,46.39701664,12.22646332,32.58354187,1.107286288,4.360298336,44.95697074,30.25907707,16.9,,41.6
48229,TX,Hudspeth,34.8,0.815328181,9.302325581,,0.61149615,,38904.0,16.70830731,14.5846346,63.58525921,58.19702148,99.62373352,0.312304809,0.187382886,34.16614616,44.58826065,24.0,,42.8
48231,TX,Hunt,17.6,0.601160228,6.362587445,0.641237617,0.340657473,0.080154702,58326.0,23.82348233,15.80595462,19.68165993,8.427539825,14.3075285,0.97943095,7.815438793,65.62687583,30.27843666,13.8,0.090174034,41.8
48233,TX,Hutchinson,17.5,0.628717899,6.064416288,0.725443721,0.628717899,0.193451658,56646.0,25.15884949,17.92210312,24.06266673,8.805033684,30.33523941,0.509288451,2.01775234,66.85259737,29.19911003,12.6,,37.7
48235,TX,Irion,12.4,1.918158531,9.196141479,,,,69966.0,21.74487773,21.41440846,23.06675479,26.40526772,99.97419739,0.0,0.39656312,73.49636484,14.33290672,8.8,,35.7
48237,TX,Jack,20.6,0.552120149,7.472734617,0.772968173,0.662544191,,51846.0,21.51794145,17.50472144,17.95325779,15.82258797,47.12591553,0.48394712,3.470254958,75.04721435,22.59091568,16.0,,38.1
48239,TX,Jackson,18.1,0.807863176,4.328561691,0.807863176,0.403931588,0.201965794,60666.0,24.33947158,19.77582066,32.21910862,5.754369259,20.20948601,1.054176675,6.251668001,56.77875634,33.95269394,13.5,,39.5
48241,TX,Jasper,32.2,0.395759732,7.793250378,0.593639553,0.452296823,0.113074206,50038.0,22.56215888,21.43420255,6.66464524,5.627992153,16.50442123,0.345664039,16.89508793,72.14978775,44.57243729,23.8,,40.7
48243,TX,Jeff Davis,57.1,,14.16243655,,,,56149.0,14.27855711,35.42084168,30.71142285,8.079195023,30.08721161,0.701402806,0.0,64.22845691,9.196696281,21.3,,39.6
48245,TX,Jefferson,27.0,0.767610073,9.317471921,0.743622243,0.627681136,0.147924855,55575.0,23.71923314,15.24991619,22.96648293,7.619617939,24.40411186,3.876020364,32.68908415,37.44142894,45.84371185,19.2,0.059969537,38.1
48247,TX,Jim Hogg,37.1,,13.38797814,1.157407403,,0.578703701,37454.0,27.32534105,18.70607689,88.48697809,18.66192627,34.94036865,0.537412154,0.103348491,8.557255064,68.33526611,23.2,,44.9
48249,TX,Jim Wells,29.3,0.494413137,11.19531874,0.692178369,0.6674577,0.173044592,43852.0,26.3839963,17.18135301,79.28569592,9.661420822,21.20607567,0.359980458,0.462832018,17.90388522,61.09710312,21.4,,42.6
48251,TX,Johnson,12.8,0.434358895,5.069935095,0.762912452,0.384240568,0.08353056,76226.0,25.54480428,14.866029,23.68349386,6.04026556,20.09745407,0.959277929,3.58256404,66.26354021,22.3021946,9.8,0.077961855,41.6
48253,TX,Jones,22.0,0.402515709,4.955604462,0.402515709,0.301886797,,52288.0,17.67787215,15.49102375,27.99165946,11.83842468,29.44719696,0.564512028,10.05950262,58.40919493,23.42976952,19.7,,42.6
48255,TX,Karnes,25.0,0.835368216,10.91319837,0.899627268,0.771109104,,48470.0,19.4085656,16.44459551,52.57647859,5.688657761,15.7258997,0.985723997,7.586675731,36.62814412,36.47774506,22.1,,40.5
48257,TX,Kaufman,12.0,0.370116889,5.1660783,0.726267099,0.377100229,0.090783387,73660.0,28.67249329,12.30472782,24.88817012,3.445454597,10.67369175,1.450003441,14.82416902,54.10914596,30.42465591,8.9,0.104750067,37.5
48259,TX,Kendall,9.2,0.350349307,3.42288695,0.721307397,0.721307397,,102832.0,22.80990989,22.2588586,22.649563,1.272389054,8.629077911,0.801734457,0.71139818,71.74281262,8.693471909,6.8,0.123652704,32.8
48261,TX,Kenedy,23.4,,1.183431953,,,,42379.0,23.71428571,15.42857143,74.57142857,37.48080826,97.38463593,0.0,0.0,20.85714286,18.68953323,14.2,,47.3
48263,TX,Kent,15.8,,2.229845626,,,,54154.0,19.2563081,31.60690571,10.75697211,30.24463463,97.19525909,0.0,0.26560425,87.25099602,21.31043243,11.5,,34.9
48265,TX,Kerr,20.1,0.548525572,4.181575119,0.813331068,0.945733786,0.113488056,60834.0,17.73451462,30.29392753,25.85269402,5.251521587,11.80091953,1.095098673,1.311836952,68.04631355,19.38754272,12.4,0.094573379,34.9
48267,TX,Kimble,32.1,2.274795294,5.696798493,1.137397647,1.364877105,,48671.0,17.00886608,29.86467569,23.00513299,8.434247017,24.13804054,0.76994867,0.186654223,73.16845544,24.56778908,15.6,,37.6
48269,TX,King,14.5,,29.25764192,,,,74890.0,28.67924528,14.33962264,9.433962264,22.36842155,100.0,0.0,0.0,86.79245283,3.82803297,11.6,,40.8
48271,TX,Kinney,24.7,,7.315436242,,,,50567.0,17.73729626,26.33429211,46.97986577,25.61848068,46.52545547,0.319590924,1.150527325,47.58708853,30.08628464,19.0,,41.5
48273,TX,Kleberg,32.0,0.230733737,15.06642926,0.85701102,0.922934949,0.098885886,49226.0,23.35373711,14.49097938,70.6185567,17.35573387,33.67111588,2.525773196,3.205541237,21.67525773,52.30514145,24.6,,41.5
48275,TX,Knox,28.6,1.086071134,0.91519219,,1.086071134,,45558.0,24.66447957,22.60662094,33.70116314,5.931255341,12.63249397,0.715776916,4.354309574,57.70951387,33.44194031,17.1,,39.9
48277,TX,Lamar,25.2,0.601142168,8.57102313,0.781484842,0.781484842,0.100190364,50787.0,23.33493052,19.9708513,8.808497045,14.21367455,31.28030014,0.946334451,12.73358888,70.58377256,37.20067978,17.0,0.060114216,38.6
48279,TX,Lamb,26.3,0.393391043,8.065512979,0.393391043,0.472069234,0.236034617,48981.0,27.0908394,17.98390188,57.10233806,10.8389883,23.01906967,0.030663089,3.004982752,38.18321196,37.49016571,19.1,,41.7
48281,TX,Lampasas,19.4,0.367157727,3.982883476,0.413052469,0.688420773,,64401.0,22.06038748,21.15873676,19.32306839,5.895344734,15.80242443,1.118971656,3.236694872,69.96809544,25.09293747,12.2,,38.3
48283,TX,La Salle,32.3,0.666666687,8.622972526,1.066666722,0.666666687,,40549.0,20.94837935,17.40696279,73.64945978,11.54904652,29.13141632,0.06002401,3.316326531,22.01380552,41.92222214,28.6,,44.2
48285,TX,Lavaca,15.9,0.643055022,4.829459704,0.395726144,0.44519192,0.148397312,54421.0,22.89423219,24.33003885,19.353887,4.276346684,16.05072403,0.363868811,5.767812362,71.61331563,25.04616737,12.4,,37.7
48287,TX,Lee,18.1,1.207104683,5.767310742,0.919698775,0.632292926,0.172443524,59469.0,24.63096464,19.37864744,25.62650189,6.446033478,14.01905251,0.326124271,9.331731319,60.7163291,25.53122139,12.8,,38.6
48289,TX,Leon,23.8,0.914651573,6.389978489,0.57165724,0.800320148,0.228662893,51582.0,21.07640435,26.84012978,15.56078631,8.058961868,20.54343796,0.706151791,5.859151346,74.17138495,29.88814545,16.3,,37.6
48291,TX,Liberty,22.0,0.513397515,6.274183633,0.480627447,0.338623881,0.13108021,57174.0,26.54647051,13.14227092,33.61090496,4.147798061,9.294897079,0.508578164,7.66577902,54.61649278,52.90816116,15.6,0.032770053,39.8
48293,TX,Limestone,24.5,0.942587852,7.255139057,0.599828601,0.642673492,0.128534704,50381.0,22.812246,20.5319245,22.63614197,8.702367783,18.05838203,0.7224781,16.41831482,56.5790662,36.94301605,16.8,,40.1
48295,TX,Lipscomb,19.0,,6.174452793,,,,64249.0,24.68126839,20.52958483,36.71134358,31.55205917,99.56589508,0.065380843,0.130761687,58.38509317,17.27740288,13.3,,37.7
48297,TX,Live Oak,25.0,0.567997396,8.464547187,0.892567337,1.135994792,,52910.0,17.9885311,21.64975739,42.2584914,3.577257395,9.95378685,0.308778121,1.808557565,52.65108072,31.53061867,17.7,,40.9
48299,TX,Llano,23.1,0.728663802,2.921060131,0.683122337,0.637580812,0.13662447,61037.0,14.73426541,36.33196818,11.80624206,13.26489162,34.51369858,0.569599397,0.456621005,82.52130113,21.48799133,12.1,,38.5
48301,TX,Loving,8.7,,0.0,,,,100917.0,37.5,18.75,1.5625,18.62745094,100.0,0.0,0.0,87.5,18.41620636,5.3,,32.6
48303,TX,Lubbock,17.6,0.289098144,8.959125235,0.89588654,0.632203639,0.092130177,57270.0,23.53117284,13.75841411,35.14368769,8.188896179,18.20588112,3.054993095,8.261358039,49.89521599,31.64565659,16.1,0.092130177,36.3
48305,TX,Lynn,23.2,,4.518236255,,,,50374.0,28.37741244,15.88634739,42.03002144,15.08561707,33.69738388,0.178699071,1.876340243,52.89492495,33.540802,16.8,,40.5
48307,TX,McCulloch,29.0,0.511312783,8.189712759,1.150453806,1.022625566,,43525.0,21.55963303,25.41284404,31.04849279,19.20276451,40.88124847,0.511140236,1.20576671,64.27260813,37.40040207,17.3,,39.3
48309,TX,McLennan,18.2,0.539021313,8.569436215,0.870134354,0.519770503,0.103954107,58524.0,24.2490761,15.42257818,26.32100054,16.80264091,36.81635284,1.870066275,13.86527694,53.60869448,32.77249527,14.7,0.103954107,39.0
48311,TX,McMullen,17.6,,5.349794239,,,,63120.0,18.83333333,26.83333333,37.33333333,25.34375763,96.42280579,0.5,0.166666667,58.83333333,21.03559875,12.1,,42.7
48313,TX,Madison,23.4,0.762459278,4.410064906,1.594233036,0.623830318,,48251.0,20.46822742,16.42512077,25.38089929,13.32200623,30.9491024,0.750650316,19.22705314,51.90635452,33.47889328,17.5,,40.4
48315,TX,Marion,34.3,0.903614461,6.957241951,0.702811241,0.803212881,,43178.0,17.57326478,27.01285347,4.0,2.890245199,7.933119774,0.493573265,18.98200514,70.63239075,46.92938232,23.0,,41.1
48317,TX,Martin,20.1,,4.390715667,,0.515818417,,69505.0,29.42524346,13.23276685,43.05900325,6.765955925,21.42398834,0.171854115,1.546687035,53.08382662,26.04883003,13.3,,39.0
48319,TX,Mason,20.8,0.920810342,1.878172589,0.690607727,1.611418009,,56690.0,18.99822919,32.22868707,22.33746522,2.797976732,21.10491371,0.050594485,0.10118897,74.57627119,12.68032551,11.8,,36.3
48321,TX,Matagorda,31.7,0.898570478,11.23292245,0.544588149,0.789652824,0.136147037,50054.0,25.12205213,17.59757275,42.62860295,14.25756359,34.71574402,1.93076817,10.29926907,42.35277893,8.486498833,22.9,0.081688225,41.2
48323,TX,Maverick,28.0,0.325465083,9.551440186,0.599540949,0.171297401,0.119908184,41815.0,29.29500579,14.52485014,94.90213692,18.02993965,30.7984066,0.314405652,0.222847962,2.719090642,71.40390015,20.5,,45.2
48325,TX,Medina,19.6,0.534779787,5.609416845,0.592077613,0.572978318,0.133694947,62907.0,23.20682588,18.07755971,50.1596122,4.048676968,15.97939491,0.423662016,2.467092299,43.98991093,30.54452133,14.2,0.076397114,40.3
48327,TX,Menard,32.9,,8.063687725,,,,41507.0,18.34862385,30.63200815,33.74108053,6.032632351,20.17636681,0.254841998,0.611620795,62.7420999,23.38355255,19.4,,38.3
48329,TX,Midland,12.9,0.275492936,4.520352182,0.888324142,0.640942752,0.050600745,84837.0,27.56099139,10.80755134,43.14019637,5.097592831,25.07951927,2.289052435,6.156498003,44.99685263,22.291502,10.5,0.157424539,38.4
48331,TX,Milam,22.7,0.526145399,6.383239903,0.728509009,0.647563517,0.161890879,53320.0,22.96194554,22.23075059,25.30500121,11.40674114,26.11363602,0.448412378,8.471358164,62.07885594,37.15395737,14.6,,37.5
48333,TX,Mills,22.5,0.826446295,2.135966927,0.619834721,0.619834721,,54948.0,19.90574506,29.78007181,16.33752244,9.003398895,24.67764664,0.089766607,0.561041293,78.50089767,19.86914635,13.7,,34.9
48335,TX,Mitchell,25.3,0.975371838,4.759910664,0.731528878,0.731528878,,44476.0,19.74416018,14.76084538,38.42046719,6.037091732,43.48420334,0.600667408,10.28921023,48.14238042,28.4280262,19.2,,41.1
48337,TX,Montague,21.2,0.400761455,6.583730098,0.601142168,0.551046968,,54988.0,22.10368144,23.08039068,11.82569497,4.508646488,14.53342915,0.420736289,0.36563987,81.85324318,24.45479774,14.1,,37.2
48339,TX,Montgomery,14.7,0.41350615,3.783136555,0.656181574,0.561985195,0.079827443,87831.0,26.12955582,13.90200228,26.44707088,8.207499504,34.90613937,3.454950737,5.508483455,59.86093807,21.24221611,10.5,0.113354973,35.4
48341,TX,Moore,15.6,0.581001282,3.721409824,0.726251602,0.871501863,0.242083862,61833.0,30.03090177,11.35874146,59.21434591,8.57358551,17.79784203,4.597808784,3.062084465,30.42887911,20.87166405,11.9,,39.0
48343,TX,Morris,29.3,0.403453559,3.907713264,0.645525694,0.645525694,0.322762847,44957.0,22.32523177,22.57579554,9.872212478,0.862718463,2.084886789,0.292324397,20.44600351,64.44500125,48.02442169,18.5,,40.6
48345,TX,Motley,29.9,,1.497241923,,,,47835.0,20.88428975,30.19755409,14.39322672,3.313518524,18.4537487,0.0,0.658513641,80.71495767,19.90154648,16.9,,36.5
48347,TX,Nacogdoches,25.7,0.525072217,11.01387442,0.694948494,0.478742301,0.123546399,46970.0,22.65942802,15.91418805,21.0307333,9.339159012,22.16522026,1.175506164,16.34417583,57.47297109,37.33031845,20.8,,40.6
48349,TX,Navarro,22.3,0.611512184,5.252811198,0.670690835,0.355071604,0.138083398,51015.0,25.4180602,17.02835208,30.49749164,8.10292244,22.16430092,0.74680754,11.9451201,51.29978717,39.92089844,16.0,0.0789048,42.3
48351,TX,Newton,27.3,1.192783713,9.245328804,,,,44030.0,20.83162806,22.41957927,2.815748547,14.12606144,32.46126175,0.196447573,16.98452975,75.70598347,42.15123367,19.8,,42.1
48353,TX,Nolan,25.0,0.876306057,6.477649007,0.943714201,0.674081564,,44342.0,25.17302212,19.74487719,36.32785995,7.092486382,23.51316452,0.69887366,4.240738228,55.21780432,39.05740738,18.3,,41.8
48355,TX,Nueces,24.9,0.481897175,7.454167257,0.842631638,0.839877963,0.077103548,59337.0,23.53544105,15.57118507,61.45682913,9.916718483,33.22620392,2.18360147,3.582046447,30.05991313,46.39637375,18.2,0.08261095,44.0
48357,TX,Ochiltree,16.8,0.416753501,3.897795591,0.416753501,0.729318619,0.312565118,60914.0,30.19470794,12.36145781,54.61807289,2.875032187,11.46104527,0.279580629,0.139790315,42.38642037,18.4587059,11.8,,38.7
48359,TX,Oldham,30.6,,6.496390894,,1.405152202,,62868.0,30.09101251,17.57679181,17.80432309,32.55441284,100.0,0.568828214,1.877133106,75.36973834,8.743169785,15.7,,36.7
48361,TX,Orange,18.6,0.663626075,5.852272052,0.651560128,0.494703054,0.144791141,65908.0,23.97415338,17.06796529,8.566408829,9.857180595,32.00808334,1.306480521,9.410668805,76.56706914,39.51088715,12.5,0.120659284,41.6
48363,TX,Palo Pinto,22.3,0.443383366,6.276150628,1.023192406,0.954979539,0.102319233,57580.0,22.42599176,20.73286635,19.76134324,24.31370163,68.07485962,0.742722377,1.943046218,73.13879404,26.75932312,14.8,,36.9
48365,TX,Panola,19.3,0.301893294,5.578643057,0.560658991,0.17251046,0.129382849,54244.0,23.63167489,20.79053844,9.737228225,9.566362381,23.06515312,0.44017607,14.4235472,71.57529679,34.53803253,13.5,,38.3
48367,TX,Parker,9.5,0.377872854,3.344284804,0.60054791,0.452097863,0.053981837,85613.0,24.81952747,16.41119402,13.37115948,5.754034519,20.66409683,0.667917043,1.103749781,79.43962435,14.82251263,7.9,0.107963674,36.8
48369,TX,Parmer,22.9,0.525099754,3.056947142,0.420079827,0.630119741,0.31505987,56632.0,28.77697842,14.56074577,65.90333367,8.200631142,20.22536659,0.141858344,0.537035161,32.29303881,17.75712395,15.2,,40.0
48371,TX,Pecos,28.9,0.57259196,11.01215829,0.508970618,0.890698552,0.190863982,49291.0,23.78068847,14.05910617,71.3815573,19.11537933,41.37603378,0.941222932,3.323899164,22.85921148,31.46074486,22.6,,42.0
48373,TX,Polk,24.7,0.547221422,7.421117958,0.415133506,0.452872902,0.09434852,50827.0,18.87157592,24.10071225,14.65395128,5.02990818,10.97602081,0.678331305,9.714103306,69.44516489,39.585495,16.9,,40.4
48375,TX,Potter,28.3,0.517223537,8.32991712,1.034447074,1.025826693,0.13792628,45904.0,25.24952542,14.48302046,38.12950854,11.74674892,24.52668571,5.092596499,10.12360262,42.31427969,40.00436783,20.7,0.120685495,38.6
48377,TX,Presidio,35.0,0.921942234,10.42226791,0.614628136,1.382913351,,39791.0,23.79709672,20.14353287,81.40596966,17.84376907,24.43465424,1.386396999,0.407763823,15.67444136,51.76961517,21.3,,44.2
48379,TX,Rains,20.2,0.478011459,4.546217078,0.637348652,0.637348652,,57294.0,20.70042749,24.49852022,9.117066754,0.0,0.0,0.452153897,2.170338704,83.2785268,25.23502159,12.8,,37.5
48381,TX,Randall,10.8,0.307364613,4.097591721,0.686209321,0.471768916,0.07148014,72082.0,24.15579064,15.71263135,22.43859811,2.382399082,10.77603817,1.850049377,3.244691055,67.81880315,14.68976402,9.1,0.114368223,33.9
48383,TX,Reagan,18.0,,0.958657879,0.782676756,,,65162.0,29.03988183,11.69867061,67.44460857,1.502696991,6.366387844,0.561299852,0.974889217,28.59675037,18.00156593,11.9,,39.4
48385,TX,Real,29.7,0.879507482,4.168231318,,1.172676682,,46907.0,17.25888325,34.26395939,25.0906454,48.50442886,100.0,0.435097897,0.797679478,70.34082669,30.24528503,15.6,,41.3
48387,TX,Red River,28.2,0.500208437,9.363328411,0.333472282,0.416840345,,46134.0,19.9188746,25.0453094,6.610856995,25.87083626,65.59205627,0.440148442,14.99956848,73.34944334,35.78574371,18.7,,39.9
48389,TX,Reeves,26.3,0.438898981,7.785761908,0.752398252,0.815098107,,46275.0,21.21643613,12.86954163,84.82506103,7.188601494,21.05405998,1.118795769,1.518850014,11.50664497,30.69680405,22.2,,42.7
48391,TX,Refugio,28.3,0.727061212,7.473416205,1.163297892,0.872473478,,46695.0,22.20738763,22.5485833,49.04316867,8.796067238,19.18249321,0.400534045,5.93383771,42.486278,37.17706299,15.5,,40.7
48393,TX,Roberts,9.1,,4.788732394,,,,73224.0,24.30471584,21.64449819,6.045949214,21.40803337,91.4323349,0.0,0.241837969,86.69891173,12.71012688,7.4,,36.4
48395,TX,Robertson,24.9,0.932672679,5.741396913,0.46633634,0.757796586,0.174876124,50816.0,24.07948917,20.98824372,21.05388793,9.704645157,27.01202202,0.620636152,18.46989318,56.7225637,43.57330322,16.9,,37.9
48397,TX,Rockwall,6.9,0.309405953,1.723659403,0.882716954,0.800815403,0.12740244,120696.0,27.16960833,13.30377763,19.06899526,3.237183094,20.33373642,3.066249919,7.58586149,65.1072631,10.96950245,5.1,0.182003498,34.9
48399,TX,Runnels,23.1,0.673012197,5.418924552,0.480722994,0.86530143,0.28843379,48190.0,22.86868687,23.12121212,33.87878788,15.9853878,41.52771759,0.242424242,1.333333333,61.23232323,27.29705429,15.3,,38.1
48401,TX,Rusk,23.8,0.40497753,5.359523413,0.57065016,0.34975332,0.05522421,53186.0,22.01708354,17.8400429,18.34565442,11.19966125,26.91892242,0.442410082,15.78120811,61.32837936,29.77505302,16.8,,39.6
48403,TX,Sabine,27.6,0.571047902,8.89271953,,,,46233.0,18.50616535,30.01819284,3.972104306,5.544977665,15.16429996,0.525571053,7.418637558,83.95997574,42.17823029,16.3,,38.6
48405,TX,San Augustine,32.0,0.969932079,13.31697236,,0.48496604,,43335.0,20.61126547,26.67340237,8.070219752,12.00885963,26.55686951,0.454660268,22.32887093,66.55721142,49.49684906,22.7,,42.8
48407,TX,San Jacinto,27.7,0.273028225,4.590224182,0.238899693,0.273028225,0.136514112,52302.0,21.73199037,21.64075615,17.59725567,3.233333111,7.559696198,0.313845705,7.601634917,69.9583972,43.22662354,17.3,,38.2
48409,TX,San Patricio,24.1,0.685860813,7.094180082,0.775320947,0.700770855,0.104370125,58227.0,25.27525271,16.24754563,55.58868446,11.03259754,30.67145348,1.229001527,1.445713039,38.70700313,46.25460434,16.4,0.074550092,43.3
48411,TX,San Saba,27.3,0.82795167,6.34765625,0.993541956,1.159132361,,45437.0,19.61605585,23.97905759,30.52356021,13.72838116,37.28669357,0.279232112,1.84991274,64.39790576,25.90108681,17.9,,39.4
48413,TX,Schleicher,21.6,,5.418138987,,,,52408.0,23.82700938,23.25581395,52.01958384,2.966575861,10.64867973,0.285597715,0.611995104,44.96124031,23.05927849,14.8,,39.7
48415,TX,Scurry,20.7,0.66018486,3.428723901,1.020285726,0.600168049,,49727.0,25.29529884,15.52090716,42.16276872,2.527763605,10.02588463,0.484290102,3.537680132,51.00992204,28.66802788,15.1,0.180050418,39.1
48417,TX,Shackelford,18.8,0.909090936,6.842274333,,0.909090936,,61351.0,23.92914654,21.61030596,11.69082126,5.382641792,14.62651634,0.450885668,0.644122383,84.12238325,23.23232269,12.0,,38.1
48419,TX,Shelby,29.2,0.401364654,10.45545213,0.481637567,0.401364654,0.200682327,43244.0,24.77312464,18.15835484,19.50295562,7.484447002,17.87879944,1.515277662,15.83964699,60.01165598,44.49127197,19.6,0.120409392,40.9
48421,TX,Sherman,17.2,,4.825506247,,,,62557.0,29.04385334,14.66570812,47.26815241,9.537147522,27.42441559,0.071890726,0.35945363,48.95758447,13.21440411,12.0,,37.9
48423,TX,Smith,17.8,0.474966705,6.536891235,0.886321783,0.602189958,0.135704771,62903.0,23.99402088,17.91381666,20.25064353,8.137907028,20.2353096,1.7684674,16.2768386,57.58633539,27.6198082,13.0,0.089056261,39.7
48425,TX,Somervell,15.0,0.765948117,4.073206115,0.87536931,1.313053966,,68280.0,24.30200978,20.49972841,18.3269962,0.0,0.0,0.597501358,0.423682781,76.16512765,17.27942467,9.3,,33.2
48427,TX,Starr,40.6,0.342327207,12.06986685,0.575732112,0.264525563,0.124482617,33535.0,30.05157767,12.87621359,97.68355583,23.73208618,33.88890457,0.151699029,0.047026699,1.776395631,84.15543365,31.6,,47.8
48429,TX,Stephens,27.4,1.178487301,8.58811405,0.642811239,0.857081652,,46064.0,21.68992418,21.1185584,24.217119,13.47339916,27.59099007,0.659268212,2.604109439,68.73969893,32.23876953,16.2,,38.8
48431,TX,Sterling,16.1,,1.249081558,,,,69212.0,26.02040816,19.4606414,32.72594752,35.90208435,100.0,0.072886297,0.218658892,63.19241983,14.32192612,11.8,,36.7
48433,TX,Stonewall,22.7,,1.285930409,,,,49813.0,19.437751,30.36144578,18.15261044,4.848034859,15.38062859,0.401606426,1.445783133,76.94779116,20.46241379,15.5,,38.6
48435,TX,Sutton,20.9,1.605136395,6.739258387,1.070091009,1.070091009,,59905.0,24.22894425,21.02609727,62.06998814,5.778343201,19.17641068,0.177935943,0.177935943,35.58718861,20.35402107,13.9,,41.6
48437,TX,Swisher,29.4,,8.313872022,,0.817438722,,45509.0,24.41543538,18.5769617,45.1441687,14.16448307,31.82649422,0.143451442,5.838473677,46.17701908,38.81698608,20.9,,42.8
48439,TX,Tarrant,15.3,0.487437993,4.846707186,0.849131107,0.619305253,0.116325781,71399.0,25.42328393,12.21965849,29.41794906,8.228264809,30.05670738,6.054229997,16.99223932,42.87249365,27.16014671,11.6,0.101726189,37.7
48441,TX,Taylor,20.6,0.538793087,5.866055573,1.027298808,0.646551728,0.093390808,53820.0,24.19068767,15.46561645,24.26959388,9.945581436,24.85202026,1.965672309,7.667169432,60.97145411,29.58812332,17.9,0.122126438,36.5
48443,TX,Terrell,21.4,,2.655771195,,,,44343.0,18.94736842,27.76315789,48.68421053,41.53132248,100.0,0.657894737,1.052631579,46.31578947,23.02943993,17.4,,35.8
48445,TX,Terry,31.0,0.492489547,7.393798172,0.984979093,0.738734305,,42225.0,27.46175302,15.38331502,55.52362438,20.41927338,42.84799957,0.312737723,3.287972276,38.87245372,39.45388412,22.3,,42.8
48447,TX,Throckmorton,24.4,,6.311360449,,,,46253.0,21.66666667,28.05555556,10.06944444,32.19061279,100.0,0.208333333,0.069444444,86.66666667,21.57588005,15.0,,37.9
48449,TX,Titus,20.6,0.57705158,6.019592679,0.789649546,0.698536098,0.12148454,49513.0,27.49703972,15.30706948,43.7802029,14.05916691,32.2766304,0.838480494,9.22968605,42.91611995,29.99149513,16.0,,40.2
48451,TX,Tom Green,16.5,0.474960417,5.083170298,0.833263874,0.699941695,0.083326392,60750.0,23.53941151,16.8120797,39.22068615,10.4340477,30.62863922,1.419964501,3.341583127,51.99036691,25.16109848,13.2,0.133322224,37.6
48453,TX,Travis,13.8,0.425989032,5.721977397,0.788925529,0.801997364,0.120722517,84519.0,21.2138076,10.27857956,32.63942929,5.29002285,26.41580391,7.724455661,7.461703256,47.49881413,17.92639732,11.2,0.175316781,29.4
48455,TX,Trinity,27.3,0.403144538,10.20725389,0.335953772,0.403144538,,46569.0,19.26187325,27.34156742,9.660344067,7.791295052,15.1489172,0.220555801,7.984119982,77.4371416,49.45799637,17.1,,38.9
48457,TX,Tyler,23.3,0.416840345,6.859327561,0.370524764,0.324209154,,46955.0,19.31003132,23.56803718,7.677543186,16.15717316,45.14702988,0.48994848,10.30407112,77.29063542,38.71983719,17.5,,40.3
48459,TX,Upshur,19.9,0.332021058,6.6300812,0.40316844,0.260873675,0.118578948,51634.0,24.54758877,18.47305096,9.747627898,3.395619154,7.49307251,0.432847501,7.111415436,76.51129805,32.84439468,14.9,,40.5
48461,TX,Upton,20.9,1.104057431,6.768292683,,,,49340.0,26.29987908,16.29383313,54.32285369,8.564417839,33.40593719,0.120918984,1.783555018,39.84280532,25.43932343,15.6,,41.6
48463,TX,Uvalde,31.1,0.972253382,5.053366174,0.822675943,0.747887194,,48438.0,24.7679531,18.22585898,70.49747598,25.05990601,45.17366409,0.643217717,0.435596808,26.92151115,56.31278992,20.5,,41.6
48465,TX,Val Verde,27.8,0.367137134,8.021040225,0.734274268,0.448723167,0.081586033,50532.0,26.50989787,15.46673391,80.29042155,21.59416199,50.87202835,0.737611903,1.130584626,16.46702812,51.16633987,18.8,,42.1
48467,TX,Van Zandt,19.1,0.469295889,5.05856743,0.590965211,0.53882122,0.139050633,59929.0,22.79269747,21.18540166,11.87585025,10.67067051,31.3361454,0.456828068,2.547824188,80.59320468,25.07256699,13.3,,36.1
48469,TX,Victoria,21.9,0.532979488,5.971499408,0.870170534,0.652627885,0.076139927,57142.0,24.65642418,17.34907303,47.01212234,8.857323647,23.76056862,1.523231748,5.727176163,43.06880277,40.38497925,16.2,0.119648449,39.1
48471,TX,Walker,24.8,0.568150342,13.97771238,0.485006362,0.554292977,0.124715924,43012.0,15.12696335,14.07329843,21.69895288,6.278004646,13.12957859,1.47382199,21.44240838,52.12434555,25.25613022,23.9,0.069286622,42.2
48473,TX,Waller,17.7,0.382928371,6.382443442,0.435145855,0.278493345,0.087029174,65437.0,23.93738775,12.88516393,32.54921295,11.05504227,17.5815239,1.382188259,21.31211043,41.36704581,26.88766289,13.6,,41.5
48475,TX,Ward,20.0,0.247995377,8.218813725,0.578655839,0.909316361,,58461.0,27.12126417,13.92133288,54.31982137,2.63279295,8.250125885,0.592579869,3.564067331,38.69804191,28.70546341,14.1,,40.8
48477,TX,Washington,19.8,0.810712576,3.635659838,0.810712576,1.146179914,0.08386682,66601.0,21.06968301,22.58902388,17.94442117,7.277215481,21.4373436,1.527719592,15.51459293,61.50816925,22.90728951,14.0,0.111822426,37.1
48479,TX,Webb,29.0,0.277296603,10.05190645,0.731054723,0.507776916,0.079227604,50865.0,30.19684479,10.35962173,95.2230134,9.670620918,18.45577431,0.486683588,0.295005129,3.554662054,64.40783691,22.6,0.07202509,41.5
48481,TX,Wharton,22.7,0.815641105,6.314684632,0.839630544,0.719683349,0.191915557,56522.0,24.6716382,18.3834496,40.81549194,4.780876637,13.47840977,0.394515275,13.1561222,43.61318258,39.6925354,15.9,,41.4
48483,TX,Wheeler,22.0,1.213101506,8.70602266,1.010917902,1.617468715,0.808734357,49282.0,24.38877756,21.82364729,24.58917836,3.103314638,11.46669483,0.480961924,1.623246493,69.51903808,24.85173225,14.1,,39.8
48485,TX,Wichita,19.3,0.427911878,8.215282849,0.803273141,0.653128624,0.090086706,53148.0,22.15539235,16.03942791,19.94820255,11.28726387,34.55289078,2.046385775,10.34325474,61.61113259,32.67332458,14.6,0.05255058,38.9
48487,TX,Wilbarger,21.0,0.398342907,7.723412859,0.876354337,0.637348652,,48117.0,23.01544192,18.36734694,28.97493598,15.59178638,38.66159058,4.392022969,7.860634748,54.41142236,37.33800888,14.1,,41.4
48489,TX,Willacy,39.4,0.425310701,11.51293441,0.472567469,0.378053963,,37087.0,23.20968062,15.82027376,87.33882166,25.63968468,43.18441772,0.793493354,2.206903392,8.951596905,56.51512909,34.3,,48.8
48491,TX,Williamson,7.3,0.365781605,2.421571399,0.66358614,0.572949946,0.071214117,96653.0,25.61045094,12.95809477,24.15170677,8.690342903,47.83671188,8.86379198,6.331021958,55.23819532,11.51888371,6.0,0.142428234,29.6
48493,TX,Wilson,13.4,0.326778531,4.822439104,0.480556667,0.480556667,0.076889068,78794.0,24.08296987,17.20499266,38.65495548,1.598130107,5.179387093,0.460273752,1.392880831,56.03079211,19.75568581,9.8,0.057666801,42.1
48495,TX,Winkler,21.6,0.507163703,4.272256866,0.507163703,0.633954585,0.507163703,62477.0,28.09652163,12.46309845,60.73674753,1.43998158,5.926381588,0.988319856,1.78410987,34.68104223,32.03583908,14.7,,39.5
48497,TX,Wise,13.7,0.464239478,4.2931262,0.604918122,0.422035903,0.112542905,77668.0,24.47254925,16.1397016,19.9527917,3.213502407,9.856152534,0.542021215,0.957279403,73.5735517,17.08424759,10.2,0.084407181,40.4
48499,TX,Wood,21.5,0.410446942,5.108928405,0.496856838,0.734484017,0.086409882,53485.0,18.49118034,28.74919162,10.913632,8.84988308,21.76516342,0.512900564,3.697344067,80.07046808,23.80232239,14.1,0.064807415,35.9
48501,TX,Yoakum,19.0,0.459664434,4.385623459,1.034245014,0.57458055,,66816.0,28.86664934,14.33584611,64.56979465,5.365202427,25.76795197,0.597868469,0.714842735,32.33688589,20.76151085,12.8,,40.7
48503,TX,Young,21.1,0.502680957,6.201374297,1.172922254,0.837801635,,53715.0,23.61336542,21.18990317,19.63396205,13.69506931,30.13889885,0.481334303,0.973862428,75.04897297,23.83545494,14.8,,38.7
48505,TX,Zapata,44.6,0.493931711,17.75194918,0.423370034,0.493931711,0.282246679,37474.0,30.93815249,14.47188422,93.59205126,8.422754288,16.78508186,0.115199078,0.064799482,5.731154151,80.24037933,28.9,,46.1
48507,TX,Zavala,38.8,0.67567569,15.25838345,0.337837845,0.591216207,,35046.0,28.44881075,17.32161324,92.49224405,23.04994965,31.59499359,0.196483971,0.692864529,5.915201655,76.33727264,25.4,,47.7
49001,UT,Beaver,13.0,1.774885416,3.651354535,1.47907114,1.183256865,,59437.0,30.57126697,14.81900452,15.07352941,4.230509281,14.38789368,0.452488688,0.325226244,80.83993213,18.58699417,9.2,,32.5
49003,UT,Box Elder,8.1,0.368375808,2.798910159,0.66658479,0.333292395,0.087708525,69538.0,31.65643533,13.51056082,9.601845108,5.106789112,16.79721832,0.759546353,0.279193979,85.5980994,13.03787231,8.0,0.105250232,32.0
49005,UT,Cache,9.0,0.207685918,5.906552813,0.676902235,0.307682842,0.130765215,69670.0,29.28413716,10.16191778,11.3222284,8.529052734,33.31109238,1.72957628,0.784805563,82.14248164,10.03815269,11.0,0.092304856,35.0
49007,UT,Carbon,17.8,0.481695563,6.810756472,0.818882465,0.529865146,0.192678228,50503.0,25.60748579,18.68018812,13.11483441,9.03482914,25.96681976,0.308641975,0.244953949,81.54516951,32.65494537,15.9,,35.0
49009,UT,Daggett,11.2,,6.019417476,,,,57400.0,23.42245989,27.9144385,3.101604278,15.38461494,100.0,0.106951872,0.106951872,94.22459893,10.31513977,7.2,,33.8
49011,UT,Davis,6.4,0.19207643,2.337279353,0.6764431,0.314559937,0.055674326,93260.0,32.06554557,10.71856931,10.83464992,4.637614727,31.56070518,1.904438912,1.105109477,80.63825035,9.046614647,6.4,0.077944055,30.2
49013,UT,Duchesne,16.3,0.603196919,6.696359211,0.854529023,0.201065645,0.251332074,63327.0,32.29230455,13.62522964,6.557460706,6.718873978,24.0352478,0.306184936,0.107164727,85.40518473,28.06960297,13.1,,33.0
49015,UT,Emery,14.8,0.985512972,3.901837971,0.788410366,0.394205183,0.394205183,62257.0,29.20101781,18.00508906,7.175572519,11.50860977,34.11687469,0.366412214,0.020356234,89.67938931,19.50494385,11.8,,34.5
49017,UT,Garfield,15.0,1.782178164,6.468172485,1.782178164,2.772277117,0.79207921,56943.0,23.64745229,23.58843203,7.554593744,21.62441444,59.97453308,0.590202636,0.098367106,87.46803069,12.77227688,9.9,,36.3
49019,UT,Grand,16.8,0.714577377,10.16417442,1.224989772,3.470804453,0.306247443,52645.0,21.17075189,18.60585376,12.679698,2.497630358,8.028926849,0.827386493,0.672251525,77.37097942,15.43997574,11.1,,30.9
49021,UT,Iron,14.5,0.422431082,7.433814082,0.880064785,0.686450541,0.088006474,61421.0,28.38066645,13.64310775,9.569027213,17.58870125,39.73826981,1.083977727,0.654575922,83.12241443,19.97013664,13.3,0.14081037,33.3
49023,UT,Juab,10.8,0.494967818,4.054523355,1.154924989,0.412473202,,77036.0,34.19311047,13.17665026,4.870184965,13.0151329,46.50270081,0.271508569,0.093331071,91.47293399,12.35357189,8.8,,34.4
49025,UT,Kane,12.5,1.137225151,4.90739489,1.010866761,1.769016981,0.505433381,62311.0,22.85118038,25.62932046,4.199817399,14.37406921,49.69393539,0.769531759,0.352158602,90.30911699,11.69867706,9.4,,36.3
49027,UT,Millard,13.7,0.675320804,3.014086724,0.975463331,0.45021385,0.300142556,68131.0,31.13680154,17.54142582,13.67244701,5.029541969,21.70132256,1.086705202,0.115606936,81.97302505,15.70746136,10.2,,35.4
49029,UT,Morgan,4.6,0.24073182,1.587954583,,0.24073182,,111472.0,34.9654331,12.64741765,2.749084994,0.057704154,0.355326176,0.463603091,0.097600651,94.03822692,2.781790018,4.5,,31.8
49031,UT,Piute,25.3,,7.014590348,,,,50768.0,24.06119611,26.9123783,8.623087622,47.83454514,100.0,0.0,0.0,88.73435327,17.76420021,15.1,,35.5
49033,UT,Rich,11.3,1.223491073,3.237410072,4.486133575,1.223491073,,70815.0,30.55776892,18.60557769,3.864541833,34.58487701,100.0,0.079681275,0.438247012,92.78884462,9.176182747,8.0,,33.1
49035,UT,Salt Lake,8.9,0.223934963,3.955747162,0.854556382,0.611745715,0.138994113,80676.0,26.1840238,11.34607564,19.5815524,2.621184826,11.45935726,4.238895479,1.854142375,67.57410748,14.54819298,8.8,0.116686411,32.8
49037,UT,San Juan,30.4,0.916350305,11.09400154,0.392721564,0.719989538,,48071.0,28.7642926,15.41534647,5.145336823,30.12950516,49.9430542,0.234192037,0.220416035,41.58975065,45.09752655,26.8,,37.3
49039,UT,Sanpete,12.0,0.477813512,5.786632491,0.4459593,0.382250816,0.127416939,62098.0,28.1429124,16.13391005,10.70084749,8.147945404,20.73342896,0.601329254,0.787706157,83.29992615,13.61768532,11.7,,32.9
49041,UT,Sevier,12.4,0.780532598,5.213359826,0.964187324,0.596877873,0.137741044,68303.0,29.9646873,17.41473841,4.892667968,1.320165753,3.126762867,0.185856333,0.302016541,90.1217359,22.70431519,9.7,,35.1
49043,UT,Summit,5.8,0.211769685,3.631125292,1.129438281,2.188286781,0.258829623,124354.0,24.43751918,13.82770262,11.18351158,5.675299644,31.62906837,1.706919754,0.384824232,82.88594565,2.725554228,5.8,0.305889547,23.1
49045,UT,Tooele,6.0,0.268413156,2.095175992,0.375778407,0.30867511,0.067103289,90591.0,32.95689015,9.450053647,13.09802195,6.804185867,25.77551842,0.70290792,0.599741396,80.05584748,14.6542387,5.6,0.053682629,39.0
49047,UT,Uintah,15.2,0.305810392,6.176571233,0.556018889,0.583819866,,64105.0,33.05446378,11.70690623,7.95620438,8.280203819,24.6088047,0.440763616,0.252667041,80.64570466,24.66870499,11.9,0.111203782,34.5
49049,UT,Utah,6.2,0.165883586,4.341352583,0.692717552,0.310263753,0.070654117,86597.0,32.77727142,8.127552514,13.42601369,8.21105957,33.97556686,1.533365989,0.623294849,78.6261429,8.591643333,8.1,0.069118157,30.7
49051,UT,Wasatch,6.2,0.198300287,2.041057102,0.566572249,0.566572249,0.141643062,102206.0,30.40703691,13.20282856,14.50500172,6.835836411,43.04127502,0.997470392,0.405312177,80.97044958,4.154862881,4.9,0.141643062,25.8
49053,UT,Washington,9.9,0.237949744,3.489138723,0.789560497,0.53538692,0.097343072,63639.0,26.37134663,22.14290073,11.36127891,10.60600662,35.64012909,0.99956179,0.506437244,81.79654868,12.67442894,9.4,0.146014616,29.1
49055,UT,Wayne,15.3,1.087350488,4.495747266,1.449800611,2.899601221,,57768.0,21.56074014,24.77876106,3.861625101,15.83190441,38.66171646,0.643604183,0.040225261,91.19066774,16.0686245,11.1,,33.2
49057,UT,Weber,10.4,0.327421963,3.631818678,0.677687347,0.483518481,0.106602505,72348.0,27.69818056,12.33797188,18.58799571,5.603204727,26.64613342,1.374021348,1.223767557,73.94050102,17.47233963,9.3,0.06853018,34.4
50001,VT,Addison,9.3,0.461317182,3.476632232,0.488453507,0.786952853,0.325635672,79756.0,17.00612906,21.68990713,3.085940636,1.514694571,6.229596615,1.589808099,0.915344057,89.50030779,19.89543533,8.4,0.162817836,26.4
50003,VT,Bennington,16.1,0.962137103,6.459969915,0.707453728,1.245118618,0.339577794,65185.0,19.17690845,24.22684553,2.514258173,2.785163164,8.241308212,1.063003722,1.084424452,90.76231023,41.38840103,12.5,0.226385191,28.3
50005,VT,Caledonia,15.4,0.875273526,5.491300071,0.706951678,0.84160918,0.269314945,59762.0,20.20308934,22.59782357,2.001124599,1.671233058,5.778233528,1.200674759,0.707835809,90.8444415,37.01396942,12.5,0.100993097,29.7
50007,VT,Chittenden,7.9,0.572103262,5.300818774,0.712085962,0.992051423,0.304310262,84290.0,17.6583117,15.86533035,2.822549503,2.498093605,13.92240047,4.279272589,2.826114078,84.88441865,21.60552025,10.0,0.170413747,24.5
50009,VT,Essex,18.1,,6.189198256,,0.979911804,,50840.0,17.38175676,26.92567568,1.131756757,10.02463436,28.24292946,0.27027027,0.253378378,93.64864865,42.43562698,14.4,,32.7
50011,VT,Franklin,10.9,0.644057572,4.513276131,0.462916374,0.603803992,0.322028786,69583.0,22.14191327,17.1325031,1.831978537,1.880122662,9.214241982,0.624674649,0.64269411,90.57582189,35.95988083,9.2,0.060380396,31.1
50013,VT,Grand Isle,12.5,0.836936831,3.76783488,,0.69744736,0.418468416,80693.0,17.41395859,23.61168244,1.741395859,0.444803596,2.700200319,0.411353353,0.671877142,91.82778006,27.0260849,7.7,,27.1
50015,VT,Lamoille,10.7,0.789234817,4.858828654,0.828696549,1.578469634,0.394617409,64083.0,20.04625169,18.6047408,2.50915398,0.289373577,0.916112959,0.543457314,0.83638466,90.90383504,30.17836761,8.7,0.276232183,25.4
50017,VT,Orange,12.4,0.658875763,3.804575255,0.277421355,0.658875763,0.208066031,71487.0,19.0764081,22.4374082,1.629265294,3.470814943,9.764408112,0.546504082,0.515763227,91.71704751,29.29396248,9.8,,26.7
50019,VT,Orleans,16.7,0.706398487,4.482301723,0.334609807,0.743577361,0.520504117,54346.0,19.19468477,23.45124667,1.68656226,4.000157356,10.11772919,0.434417552,0.463622093,92.20968861,48.64854813,12.6,,32.9
50021,VT,Rutland,13.4,1.021397352,3.700422516,0.709784627,1.229139209,0.328924596,59916.0,17.43379779,23.58020207,2.022386581,4.914710522,18.12280273,0.756124942,0.813907416,90.95291554,43.38342285,10.5,0.103870921,30.7
50023,VT,Washington,9.3,0.840076804,4.665385287,0.702921391,0.805787981,0.325744063,75692.0,18.54297992,20.92564416,2.623438728,5.931412697,17.67663002,1.05673249,1.023291588,89.79550889,26.97532272,8.8,0.171444252,26.8
50025,VT,Windham,14.1,0.666428685,5.075716358,0.856836855,1.451862454,0.452219456,64381.0,17.45343644,23.74251171,2.903823113,3.694789886,9.194394112,1.073957085,1.078313909,89.33667356,37.35372162,11.3,0.142806143,26.0
50027,VT,Windsor,9.9,0.691059887,4.525436866,0.691059887,1.23663342,0.418273091,65086.0,17.633716,24.63248662,2.129759493,1.15679729,5.193857193,0.933284851,0.780911814,90.96843454,29.95805168,9.7,0.127300501,25.6
51001,VA,Accomack,25.7,0.868540227,7.473245057,0.651405156,1.023636699,0.279173642,50949.0,19.57621285,24.62813875,10.26546554,0.899445117,2.192136049,0.745218927,25.85520606,59.33319367,45.48979568,16.2,,44.0
51003,VA,Albemarle,8.2,0.424755096,3.4117283,0.650688648,0.632613957,0.153634816,91849.0,20.33008586,19.37096846,7.520797188,3.52666378,11.90980148,7.283242137,8.713021042,71.47559945,,7.0,0.162672162,31.7
51005,VA,Alleghany,19.7,0.476158082,9.113890367,0.544180691,0.61220324,,49197.0,18.6756881,25.83590619,1.169283321,7.894757271,16.39222145,0.387571438,4.440649018,90.3501281,,13.3,,40.9
51007,VA,Amelia,13.8,0.384201616,4.948610582,0.461041957,0.307361305,,62884.0,20.18092725,20.95740671,3.20392009,6.153926373,16.46385956,0.474934037,19.193366,73.02676216,31.31883621,9.9,,43.0
51009,VA,Amherst,17.4,0.599993706,5.000326819,0.631572306,0.410521984,0.157893077,57294.0,20.40438241,21.57345003,2.676717667,3.866821766,11.31956863,0.581339637,17.07605328,73.36059028,33.16280746,12.4,,36.1
51011,VA,Appomattox,16.1,0.872654736,6.495051986,0.436327368,0.249329925,,58860.0,22.17259135,20.83255785,2.134127427,2.041593313,7.398758888,0.26056207,17.84850177,75.40790372,42.32375336,11.5,,42.4
51013,VA,Arlington,9.5,0.245711505,3.423405601,1.032821178,1.011998177,0.195736274,124474.0,17.63303344,10.61543812,15.65602176,0.078137748,2.311382771,11.41244453,8.519001186,58.51962974,9.830889702,7.9,0.254040718,25.9
51015,VA,Augusta,11.4,0.444188952,3.84504628,0.37886706,0.457253337,0.091450669,69243.0,19.96463923,21.42940106,3.520590551,7.504591465,29.34067917,0.594938506,3.964535987,88.2406081,,8.5,0.052257527,37.8
51017,VA,Bath,17.0,1.456664205,4.883887958,,1.456664205,,56200.0,16.55975291,27.03730102,1.734378712,10.48247719,21.23629379,0.403896412,2.708481825,91.2568306,21.68811226,11.1,,40.8
51019,VA,Bedford,12.0,0.400947243,3.608102943,0.37588805,0.626480043,0.100236811,66026.0,19.98439506,22.46105057,2.586141804,1.475363493,8.749865532,1.21693388,6.121164834,85.73657849,21.43292618,8.8,0.062648006,35.2
51021,VA,Bland,17.4,0.641128361,5.385487528,0.641128361,,,50492.0,15.02392344,23.76395534,0.956937799,5.19611454,19.52385521,0.063795853,2.663476874,93.41307815,24.25602341,14.4,,39.5
51023,VA,Botetourt,8.0,0.683852196,2.7478984,0.475723237,0.624386787,0.148663521,74081.0,19.85950708,23.46112632,2.309798786,10.84733772,45.75863647,0.696511489,2.693773068,90.80247649,14.43522739,7.0,0.089198112,35.7
51025,VA,Brunswick,30.5,1.06004858,7.461032725,0.249423206,0.311779022,,47401.0,15.84958042,22.79639094,2.441794435,10.06511402,33.02445984,0.265000946,54.0917408,40.74074074,55.02899551,21.3,,45.3
51027,VA,Buchanan,34.2,0.630669951,8.375955841,0.485130757,0.242565379,0.242565379,38087.0,17.52886269,22.39253255,0.869565217,1.112529993,1.888792396,0.240727094,3.011545075,94.37484648,67.67169952,23.9,,44.6
51029,VA,Buckingham,21.7,0.815470636,5.116968921,0.174743712,0.232991606,,54263.0,19.02639087,19.76343319,2.454826438,5.008766174,13.02096558,0.350689491,32.03756538,61.30527817,45.26832962,16.8,,41.3
51031,VA,Campbell,15.5,0.777520597,4.527917304,0.578620017,0.488210618,0.12657313,53059.0,20.72141626,20.825553,3.25876185,2.23197031,8.100543976,1.079072106,13.9345734,76.99655271,,10.9,0.12657313,42.5
51033,VA,Caroline,15.5,0.583279312,4.28879011,0.356448472,0.550874949,0.129617631,73390.0,22.72153333,17.24673811,6.371612653,1.518267393,5.296490192,0.958331984,24.69323664,60.99977337,35.58003998,10.9,,41.6
51035,VA,Carroll,23.8,0.598523617,6.38555049,0.332513124,0.532020986,0.133005247,45956.0,18.67604185,25.19293432,3.574001029,1.700039506,5.119353771,0.274395472,0.559080775,92.7456697,,14.6,,38.9
51036,VA,Charles City,19.0,0.439818203,6.220588235,,,,63299.0,14.67591909,26.22176288,1.491215119,0.718572676,2.29838562,0.501993208,41.87213938,44.24922486,35.9795723,11.4,,41.9
51037,VA,Charlotte,25.8,1.099830747,8.9133304,0.253807098,0.338409483,,48382.0,20.81707,23.04623124,2.194466129,14.60332012,33.71976471,0.199496921,27.23566658,66.58860265,48.35730362,16.9,,40.7
51041,VA,Chesterfield,9.7,0.354505986,3.188583721,0.667141199,0.686680913,0.139569283,86101.0,24.02838584,15.96497581,11.03722967,8.191214561,47.23516464,3.592393869,22.35425788,57.84725194,22.94263268,7.4,0.131195128,37.7
51043,VA,Clarke,7.9,0.410340577,3.221143919,0.410340577,0.615510881,,91603.0,19.54948251,21.97118312,6.000135291,0.059653953,0.380293965,1.420550632,3.815193127,83.26456064,11.92837238,7.2,,34.1
51045,VA,Craig,18.5,,6.252613969,,,,57299.0,18.78577269,22.97628782,1.083401472,3.60649085,11.80309963,0.224856909,0.224856909,94.66475879,25.8847084,11.5,,36.2
51047,VA,Culpeper,12.0,0.373350263,2.801604321,0.65336293,0.634695411,0.168007612,82220.0,24.06949307,16.72058152,14.28870452,2.880751371,11.94345284,1.459506774,12.27926625,66.29623991,21.70565033,8.9,0.168007612,38.2
51049,VA,Cumberland,23.9,0.90607065,2.389078498,,0.40269807,,52200.0,20.40310078,21.47803618,2.490956072,19.47060204,55.47490311,0.372093023,29.11627907,63.09043928,52.77861786,14.8,,38.6
51051,VA,Dickenson,27.7,0.852393806,10.35582289,0.426196903,0.284131259,0.213098451,39722.0,19.47748513,22.73435287,0.587652223,0.0,0.0,0.084961767,0.339847069,96.93429623,56.71970367,22.0,,42.9
51053,VA,Dinwiddie,16.2,0.488008916,5.276889722,0.313720018,0.313720018,0.209146678,66397.0,21.31534691,18.69252514,4.0362114,8.245257378,26.99767494,0.42580599,29.03710595,62.06748488,,11.9,,38.2
51057,VA,Essex,20.5,1.00520885,7.070323622,0.731060982,1.187974095,,59012.0,18.87913954,24.56835551,3.481460515,16.57725525,44.09673309,0.584960845,35.31465233,55.39201811,48.25002289,11.5,,39.0
51059,VA,Fairfax,8.8,0.210279912,3.02816889,0.841119647,0.728159368,0.17030935,133845.0,23.31573516,13.79516286,17.32004183,1.569408774,18.04464531,20.33001567,9.418251965,47.11786137,,7.1,0.165095791,27.0
51061,VA,Fauquier,7.2,0.378357917,2.242668998,0.728689313,0.630596519,0.098092794,106714.0,23.11571562,17.05996821,10.67943869,1.154385567,13.65913391,1.649947925,6.850572822,75.32889327,11.87973785,6.5,0.098092794,33.4
51063,VA,Floyd,16.7,0.380300432,4.148061865,0.253533632,0.570450664,0.253533632,54765.0,19.82424399,24.44430085,3.146807961,9.397867203,27.54180527,0.297234428,1.512018609,91.1992763,28.86057854,12.1,0.316917032,36.8
51065,VA,Fluvanna,9.3,0.182335347,2.332498435,0.218802422,0.255269498,,77226.0,19.85760945,21.22646703,4.062534405,3.157705545,28.91872215,0.778010202,13.4647143,76.18628207,17.16991234,7.7,,38.7
51067,VA,Franklin,16.8,0.658749819,6.150487447,0.462905258,0.55192548,0.071216196,60062.0,18.87034895,24.88206032,3.588670448,7.944708347,19.52885437,0.556198029,7.063531399,84.83947354,32.22236252,11.2,0.124628343,33.5
51069,VA,Frederick,9.9,0.406062394,3.528003884,0.515809,0.537758291,0.098771937,85262.0,22.96131001,17.98313261,10.92770649,4.974522114,33.68125153,1.816908958,3.943381573,78.47274637,,7.5,0.109746598,37.6
51071,VA,Giles,17.3,1.080237627,5.481847787,0.840184867,0.480105609,0.300066024,55018.0,20.02740216,22.23148865,1.453505689,0.360822439,1.041908264,0.411032346,1.417763746,93.36391255,34.51759338,11.8,,36.9
51073,VA,Gloucester,12.2,0.533917069,4.182799947,0.667396367,0.667396367,0.16017513,75630.0,19.73340911,20.39730309,3.642375552,1.560725927,5.541168213,0.787889747,6.990261166,82.59667795,28.10850906,8.4,0.16017513,36.6
51075,VA,Goochland,8.1,0.777700484,2.350813743,0.368384421,0.777700484,,104379.0,17.47886925,23.13665224,3.486067861,2.37594533,9.192893982,1.99377199,13.15161564,77.16665993,13.55177212,6.3,0.163726419,31.7
51077,VA,Grayson,24.4,0.580907524,5.544077135,,0.451816946,,42553.0,16.03730516,25.6570795,3.887041023,9.042187691,18.08909035,0.156525142,5.784908368,87.36711668,43.60033417,17.6,,42.4
51079,VA,Greene,11.8,0.546420932,3.412345679,0.645770192,0.496746302,,76941.0,22.67419229,18.28532503,6.471389646,6.522454739,27.6055584,2.218762164,7.016348774,78.8925652,25.25541115,7.8,,36.8
51081,VA,Greensville,25.4,0.709219873,5.993089479,,,,49323.0,14.92406286,17.48749012,2.422965499,0.25041768,0.68049562,0.280923536,58.08094109,37.02045474,,24.4,,46.2
51083,VA,Halifax,22.4,0.7135849,6.504599212,0.683852196,0.535188675,0.208128914,46244.0,19.97824937,25.18664394,2.233848686,10.34897995,29.68131828,0.64076186,34.5012051,59.52031039,50.03518295,16.0,,43.1
51085,VA,Hanover,8.5,0.480316281,2.693894274,0.794369221,0.775895536,0.129315913,95195.0,21.96419316,18.81086389,3.580683585,3.972535849,25.25375366,1.837623546,8.799861792,80.80542649,13.18637466,6.7,0.147789627,38.1
51087,VA,Henrico,9.9,0.395486653,3.42733057,0.943774998,0.817938328,0.191751108,78888.0,22.56443842,16.626145,6.604583285,4.726092815,26.92008591,9.62202704,28.80836391,49.9508058,29.02732277,7.0,0.209727779,35.1
51089,VA,Henry,24.6,0.914349318,5.688354597,0.596314788,0.417420328,0.15901728,45784.0,19.35502866,24.00486771,6.479155217,14.45112896,28.63188744,0.557431106,21.71233414,67.33728507,,17.0,0.07950864,43.4
51091,VA,Highland,21.6,1.363636374,6.199095023,,,,48972.0,14.74014337,34.67741935,1.568100358,34.44867706,99.66863251,0.268817204,0.089605735,95.51971326,14.35606098,13.1,,33.8
51093,VA,Isle of Wight,11.4,0.503644824,3.692816462,0.636182904,0.66269052,0.159045726,86286.0,21.30238823,20.07719007,3.10573486,4.465237141,26.21637917,1.012795938,22.22193441,68.40905559,26.061409,8.2,0.13253811,38.9
51095,VA,James City,10.3,0.219038293,2.659609057,0.515384197,0.644230247,0.154615268,92270.0,19.66161474,26.82929946,6.64374984,8.678845406,46.73205948,2.880363943,12.56421397,72.38863189,,7.0,0.154615268,33.8
51097,VA,King and Queen,22.5,0.57620281,9.116766467,,,,59730.0,17.43341404,24.63680387,2.754237288,4.97570467,10.5517807,0.348062954,23.62288136,67.49394673,40.69432449,14.1,,41.8
51099,VA,King George,8.4,0.365216762,3.236245955,0.620868504,0.474781781,,98668.0,25.35269244,13.86820342,5.919994013,2.124133825,10.48361397,1.500580025,14.66526962,70.01085207,20.99996376,6.5,0.109565027,35.2
51101,VA,King William,10.0,0.453489035,2.732397607,0.510175169,0.850291908,,79378.0,22.82987086,17.24312184,2.672655811,2.859613419,13.59303379,0.724312184,14.5143178,75.79449747,24.20497704,7.1,,38.5
51103,VA,Lancaster,23.1,0.941796958,3.990326481,0.659257889,1.789414167,0.282539099,58578.0,14.02143053,38.39179412,1.144793479,2.133569002,3.22729516,0.705192783,26.98049272,68.14726623,33.71633148,12.0,,40.6
51105,VA,Lee,33.9,0.817626297,11.08563787,0.344263703,0.344263703,0.21516481,38529.0,19.27118568,21.64795021,2.146755062,0.00182939,0.003303064,0.175889595,3.914670996,91.07022054,66.22414398,25.1,,40.5
51107,VA,Loudoun,3.7,0.205778837,1.986780734,0.70958221,0.756887674,0.144281715,153716.0,28.07090477,9.857729613,14.19235603,0.993953645,16.56297302,21.23057115,7.061257747,51.51689357,7.299432755,3.6,0.177395552,28.6
51109,VA,Louisa,14.1,0.550718546,2.671095987,0.340921015,0.550718546,0.104898773,68838.0,20.57399723,20.48622194,3.630705394,0.544256032,2.30892396,0.667624215,14.27013512,75.89903181,27.98830414,10.0,0.078674078,38.9
51111,VA,Lunenburg,24.7,0.489117146,5.806276567,,0.407597631,0.326078087,44852.0,19.74698391,23.57573727,4.934651475,0.018501339,0.044145379,0.209450402,31.61025469,58.78016086,48.00820541,18.7,,42.7
51113,VA,Madison,15.8,0.450721145,3.318828822,0.375600964,0.375600964,0.225360572,67527.0,21.06670521,22.15798222,3.187107032,0.292575687,0.674621522,0.621522006,7.631712076,83.56580184,21.82867622,9.4,,37.0
51115,VA,Mathews,15.3,0.570385575,4.099232132,0.570385575,0.684462726,,69978.0,15.48107348,31.04418141,2.308683933,0.0,0.0,0.574241181,7.71123872,84.96425642,24.47904778,9.1,,33.3
51117,VA,Mecklenburg,22.9,1.010463238,9.002515809,0.912676394,0.782294095,0.162977934,48013.0,18.44058181,26.91051816,2.707872951,9.547304153,21.75298119,0.676143672,34.18318546,58.92014908,42.40685654,15.7,0.130382344,41.4
51119,VA,Middlesex,21.1,0.662314296,5.192158385,0.567698002,1.703094006,0.283849001,62710.0,14.96470588,32.32,2.437647059,0.270523906,1.067416072,0.244705882,14.29647059,78.48470588,38.84000397,13.0,,40.1
51121,VA,Montgomery,14.0,0.406541258,19.27310442,0.792755425,0.833409548,0.111798845,57752.0,16.15707825,12.74154892,4.664012595,4.403623104,20.21525574,8.333249767,4.065342305,78.13599944,,23.3,0.121962376,35.8
51125,VA,Nelson,18.8,0.948830903,4.555932203,0.338868171,0.745509982,,61224.0,16.8392555,28.87986464,4.487309645,2.107321501,6.210778713,0.453468697,10.32825719,80.39932318,31.44696808,12.4,,34.8
51127,VA,New Kent,7.2,0.549729347,1.010840232,0.380581856,0.88802433,0.126860619,102920.0,20.78012639,19.19808237,3.185879277,0.0,0.0,0.971889301,11.82828503,77.65526258,14.20486546,4.9,,37.2
51131,VA,Northampton,29.2,1.028013349,5.081063012,0.85667783,1.285016656,0.257003337,51059.0,18.11594203,28.00032568,8.695652174,0.00038784,0.001248741,0.651359713,30.58133854,56.44031917,53.16399765,17.6,,41.8
51133,VA,Northumberland,24.2,0.662855268,8.07885906,0.248570725,0.745712161,0.248570725,63255.0,14.57048737,37.57074077,2.964777431,2.097422123,9.327356339,0.565926176,22.57792043,70.19173917,34.56513977,13.1,,38.8
51135,VA,Nottoway,21.1,1.055408955,5.974752546,0.659630597,0.857519805,,46442.0,18.6740826,20.08055236,4.941823296,21.76883316,40.59609604,0.40915484,36.90704513,54.034011,50.95646286,21.0,,44.4
51137,VA,Orange,12.9,0.583631754,5.526442512,0.769332826,0.583631754,0.079586156,94547.0,21.13697799,21.96998952,5.988304739,9.951285362,33.78006744,0.857836377,11.87179346,75.54752579,23.48675728,8.9,,36.8
51139,VA,Page,18.0,0.292483181,4.55317703,0.752099633,0.626749694,0.20891656,53449.0,19.94179426,22.72976507,2.096250369,0.0,0.0,0.485047872,1.838964106,92.24345185,32.01298141,13.4,,40.2
51141,VA,Patrick,22.5,0.857485831,5.59258186,0.400160074,0.342994332,,46963.0,17.46933212,27.47046797,3.220127215,3.140447855,9.066108704,0.244207179,4.719445706,88.46547024,43.83658218,14.3,,40.8
51143,VA,Pittsylvania,18.3,0.584795296,5.078505867,0.317460328,0.350877196,0.116959065,52006.0,19.37984496,23.08887456,2.829705294,5.924458504,16.50482941,0.477678055,20.4194972,73.18391432,,13.1,,43.9
51145,VA,Powhatan,7.3,0.497545451,2.119772547,0.398036361,0.530715168,0.09950909,99854.0,21.08924274,19.27933274,2.611017703,1.093095899,6.065235138,0.550555501,8.166023802,84.05696766,11.20306492,6.0,,35.8
51147,VA,Prince Edward,25.1,0.956272304,11.10159643,0.608536899,0.869338453,,51239.0,15.85884938,18.63700856,4.979632935,5.127412319,17.76675034,0.897066227,42.07972905,48.11661861,40.09823608,18.7,,43.0
51149,VA,Prince George,12.7,0.28434059,5.56000855,0.413586318,0.336038888,,79710.0,19.69076959,12.99000233,10.09997675,6.948160648,33.94532013,1.911183446,29.5140665,52.69007208,,10.4,,41.2
51153,VA,Prince William,8.4,0.271274537,2.607366846,0.70236975,0.563578129,0.14510034,116354.0,26.71110153,10.47730836,25.20178182,3.815600157,27.88110924,10.33504492,19.68855505,38.37545935,,6.4,0.113556787,33.1
51155,VA,Pulaski,20.0,0.530425787,5.230901235,1.031383514,0.38308531,0.117872402,53111.0,17.84319527,22.70710059,2.082840237,3.903199673,11.18452454,0.523668639,4.831360947,87.91715976,43.64225769,13.5,0.147340506,35.6
51157,VA,Rappahannock,15.9,0.550964177,3.712265434,0.550964177,0.964187324,,80098.0,16.45345672,27.55851932,3.933043005,5.129081249,20.54444313,0.857376157,2.694610778,87.69733261,17.27502251,9.1,,36.1
51159,VA,Richmond,20.1,0.771690011,4.993103448,,0.771690011,,53959.0,17.65101423,20.46396952,6.690574919,2.376060963,3.211323738,0.470693713,27.10971646,62.35570996,38.74986267,16.9,,38.6
51161,VA,Roanoke,8.7,0.454983115,3.124367941,0.634860158,0.634860158,0.137553036,73438.0,20.41184785,22.12856833,3.618112226,3.397937298,22.17984581,3.533514222,5.829008862,82.46035758,,8.1,0.137553036,34.2
51163,VA,Rockbridge,16.8,0.703080356,4.519647727,0.527310252,0.571252823,0.175770089,59252.0,18.22958057,25.25827815,2.264900662,7.295140743,19.9757576,0.799116998,2.494481236,89.87637969,,10.2,,31.8
51165,VA,Rockingham,10.6,0.461467475,3.343850913,0.364316434,0.400748074,0.121438809,72392.0,21.95159808,19.86102654,8.468545913,2.778304577,9.882813454,1.098415655,2.110868345,85.20720656,,8.3,0.072863281,34.9
51167,VA,Russell,24.0,0.675498188,8.300179421,0.637970507,0.412804455,,45254.0,19.20406501,22.54373376,0.651642683,0.98353225,1.665097594,0.162910671,0.861099259,96.01644622,55.47216034,18.4,,39.4
51169,VA,Scott,24.0,1.109621286,5.735648818,0.647279143,0.277405322,0.231171116,42894.0,18.16833519,24.5504264,1.181868743,5.701965332,15.53896046,0.092695588,0.621060438,95.14275121,45.49062347,19.6,,38.6
51171,VA,Shenandoah,14.9,0.683293462,4.056255306,0.546634793,0.751622796,0.136658698,65308.0,21.10170642,22.40981306,8.432535192,3.198842049,9.071727753,0.778527135,2.333318246,84.42493097,29.4119873,9.8,,37.9
51173,VA,Smyth,23.2,0.864074469,7.695195195,0.598205388,0.564971745,0.166168168,42303.0,19.62080537,22.46979866,1.872483221,1.149394035,3.804728031,0.348993289,1.369127517,93.16107383,56.39747238,17.5,,40.7
51175,VA,Southampton,19.2,0.623724222,2.432693469,0.170106605,,0.170106605,57965.0,19.35430096,20.66570349,1.844854412,5.09804821,21.76313782,0.372304957,32.82951767,60.89686597,,14.1,,42.4
51177,VA,Spotsylvania,10.5,0.368366688,3.143457004,0.657281756,0.498378456,0.158903286,100162.0,24.76291133,14.72449154,11.89299589,4.979304314,25.46867752,2.808643739,16.0220521,62.32718236,,7.2,0.07222876,38.3
51179,VA,Stafford,6.7,0.248806998,1.978118687,0.567790329,0.401919007,0.089315332,116569.0,26.679284,11.01849905,15.06815271,4.326648712,33.40258026,3.910735565,18.79345173,54.53937181,17.78013039,5.4,0.102074668,37.0
51181,VA,Surry,20.1,0.469851226,1.983218917,,,,61358.0,17.25346746,23.89879592,2.270995275,7.827674866,29.97586441,0.213382106,40.95412285,52.72062186,40.04176331,12.2,,39.4
51183,VA,Sussex,26.9,1.006865025,4.734607219,0.640732288,0.549199104,,54282.0,14.94136116,19.60476498,2.825745683,13.79564667,53.47195053,0.101579093,53.24591375,40.45618247,46.6208992,19.5,,44.0
51185,VA,Tazewell,27.8,0.61684227,8.075456244,0.764884412,0.518147528,0.172715828,40728.0,18.74149744,22.72131391,1.25405031,8.283009529,19.32086182,0.526849539,2.377006604,92.34955106,54.2677269,19.6,0.074021071,40.7
51187,VA,Warren,13.4,0.617665231,6.032242602,0.667078435,0.790611506,0.148239657,73546.0,22.06398704,17.03783731,5.924816461,5.405418873,20.9167366,1.134382596,4.228153314,83.06774376,27.47992516,9.2,0.074119829,38.1
51191,VA,Washington,17.6,0.689077199,5.598270982,0.633206069,0.726324618,0.204860792,54223.0,18.48706777,23.47640679,1.651988505,1.497676611,6.955316544,0.619263929,1.207008436,93.33086122,,13.3,0.055871125,37.2
51193,VA,Westmoreland,24.2,0.606094003,10.42436952,0.165298358,0.991790175,0.275497258,59959.0,18.52032256,26.21637712,5.677328571,0.0,0.0,0.790171565,24.192239,63.63587162,45.98049545,15.1,,41.7
51195,VA,Wise,25.7,0.725689411,8.455508348,0.752566814,0.483792931,0.215019077,41994.0,19.3163576,20.20204816,1.251037919,8.534807205,19.03618622,0.415167451,4.901743703,90.19097703,,19.2,,41.7
51197,VA,Wythe,25.4,0.87351501,6.055529814,0.803633809,0.943396211,0.244584203,51206.0,19.78791092,22.18098268,1.254860375,4.438617706,10.62136841,0.417108519,2.470837752,92.19512195,41.11052704,16.9,,38.4
51199,VA,York,6.1,0.332374752,2.542985758,0.953770995,0.794809163,0.130059689,97500.0,24.36005425,16.97908487,7.332429153,2.844307899,34.39617538,6.068955671,12.32493397,67.00264116,,5.1,0.173412904,33.7
51510,VA,Alexandria,15.1,0.264606923,4.337250946,0.781220496,1.184431076,0.264606923,100877.0,18.45711025,11.76293528,18.41885782,0.0,0.0,7.026532135,19.63666464,49.23840042,19.68224144,9.9,0.233106107,29.5
51520,VA,Bristol,31.6,1.384961605,10.08242743,2.019735813,1.442668319,0.288533658,41272.0,20.29734596,22.17898833,2.642429874,13.84069824,25.33490372,0.923398571,5.85399849,85.09204948,,18.4,0.230826944,41.3
51530,VA,Buena Vista,21.7,0.624804735,4.773581821,0.781005919,0.624804735,,47144.0,19.3796115,19.95181449,3.448275862,49.94021606,95.90496826,0.361391357,4.351754254,85.22812829,,15.1,,40.1
51540,VA,Charlottesville,20.4,0.532481372,16.66704543,1.640042543,2.726304531,0.468583614,61255.0,16.482289,11.70493846,6.888922304,3.987244129,8.132328033,8.729834812,15.1010676,63.60277533,,21.6,0.319488823,35.2
51550,VA,Chesapeake,9.8,0.449372709,3.83037726,0.870406568,0.789438546,0.129548892,87057.0,24.1093408,14.45141166,7.146121834,4.893881798,24.13552284,3.555420131,28.41970636,54.39736671,24.1352272,8.3,0.109306872,41.2
51570,VA,Colonial Heights,16.4,0.813716948,4.703579418,2.266782999,2.324905634,0.232490554,59455.0,21.64556962,20.90258668,7.022564667,5.186122417,22.69415474,3.131535498,15.67418822,68.29389103,,9.4,0.17436792,39.1
51580,VA,Covington,29.3,0.709345639,4.368758916,1.418691278,1.596027613,,43075.0,20.5159491,20.93428621,3.120097612,10.83056164,24.64291763,0.557782813,12.48039045,79.15286735,,17.4,,38.8
51590,VA,Danville,37.8,1.10361433,9.752182689,1.730667949,1.178860784,0.426396459,37652.0,20.69499883,22.3714487,4.86968772,7.079543591,13.44553947,1.18102841,51.02841042,39.64310871,,24.2,0.200657159,45.7
51595,VA,Emporia,33.8,3.424005985,5.616168843,1.902225614,1.521780491,0.570667684,41610.0,23.72528616,19.97918835,5.983350676,1.761196852,3.358989477,0.867152272,62.97259799,26.51751648,,21.1,,47.1
51600,VA,Fairfax,7.7,0.597550035,4.844768772,3.32920742,3.243843079,0.725596488,107334.0,19.47734614,16.03164085,17.71722024,1.589652538,10.74999046,18.71531517,4.356829288,53.47055413,,7.3,0.469503611,32.2
51610,VA,Falls Church,3.6,0.615132272,2.003454231,2.050440788,3.007313251,0.683480263,142430.0,24.62136717,14.90653568,10.43116387,0.0,0.0,10.19238641,3.779506072,67.91513167,,4.0,0.410088181,30.1
51620,VA,Franklin,33.4,1.404315114,9.591912218,1.531980038,1.404315114,,46460.0,23.06845966,21.84596577,2.665036675,27.43230438,63.49986267,0.990220049,56.35696822,36.2591687,,19.6,,46.9
51630,VA,Fredericksburg,20.8,0.644242525,6.505082095,1.627560019,2.814322472,0.305167496,77437.0,20.48817097,12.37581302,12.40797656,3.791872978,16.09605026,4.735186906,21.28511186,54.32420842,,14.2,0.101722501,38.2
51640,VA,Galax,36.7,1.588310003,4.320795773,2.223634005,2.541296005,0.476493001,42023.0,20.86309524,23.00595238,15.78869048,3.783243418,7.681509018,0.773809524,5.267857143,74.0327381,,21.0,,41.1
51650,VA,Hampton,19.3,0.546270609,6.808774678,0.907990336,0.686529279,0.184550881,57662.0,20.39986001,16.46542421,6.132790854,7.005272388,24.95180511,2.546883659,48.58401143,36.01146207,46.5701828,12.4,0.095966458,42.2
51660,VA,Harrisonburg,18.3,0.676640868,17.24022943,1.334486127,1.635215402,0.338320434,50250.0,18.08391554,10.21924576,23.24661288,1.474157453,3.933934927,4.031728876,7.538503107,60.7056008,,25.0,0.206751376,40.4
51670,VA,Hopewell,30.8,0.804469287,12.39593375,0.849161983,0.849161983,0.268156439,47263.0,23.82668345,17.10589155,8.201276429,14.44190693,38.00653839,1.089740807,42.06573178,42.63013937,,20.8,,45.9
51678,VA,Lexington,13.1,,14.55388181,1.37381506,1.923341155,,53400.0,11.35245902,16.8989071,4.576502732,1.672978044,5.888015747,3.838797814,6.202185792,82.17213115,,21.0,,35.1
51680,VA,Lynchburg,21.6,0.625298858,8.903860953,1.177033186,0.980860949,0.147129148,52127.0,18.47890747,16.24245339,4.910832943,8.028476715,20.06486702,2.217468896,26.86782518,60.3146477,,17.8,0.159389898,39.5
51683,VA,Manassas,15.2,0.440431625,2.40938317,1.443637013,1.076610684,0.391494781,100530.0,25.97961283,10.53259141,42.89020855,1.813762784,11.16734314,6.319554849,11.48882446,34.63948377,,8.6,0.19574739,35.1
51685,VA,Manassas Park,13.3,0.333259284,2.555175263,0.333259284,0.27771607,,87255.0,26.23845752,7.799523782,45.2929903,10.17228889,40.51449966,10.61037226,12.05644927,27.3302747,,7.3,0.27771607,37.4
51690,VA,Martinsville,32.2,0.72845,12.15926493,1.618777871,1.295022249,0.404694468,38571.0,20.95661846,21.59436411,7.601038191,14.19756985,29.31863022,0.860215054,44.81275491,42.50648869,,19.9,0.242816672,44.5
51700,VA,Newport News,23.0,0.57521975,8.24601109,0.949391842,0.793021441,0.184293702,58303.0,22.2972719,13.85310904,10.35613996,7.143896103,23.23500252,3.345020322,41.27314802,38.25564976,53.28089523,15.8,0.12844713,40.6
51710,VA,Norfolk,23.1,0.494227827,8.3915097,1.037878394,0.934914291,0.172979742,56951.0,19.12522846,12.27495221,9.718283229,8.140944481,20.57997322,3.709165774,39.30715741,40.84157896,46.86858749,16.9,0.082371302,40.0
51720,VA,Norton,31.9,1.003764153,16.91378364,3.011292458,2.258469343,,38316.0,21.48087876,18.74152427,2.196908055,18.06556702,39.62071228,0.732302685,4.854895579,87.41524274,,20.4,,41.8
51730,VA,Petersburg,35.6,1.116731286,11.10026836,1.280956507,0.886816025,0.394140452,40682.0,19.1344372,17.73267978,5.887978959,26.76273727,46.80134583,0.986311196,73.31579891,15.47611931,,22.8,0.098535113,46.5
51735,VA,Poquoson,5.9,,1.710995783,0.734274268,1.060618401,,105525.0,23.00963082,20.06420546,3.715890851,7.853803635,64.98569489,2.030497592,0.858747994,87.77688604,,5.4,,33.2
51740,VA,Portsmouth,25.8,0.662502348,9.448440222,0.925400138,0.525795519,0.157738656,53618.0,22.21416535,15.82597151,4.506970331,5.895750523,23.09831047,1.27048971,52.68447123,35.65541541,67.26326752,17.6,,45.2
51750,VA,Radford,17.9,0.493015617,22.75862069,0.438236088,0.657354176,0.164338544,48898.0,13.92657125,10.79651525,4.760423149,16.39390182,43.2937851,1.306782825,13.22339764,74.71064095,,25.6,,38.1
51760,VA,Richmond,32.0,0.658840954,10.19270504,0.826780796,1.352131128,0.232532099,52011.0,17.06191254,13.18300163,10.47923746,6.519430637,21.08768845,2.735536825,39.93204183,42.01932836,48.71655273,21.1,0.124878354,35.8
51770,VA,Roanoke,27.4,0.595610678,8.239276502,0.888368428,1.282077193,0.262472481,47545.0,21.06068332,17.89703133,8.483066863,7.275857925,18.69620895,2.46172921,27.07402186,55.94484607,59.55265427,17.9,0.191806823,36.4
51775,VA,Salem,13.6,0.907655895,4.177980205,1.381215453,1.104972363,0.157853201,60740.0,18.79586523,21.02106841,4.292590547,4.759043217,23.40510941,2.106841316,7.547542018,81.56316579,,10.5,0.118389897,35.2
51790,VA,Staunton,17.5,0.595474422,4.647009967,1.071853876,1.190948844,0.317586333,54508.0,18.42718447,22.11262136,4.225242718,0.822499216,2.200998545,1.242718447,11.19223301,77.51067961,,12.0,0.27788806,39.9
51800,VA,Suffolk,13.7,0.425926119,4.854714883,0.734722555,0.543055832,0.170370445,78090.0,23.65781773,15.59306221,4.507866503,3.872144699,22.4253273,1.772613545,41.5525211,46.47491625,33.10244751,10.6,0.074537069,41.5
51810,VA,Virginia Beach,11.9,0.361234039,3.781914371,1.030514359,1.165700078,0.192805901,81364.0,22.0654232,15.09891832,8.793610029,2.55270052,17.53014565,7.346725575,17.97353472,58.66890113,19.82207108,9.4,0.155131191,32.9
51820,VA,Waynesboro,19.2,0.835495353,8.663038009,1.275229812,1.231256366,0.307814091,54106.0,21.49936926,19.8504235,8.762840151,7.953734875,16.6137619,1.162371598,11.75887547,72.41845378,,12.3,0.175893754,38.1
51830,VA,Williamsburg,21.9,0.655350924,11.35023861,1.57284224,4.194245815,0.262140363,61750.0,9.82171799,15.98055105,7.876823339,5.641509533,19.47547722,3.222042139,36.61588331,47.77957861,,19.3,0.262140363,37.7
51840,VA,Winchester,18.9,0.649819493,5.180030926,1.94945848,2.129963875,0.252707571,55908.0,20.92816501,16.69985775,19.53769559,4.364808559,25.41367149,2.489331437,9.957325747,62.67069701,,12.5,0.18050541,37.9
53001,WA,Adams,21.1,0.649123669,11.73345251,0.449393332,0.748988867,0.349528134,57405.0,33.87667977,11.46849076,63.64915345,23.22869492,41.71207047,0.625818658,0.116431378,33.12957842,52.12962341,16.0,,38.3
53003,WA,Asotin,21.2,,6.708091437,0.438212097,0.613496959,0.131463632,56438.0,20.44424501,24.1193628,4.10590083,4.613283634,13.83821106,0.924388602,0.507067534,87.38164685,44.83274841,13.9,,34.8
53005,WA,Benton,13.4,0.32457152,4.615111094,0.620076954,0.702430904,0.111420073,77339.0,26.21366732,15.72462332,23.84989825,5.228077888,22.83778381,3.018276914,1.266960889,65.60450131,32.03609848,10.6,0.140486181,40.0
53007,WA,Chelan,13.7,0.412509352,4.102214036,0.709000409,1.353546262,0.257818341,64700.0,22.34489213,20.57060475,27.95356249,4.596280575,18.05933189,0.995270253,0.319953461,65.87879708,39.73517609,10.8,0.206254676,28.8
53009,WA,Clallam,18.5,0.333047241,5.692526991,0.486761361,0.960713208,0.19214265,62623.0,16.28799171,31.99922234,6.133108677,12.60049057,38.20762253,1.599377876,0.740068693,79.27418832,34.04447556,12.0,0.102476075,34.5
53011,WA,Clark,11.2,0.26566571,4.23962159,0.515230477,0.642025471,0.126795009,83790.0,23.34063829,16.38807815,11.68065073,3.612978458,21.72234726,4.750541911,2.15572479,72.86290186,34.15364456,9.0,0.124782383,32.6
53013,WA,Columbia,20.4,,4.17302799,,1.235177875,,59650.0,17.07995951,29.048583,7.692307692,14.22723961,49.13434219,0.531376518,0.151821862,84.69129555,34.37911606,13.2,,38.3
53015,WA,Cowlitz,15.9,0.484865904,5.569238176,0.610571861,0.619550884,0.134684965,70104.0,22.6984557,19.78506277,9.755260544,8.871629715,25.32548714,1.554231012,0.673710828,79.53309853,54.56986237,12.6,0.062852986,39.0
53017,WA,Douglas,14.1,0.183654726,3.557032742,0.275482088,0.528007329,0.206611574,64932.0,25.01048023,17.96078066,34.08868601,14.92858219,55.45383453,0.945549397,0.27248591,59.25986306,29.40962601,10.0,0.068870522,37.8
53019,WA,Ferry,30.5,1.546591043,6.892195396,,0.644412935,0.644412935,50565.0,18.76567289,29.61827807,2.925606018,24.53540993,48.59365082,0.599052661,0.292560602,70.43744776,54.71065903,17.5,,36.1
53021,WA,Franklin,14.7,0.422353864,6.749653919,0.453257799,0.422353864,0.206026271,79532.0,31.47009271,9.926717589,54.20727863,8.878585815,31.59661293,1.856349936,1.65686467,38.47584988,40.52279282,11.8,0.041205253,39.7
53023,WA,Garfield,18.1,,3.994673768,,1.310043693,,61268.0,21.30358705,27.1216098,4.811898513,3.535268307,12.40265656,0.393700787,0.131233596,89.89501312,27.11062622,13.2,,36.6
53025,WA,Grant,14.6,0.452821076,5.401142292,0.533322573,0.583636045,0.311943412,61815.0,28.47270563,14.60105122,42.77614681,10.64602375,25.81655502,1.163201275,0.656759783,50.69459157,48.13907242,11.7,0.060376145,42.0
53027,WA,Grays Harbor,20.8,0.460829496,7.63148268,0.605661631,0.921658993,0.381830156,55018.0,19.97197102,22.53556507,10.35750172,5.421983242,16.68270302,1.353852663,1.285102332,75.45084351,50.8503418,13.7,0.092165902,36.5
53029,WA,Island,9.9,0.197642237,3.84749702,0.360406458,0.651056826,0.162764207,76729.0,18.05496391,26.15448381,8.195079268,5.140560627,11.43897247,4.508560047,2.607734552,75.82117734,18.23637199,8.1,0.093008116,33.7
53031,WA,Jefferson,20.2,0.244648322,6.910722128,0.550458729,1.345565796,0.366972476,61548.0,12.20850896,38.96958486,3.957303575,6.696546078,19.20015144,1.476786851,0.627710222,85.56266489,29.52599335,11.2,0.091743119,26.1
53033,WA,King,10.4,0.23567535,4.035289785,0.761547983,1.108465672,0.218087643,110351.0,20.10001432,13.49100642,10.70730391,2.456249952,16.72978783,19.81468712,6.513311377,54.2186877,21.46543694,9.3,0.191266388,22.8
53035,WA,Kitsap,9.8,0.267608047,3.69182837,0.579206467,0.725841045,0.157632142,86826.0,20.33989935,18.95279942,8.774686061,7.841842175,40.67807388,5.085065545,2.662448161,72.21047055,26.3377037,8.7,0.10264419,31.4
53037,WA,Kittitas,13.2,0.487765223,7.65069366,0.833265603,0.934883356,0.182911962,62721.0,18.54433092,18.54884183,10.36154904,9.717904091,23.45401955,2.045695469,0.857071971,79.66935066,24.56609154,14.4,0.142264858,31.0
53039,WA,Klickitat,19.6,0.396528184,6.851149297,0.308410794,0.88117373,0.308410794,61542.0,19.52496151,23.66835276,12.81284363,4.86108923,11.79727173,0.593798109,0.281504289,77.98988344,41.20955658,13.0,,32.5
53041,WA,Lewis,16.6,0.560230911,5.398984721,0.596767724,0.791630626,0.267936528,63828.0,22.09278263,21.57908191,10.7487614,6.364832878,16.1608429,0.968971016,0.645169144,79.72829858,47.83275986,13.5,0.048715733,40.6
53043,WA,Lincoln,15.2,0.450856626,4.628501827,0.450856626,0.541027963,0.450856626,64692.0,21.09231335,26.92166238,3.539904377,12.13566589,39.40112686,0.616035307,0.137918352,88.04707613,22.09197426,11.3,,34.9
53045,WA,Mason,19.2,0.381097555,5.966991113,0.425070345,0.513015926,0.131918386,73696.0,18.95901165,23.76989319,11.55554879,6.040613174,13.19314575,1.153272677,1.046769924,75.45111524,38.25022507,12.6,0.073287994,37.7
53047,WA,Okanogan,20.9,0.586579084,8.375861652,0.492726415,0.774284363,0.469263256,55233.0,21.67490025,24.07134714,19.46845905,5.380988598,13.62959862,0.636519096,0.377636329,62.99163975,52.50664902,16.0,0.117315814,38.6
53049,WA,Pacific,20.2,0.478593796,6.272147413,0.522102356,1.305255771,0.565610886,58715.0,17.14958271,31.5043869,9.398673229,3.922966003,11.50458336,1.973036593,0.427990584,79.64476782,42.25040436,13.4,,36.5
53051,WA,Pend Oreille,24.9,0.424208134,5.936835712,0.212104067,0.494909495,0.494909495,55060.0,18.82695321,27.9456757,3.343034102,10.06691551,25.75310135,0.514886949,0.402955003,87.18752332,50.09780502,15.9,,32.8
53053,WA,Pierce,10.0,0.257142544,4.580968019,0.594163418,0.648874581,0.175075769,85492.0,22.98958887,14.63322224,12.13846037,7.324622631,33.70619202,6.74454203,6.845830665,61.8604323,33.74740601,8.2,0.093009003,35.8
53055,WA,San Juan,16.5,0.228675961,5.970491992,0.628858924,2.229590654,0.686027884,71678.0,14.22307173,34.33213402,7.297054194,0.0,0.0,1.259275916,0.269844839,84.46143468,15.7357645,10.8,0.457351923,25.9
53057,WA,Skagit,14.8,0.367003351,4.976040991,0.604026318,0.940446079,0.191147581,72831.0,21.47340627,22.39911058,18.36893834,6.753072262,28.3899498,2.139388371,0.612246474,71.29776179,40.31365967,11.6,0.076459028,36.8
53059,WA,Skamania,14.2,0.578177929,4.471578947,0.330387384,0.412984222,,75158.0,18.59421735,21.61016949,6.355932203,1.019256234,4.231248379,0.997008973,0.598205384,83.58258558,29.7761631,10.9,,35.8
53061,WA,Snohomish,7.9,0.239645571,3.588830793,0.651498735,0.71773243,0.183045864,99650.0,22.72581789,14.36994916,11.55180764,3.231830597,23.52873802,12.15691153,3.429163592,63.82155112,24.76096725,7.2,0.091522932,32.9
53063,WA,Spokane,12.2,0.297221839,5.924203647,0.675848365,0.687207162,0.151450619,65571.0,21.83932554,17.25797689,6.554319269,4.535551071,16.69023132,2.299852227,1.944231736,80.06207599,40.22859573,11.2,0.138198689,34.0
53065,WA,Stevens,20.1,0.323554784,3.98691519,0.496117353,0.496117353,0.215703189,60180.0,21.17989019,24.54731403,3.627947034,12.50325966,35.98493958,0.602863602,0.303584885,83.37173,46.71232224,13.6,0.06471096,32.2
53067,WA,Thurston,11.7,0.278841376,4.778262824,0.564483762,0.629093349,0.170025229,81544.0,21.60973972,18.23482919,9.845552642,6.91149807,33.40628433,5.725373398,3.016693069,70.55289644,27.44348907,9.9,0.102015138,33.6
53069,WA,Wahkiakum,21.6,0.6669631,3.093259465,,0.6669631,,64777.0,17.34509272,31.72772501,4.138398915,4.425239563,15.15879917,0.972410674,0.474898236,86.31840796,31.47695351,11.7,,40.3
53071,WA,Walla Walla,14.8,0.244730145,4.307617,0.522090971,0.799451828,0.244730145,63631.0,20.75131024,19.8581107,22.69909242,5.370528698,23.70208931,1.466828582,1.567493289,68.03655886,37.95492554,12.1,0.081576712,32.7
53073,WA,Whatcom,15.3,0.419884324,6.14842248,0.558402896,0.909027934,0.164490774,71739.0,19.55679379,18.58124639,10.06184785,7.143026829,27.73410988,4.387097912,0.979074001,75.11009623,30.30165291,13.0,0.168819472,28.2
53075,WA,Whitman,12.6,0.202020198,15.5852989,0.525252521,0.707070708,0.161616161,53140.0,15.53373773,11.89210598,8.446417777,10.32486248,28.51563644,7.537573218,2.424280324,74.11877514,17.2558918,18.1,0.080808081,31.2
53077,WA,Yakima,19.7,0.397016019,6.503010874,0.56773293,0.532001495,0.285851538,60058.0,28.18430401,14.62442741,50.65633667,5.473712921,14.92663097,1.084805709,0.669190739,40.34542395,64.16407776,14.7,0.083373368,42.0
54001,WV,Barbour,27.5,0.425687194,9.727236262,0.486499637,0.486499637,0.243249819,43545.0,20.27158099,21.09279017,1.241513094,5.271882534,11.41500378,0.206918849,1.674749434,92.97769156,50.2868309,19.7,,40.8
54003,WV,Berkeley,12.7,0.343909919,4.690743745,0.614124894,0.474923223,0.122824974,70893.0,23.53042367,15.34453947,5.646482519,10.78894138,38.80197144,1.18368885,7.469117599,79.09744749,33.69839478,9.9,0.057318322,40.3
54005,WV,Boone,28.2,0.712419868,5.770558189,0.189978629,0.332462609,0.237473279,41227.0,20.83084965,21.11513595,0.609839974,3.288461208,6.627663136,0.165069467,0.6190105,94.96996653,71.33301544,24.7,,41.5
54007,WV,Braxton,29.0,0.510874331,7.739637306,0.510874331,0.802802503,,41587.0,18.96039206,24.67261187,0.682895477,9.453793526,18.25214005,0.184783482,0.401703222,95.91869527,62.33883286,21.3,,39.5
54009,WV,Brooke,18.8,0.59979701,4.92030492,0.922764599,0.692073464,0.184552923,52217.0,18.01498293,24.41597589,1.272219513,4.809747696,16.89547157,0.243805133,1.61797952,92.16720599,37.29507065,13.0,,39.8
54011,WV,Cabell,23.9,0.458570361,10.41036955,1.05907917,0.960814059,0.163775131,46923.0,19.01112878,19.25702173,1.655537891,2.996209621,8.320433617,1.407525172,5.035506094,87.01112878,51.77386475,19.0,0.098265074,41.8
54013,WV,Calhoun,32.0,0.575953901,14.61381155,,0.575953901,,38835.0,19.58580832,24.2896131,0.77058918,13.38113976,24.17050934,0.192647295,0.208701236,95.93835287,62.67098618,23.8,,44.7
54015,WV,Clay,31.0,0.599448502,11.99353716,,,,38261.0,21.50043473,21.9103217,0.645882499,9.86042881,18.35102844,0.161470625,0.13662899,95.03167308,91.09619141,22.3,,42.5
54017,WV,Doddridge,23.4,,4.972531342,,0.358508617,,48473.0,17.72540984,18.99334016,0.986168033,1.187463999,4.222891808,0.192110656,2.228483607,93.36577869,40.79031372,18.1,,43.3
54019,WV,Fayette,23.6,0.546811879,7.471395014,0.546811879,0.68945843,0.142646566,40478.0,20.76170717,22.09790555,1.296680498,6.026629925,12.06229782,0.2593361,4.104919976,89.67595337,56.66635132,19.9,,39.4
54021,WV,Gilmer,23.8,0.768147469,5.930232558,,0.512098312,,40450.0,15.28077754,18.10205184,3.293736501,31.08652878,81.61262512,0.404967603,12.45950324,81.34449244,38.96214676,25.3,,40.3
54023,WV,Grant,21.9,0.781928778,5.521080489,0.43440488,0.781928778,0.260642916,47357.0,18.71355685,24.28024781,0.829081633,5.214387417,15.34361839,0.218658892,0.756195335,95.32616618,39.82768631,15.2,,41.1
54025,WV,Greenbrier,24.5,0.670182705,8.208064171,0.845012963,0.903289735,0.116553515,41958.0,19.2952664,24.49889317,1.73150984,8.933856964,21.15263367,0.582223974,2.322831064,91.57594687,42.76299667,18.9,,42.8
54027,WV,Hampshire,25.2,0.344976276,3.546193841,0.344976276,0.560586452,,52186.0,19.54704889,22.88139263,1.459316676,9.894989967,28.05337334,0.264149309,0.770796345,93.77300481,53.51085281,15.9,,42.0
54029,WV,Hancock,20.1,0.420006305,5.633019229,0.910013676,0.875013113,0.24500367,52301.0,18.58394913,23.6501117,1.457295068,17.41805458,50.21228027,0.378071834,2.388726585,91.02594948,42.7443924,14.9,0.105001576,45.1
54031,WV,Hardy,22.0,0.440108567,8.941940952,0.366757125,0.953568518,,51591.0,21.14833205,21.54696133,4.608713896,6.440499306,15.8137598,0.370655291,2.818378908,88.71249738,43.16120148,17.5,,42.9
54033,WV,Harrison,20.2,0.64303875,5.778003822,0.897263348,0.792582631,0.224315837,52026.0,21.11618452,20.3197767,2.128305092,4.134225845,12.53226471,0.741796999,1.674731876,90.80869526,41.81496429,14.6,0.119635113,40.4
54035,WV,Jackson,21.6,0.527185202,4.693804035,0.773204923,0.562330842,,58606.0,21.3630312,21.12914253,0.82760606,5.380979538,17.74525642,0.327444137,0.359828722,95.03436364,48.76755905,15.4,,37.1
54037,WV,Jefferson,10.9,0.295724183,4.694944592,0.591448367,0.834985912,0.12176878,85277.0,22.07240776,17.4347065,7.169719762,5.502686024,28.4863205,1.415920001,5.856051022,79.34697839,31.05683708,9.7,0.052186619,34.8
54039,WV,Kanawha,20.6,0.459566653,7.304722612,1.077995777,0.703534126,0.158862546,55069.0,19.56015381,21.42133946,1.504882569,9.196772575,27.66375542,1.182881961,7.422611967,84.50302913,46.71977234,15.9,0.10212592,40.3
54041,WV,Lewis,24.2,0.695982277,8.605126971,1.075608969,0.632711172,,47275.0,20.74208889,20.76557271,1.121352668,4.354531765,9.370602608,0.34051547,0.387483121,94.45194622,58.65759659,17.9,,40.5
54043,WV,Lincoln,26.7,0.199570924,9.948156119,,0.349249125,0.199570924,41452.0,22.21081953,20.05082344,0.835654596,1.153519154,2.973269701,0.127058594,0.215022235,96.2810927,75.78289795,20.3,,44.7
54045,WV,Logan,30.2,0.568038344,13.0907622,0.788942158,0.631153762,0.252461493,40394.0,19.76847729,20.78484355,0.687812817,3.259142399,6.799610138,0.193447355,1.7809439,94.5282034,69.80823517,23.5,,41.0
54047,WV,McDowell,40.2,0.945850074,14.2658122,0.295578152,,0.295578152,28720.0,17.72801005,19.24546073,2.040709539,1.970934153,3.317136049,0.104651771,11.19250693,83.04641306,114.3444061,31.7,,44.3
54049,WV,Marion,19.3,0.625424385,6.280316105,0.78624779,0.428862453,0.142954141,51252.0,20.12454408,20.24908816,1.556800996,5.129230976,17.24845314,0.455475492,3.2808469,89.35681879,40.82830048,15.1,0.07147707,39.8
54051,WV,Marshall,22.4,0.398631364,6.659377795,0.597947061,0.332192808,0.132877126,51385.0,19.18211239,22.92504331,1.157203099,3.963446856,11.53826523,0.353045013,0.84992318,93.71710634,47.45650864,16.4,,42.3
54053,WV,Mason,24.7,0.607556462,7.851090318,0.455667377,0.26580596,,44360.0,20.57910659,21.69095981,0.667897694,6.465147018,17.95645905,0.290731937,0.758260323,95.55651593,55.52812958,18.6,,44.3
54055,WV,Mercer,26.0,0.652270913,6.492461968,0.532115757,0.617940903,0.171650246,45679.0,20.16291231,22.12724591,1.181617056,12.64095116,30.06368256,0.489407348,6.19133816,87.59721105,64.90525055,18.1,,42.5
54057,WV,Mineral,19.8,0.336801142,5.258531738,0.486490518,0.636179924,0.3742235,54960.0,20.43581558,22.0654837,1.147078477,5.536253452,15.11842823,0.419481773,2.639394164,91.33194743,38.85063553,13.5,,43.1
54059,WV,Mingo,35.8,0.522853017,14.04359374,0.217855424,0.435710847,0.217855424,33416.0,20.94365241,20.31568228,0.695858792,4.600347996,9.94734478,0.135777325,1.718431772,94.5901222,83.17357635,31.1,,41.1
54061,WV,Monongalia,15.4,0.449358255,11.62076758,1.151480556,0.889354885,0.112339564,56706.0,16.7819546,13.04171155,3.126004045,6.096940994,21.10865784,3.523841923,3.844191189,84.06475024,19.76630211,18.3,0.205955863,36.7
54063,WV,Monroe,21.7,0.453549027,5.727616443,,0.604732037,0.226774514,47344.0,20.0468649,24.55559147,0.759534583,18.72591019,39.66676331,0.088881707,0.913057531,94.85294118,37.5374794,15.3,,40.8
54065,WV,Morgan,18.0,0.279751569,2.582808731,0.22380127,0.783304453,0.22380127,58460.0,18.24415402,24.46814745,1.383109652,4.465097904,10.11417484,0.486432632,0.632948485,93.16063998,39.96717453,12.8,,38.5
54067,WV,Nicholas,25.1,0.616269529,6.057653268,0.739523411,0.986031234,0.205423176,47186.0,19.61876118,23.30921801,0.703137701,3.973943472,8.407835007,0.292635344,0.227605267,95.61453422,59.13106155,19.8,,39.4
54069,WV,Ohio,18.9,0.53421396,5.787077352,1.189840198,1.06842792,0.218542084,53560.0,19.13494402,21.8385386,1.525044196,6.537336826,21.07150078,0.912197996,3.903358869,88.53034767,42.87674332,14.7,0.072847359,38.1
54071,WV,Pendleton,22.6,1.009809613,5.88426001,0.577034056,0.721292555,,48035.0,16.94611753,30.21325085,0.927885398,20.36322594,48.25184631,0.0,1.318573987,94.98616311,38.66128159,16.0,,38.5
54073,WV,Pleasants,18.1,0.40333423,3.166077739,0.672223687,,,53712.0,18.79001699,20.61936495,0.823206586,0.001049885,0.003623683,0.22213511,1.241343264,94.27675421,32.35636902,14.3,,41.3
54075,WV,Pocahontas,26.8,0.976800978,4.895104895,,1.465201497,0.488400489,40260.0,17.10509595,26.28034058,1.359766171,19.71780205,47.68457031,0.114372856,0.648112848,94.73884865,42.877491,16.2,,44.1
54077,WV,Preston,19.5,0.778909504,6.875896129,0.269622535,0.449370891,0.119832233,57174.0,18.81575871,20.01402852,2.031213467,10.13181973,24.89345932,0.154898293,5.84814122,88.69534721,35.13830566,14.3,,41.0
54079,WV,Putnam,12.3,0.549372673,5.446910196,0.99241513,0.407599062,0.177216992,66946.0,22.58530641,19.10689415,1.411908078,4.008370399,18.13555145,1.004526462,1.124651811,92.51218663,27.22348213,10.1,0.053165097,38.1
54081,WV,Raleigh,25.8,0.658255637,11.67101393,0.69939661,0.548546374,0.191991225,42525.0,20.76926171,21.17681758,1.604751243,16.99873161,38.57310867,1.097987693,7.762330576,85.14432036,51.82048798,22.0,0.068568297,39.6
54083,WV,Randolph,23.8,0.493183494,4.885955772,0.457956105,0.845457435,0.105682179,44451.0,18.56651869,22.31490763,1.116998425,3.383579969,8.685878754,0.343691823,1.517972218,93.20134613,49.04240036,17.6,0.105682179,41.3
54085,WV,Ritchie,25.6,0.315822721,9.025313461,0.421096951,0.736919701,,47873.0,19.31549029,23.57887257,0.947418285,4.747558117,10.71892548,0.225011843,0.189483657,96.11558503,44.26781845,19.2,,40.8
54087,WV,Roane,26.3,0.445037842,9.486137838,0.370864868,0.296691895,,41202.0,20.60878244,22.63330482,1.083547191,12.64742661,23.46986008,0.270886798,0.249500998,94.31850585,62.31765747,18.2,,39.8
54089,WV,Summers,29.9,0.642880082,7.214499384,0.401800066,0.241080046,,40704.0,17.4094824,25.50380467,1.546952086,8.23786068,22.15281677,0.275942805,3.344761268,90.500878,55.62252045,24.8,,42.8
54091,WV,Taylor,19.3,0.299419135,8.171491389,0.538954437,0.299419135,,51580.0,20.6046094,20.31128405,1.071535468,0.0,0.0,0.245435498,0.670457947,93.60071835,43.35089874,16.0,,40.3
54093,WV,Tucker,20.6,0.733568072,5.360387644,0.733568072,1.613849759,,49097.0,18.81100266,26.36793848,0.82815735,0.917097688,2.869760752,0.088731145,0.295770482,95.11978705,33.60964584,14.7,,37.9
54095,WV,Tyler,21.9,0.585960388,6.902826641,0.468768299,0.351576239,,51594.0,20.13713461,23.75796945,0.637555636,0.707396507,1.30691123,0.036088055,0.048117406,95.80175629,44.51345825,14.0,,41.7
54097,WV,Upshur,25.2,0.536524951,7.72881058,0.619067252,0.825423002,0.123813458,49704.0,20.85572724,21.02368156,1.3268391,3.40378499,8.046774864,0.365300638,0.885959019,93.84027545,46.06892395,18.6,,41.2
54099,WV,Wayne,23.1,0.460900307,7.08027892,0.460900307,0.307266861,0.179239005,49227.0,21.73567287,20.75316813,0.818326407,10.82882786,28.43520546,0.212918783,0.430968139,95.42609409,58.48952866,16.2,,45.6
54101,WV,Webster,36.3,0.744601667,4.709971237,,0.496401101,,36919.0,19.86154213,24.480783,0.596801146,2.194169283,5.046996117,0.047744092,0.119360229,96.51468131,83.87110138,25.2,,37.9
54103,WV,Wetzel,24.7,0.670960844,8.456216367,0.805152953,0.872249067,0.402576476,50110.0,19.40866916,23.67400637,1.02478881,16.72866631,39.81058121,0.346212436,0.235424456,94.88990445,55.19770813,16.4,,37.1
54105,WV,Wirt,28.1,,3.332698534,,,,50160.0,20.8509819,20.94724682,0.423565653,0.640011072,1.49792397,0.0,0.115517905,96.24566808,55.06865311,17.7,,41.5
54107,WV,Wood,20.1,0.554631174,5.935667958,0.976633132,0.73548919,0.120571993,53435.0,20.61545032,20.88948467,1.392711398,9.067135811,29.80952263,0.669070893,1.205276644,92.19654551,54.295578,14.7,0.132629186,38.1
54109,WV,Wyoming,28.4,0.646026909,9.125849543,0.248471901,0.59633255,0.149083138,37522.0,20.9241418,21.74258722,0.795061266,0.0055786,0.010891255,0.051445141,0.500420915,96.05743148,69.36507416,25.0,,46.0
55001,WI,Adams,22.3,0.536637723,5.694595575,0.243926242,1.122060657,,53592.0,14.57344824,28.84187082,3.858816694,3.65112257,9.921980858,0.406700881,2.871114554,88.95129273,40.73567963,15.2,,38.6
55003,WI,Ashland,21.1,0.973078191,6.976744186,0.583846927,1.556925058,0.389231265,54799.0,21.47001934,21.27035627,2.389717352,11.28483295,28.46406174,0.511636613,0.69882074,79.10401198,39.49075699,14.6,,38.0
55005,WI,Barron,12.9,0.665336013,4.696446523,0.510090947,0.931470394,0.221778661,60371.0,21.11708163,22.75909315,2.733831432,6.000006199,17.77277184,0.738584059,1.740489392,90.36415405,29.89761162,9.2,0.110889331,39.4
55007,WI,Bayfield,18.5,0.787298262,4.572364278,,2.033853769,0.328040928,63136.0,17.07768187,29.75339088,1.720098644,10.27634144,30.19083214,0.221948212,0.332922318,82.89149199,23.63534927,11.6,,37.5
55009,WI,Brown,10.7,0.336344063,4.120080824,0.699142158,0.752050161,0.120932691,67232.0,23.29761107,15.73230632,9.75515368,5.723013401,24.95839119,3.142442509,3.034159411,77.56195579,25.18738174,9.3,0.136049286,36.6
55011,WI,Buffalo,10.6,0.383641511,2.332626477,0.230184913,1.841479301,0.306913227,61382.0,20.7479162,22.39243073,2.455507997,5.400711536,23.30196381,0.142674777,0.322895547,94.44319291,19.75753784,8.9,,40.1
55013,WI,Burnett,17.7,0.77135694,4.710032803,0.38567847,1.92839241,0.192839235,56874.0,17.45128888,29.73496309,1.536972044,2.896613359,9.822937965,0.320706765,0.393319618,88.6965993,34.81819534,12.2,,43.1
55015,WI,Calumet,6.5,0.298751205,2.475533636,0.338584721,0.478001952,0.079666995,78666.0,24.27443652,15.71831738,5.44792342,3.640444279,25.25284958,2.419816178,0.798977918,87.8227375,11.57328987,5.3,0.079666995,39.7
55017,WI,Chippewa,13.2,0.509754837,4.387272785,0.525201976,0.803250074,0.092682704,62306.0,22.2649592,19.07175287,1.896013394,6.079530239,22.03087807,1.446520959,1.568698433,91.09160294,23.37148857,9.9,0.092682704,40.0
55019,WI,Clark,18.0,0.460829496,5.358246285,0.316820264,0.720046103,0.201612905,59258.0,28.76886234,17.94050607,6.053261779,6.850128651,18.3910923,0.305836868,0.297181107,91.07591102,20.80213165,12.4,,43.1
55021,WI,Columbia,10.6,0.381494075,3.39392018,0.554900467,0.971075833,0.121384479,74842.0,21.11984955,19.35715507,3.657035391,4.680481911,20.73181343,0.642844931,1.480594973,90.67703881,21.18881607,7.7,0.069362558,38.7
55023,WI,Crawford,17.5,0.749016941,5.536444473,0.436926544,1.123525381,0.249672309,57130.0,20.4555328,24.02407994,1.613603922,8.414147377,23.89623833,0.422019487,1.644634767,93.20424502,29.63818359,11.9,,39.1
55025,WI,Dane,10.1,0.289573878,5.793028363,0.814426601,0.857862651,0.146596789,77653.0,20.14197584,14.68431213,7.471718812,4.289265156,24.88901901,6.338690374,5.296845615,75.99607483,20.3938446,11.3,0.238898456,31.6
55027,WI,Dodge,10.0,0.435101211,3.198336818,0.412201166,0.641201794,0.125950351,67743.0,19.89798201,18.95946127,6.141214372,2.717665911,11.98377705,0.571613942,3.021387982,87.07884022,21.61956978,8.5,0.068700194,40.5
55029,WI,Door,12.0,0.788841486,4.452159706,0.968123615,3.155365944,0.466133595,64818.0,15.83516264,31.54393667,3.785006319,3.644305706,14.68403625,0.452338189,0.465642254,91.54526708,18.06267738,8.7,0.107569292,37.2
55031,WI,Douglas,18.3,0.526291728,4.451751318,0.549173951,0.892407656,0.160175741,58412.0,19.53945141,19.88937803,1.733830003,8.507260323,30.13692474,0.645671069,1.300372503,88.98747037,30.26939964,14.4,0.160175741,40.4
55033,WI,Dunn,12.8,0.572032034,5.163370386,0.484027117,0.770043135,0.13200739,64065.0,20.35431338,16.47007042,2.277728873,5.714917183,19.19468498,3.193221831,0.853873239,90.03521127,22.41558838,12.2,0.13200739,41.0
55035,WI,Eau Claire,11.5,0.465513974,6.240183343,0.788523674,0.779023349,0.095002852,63073.0,20.73313783,16.927443,2.949579037,7.583132744,32.03098297,4.129221455,1.147478952,87.36543373,23.65966797,12.5,0.16150485,35.8
55037,WI,Florence,16.5,0.69799906,4.188015148,,1.861330867,,62243.0,15.57700746,28.74067573,1.44800351,5.006926537,11.94735527,0.109697236,0.197455024,94.25186485,31.87528992,10.5,,40.1
55039,WI,Fond du Lac,10.9,0.427591294,3.131812888,0.612232983,0.738566816,0.11661581,69428.0,21.2137796,19.18217255,6.449104211,6.686565399,20.75644493,1.191504887,2.228430977,86.55452503,22.2736187,8.1,0.106897824,41.7
55041,WI,Forest,21.5,0.78125,7.116482041,0.334821433,1.5625,,52275.0,20.44885064,25.92875041,1.688637106,12.45544338,38.1321907,0.18520536,0.348621854,80.30286524,35.00743866,13.7,,42.3
55043,WI,Grant,13.0,0.509594083,6.675008718,0.372395694,0.78399092,0.313596368,57861.0,21.35430706,18.64530787,2.379760484,3.686967611,11.98144436,0.791328122,1.307327968,93.04362894,21.66101456,12.6,0.058799319,40.5
55045,WI,Green,9.6,0.437122643,3.259230833,0.573723495,0.956205785,0.245881483,73386.0,22.1847788,20.11969913,4.043889683,3.599196196,12.1794529,0.458307497,0.541881217,91.55366242,18.8190403,7.1,0.163920984,40.2
55047,WI,Green Lake,20.3,0.58176434,5.679751845,0.423101336,1.110641003,0.158663005,59732.0,21.05899674,23.5934378,5.147754759,2.809897184,8.32808876,0.531075823,0.557366705,90.72983489,25.18775177,13.0,,41.3
55049,WI,Iowa,10.5,0.634517789,3.635744391,0.423011839,0.888324857,0.126903549,73294.0,22.21941035,20.05567506,1.919102451,1.577687979,8.604604721,0.75076975,0.480830065,93.64798178,19.29286575,7.5,,39.4
55051,WI,Iron,18.7,1.053001046,4.640215198,,2.632502556,,50731.0,14.37184292,31.85595568,1.173211667,3.056118011,10.08211899,0.211829884,0.179240671,94.65536907,33.6375351,12.2,,37.2
55053,WI,Jackson,18.1,0.630150259,4.875702496,0.581677198,0.775569558,0.1454193,59478.0,22.36462521,19.73043273,3.206431781,11.51480961,33.28598785,0.34523528,2.080870182,84.83802317,30.82081032,12.6,,44.5
55055,WI,Jefferson,9.1,0.446859062,3.904989981,0.611491323,0.799642503,0.152872831,69247.0,21.85041225,17.87043581,8.325088339,2.402616501,9.556114197,0.760895171,1.017667845,86.36631331,19.91168594,7.5,0.164632276,39.6
55057,WI,Juneau,17.1,0.706109703,8.029893465,0.445964038,0.780437052,0.185818344,57000.0,19.95284078,21.16176361,2.721012052,9.428350449,25.41535187,0.550190883,2.051051725,89.85702523,38.00914383,13.9,0.11149101,39.6
55059,WI,Kenosha,13.9,0.330050498,4.779796211,0.660100996,0.654207289,0.165025249,71051.0,22.28718719,15.20121075,14.51129464,9.547776222,28.57229805,1.651187401,6.786835431,72.08707013,31.82335281,10.7,0.111981422,43.2
55061,WI,Kewaunee,8.7,0.441479445,2.947678703,0.392426163,0.932012141,0.147159815,71861.0,21.64081117,20.64387492,4.05582843,0.094243273,0.417320371,0.311238632,0.277196907,92.36006419,16.26524734,7.7,,39.6
55063,WI,La Crosse,11.0,0.312231004,6.227762628,0.784796894,0.759480834,0.109702788,62302.0,20.01341237,17.47168499,2.525996821,4.750442982,20.825634,4.635547755,1.595409988,87.18621672,22.24435043,12.1,0.253160298,34.6
55065,WI,Lafayette,15.4,0.480595946,5.241496187,0.36044696,0.720893919,,66719.0,24.80284149,18.74661369,6.555896695,4.022884369,15.3218956,0.216723858,0.162542893,90.78923605,20.47538948,9.8,,39.5
55067,WI,Langlade,18.4,0.836863875,5.604121136,0.627647877,1.150687814,0.209215969,57229.0,19.72192294,25.17059156,2.354933046,9.875787735,31.09021187,0.343748397,0.538710174,92.14509261,41.10657883,12.2,,39.7
55069,WI,Lincoln,14.7,0.834361196,4.213331413,0.652978301,1.05202055,0.145106286,62064.0,18.99700862,23.6283653,1.861692768,3.627274275,13.0695591,0.411754355,0.520851663,94.08411051,27.38881302,10.2,,40.3
55071,WI,Manitowoc,13.0,0.482496798,4.146447951,0.507891357,0.87611258,0.139670119,59774.0,20.6037439,21.41619243,4.97793729,6.784282684,21.54370689,2.761833356,1.262306567,87.20731572,23.6116581,10.7,0.050789136,43.5
55073,WI,Marathon,9.5,0.420375675,2.95591921,0.553125918,0.803876281,0.184375301,74050.0,22.5601936,18.50405397,3.226507648,5.642514229,23.22118187,6.108844819,0.826733713,86.06652996,22.2577858,7.6,0.088500142,35.9
55075,WI,Marinette,15.9,0.819631398,4.368373369,0.670607507,1.241865754,0.173861206,56942.0,18.99598777,25.16478793,2.576901032,7.477485657,18.92998123,0.429881544,0.458540313,92.55349637,31.42541313,9.3,0.124186575,41.3
55077,WI,Marquette,18.7,0.64164263,4.34075231,0.320821315,0.898299634,0.192492783,60020.0,19.51000513,25.53873781,3.129810159,0.321656406,1.74812305,0.327090816,0.282195998,92.84889687,28.60121918,12.0,,40.9
55078,WI,Menominee,41.2,,15.99067599,,,,42976.0,32.00940071,15.5346651,3.196239718,14.42576313,21.83242416,0.047003525,0.047003525,11.35135135,108.7952805,24.2,,43.4
55079,WI,Milwaukee,23.6,0.375655025,7.927390632,0.686760843,0.725913644,0.23280029,56417.0,23.31512131,14.32193458,16.28725829,2.315456867,8.604394913,4.895107872,25.59008142,48.59237309,62.95290375,17.8,0.104760133,39.4
55081,WI,Monroe,15.1,0.47228542,3.325873568,0.407882869,0.644025564,0.128805116,62742.0,25.06807278,17.99282534,5.532264339,6.571789265,18.33826447,0.760686347,1.339845269,87.75554307,26.49270821,11.4,0.08587008,38.7
55083,WI,Oconto,11.0,0.651329994,4.276057224,0.390798002,0.963968396,0.130265996,68480.0,20.41832414,21.49878096,2.176312075,2.200911522,6.605993748,0.282304632,0.233542923,92.82689593,21.77179146,8.3,0.156319201,39.9
55085,WI,Oneida,13.4,0.671309888,2.843086624,0.615367413,1.790159702,0.223769963,60679.0,16.86880698,28.13053243,1.519355265,2.498954535,10.07725716,0.515259612,0.541683181,93.18007663,25.53075409,9.2,0.139856234,38.5
55087,WI,Outagamie,8.6,0.365531921,2.617643584,0.693980932,0.821122468,0.132439107,73882.0,23.3444325,15.67971474,4.941139456,4.785624504,25.31041336,3.454550222,1.535880024,84.88450749,16.72441101,7.3,0.164224491,39.5
55089,WI,Ozaukee,4.5,0.322068334,2.320138623,0.732983112,0.86625278,0.155481264,91014.0,21.48563435,20.99821864,3.385681344,5.344980717,33.83278275,2.495000164,1.620711889,88.96976055,8.83836937,4.7,0.211010292,34.0
55091,WI,Pepin,15.8,0.687663317,2.828366446,0.687663317,1.375326633,,66179.0,22.0415414,22.83410768,2.145394917,0.0,0.0,0.300628587,0.273298715,93.82344903,18.33768845,9.8,,39.3
55093,WI,Pierce,7.9,0.35128805,4.757689195,0.374707252,0.772833705,0.140515223,80354.0,20.9205913,15.95517862,2.89017341,3.8123734,16.84972382,0.684639439,0.952335829,91.28920686,11.77595615,8.5,0.163934425,34.7
55095,WI,Polk,11.9,0.639356971,3.294266709,0.548020303,0.981869638,0.296844304,68732.0,20.92180448,22.19801232,2.105520599,1.653433204,5.776084423,0.455788514,0.353514018,92.87413567,23.00162888,8.5,,40.0
55097,WI,Portage,10.8,0.337875873,5.179033842,0.675751746,0.915080547,0.084468968,66471.0,19.68256675,17.97746423,3.722807167,2.575637817,11.98585987,3.199909061,1.283089646,88.39819828,20.37696648,10.4,0.126703456,36.0
55099,WI,Price,20.9,0.906002283,5.509242479,0.377500951,1.283503175,0.302000761,56249.0,17.70314501,27.90664579,1.280774157,5.019019127,14.16583252,0.476732603,0.220577771,93.61747545,32.75449753,11.7,,42.1
55101,WI,Racine,18.2,0.413683206,5.963530118,0.704793632,0.658828795,0.178752005,69021.0,22.59478979,17.57827712,14.11592752,3.74843049,19.62134552,1.14349583,11.39500422,68.44437027,36.94080353,12.4,0.081715204,40.0
55103,WI,Richland,20.2,0.695329726,6.057754514,0.405608982,0.753273845,0.173832431,59120.0,22.74040684,23.39343504,3.039759593,18.97136116,52.86392975,0.54900601,0.531668978,92.54507628,31.35743904,13.7,,41.8
55105,WI,Rock,14.4,0.410831243,4.531729594,0.686762631,0.729685307,0.147163421,66383.0,22.85153983,17.61532681,9.652568622,12.0847311,35.26937485,1.235284415,4.924031841,79.29524031,36.89509583,10.1,0.091977142,38.1
55107,WI,Rusk,20.6,0.641848505,4.271356784,0.427899003,1.069747567,,51585.0,20.34113335,25.8669298,1.762052439,14.21536922,37.3784256,0.373555117,0.310121229,93.64956301,39.56877136,13.8,,36.8
55109,WI,St. Croix,5.6,0.435549557,2.301851751,0.566214442,0.827544153,0.097998649,94629.0,24.79152412,15.3684143,2.864137872,2.365506887,11.70574379,1.052001368,0.678882997,91.36268389,11.57382202,5.4,0.163331077,33.6
55111,WI,Sauk,14.1,0.605129659,3.268268424,0.83787179,1.163710833,0.217226028,70254.0,22.14923285,19.80140809,6.158478172,2.808269501,9.659247398,0.599121086,0.878913675,87.9947691,27.62908173,9.7,0.170677587,39.6
55113,WI,Sawyer,22.7,0.479041904,6.964603293,0.479041904,2.574850321,0.179640725,51748.0,18.53491203,28.66548633,1.980745823,10.9355135,32.73916626,0.348567002,0.531149718,76.4468297,30.55888176,14.4,,41.1
55115,WI,Shawano,13.3,0.465846121,4.197025651,0.514882565,1.152356148,0.171627522,62669.0,21.33998679,21.90259534,2.876641961,4.470356941,12.7098484,0.403610479,0.286196522,84.1564541,27.03950691,9.7,0.07355465,45.0
55117,WI,Sheboygan,10.7,0.399166942,3.244258143,0.650815666,0.859076738,0.138840675,64133.0,21.68866598,18.84711185,7.338563465,2.231664658,10.89783573,5.824592914,2.062117695,81.19440161,25.86341476,8.7,0.121485598,40.5
55119,WI,Taylor,15.2,0.442956984,2.92816837,0.344522089,0.639826775,,59473.0,24.03957214,19.3290815,2.84738613,11.51081753,33.3921051,0.311354392,0.321398082,93.97378597,21.14299393,10.3,,40.7
55121,WI,Trempealeau,11.7,0.640140176,3.08010267,0.404299051,0.741214931,0.23584111,63235.0,24.73992198,18.41352406,12.86410923,3.762381315,10.80720901,0.354356307,0.263328999,83.97269181,20.855093,9.6,,39.1
55123,WI,Vernon,22.8,0.324033558,6.290179013,0.291630208,0.745277226,0.194420144,60041.0,25.98163704,20.77228625,1.510711728,6.050188541,15.85321903,0.289770137,0.393957153,95.00227909,21.23500061,14.7,,40.4
55125,WI,Vilas,19.5,1.118268013,4.464087416,0.581499398,3.354804039,0.268384337,61716.0,15.59422051,33.67900377,1.991582419,3.035259247,10.11936283,0.247320692,0.212609016,84.9090988,19.64051437,11.5,0.134192169,35.1
55127,WI,Walworth,10.8,0.538704991,3.925535828,0.71186018,1.125508666,0.144295976,70688.0,20.19947783,18.84708578,11.78647232,9.609617233,33.18151474,0.941039464,1.095061891,82.74385319,19.93048096,10.3,0.086577587,33.3
55129,WI,Washburn,18.6,0.57281059,5.421760391,0.254582494,1.845723033,0.190936863,57536.0,18.11345726,28.77940203,1.798712627,4.562727928,15.82333565,0.354929916,0.180472839,92.32990435,30.92116356,11.8,0.190936863,35.7
55131,WI,Washington,5.8,0.373776972,2.466902454,0.615632653,0.65227747,0.117263369,85266.0,21.73938477,19.14580911,3.529514993,4.614338398,32.9786377,1.420726669,1.222570762,90.56309913,12.32059288,5.2,0.087947525,37.1
55133,WI,Waukesha,4.9,0.305289388,2.394693449,0.69921118,0.770609498,0.128024578,94506.0,21.81567554,19.64823651,5.365154873,5.125816822,41.15204239,3.837062446,1.633503531,85.48914192,9.698477745,5.0,0.256049156,32.0
55135,WI,Waupaca,13.8,0.473709136,3.832697201,0.592136443,0.828990996,0.17764093,63216.0,20.15749247,22.3345943,3.597622172,3.132297039,13.08044434,0.490233923,0.389871072,92.22573921,22.6311245,10.0,0.118427284,36.7
55137,WI,Waushara,19.6,0.657732487,3.812757909,0.369974524,0.94549042,0.205541402,57188.0,18.18923328,24.96329527,6.9045677,5.016093731,17.72813606,0.399673736,1.586460033,87.89559543,28.20370483,12.9,,41.8
55139,WI,Winnebago,11.9,0.314628482,5.046516461,0.658389211,0.699174404,0.122355521,64640.0,20.68828976,17.01333489,4.84947301,8.054628372,37.00525665,3.237640482,2.871367845,84.77319047,22.83969688,11.0,0.134008422,39.6
55141,WI,Wood,14.5,0.454796016,3.684533971,0.592612982,0.647739828,0.13781698,55946.0,21.10717318,21.64890105,3.201854273,6.897931576,24.7384243,1.862357999,0.737127225,90.36209522,32.54203415,11.3,0.096471883,40.9
56001,WY,Albany,12.7,0.282413363,10.97718098,0.641848505,0.872914016,0.102695763,53112.0,16.76469001,13.08206982,10.54875088,9.218403816,28.77370262,2.773431177,1.035989856,79.81438515,6.679503441,17.7,0.154043645,35.0
56003,WY,Big Horn,16.0,0.604751647,4.751487574,0.345572352,0.863930881,0.259179264,58697.0,25.11934728,22.56748546,9.278708445,5.665929317,18.65292168,0.381911292,0.190955646,85.79116396,9.395248413,12.6,0.259179264,34.7
56005,WY,Campbell,9.4,0.321364313,5.086773085,0.642728627,0.749850035,0.085697144,88491.0,28.02492238,10.98115936,9.10772764,8.244466782,36.7341156,0.680474631,0.465699826,84.21086208,8.423315048,8.5,0.10712143,35.0
56007,WY,Carbon,13.6,1.427503228,9.462824618,0.543810725,1.903337598,0.339881718,63984.0,22.81075875,18.12616083,17.88539589,18.97665405,57.75082779,0.612230859,0.894269794,75.71025659,8.638660431,12.3,,36.2
56009,WY,Converse,12.1,0.65198493,3.865161909,0.36221385,0.86931324,,74174.0,24.87091848,17.65689768,7.723074685,2.879424334,12.17606926,0.399970911,0.283615737,87.23729183,9.544335365,9.7,,37.0
56011,WY,Crook,9.2,,5.462244178,,1.58040297,0.52680099,63270.0,24.35593928,23.85461635,1.559671355,5.713353634,26.96587181,0.125330734,0.0,94.2208606,2.173054218,7.5,,31.2
56013,WY,Fremont,19.1,0.432382941,5.390618923,0.559554398,0.737594426,0.152605742,56316.0,24.56287914,20.06932762,6.170668298,5.930250645,18.19499779,0.52250599,0.423102411,67.76265484,18.07530212,14.8,0.178040028,37.9
56015,WY,Goshen,14.8,,4.472545192,0.528900623,0.831129551,0.226671711,53428.0,19.94719155,24.09985598,9.697551608,5.855092049,20.03301239,0.368058889,0.608097296,85.57369179,8.770936012,13.0,,34.7
56017,WY,Hot Springs,16.7,,5.443371378,0.903954804,1.355932236,,54680.0,20.94784679,27.8078338,3.830339753,2.372136831,8.569344521,0.389526077,0.194763038,89.63427829,9.887005806,13.1,,38.8
56019,WY,Johnson,12.7,0.465766191,9.952210275,0.698649287,1.397298574,0.465766191,57275.0,20.91866935,25.99739553,4.107967326,11.26850319,39.48041916,0.177577838,0.307801586,90.4463123,4.599441051,10.0,,31.2
56021,WY,Laramie,11.7,0.278343856,4.388878103,0.626273692,0.54674685,0.059645113,63134.0,23.25891436,17.08353231,15.52252467,11.90620232,42.49721527,1.221744667,2.188793378,74.89553486,9.505939484,9.9,0.069585964,34.3
56023,WY,Lincoln,8.8,0.543129385,2.550043966,0.543129385,1.086258769,0.246877,75872.0,26.15290332,19.05418518,4.897604821,5.211361408,17.82322884,0.490271181,0.17363771,90.58270773,3.563258171,7.6,,31.6
56025,WY,Natrona,13.0,0.334096402,4.627960865,0.631070971,0.841427982,0.086617582,63940.0,24.41123132,15.93646426,8.96629354,9.168938637,33.96325684,0.791695329,0.911762867,83.31436433,12.99263763,10.7,0.160861224,37.8
56027,WY,Niobrara,18.6,,5.080213904,,,,50733.0,17.59221727,25.45601946,3.080664775,9.277957916,21.92971802,0.486420754,0.243210377,91.40656668,15.20146561,15.6,,36.9
56029,WY,Park,13.8,0.409123451,3.879931389,0.579591572,1.056902289,0.102280863,63286.0,20.53402647,24.6489333,5.728463408,7.995051861,38.98381424,0.712260329,0.199162841,88.83337834,5.810121059,11.4,0.136374488,33.2
56031,WY,Platte,14.8,0.816041052,3.100958693,0.46630916,1.632082105,,59634.0,19.94189425,25.88030215,8.076699593,4.342730522,14.96500015,0.499709471,0.220801859,86.79837304,9.977072716,11.7,,32.4
56033,WY,Sheridan,10.5,0.291611314,4.96919234,0.680426419,0.972037733,0.226808801,63745.0,21.40293005,22.45076162,4.57941205,8.961774826,38.53891754,0.58212865,0.355745286,88.96542803,7.147177219,9.5,0.226808801,31.6
56035,WY,Sublette,8.2,0.507305205,4.105538497,,0.913149357,0.304383129,76703.0,24.27818515,18.56095325,7.286892759,4.267911911,19.84128189,0.527039413,0.194775435,87.6604033,2.553436041,7.1,,29.9
56037,WY,Sweetwater,9.7,0.538982511,5.646026561,0.60928458,0.749888718,0.11717011,74677.0,26.49981075,13.3327025,16.4577025,5.226624012,21.45879745,0.669473883,0.830336866,76.55658592,10.09029865,9.2,0.09373609,36.3
56039,WY,Teton,5.5,0.680938005,2.547332186,0.680938005,2.55351758,0.468144864,102709.0,19.61338991,15.97874073,14.12284086,3.811752319,17.425354,1.324418156,0.210021002,80.38232395,0.393667281,5.9,0.595820725,22.2
56041,WY,Uinta,11.2,0.69255501,3.508165984,0.69255501,0.69255501,,70162.0,28.47432763,14.98288509,9.711491443,1.374146938,3.438987732,0.528117359,0.244498778,85.3007335,10.47901726,9.4,,35.5
56043,WY,Washakie,12.5,,2.607664955,,1.288659811,,62176.0,23.92973325,23.53936239,13.92322707,3.068047523,12.39009094,0.429407938,0.156148341,81.56148341,6.926546574,10.2,,39.1
56045,WY,Weston,12.3,0.593207777,6.25,,1.483019471,0.593207777,62509.0,21.20503071,22.17022521,4.314126938,8.751014709,30.74536133,0.380228137,0.409476455,89.29511553,9.170003891,10.4,,35.0
