FIPS,Actual,LR_Prediction,RF_Prediction,XGB_Prediction,Stacking_Prediction,Outer_Fold
01001,38.4,38.54291328595193,38.56699999999998,38.655193,38.66762417914913,1
01029,39.4,40.021657062617216,39.55399999999998,40.10128,40.18695410362014,1
01035,44.7,44.435120938935896,44.76500000000003,44.675095,44.94616994713137,1
01045,44.3,40.705231321207144,39.669000000000004,39.5236,39.78382345129652,1
01051,36.4,38.83415591257562,37.34199999999998,38.22461,38.33451473951654,1
01059,39.6,41.49701349465232,39.904,40.746426,40.99600284893933,1
01061,38.2,41.020704336327626,40.82900000000001,40.48321,40.68411182831007,1
01063,51.0,48.35731502610372,48.93999999999999,48.06181,48.574696580778195,1
01065,44.4,44.9757183562107,44.52800000000002,45.495243,45.76144922256009,1
01087,47.7,44.9457684095284,47.732000000000006,47.277267,47.33240713865306,1
01089,35.7,35.892740787411725,37.20599999999999,36.57325,36.39637076571718,1
01091,46.1,44.81393271458458,44.83800000000003,45.111755,45.39448706560274,1
01097,42.2,41.669185040418206,40.184999999999995,40.27146,40.60156009973261,1
01103,38.7,39.27231779676007,39.117999999999995,38.649437,38.77868931550979,1
01105,50.0,46.85180463947768,48.95000000000002,48.32819,48.569211934054856,1
01113,46.9,44.04156690166496,43.57200000000002,44.077927,44.355104568423755,1
01127,42.9,40.2747967279965,40.30800000000001,40.154396,40.27336922425464,1
02013,30.9,25.497284484505577,31.782999999999994,32.006107,30.682274698667065,1
02020,29.6,31.5108165346608,30.98899999999999,30.186302,30.034741034890367,1
02050,41.5,40.37736864987,38.19999999999999,38.73176,39.031032024069646,1
02066,32.6,36.436349319934905,37.46000000000001,36.380318,36.31199637674492,1
02090,32.1,34.86146071143236,36.27099999999998,37.23042,36.81571735551723,1
02122,32.0,34.497578925166295,35.03,33.882977,33.78833415945771,1
02185,40.7,31.921107494255118,35.863000000000014,35.897133,35.16057669699294,1
02188,38.0,38.88778000183274,37.59399999999999,38.572964,38.651864508680475,1
02240,37.3,36.490564235360466,37.977999999999994,37.50543,37.3184027738415,1
04011,32.5,37.625607679624395,37.86499999999999,37.949093,37.89479608843106,1
04021,38.9,36.13780440089499,35.06000000000002,35.109383,35.14040470647987,1
04027,42.3,37.99107179739365,39.99100000000001,38.110287,38.092632472515284,1
05017,44.6,45.77796519246344,44.863,45.136547,45.571348380249546,1
05025,41.0,38.98266782745284,39.62299999999999,39.707108,39.67000656697672,1
05045,37.8,39.07935108944457,39.13500000000001,39.48546,39.48971350604694,1
05047,40.1,40.42877596739732,39.097999999999985,38.81365,39.11030424873653,1
05055,37.6,39.69562725180944,40.174000000000014,40.207317,40.22753062792244,1
05059,38.6,39.82939853225815,40.82900000000001,40.75646,40.73522754748728,1
05065,36.9,39.42551965957913,39.096,38.89685,39.0229542614831,1
05075,41.5,40.613839676879806,40.14700000000002,41.095802,41.16375041849959,1
05081,38.9,41.19153151377786,39.635,39.98098,40.268000737434974,1
05101,39.5,38.73850437295406,38.496000000000016,38.94802,38.959101637316,1
05109,37.1,40.36807491004592,39.587,40.236958,40.362984377097035,1
05117,38.3,39.027726129644776,39.434999999999995,39.417618,39.4206428038966,1
05123,44.5,45.36460232660518,45.00000000000001,44.994858,45.37890795465585,1
05125,37.2,37.575891661419675,37.475,37.332043,37.339834136568754,1
05127,38.4,40.251923915904854,38.903000000000006,38.398098,38.713403849283246,1
05129,40.8,40.33101651124363,40.07599999999999,39.107964,39.35400995204766,1
05131,35.9,38.842982877039695,39.942999999999984,39.08104,39.09125980304358,1
05133,41.5,41.63731317747529,40.95000000000002,40.855175,41.11312307920248,1
05143,33.5,36.60462518958286,36.095000000000006,35.38208,35.45553363052767,1
05145,40.4,39.74753347551525,40.574000000000005,39.915028,39.97568539865767,1
06003,29.9,26.616803507800352,29.24899999999998,29.603695,28.734477859792342,1
06011,32.2,38.47318937042841,40.06700000000001,40.259575,40.07769096493203,1
06015,33.8,37.60153433909012,39.135999999999996,36.86042,36.92223954346777,1
06019,39.0,35.92526160576408,34.16999999999997,33.616154,33.782505613058525,1
06033,30.7,36.9895616607639,34.723000000000006,35.121548,35.288692931866926,1
06049,30.0,37.210828057376375,35.302,34.72993,34.97556315538017,1
06055,28.7,29.183243616755735,27.93200000000003,27.729702,27.485936683493062,1
06063,29.1,34.40797376813934,32.84500000000001,32.564144,32.60740016160337,1
06093,32.9,36.58238263197551,36.333999999999996,35.327076,35.40269168476539,1
06105,32.4,34.273311008114725,36.977999999999994,35.80861,35.457879071500926,1
06107,38.0,39.18145125827127,38.37299999999999,37.769905,37.98479548754388,1
08003,31.9,37.75663494661136,37.465000000000025,37.581234,37.590079973139396,1
08013,18.6,30.374354570547556,24.73199999999999,24.537258,24.849644424042694,1
08017,27.6,38.191971507170464,37.57,37.98442,38.017708049343284,1
08021,30.5,39.731640464143055,38.01100000000001,37.846123,38.1415276208929,1
08023,33.7,37.57103502839566,35.10300000000001,35.146408,35.403482884055904,1
08041,28.1,34.739451467582256,35.14499999999999,35.296356,35.08151613229363,1
08049,24.9,29.347815318622096,26.857999999999997,24.82927,24.939926155484653,1
08067,24.8,33.00062552979957,30.517000000000007,28.775957,29.023168129553532,1
08073,30.3,38.53974754515933,38.254,38.154125,38.22294541650324,1
08087,31.3,38.0421730987731,38.07599999999999,38.68539,38.61488326359825,1
08091,24.8,27.751724069836676,28.234000000000005,29.235138,28.59159639723403,1
08101,31.4,37.03795357798548,38.091,36.94638,36.9099304780276,1
08105,26.4,37.08372347656413,38.394999999999996,37.25359,37.18940019276944,1
08107,24.4,29.352386884552196,26.204,26.145164,26.109883766965645,1
10001,39.3,38.24162766222065,35.47399999999999,36.494602,36.70721557245999,1
12001,33.0,36.47692205045517,35.056999999999995,35.379158,35.4343560629858,1
12003,37.6,39.62276224086235,38.55500000000001,39.186535,39.31278350210066,1
12011,31.8,36.2853028565717,33.19,34.071857,34.24667303823347,1
12017,34.5,35.9236959135655,35.27400000000001,35.312588,35.28596946077292,1
12019,35.6,35.794309480280205,35.506000000000014,36.37739,36.209879005679774,1
12023,38.3,39.68469695773531,39.148,39.322582,39.44238665087953,1
12027,44.2,40.66326246303544,40.39400000000001,40.83699,40.94150672191876,1
12039,44.3,43.9559289603862,44.067000000000014,44.411858,44.63682196262271,1
12041,36.9,39.04114975386193,38.518999999999984,38.6246,38.720615778378296,1
12063,42.7,41.12759274583982,41.60300000000001,41.309303,41.43309196474737,1
12069,34.8,35.16929836351796,34.16700000000004,34.657043,34.58494722569463,1
12085,27.6,33.36334983657459,31.107999999999993,31.473532,31.474747208235023,1
12097,31.0,36.60516788731851,36.43000000000001,37.58335,37.40886939347217,1
12107,39.8,41.81135047354443,41.466000000000015,40.583076,40.89860771272415,1
12111,34.7,36.8943162196406,34.88300000000002,35.55014,35.65351409748179,1
12115,28.8,31.474517837131433,30.925000000000015,30.67323,30.461229821574918,1
13015,37.8,37.65281263799857,38.583999999999996,38.774414,38.63039113864387,1
13027,42.1,42.818316930539964,42.88999999999998,42.88905,43.10456142717713,1
13047,36.6,37.34587113457147,37.57999999999999,37.937176,37.83980120370765,1
13059,37.0,38.01884465722834,38.111,38.24697,38.22192353562801,1
13063,45.4,44.223715186146784,43.859000000000016,42.551815,43.029243249436234,1
13065,44.9,43.989834762948874,42.77200000000002,42.930202,43.32955095904469,1
13071,40.4,43.15583888670094,41.41800000000002,41.602608,42.01967966377807,1
13075,40.7,43.620697567800214,41.687000000000005,41.951004,42.403112912737264,1
13083,36.0,37.42837061546812,35.922,34.365482,34.68587343832322,1
13089,33.5,37.886694990624356,34.629999999999995,35.140472,35.4498171938727,1
13103,38.6,38.47710857724068,36.719999999999985,37.507496,37.64178550952963,1
13107,42.7,43.40183801135988,42.179,42.724236,43.0533577671157,1
13109,44.8,44.068580609019065,41.98400000000002,42.262985,42.751443812356406,1
13115,40.1,39.05771801506385,37.79800000000001,37.6496,37.859202763779194,1
13119,36.7,39.41647020274178,39.56100000000001,39.14098,39.23732488874068,1
13121,30.0,34.31201885791042,32.11899999999999,32.797222,32.80021848384925,1
13127,35.9,38.060601088403324,37.929000000000016,37.69532,37.73932071642047,1
13129,40.0,39.193534128946695,40.235000000000014,39.62234,39.62750808610578,1
13141,47.5,43.94302701154685,47.76999999999999,46.046776,46.07901553483846,1
13143,33.8,38.76452328633873,38.288000000000004,38.846195,38.87328861877252,1
13157,41.5,37.71346212940143,37.584999999999994,37.461372,37.476528584851806,1
13163,44.2,44.199000715472984,43.247,43.43486,43.81021431632711,1
13169,39.9,40.25912969566733,39.64099999999999,40.17343,40.28899162151895,1
13185,39.5,43.45882468903932,41.09099999999999,41.88192,42.31689440493333,1
13187,35.1,35.55121626414302,35.64599999999999,33.894302,33.96653878318711,1
13199,40.7,42.61379401641424,41.88799999999999,42.137848,42.40679171048191,1
13201,41.7,41.97555042556832,41.701,41.776394,41.983755568596344,1
13215,41.7,42.132361897705366,39.946000000000005,41.27313,41.56552096296145,1
13217,42.3,40.33307806849777,38.98,39.37805,39.59611838627408,1
13235,43.5,41.21885123246381,41.04600000000001,41.31329,41.45233257777283,1
13247,44.9,40.64200684727832,40.280000000000015,39.983448,40.18069002284643,1
13257,37.5,40.203857407621264,39.31000000000002,39.55308,39.73009799181557,1
13259,43.2,40.40130546806604,42.711999999999996,41.15339,41.175931403051145,1
13267,46.1,43.78744038865283,42.221,41.363857,41.90775150271488,1
13299,39.5,43.19398500721746,41.91,42.17749,42.53516383495809,1
13301,44.6,44.145818076657804,44.15100000000001,44.66593,44.89269611716221,1
13309,47.5,43.11400903440429,43.21700000000001,42.304638,42.632733579726484,1
13311,35.5,36.0420344285771,36.54,36.180225,36.07274852593142,1
13315,41.5,42.66096376268561,42.937,42.790485,42.99170332259147,1
16001,28.7,34.588794396959514,34.55499999999999,35.006527,34.80115275868384,1
16021,30.9,38.455021546727394,39.31100000000001,37.311905,37.459796054406475,1
16023,35.7,40.677034953838366,40.198,40.091373,40.2822671453534,1
16027,37.7,38.7785635469815,36.373,35.175404,35.62087925619219,1
16041,33.1,41.69193281370588,36.214000000000006,36.578796,37.33496875838328,1
16043,33.7,39.67595492451077,35.59900000000001,35.29019,35.86840430467835,1
16047,37.4,39.16316235279632,36.54600000000001,36.54045,36.8939863668802,1
16049,32.6,37.56496667567147,36.676999999999985,36.36524,36.481420106545784,1
16057,29.1,36.26142260051514,34.727999999999994,33.885735,34.07476305213269,1
16069,35.5,36.91542052901572,36.85099999999999,36.251152,36.27546118637313,1
16075,37.4,39.44905364261521,37.59600000000001,36.107445,36.55362455658979,1
16077,37.7,40.799381478583285,38.54400000000001,38.22367,38.64721638582998,1
17013,34.6,35.435624918286656,35.98699999999999,37.03631,36.73620970641136,1
17017,38.5,38.54366891515621,39.22,39.284977,39.2255310065971,1
17021,36.4,38.06647789064194,37.20000000000002,36.867645,37.00697081003187,1
17023,35.0,37.26697559184731,39.17099999999999,38.983624,38.752996174885624,1
17027,35.3,35.29342813034895,36.44999999999999,37.218193,36.873940851406324,1
17029,38.5,38.291164516054536,39.14500000000001,38.66509,38.63487806973148,1
17035,37.2,37.100700924623794,38.636,38.42717,38.2333618729624,1
17045,37.4,37.34470961720796,36.756,37.154934,37.14682441084869,1
17047,37.2,39.187914113275745,39.147999999999996,39.185608,39.24098268349672,1
17049,35.5,36.41904064573209,36.74199999999998,36.844612,36.72266714149604,1
17067,35.1,38.07168668936364,37.136999999999986,38.292446,38.27259473896185,1
17099,36.6,36.036170818002844,36.51,36.067017,35.97137689941327,1
17109,39.3,36.88272411010772,35.91699999999999,36.677776,36.65062577496483,1
17133,32.6,32.92781541844461,32.509,33.21254,32.94571541641995,1
17165,39.6,39.3357535932673,40.255999999999986,40.16221,40.129513468045275,1
17177,42.1,38.191814488251225,37.93799999999999,38.109863,38.12834076968467,1
17181,37.6,38.079738279119994,38.12999999999999,38.400967,38.36836077696352,1
17183,41.0,40.37568392784933,40.771999999999984,40.669582,40.74599993759995,1
17185,37.6,37.787260094006854,36.85400000000002,35.995243,36.188396673913424,1
17189,35.8,36.91574276464611,38.07899999999998,38.29689,38.08904354152585,1
17195,35.3,37.51898007659226,37.99100000000001,38.095104,38.00702934304143,1
18003,38.3,38.00212354564326,38.222,38.24247,38.21503432063425,1
18007,40.3,39.11795994407035,39.395999999999994,39.322086,39.35041965196908,1
18011,35.5,33.328370945935355,35.42399999999998,35.348225,34.90029983930728,1
18021,42.3,37.568882334984686,39.16199999999999,39.23773,39.02707004319878,1
18031,41.6,37.510713783977096,37.98199999999999,37.580822,37.54923511961817,1
18075,42.1,40.10838094146844,40.123,39.777363,39.912315221690385,1
18079,41.8,38.636711237371074,39.818000000000005,40.164726,40.02024156919742,1
18093,39.8,38.93327172885423,39.782999999999994,39.64231,39.604257077300566,1
18109,37.8,36.791530213832914,38.84199999999999,38.55056,38.292822147330185,1
18113,36.5,38.01738209314081,38.28099999999999,37.410465,37.478879354276465,1
18133,39.4,36.98638149558724,37.08600000000002,37.045643,36.99162419627673,1
18139,41.5,38.148125811886615,39.866000000000014,39.49329,39.345670729808134,1
18143,39.5,39.2623431749733,39.71699999999998,39.785873,39.784683511410236,1
18149,40.1,38.310657658108106,39.09,39.295547,39.19771526962363,1
18151,34.1,35.7197170681479,33.487000000000016,35.041416,35.01583118325992,1
18165,40.8,38.94238607963492,39.283,39.331566,39.33083297295365,1
18173,39.8,35.046706463617355,36.783999999999985,37.659733,37.2255900395104,1
19007,43.3,39.23291217432409,39.46500000000001,39.823616,39.813925187925015,1
19015,38.6,36.90363322508295,38.35599999999998,38.659428,38.40837352133649,1
19017,39.5,36.07401804815471,36.498000000000005,37.615658,37.352072216792,1
19033,38.4,36.89587006919056,37.42100000000002,37.36232,37.25754214103719,1
19047,44.5,38.92294559434009,38.364000000000004,39.26693,39.27205113553422,1
19055,40.6,37.19244079038513,37.447999999999986,37.904343,37.786250852303034,1
19057,36.6,38.34533230262056,39.60300000000001,39.19532,39.11336727079318,1
19061,41.5,35.82193412837109,37.636999999999986,37.5301,37.233502392475785,1
19071,36.3,36.38620912161107,36.90499999999999,37.48419,37.2847860422349,1
19115,44.8,36.638818478871215,36.69600000000001,35.871,35.89387658452226,1
19117,41.1,38.06094219131785,38.617,38.83285,38.74777826798659,1
19151,37.2,38.50608752904532,39.31599999999999,39.30709,39.23894180003985,1
19155,42.6,37.306439534389696,38.60799999999999,38.44008,38.27793066638999,1
19161,41.1,37.03135284190765,38.334000000000024,39.059753,38.784270490302234,1
19165,35.0,36.7179809924429,38.40799999999999,38.798763,38.502121501937665,1
19175,38.1,38.35745301453916,39.77900000000002,39.861164,39.705997332536676,1
19185,39.3,40.377794785876084,38.11800000000001,38.26946,38.620911242700345,1
20013,41.2,39.01616688711211,40.17999999999999,40.3978,40.287417453249624,1
20033,38.7,39.06756631453669,38.332,40.160446,40.08844419525116,1
20039,38.6,37.833213463604366,37.84400000000001,38.33166,38.2677657653204,1
20045,37.7,35.73082958516315,35.11999999999998,34.841984,34.83755309984715,1
20063,40.2,37.41267876447223,34.919000000000004,34.242218,34.575811627757496,1
20091,31.6,32.42098282897127,31.252000000000006,30.35611,30.331220811392278,1
20093,43.4,37.296196462202445,37.494,38.737793,38.54261672206468,1
20097,35.4,37.2622793119162,38.82199999999998,39.112064,38.86689795070618,1
20103,40.1,35.79543295659934,36.84799999999998,37.639385,37.327716694393374,1
20113,35.3,36.24353761919292,35.61899999999999,36.774075,36.63395121130113,1
20119,40.4,37.75120733636763,36.635,36.719814,36.826149717932736,1
20123,40.1,37.43402979580999,39.24,39.09498,38.87854989645861,1
20127,40.4,37.33006522199469,39.65599999999999,38.46664,38.30334907666765,1
20163,38.3,38.11006891275581,39.43899999999999,40.17765,39.94779812623377,1
20167,37.0,39.43960381671355,39.74100000000001,40.16555,40.15012679438162,1
20169,37.9,37.58924052984635,37.421000000000014,35.797928,35.98038194885974,1
20177,40.0,38.420234765413035,38.071999999999996,37.525665,37.64625308101149,1
21027,40.1,40.227794317870334,40.72,41.10692,41.11051811845528,1
21035,40.6,37.89033421489876,39.068000000000005,38.411438,38.345472283932,1
21065,42.2,40.793527190367094,42.605999999999995,42.773045,42.67677675545818,1
21093,38.9,38.38827028491368,38.81200000000001,39.069664,39.01020787060591,1
21103,40.6,39.46525221349789,39.126000000000005,39.426926,39.49978329189837,1
21111,37.2,37.69523219987916,36.384000000000015,36.63092,36.73872036405392,1
21117,34.7,36.98266456017454,37.791,38.19071,38.0060852814337,1
21125,41.1,40.45544986935145,40.09799999999999,40.342434,40.4696930710726,1
21133,40.6,41.898694788617846,42.74499999999999,42.64519,42.74061379585154,1
21151,35.9,38.61881679001882,38.55700000000001,38.344395,38.40397072454224,1
21157,38.5,37.612630472924444,37.21999999999999,38.15189,38.07391855305122,1
21171,39.4,41.57707373446791,41.635,41.91864,42.04611006155764,1
21173,42.3,40.23428048656371,40.84900000000001,40.67473,40.72770305313236,1
21185,34.2,32.80078316196478,33.81199999999999,33.85156,33.490074360746306,1
21189,41.2,42.87198920962211,43.13500000000001,42.543987,42.80644752308055,1
21197,39.7,42.43436334167179,42.10700000000001,42.096657,42.34099037582,1
21207,40.0,41.63968677586995,41.09700000000001,41.195465,41.41527569054552,1
21209,36.4,37.27496982857026,36.468,36.59214,36.63661342654759,1
21215,36.9,34.72813204901456,36.16999999999998,37.016045,36.604200917835406,1
21217,38.2,39.68793983259549,39.669000000000004,39.5282,39.62444326348027,1
21229,37.4,38.192691479358544,38.963999999999984,39.553284,39.40776480308601,1
21233,38.2,40.1280504141312,40.26,40.10317,40.204409090773524,1
21235,41.4,42.741848281635775,41.82899999999999,41.718216,42.05500762337592,1
22001,36.8,43.11731639868332,42.029,41.768158,42.159294678806575,1
22009,45.8,44.215690098522316,42.61100000000003,42.729736,43.18820600129585,1
22021,39.1,42.5800960951627,43.10400000000001,42.477016,42.700159338276514,1
22035,51.3,47.36954693279955,49.59100000000004,48.123703,48.469703533292375,1
22037,40.3,40.62073753866976,40.10099999999999,40.750507,40.85845682684149,1
22045,43.4,42.84768904282976,41.160999999999994,41.14832,41.56741319676687,1
22055,34.7,39.68005615386459,39.31,39.45359,39.557623185362836,1
22057,42.7,39.63658748703164,39.651000000000025,39.405373,39.50720401797528,1
22059,39.9,40.24040348560952,40.09099999999999,39.533188,39.71685604821178,1
22081,46.4,44.614154905285744,43.865000000000016,44.321922,44.66313601640397,1
22107,46.6,46.348527255108536,44.58800000000002,45.01878,45.55900854140519,1
22111,43.9,42.06469374546369,42.203999999999986,42.02035,42.21368076209119,1
23019,38.8,36.88033014265972,36.22999999999999,36.052837,36.09495448074777,1
24027,26.9,24.97066537680631,28.14,29.603992,28.47230550434805,1
24039,43.6,40.800854707589025,42.507,41.23447,41.31248276437155,1
24043,42.3,36.88622520964076,35.63699999999998,35.726147,35.80703317284065,1
25013,35.9,36.54144801486619,35.571,35.338516,35.40769159663743,1
25023,30.2,31.864766933773968,33.42400000000001,34.449814,33.87141517552303,1
25025,28.0,30.98655380374439,31.215,29.357445,29.214376793239666,1
26003,34.7,36.09120439410948,38.26300000000001,38.295273,37.954776415533075,1
26005,31.6,36.33594166045607,37.525000000000006,37.63609,37.410378687872495,1
26009,34.8,35.491700581676106,36.81400000000002,36.356976,36.14069438559776,1
26015,33.8,36.95894243756598,37.758,37.741165,37.60331561751128,1
26023,39.6,38.2988821027496,38.943000000000005,38.71289,38.67892440970106,1
26031,36.8,35.87171401071058,36.69600000000001,36.404274,36.24395831992085,1
26035,42.3,39.448949619938205,39.11600000000001,39.119083,39.22393811656544,1
26037,35.9,35.12425531560655,35.96499999999998,36.60752,36.305622855934644,1
26055,30.8,34.91747915231777,32.983000000000004,32.19672,32.362881349590275,1
26089,31.2,30.395633009530783,27.248999999999995,27.856209,27.79430819566538,1
26093,35.4,32.808504278605625,32.907000000000004,32.43358,32.234387272150954,1
26095,39.0,38.62552655535701,38.539,39.484413,39.416975804321716,1
26129,38.3,38.06332830175217,38.35100000000001,38.19513,38.18260838288192,1
26137,34.4,36.68358923238786,37.803,37.96937,37.76154624737371,1
26143,35.4,35.39024871107148,37.602999999999994,37.05847,36.745577536633675,1
26157,39.4,38.72873588462599,39.053000000000004,39.175953,39.15880834442604,1
27001,36.2,35.572766789220815,37.489999999999995,38.068375,37.67151696937973,1
27005,39.3,37.14808362803424,38.34399999999998,38.709373,38.49200713121663,1
27019,33.1,32.73070343206061,33.826999999999984,34.347958,33.919395189885165,1
27021,38.1,36.40753215404217,36.637999999999984,36.544186,36.454349905693746,1
27029,39.2,38.00022377457259,37.06000000000003,36.9591,37.07776126272509,1
27033,39.3,37.91126839469987,37.382999999999996,37.715405,37.73417096842375,1
27047,40.6,35.814322017734014,35.18599999999999,35.62567,35.54645577644012,1
27077,38.3,35.01810729811405,36.25499999999998,36.23699,35.95914008728495,1
27087,44.3,40.015460499325684,39.47600000000002,40.16427,40.24201299873047,1
27089,42.2,36.69580142532266,36.925,37.40271,37.262170318338505,1
27105,40.7,38.270642473221194,38.367,38.368244,38.36954881904568,1
27107,37.9,37.830548823684246,38.91999999999999,38.132042,38.08814672340997,1
27115,38.9,36.73560010796148,36.083,36.73016,36.673172184140356,1
27127,39.0,37.32832027978786,38.77600000000001,38.05616,37.94036255159778,1
27133,37.8,37.391952083606164,36.18499999999999,37.13739,37.13990814778168,1
27141,37.7,35.25485809539689,36.41899999999999,36.67077,36.38190109560153,1
27149,37.9,37.34201980063842,38.44299999999999,37.8538,37.7635693096105,1
27157,33.1,35.77904707840598,38.420999999999985,38.681995,38.247583116037646,1
27173,39.6,37.55278661206289,38.05999999999999,38.55898,38.42407334093649,1
28007,44.4,44.36568513640256,43.47299999999999,44.454956,44.74202470934812,1
28011,45.6,47.093662737899095,47.31899999999999,46.39341,46.89378275056464,1
28017,47.3,44.791837335205436,44.16200000000003,44.24928,44.626653509991634,1
28035,43.9,42.48853520644093,41.029999999999994,41.68916,41.990003859812916,1
28037,42.3,42.53606168574986,42.26699999999999,43.260117,43.38973324008703,1
28039,40.4,40.846114326426644,39.59600000000001,40.066868,40.28880627778061,1
28051,53.0,50.44000921759586,50.209,49.273182,49.98220923153892,1
28063,52.2,48.66894002676659,49.79200000000002,48.757294,49.24049991931244,1
28075,39.3,44.189318673733894,44.18000000000004,44.325844,44.59776590820982,1
28085,42.9,43.35301190281299,41.519000000000005,41.777676,42.206565708404185,1
28087,44.1,42.67259458762988,42.519000000000034,42.66519,42.88313952738171,1
28097,45.5,43.743072105006235,44.49000000000003,44.106407,44.33070962895868,1
28101,44.3,43.56118248907019,41.27400000000001,42.184177,42.60128742170853,1
28113,46.1,46.29665363324751,44.38999999999999,44.47936,45.07224632450273,1
28115,43.4,41.92863464899264,40.30800000000002,40.493893,40.84045202501561,1
28121,36.3,37.99361320781695,37.757999999999996,37.625496,37.666899088301186,1
28123,45.8,45.450940885166276,41.312000000000005,42.252335,42.9653635415083,1
28125,49.8,48.03919862166606,47.966000000000015,47.714455,48.217081205349075,1
28135,45.3,46.011405688308926,45.52800000000001,46.395504,46.72508243567027,1
28137,40.4,41.195261451515236,38.34600000000001,39.872845,40.17502174044433,1
28161,43.1,43.47678458824187,41.635,42.742516,43.08264033480843,1
29003,42.1,38.61261705992659,38.75999999999999,39.03981,39.01985470393826,1
29009,38.4,39.32876099063635,38.47,37.620472,37.875646048652925,1
29061,37.4,40.13314620738018,39.568000000000005,39.152393,39.362599481189505,1
29067,38.7,40.52580561682363,39.054,40.014904,40.19222553590883,1
29069,43.1,41.75492174606332,40.512,41.243607,41.47761369203874,1
29071,38.8,36.720086225111565,38.75199999999998,38.299084,38.05829700873169,1
29073,38.6,37.39621415017888,37.823,38.29305,38.16331429148532,1
29099,39.1,36.8970567240642,37.34299999999997,36.90555,36.85244237077486,1
29125,38.8,38.19381070085174,40.025,39.75352,39.58369897571347,1
29139,41.2,38.820669300083516,40.09300000000001,39.55945,39.51203580958094,1
29157,37.3,38.5511804541422,39.41199999999998,39.007088,38.979722267424414,1
29167,42.0,39.58426668777458,39.513000000000005,39.429806,39.520741487194734,1
29173,40.0,38.23730630738274,38.92100000000001,39.542007,39.40500485899291,1
29175,41.6,39.4323893064359,39.94599999999999,40.34941,40.3117821916687,1
29179,40.6,40.070942469817155,39.89400000000001,40.496243,40.544812389227,1
29183,36.1,33.14327197402074,35.05599999999999,35.209007,34.74767311014297,1
29186,36.7,36.82524139359116,38.589999999999975,39.205063,38.87965305430829,1
29195,39.1,39.174896301104255,38.51100000000001,38.7315,38.8370063420136,1
29207,45.2,40.11995112552964,39.878,40.45617,40.51714742581263,1
29211,40.0,39.899324814585476,39.68900000000001,39.978233,40.05782797551007,1
29223,41.4,40.17405739111308,40.095000000000006,40.105453,40.21413746415154,1
30005,41.4,40.65898960809929,41.18200000000001,40.684116,40.80365799226185,1
30019,31.9,37.83552508790788,36.799,35.89289,36.10540561884213,1
30035,36.2,41.31203434365604,41.885,42.810143,42.79436451122003,1
30051,37.4,39.265393186865616,38.132,37.51951,37.77647785968676,1
30055,34.2,38.610033743083605,37.094999999999985,36.233093,36.531270588576156,1
30059,33.7,35.36825257976291,36.637000000000015,36.846283,36.555503427467094,1
30067,27.7,33.19728638807146,33.69900000000002,32.636562,32.47555136391531,1
31009,39.4,37.83559979519344,37.342999999999996,37.53171,37.55903905036268,1
31017,40.6,38.576961229210376,36.648,36.783142,37.015019607409606,1
31025,38.1,36.26301148332841,38.514999999999986,38.259125,37.94982732751394,1
31037,38.8,38.83933030495938,38.47499999999999,39.578865,39.53528612018297,1
31039,39.7,37.27778801395214,37.575999999999986,37.030285,37.0239022735365,1
31047,41.4,39.05657640801144,37.26599999999999,38.828552,38.90646197429892,1
31049,38.5,36.51448951818336,38.329999999999984,38.801014,38.47156729092611,1
31051,40.5,37.7355237982731,37.16199999999999,37.193527,37.24311989462242,1
31075,36.6,37.20689968957711,36.770999999999994,37.302437,37.255578138275276,1
31087,43.4,38.91994951889382,38.37300000000001,39.373558,39.36619753597726,1
31095,39.9,37.202434756390005,39.59299999999997,39.161285,38.89953341147546,1
31101,37.0,37.8336758740825,38.641999999999996,38.151283,38.106246424179076,1
31111,39.4,37.69337914723953,39.141000000000005,38.70866,38.57750680401221,1
31127,40.9,38.435873824855236,39.1,39.45038,39.35524628692422,1
31139,41.4,38.70672492055758,36.96300000000001,38.119213,38.22119471990271,1
31141,36.4,37.56360777800317,37.26300000000002,37.412067,37.409286529330245,1
31149,41.0,37.75975390332882,38.36400000000001,38.145798,38.09001789609645,1
31153,38.4,35.332617190111,35.45199999999999,35.261585,35.145391500500445,1
31159,41.7,36.57358480492425,37.724999999999994,38.438267,38.16021249377833,1
31169,40.2,37.415851266256844,36.964,37.13627,37.141300159447894,1
31171,36.9,38.15237127956889,36.302,37.11949,37.245988565422486,1
31181,39.5,38.026652483873626,39.273999999999994,39.621788,39.44131248899605,1
32005,30.5,32.050478353001324,31.164000000000016,29.679716,29.671476983901318,1
32009,35.5,36.18249235953607,35.17400000000002,34.41559,34.531552982345445,1
32027,34.8,37.65015592621825,36.92800000000002,37.236416,37.26790763652373,1
32031,29.8,32.955676195858246,32.260000000000005,31.848406,31.73983573958136,1
33013,30.7,33.14667306069925,31.18500000000001,32.39917,32.2613946040398,1
33015,31.7,29.552894059708734,29.812999999999985,29.745382,29.330965924347385,1
33019,32.3,35.775701314422385,35.22800000000002,34.497066,34.53840925138825,1
34005,32.6,32.03444661774934,31.883000000000017,32.22521,31.926968036849246,1
34017,30.7,29.58833768353343,26.741000000000003,26.33966,26.319432384032396,1
34021,30.7,31.24772952083155,29.25000000000003,28.871836,28.828975191909944,1
34025,29.3,28.811384626593323,27.915000000000006,27.456171,27.18342819749348,1
35003,33.0,36.376320038069316,37.71200000000001,37.393,37.200750570120874,1
35006,38.3,38.973296285749484,40.714999999999996,41.160122,40.95617648182622,1
35023,34.9,39.278333296469974,39.148,38.30882,38.47726341724373,1
35025,35.5,40.47808218924019,40.325,40.9819,41.040503078771856,1
35031,37.4,40.159429420560166,43.39200000000002,42.654484,42.46818711073071,1
35035,38.8,38.718783049931645,39.975999999999985,37.64315,37.79495486050958,1
35047,35.1,37.131801626527235,40.336000000000006,40.061882,39.68617822272534,1
35049,23.1,32.48173928012882,29.86700000000001,28.661165,28.83911407375954,1
35057,34.8,38.855399308383426,39.50000000000001,39.22593,39.22268686937221,1
36021,33.0,33.61175518001582,31.557999999999993,30.499922,30.649635018277728,1
36025,35.9,36.462026125920666,35.269999999999996,36.023827,36.00378053144362,1
36043,37.8,36.918763271547014,36.819999999999986,37.20917,37.12640491987289,1
36047,26.9,34.50113132801478,32.39299999999997,31.268324,31.473026975316806,1
36083,34.6,34.36847917194551,34.731,34.42643,34.250523013423575,1
36091,32.1,32.123270191523055,30.105000000000018,31.315163,31.136789122205627,1
36101,36.6,37.62068131649921,37.958000000000006,38.463036,38.35001249716289,1
36107,35.2,36.69333429950162,37.297999999999995,37.180485,37.0638287162466,1
36115,36.0,36.63840631365478,37.63400000000001,37.323284,37.18112656759498,1
37013,38.3,39.524462944763194,39.431,40.116024,40.120380171593325,1
37057,34.5,38.77692730438693,37.40100000000001,37.91876,38.05373230092416,1
37059,34.0,36.17800803508171,35.861999999999995,35.38083,35.38630789657533,1
37065,40.5,44.69204164114122,44.44900000000001,45.300648,45.54328980377646,1
37071,36.5,38.910317801290375,37.796000000000014,38.110806,38.24489234825937,1
37077,37.5,39.460102964836,38.23500000000001,39.06886,39.18279348001946,1
37085,39.4,40.36299686689959,39.38300000000001,39.370224,39.593226272313345,1
37087,31.5,36.47157843079286,35.802000000000014,35.364048,35.41869634277549,1
37109,33.2,35.67321319890866,36.807000000000016,36.7398,36.50967211685604,1
37117,38.5,41.90149281996714,42.769000000000005,42.23144,42.373769690640955,1
37131,40.3,42.98153576704159,43.641000000000005,43.47272,43.64746080302386,1
37135,26.3,32.44694318154262,29.572000000000003,28.84192,28.994513831312744,1
37149,32.2,34.98186537496695,35.59000000000001,35.794647,35.56192659465214,1
37165,41.1,42.64260328694647,42.46699999999999,42.411896,42.653589113999004,1
37169,33.1,37.132543308397366,37.473,37.948868,37.8161008212916,1
37189,33.7,34.77167969777649,35.74699999999998,34.34453,34.24071863560034,1
38005,42.1,42.76664759165045,42.725,42.400223,42.662678600044416,1
38021,38.4,38.99662690105425,39.382,39.11983,39.15142567783848,1
38033,40.9,38.78237715358301,35.976,35.782528,36.16112282969905,1
38045,37.6,36.3417200579072,36.309,35.98442,35.94753494624724,1
38051,40.9,35.382290419314934,35.691,36.306522,36.08042550469146,1
38059,35.8,37.150908748844756,38.819,38.640358,38.43031635064078,1
38063,39.2,35.92786306827442,36.141999999999996,36.78359,36.59069735608552,1
38065,40.0,36.90858410962212,36.371,35.712444,35.79709468004413,1
38081,36.0,35.95042737613435,36.475,36.415672,36.26713552445457,1
38085,49.4,43.91411364356541,44.365000000000016,43.92891,44.200876873900924,1
38091,37.2,35.270157012167104,35.54600000000001,35.630787,35.46288759213307,1
38093,40.2,36.352639839271596,35.099000000000025,36.191216,36.13509932986587,1
39003,47.1,39.88950118224293,39.49399999999999,39.56399,39.688927399023626,1
39013,43.0,38.312288977542,40.10200000000002,40.094677,39.90540665260136,1
39031,40.5,40.3647767991863,41.320999999999984,40.791847,40.851747269805486,1
39061,38.6,37.982037783186286,36.05500000000001,36.72365,36.86772784957152,1
39085,40.9,34.20467693793743,33.58600000000001,33.75291,33.628514904962515,1
39095,42.4,39.45048596125187,38.29700000000002,38.17972,38.39192421563909,1
39097,41.7,36.596500674300465,36.97099999999998,37.51491,37.34572020796153,1
39101,45.2,38.94135485395795,39.52899999999998,39.07244,39.10020644768443,1
39113,41.5,38.75184083528223,37.37799999999999,37.736626,37.88808117287819,1
39127,42.9,38.540708357664606,39.418,38.981487,38.955305166474815,1
39141,42.2,39.09593696283687,39.462999999999994,40.183643,40.111483831840175,1
39145,43.7,40.60058705651147,41.89899999999998,41.839878,41.81880397014266,1
39151,38.3,37.56176315724288,39.382,38.708225,38.55552308601512,1
39153,39.5,36.47714166977904,36.42299999999997,36.434334,36.368430081192095,1
39167,44.7,37.57738623493071,37.284,37.6954,37.66295075968742,1
39171,41.5,37.96720636836815,39.81499999999998,39.49082,39.31450464157259,1
39175,40.0,36.824854052799395,39.039,38.21057,37.99603146699049,1
40017,42.4,36.380358449342,35.64199999999998,36.240776,36.182531127626426,1
40021,44.3,39.37888261184604,41.405,42.268044,42.00346396720851,1
40067,45.2,41.40331663801181,42.59799999999999,41.518185,41.66094580629012,1
40071,44.0,38.925608366846454,40.446999999999996,41.01631,40.821366028829644,1
40077,46.4,40.308497217664076,41.385,40.024292,40.16129404249327,1
40087,37.9,36.80783141356301,37.262000000000015,37.86273,37.687860424925915,1
40093,41.6,39.32498522681178,37.689,37.447395,37.72287097167776,1
40097,43.1,37.910888470444185,39.11600000000001,39.28787,39.12661517640097,1
40105,41.2,38.41754476917755,41.77800000000001,41.355656,41.03845300400321,1
40109,39.4,38.05500476605691,37.709999999999994,38.062172,38.06445172301279,1
40121,41.4,38.54802468623278,40.50900000000002,40.63462,40.42178630480494,1
40123,43.3,38.44132709487034,40.167,40.612988,40.38607787071678,1
40133,43.0,40.72744905491829,43.13800000000002,42.85558,42.73842594515083,1
40141,42.4,41.3807069419306,41.678999999999995,41.828667,41.93461397154323,1
40145,43.5,36.753121004413586,37.36400000000001,37.443455,37.3067274199258,1
41003,26.4,32.85338159409568,31.432,29.38002,29.533975641190125,1
41025,34.8,38.30844241741419,38.57700000000002,37.387207,37.50445123415275,1
41053,34.4,35.33131428816957,35.34699999999999,34.743973,34.685939237570565,1
41065,32.9,36.038155815237985,37.032999999999994,34.990273,35.01499025038135,1
41067,29.6,30.098088275865372,29.66300000000001,28.565845,28.371878141244736,1
41071,34.5,34.52778284684777,35.29700000000001,35.40646,35.144950593022315,1
42003,32.0,34.32144779386491,33.71300000000001,33.53233,33.45125077567123,1
42023,38.0,36.138079522475735,36.16300000000001,36.39902,36.28308988250454,1
42039,37.8,37.67756072034149,37.172000000000004,38.125153,38.060708920804394,1
42043,34.3,35.74244483266473,34.58,34.258556,34.3225696177727,1
42051,34.8,38.385947248037866,39.95,40.044373,39.87287487940778,1
42063,40.1,37.79663781906894,38.239000000000026,37.659153,37.664226152062014,1
42065,35.8,37.98870805349667,39.734000000000016,39.1884,39.049677790072685,1
42069,33.2,35.46720780008323,34.052000000000014,33.863144,33.92835604449743,1
42071,35.7,35.21891110786495,35.43200000000001,35.157207,35.034511415609344,1
42075,37.3,35.742111919122586,36.19500000000003,36.49398,36.30369232136368,1
42095,33.7,33.169426384789844,30.07599999999999,29.939016,30.08345836702904,1
42125,38.2,35.25584390452197,35.231000000000016,35.08558,34.97724233509576,1
44001,25.6,29.99731942653594,27.686,29.101107,28.834477022184352,1
45007,38.5,38.85543378889527,39.715999999999994,39.59814,39.55266874231477,1
45009,44.3,44.75929148356592,43.868999999999986,44.276794,44.64639336101467,1
45013,27.9,33.873411881495585,32.946,33.374672,33.240751133880764,1
45049,43.7,44.148060223797074,43.855999999999995,44.406635,44.663452051179746,1
45065,38.3,37.98780816875165,41.43100000000002,41.930607,41.48038242700197,1
45067,42.4,45.60348061032279,44.12500000000001,44.568825,45.04077129650123,1
45081,38.9,40.7350864168654,39.83999999999999,39.807713,40.0404819235061,1
46021,35.0,36.39486349128912,35.60300000000001,34.749527,34.8612848749121,1
46023,38.5,41.35059577842019,40.044000000000004,40.547756,40.795873854643034,1
46025,38.0,39.6335796546806,36.364999999999995,36.409996,36.85411805925194,1
46037,37.8,37.27632993111737,37.29300000000003,37.455463,37.40158902948845,1
46049,37.2,37.18802376671326,36.332,35.686966,35.819453403459626,1
46077,34.2,37.93332076650501,36.574999999999996,36.598988,36.74827675477444,1
46081,35.0,35.3690083202079,32.02400000000001,32.765244,32.94185008778671,1
46085,39.9,41.764462729174774,40.798,41.178093,41.420462794985426,1
46119,37.4,35.00447687825744,34.98499999999999,34.601425,34.50757057420852,1
46123,41.2,38.92244768758441,39.654,40.87355,40.69562045604973,1
46127,32.6,35.1013490447775,35.98399999999998,36.022667,35.78278361739825,1
46129,34.8,38.015747794398365,39.69599999999999,38.602562,38.534096682795315,1
46137,44.9,44.14038210930455,43.71900000000001,43.68397,44.021029102478565,1
47015,36.2,39.15618923467195,39.63300000000002,39.446285,39.46636081846566,1
47017,40.6,40.410026898597444,39.565,39.89125,40.06291290763656,1
47035,37.4,37.01289147354041,36.28100000000001,36.93502,36.89919532397365,1
47039,41.5,39.41120566405172,38.461000000000006,39.162796,39.25789460714661,1
47041,41.7,39.861326528103426,39.85400000000001,40.46623,40.484564701367546,1
47043,35.1,37.659265703758436,38.91499999999997,38.84559,38.693986185715076,1
47051,39.0,37.92295951610281,37.457,37.507507,37.55137961325968,1
47063,38.7,39.795166016891706,39.42999999999997,39.41842,39.54467684352257,1
47079,39.4,39.4262587477952,39.33900000000002,39.478596,39.53898349418957,1
47089,38.8,38.51838709318826,39.131,38.45498,38.4849189484233,1
47091,39.1,39.32189067764921,41.047000000000004,40.187546,40.14830049751828,1
47095,44.8,42.44865622224005,39.99100000000001,41.182655,41.53595478385474,1
47103,40.5,39.83553022103246,40.13200000000001,39.903885,39.98075870511917,1
47107,40.4,38.93972315739383,39.45300000000002,39.554592,39.52804873698838,1
47111,40.4,40.55520747241176,40.74800000000002,40.4706,40.59827196625426,1
47113,39.5,40.773572352464996,39.856,39.693794,39.94552089324819,1
47123,36.1,39.07728846865562,39.434,39.722046,39.69882228747284,1
47131,40.9,39.977446024767254,39.55900000000003,39.75275,39.8704818330737,1
47133,38.0,39.862896586021066,39.75499999999999,39.763363,39.861130081599725,1
47187,28.7,29.724140931980116,29.885000000000023,31.610445,31.013798836253955,1
48007,40.3,34.30588447123044,33.23900000000001,32.45235,32.491032333237484,1
48019,36.0,34.071500294710106,35.005,35.220993,34.90755637413437,1
48027,39.0,39.89695450421297,38.522,38.800888,39.014598249991735,1
48029,37.3,36.67528498410178,38.66400000000001,38.467075,38.2003736566264,1
48039,39.6,34.75785452035474,33.974999999999994,33.920647,33.865559528471536,1
48045,43.3,38.424403376412535,38.75800000000003,39.19085,39.12367995715175,1
48049,38.3,38.61861395331005,38.98,38.872112,38.87155746773292,1
48053,41.7,34.702552086821505,33.44100000000002,33.66828,33.63366708490057,1
48055,39.0,38.315298037336895,40.40100000000001,40.960426,40.67378157346279,1
48067,38.6,40.87697809319754,40.78300000000001,40.705334,40.858261598725726,1
48073,39.1,41.058474670194215,40.937,40.736046,40.91439806018472,1
48077,34.5,36.39719826424955,36.56100000000001,35.353954,35.39637014409748,1
48091,39.1,31.82481503682912,33.09499999999999,32.59173,32.216351173577856,1
48093,39.1,38.76778805454892,38.021,37.548286,37.722272486549066,1
48103,40.3,38.22059259610953,39.865,40.4584,40.21396001426864,1
48115,42.6,40.015482061566765,41.72300000000001,42.290142,42.12477585651012,1
48123,41.0,38.06572898561108,38.717000000000006,37.87171,37.89524240994466,1
48131,42.6,40.510074775118106,43.629,44.945225,44.55737527831614,1
48137,42.3,37.314293499440616,36.909000000000006,35.32984,35.52167904617242,1
48141,39.3,38.34871652278022,39.78999999999999,41.08483,40.790713922767935,1
48143,39.7,38.02831170304079,38.069,37.551044,37.605810602115504,1
48145,42.7,41.18382647833677,40.87600000000001,40.87956,41.06203710403675,1
48155,40.4,38.01999821481302,37.729,37.855373,37.875234622282726,1
48163,41.6,39.78907559673576,40.51699999999998,42.326412,42.1228391850257,1
48175,38.9,36.964846545422894,39.12399999999998,39.019493,38.73637542997673,1
48197,37.1,39.77824342972031,39.59700000000002,39.944885,40.00894381704865,1
48205,35.2,35.654065397003684,37.417,37.502033,37.18202523156973,1
48251,41.6,36.59393404478849,37.26,37.405468,37.24762542673446,1
48255,40.5,38.10372838257866,39.92699999999998,39.971096,39.76252924610641,1
48259,32.8,31.346181501044757,33.461999999999975,31.305483,30.997073046389083,1
48291,39.8,40.168689638302794,39.25900000000001,39.58631,39.754037448077675,1
48299,38.5,34.313446085477224,34.88200000000002,33.24862,33.19596044221469,1
48335,41.1,39.53082905837637,40.10400000000001,39.663666,39.718629748128336,1
48339,35.4,34.651175540778716,36.942,36.314957,35.96810212549025,1
48341,39.0,38.073274248657825,40.01399999999999,40.236233,39.992811954170236,1
48389,42.7,37.56930088149724,42.417999999999985,41.870064,41.35755663439161,1
48391,40.7,38.474276870899715,39.638,39.63682,39.525902920402565,1
48395,37.9,40.88312803400196,40.53499999999999,40.67123,40.829441692109526,1
48401,39.6,39.788145021515234,39.186,39.72596,39.816980508817736,1
48411,39.4,37.898891853688276,39.23000000000001,38.54668,38.46658799393809,1
48413,39.7,38.22718962547147,39.53099999999998,39.79762,39.62912537263673,1
48449,40.2,40.73886104379491,39.98499999999999,40.567368,40.71509647320336,1
48451,37.6,37.10707980207695,39.08800000000001,38.83493,38.59547692559234,1
48465,42.1,39.01434679844277,40.377999999999986,41.82485,41.553419590586635,1
48469,39.1,38.16828216844089,39.922000000000025,38.89466,38.81745514324975,1
48477,37.1,36.53070808391176,34.847,35.227535,35.30880801020921,1
48487,41.4,38.201462288987436,39.074000000000005,38.052685,38.07702029883528,1
48489,48.8,40.67348804578044,46.018999999999984,44.485844,44.17142405445021,1
48499,35.9,36.93713036364709,35.55000000000001,35.937195,36.002703666027784,1
48507,47.7,42.10718134477016,46.894000000000034,45.910984,45.66513168781428,1
49035,32.8,34.92629210801692,34.616999999999976,33.768238,33.75614758139477,1
49047,34.5,40.95803725606791,37.641999999999996,36.560555,37.1981904255966,1
49049,30.7,37.82259011587507,34.006,33.307766,33.81394921255627,1
50005,29.7,36.90322337949289,35.60500000000001,35.336773,35.46421154125746,1
50007,24.5,31.79780135450571,30.854000000000013,30.824144,30.64726201934269,1
50017,26.7,35.2180864384846,35.98099999999999,35.381462,35.23240607662396,1
51005,40.9,38.14936314588494,38.788000000000004,39.275246,39.15434121232513,1
51021,39.5,36.84448913649117,37.184999999999995,38.321533,38.101134865086884,1
51027,44.6,40.47582403603806,41.988,41.973557,41.91724535288175,1
51031,42.5,39.1985002901502,37.416,37.594536,37.833659814713386,1
51033,41.6,37.82486561466153,36.94499999999999,37.105347,37.17961011081291,1
51037,40.7,41.810679247248785,40.817000000000014,41.17378,41.424023988849925,1
51063,36.8,37.67358627830295,37.435,37.894894,37.855199398050836,1
51073,36.6,34.880136766465284,34.90199999999999,34.210133,34.14043040827474,1
51077,42.4,38.59284446361934,37.776,38.298893,38.36086601579791,1
51089,43.4,40.664309172958504,39.75500000000001,39.657063,39.895549134815525,1
51097,41.8,37.48909482798216,38.17000000000003,38.542896,38.399358854972796,1
51103,40.6,35.21385529984773,36.681000000000004,37.768204,37.34891991982719,1
51121,35.8,34.55803910101715,36.432999999999964,35.88138,35.56923676411904,1
51125,34.8,36.47307537860775,37.332000000000015,37.713036,37.50107186957333,1
51127,37.2,31.824862282659147,32.68499999999998,33.83578,33.32135884843798,1
51137,36.8,33.28294587325997,34.61,34.86389,34.46461927819403,1
51141,40.8,38.740183872046785,37.324,37.65947,37.81782420558828,1
51143,43.9,39.65474861940129,39.091000000000015,39.452133,39.55267167478578,1
51153,33.1,29.992471575291454,32.43999999999998,32.578888,31.91175110567042,1
51169,38.6,39.981970579532664,40.59300000000002,40.687664,40.6991206386479,1
51185,40.7,39.61908103926685,40.94900000000002,41.3921,41.265413540692855,1
51195,41.7,40.19878487216617,40.91800000000003,40.941883,40.959000430630496,1
51199,33.7,31.989571099315828,33.342999999999996,32.878197,32.49663472210493,1
51640,41.1,38.032563665159216,39.411000000000016,39.340958,39.192738583422624,1
51650,42.2,39.71381300939005,37.52999999999999,38.173172,38.429852685857625,1
51660,40.4,36.35383707305099,37.665000000000006,37.62693,37.40486337306594,1
51740,45.2,42.14418927784402,41.065,41.20187,41.502084801882525,1
51830,37.7,30.660013491230572,34.515999999999984,34.74599,33.93868680088267,1
53001,38.3,41.17008258660275,38.04199999999999,38.53104,38.98054188770297,1
53011,32.6,33.45664087182714,34.279,34.28133,33.976057942562356,1
53015,39.0,35.96671829687842,37.24999999999999,35.898174,35.80897082544971,1
53017,37.8,37.00899125033953,34.92899999999999,31.327625,31.92390199848665,1
53051,32.8,37.15704523091988,35.70900000000002,35.67673,35.8065529305948,1
53059,35.8,34.52315207842628,34.52,34.013996,33.909688831375796,1
53071,32.7,35.56290095073105,33.86300000000001,32.49979,32.733956341667195,1
53073,28.2,33.653974266548914,32.42399999999999,31.561008,31.596636546745557,1
54003,40.3,36.95861401839775,38.30799999999999,37.908375,37.750654375396905,1
54007,39.5,39.28764499126343,41.02800000000002,41.32281,41.150507727208065,1
54013,44.7,40.26191351216024,41.44900000000001,41.46277,41.430497724440194,1
54023,41.1,38.53074513181625,39.57200000000001,39.715557,39.604985816930686,1
54057,43.1,37.853012964424614,36.606,37.845833,37.84202898449367,1
54071,38.5,37.90497259436395,38.28799999999998,39.21813,39.06530637533112,1
54089,42.8,40.01399786271304,40.76099999999999,40.74252,40.75264378624771,1
54093,37.9,37.09780841668993,38.01299999999999,39.362457,39.06423068809745,1
54103,37.1,37.89900263247589,39.93000000000002,39.267933,39.105492318833036,1
54109,46.0,41.43831040906072,42.24100000000001,42.190166,42.26369311513641,1
55015,39.7,35.514917984293106,36.957999999999984,36.441017,36.21875274738115,1
55027,40.5,35.9167846506327,36.48800000000003,36.179634,36.05219530407236,1
55033,41.0,36.06149399433497,34.44699999999999,34.90525,34.94809617093816,1
55049,39.4,35.76984107948297,37.18499999999999,37.27542,36.99991744221906,1
55078,43.4,40.9360658252962,43.392999999999994,43.438385,43.288776270490374,1
55095,40.0,35.71904382617638,37.146000000000015,36.754288,36.52926400936545,1
55097,36.0,34.87089977130002,33.10799999999999,32.78811,32.88008713833128,1
55099,42.1,36.10353715119816,36.736000000000004,36.87024,36.69472958263658,1
55111,39.6,35.5919759232932,36.69,36.498085,36.28228841839748,1
55125,35.1,31.91355614653249,34.465,34.440857,33.86936320615267,1
55131,37.1,33.7107243800428,35.41399999999998,35.103363,34.74441379682549,1
56009,37.0,36.83217875738143,38.144999999999996,37.854317,37.6826599225723,1
56011,31.2,36.82067117785288,36.21400000000001,34.844017,35.01243549628594,1
56027,36.9,37.26744149875715,36.66199999999999,36.80329,36.82246213197918,1
56039,22.2,28.611807243537406,28.61,26.75498,26.52767862428749,1
01015,38.3,40.52311168696865,40.17895389485127,40.758636,40.970548061585276,2
01025,44.4,42.60877458528208,43.478348809523816,43.975822,44.12109434083278,2
01037,42.8,40.01183887122277,40.05765288600289,40.497993,40.61684830826676,2
01099,42.7,43.76170239932552,44.488153571428576,44.550434,44.748591210004626,2
01115,33.0,38.69856854352979,38.61710153036943,38.654293,38.69262648466314,2
01119,45.2,47.68577774429509,48.867028052503066,48.634235,48.95915337019497,2
02164,38.2,40.041269595610004,39.52533650793651,39.891884,40.08767022449496,2
02170,31.4,36.368342608172476,37.355484523809515,37.051994,36.787920770713036,2
02290,39.5,40.156691742088356,39.351701984127004,41.95968,42.35729234152914,2
04007,34.4,36.254799094519214,33.50209642857142,34.648266,35.01316619336479,2
04013,32.7,34.560566243167926,34.71763670218669,34.35675,34.10981384376161,2
04023,32.4,38.91666141199262,40.182751146384476,40.33644,40.20167129566956,2
05003,42.1,42.64521018368578,41.83088422845585,42.319855,42.7075710000003,2
05013,38.7,39.97550777209732,40.32724633557657,40.875557,40.95608083675769,2
05023,36.6,37.65048352369605,38.262601388888896,38.57907,38.48065968402821,2
05033,39.5,39.312788935937775,39.144584863473845,39.29247,39.384044692844355,2
05057,41.2,44.02096327845653,42.13656792851539,42.440823,43.04340164073802,2
05087,36.0,39.88715503856001,39.36631093073593,39.319042,39.478729037526875,2
05091,43.7,42.1760815472482,41.615592456357405,42.338593,42.68070650401837,2
05103,42.5,42.76750338415772,43.66413997113997,43.849228,43.97771626543136,2
05113,37.0,40.3553177966184,38.740342246642264,39.031307,39.39620756369101,2
05135,38.0,39.999553539664554,39.63138025030525,39.812515,39.97213744417244,2
06017,24.8,31.288713839413653,29.076079761904758,27.99835,27.86442805881158,2
06025,38.5,38.95634346826583,40.259402097902104,40.60094,40.47594788762926,2
06043,32.3,34.55282828246715,31.739434704184696,29.832878,29.904421424210035,2
06047,34.5,38.50948575298562,36.03583448773449,37.891922,38.387623074073915,2
06051,29.1,32.10286410227601,30.210008008658004,30.421211,30.374207441998067,2
06065,34.0,33.672659539828175,34.73054368686867,34.647575,34.2427950313548,2
06067,33.9,30.644939051801956,31.61044880952381,31.062632,30.475390391552324,2
06069,29.1,32.30291961600944,34.48332301587302,33.17199,32.447945329271874,2
06079,28.2,31.55039542100337,28.285565115440114,26.489235,26.470650556157302,2
06081,21.4,18.506472036446795,22.120655086580076,22.996773,21.47201690256097,2
06085,22.0,15.360787071963127,24.53603167388167,24.289587,21.72142281522665,2
06089,28.7,35.923222564164604,36.469571710067406,35.818207,35.56923496722158,2
06101,32.0,33.19772465714731,36.273247313797306,36.68249,35.997059591750485,2
06103,32.5,38.628909103176795,38.859502533447575,38.877266,38.865823229137185,2
06113,28.5,31.001669339662527,31.277608696858707,29.683409,29.14218166168998,2
08005,25.7,33.20488750928978,30.865136111111106,30.418325,30.449611438146746,2
08014,24.6,28.93290261646062,28.758867063492062,27.215303,26.630121511233344,2
08027,26.8,33.83613114756474,34.61314931457432,34.62885,34.279902997071524,2
08031,23.8,31.992735206345117,29.11373192918193,28.829628,28.883765657470498,2
08035,20.9,28.277420302609197,31.06784841269841,30.575031,29.602319218210198,2
08047,25.2,32.15538941236698,29.795058369408366,30.356531,30.40338681411474,2
08053,25.9,31.23337528948417,35.08379246031745,34.04468,33.04246593533271,2
08059,24.9,30.911594665588396,28.632705483405484,27.818542,27.691847894441395,2
08061,30.0,38.09353950085031,36.50374250208854,36.57197,36.795653276326675,2
08065,26.2,36.30809945283664,35.56527261904761,34.566574,34.4990684391648,2
08071,31.6,36.69559949673622,35.399474808429126,34.197796,34.21648455364595,2
08075,30.0,37.28892845535797,35.73448838383837,35.986576,36.17434106335219,2
08081,29.6,37.551705747300396,39.13168487347656,38.887066,38.60615726587822,2
08085,33.6,36.59055715321871,33.85988680124223,32.69926,32.920457216920475,2
08089,31.6,38.905308188075225,40.64069825271345,38.89564,38.56244424134191,2
08103,27.9,37.69511300755481,39.235052988026716,38.593132,38.29837529749425,2
08115,29.8,38.409269692070616,37.918438492063494,37.39203,37.43454817009111,2
08117,22.7,26.368957011675334,25.87817344877345,24.512466,23.846236568178217,2
08123,31.2,35.35368610645631,36.069324711399716,35.4225,35.11881258489084,2
12005,35.3,36.83498814956515,34.683315109890096,34.767204,35.004350782792294,2
12057,31.4,36.379012709986455,35.854317831438124,36.574448,36.597801910417765,2
12061,33.0,34.73515217506606,32.67239733044732,32.489784,32.582331989269775,2
12065,37.9,39.65938098514194,39.463633730158705,40.146484,40.297547472005526,2
12071,31.1,34.329714587703194,31.057563924963926,32.163116,32.49549801680398,2
12075,38.5,39.71215655669705,39.723164087301576,39.19971,39.24103767048544,2
12077,40.8,39.79217141639494,40.88191845220752,40.833828,40.75775788178233,2
12079,36.5,42.633563035312406,42.14361466069769,42.699306,43.04454693151839,2
12083,39.1,37.102308684681276,34.57530317460317,35.51353,35.87763873763375,2
12091,33.6,35.679627783469634,34.606610446196335,35.467224,35.54092415673653,2
12095,32.8,36.1080434557445,34.110024458874456,34.592587,34.79585992724937,2
12105,41.6,38.62491360150215,38.077889038463155,37.43645,37.490760454813454,2
12109,26.5,32.05442110925305,33.314152380952386,33.067722,32.535305053536504,2
13003,42.1,42.894913863627536,41.75915912698412,42.63755,43.11157344570849,2
13007,41.9,42.47310879497916,43.22297777777778,43.40453,43.537867785243186,2
13055,39.0,41.94755257259071,41.43966154619038,41.1922,41.44766162857106,2
13057,35.1,33.14402534704429,35.802979365079366,35.401375,34.71688867855516,2
13073,36.0,35.40714862611228,37.35731666666666,36.45701,35.962042153261784,2
13087,39.8,44.163357518721405,43.56996825396825,43.98678,44.41998548534441,2
13091,44.6,42.92428450694332,42.06569563492064,42.176395,42.55951285195889,2
13095,44.4,45.937237789952384,46.677017460317465,46.22952,46.50832364928497,2
13113,31.3,33.30457562817219,32.1046880952381,32.749138,32.697713136897036,2
13123,36.7,36.393504544750535,34.562006457431465,34.665577,34.83437240780124,2
13133,39.2,37.84143822229227,34.62635238095238,36.908142,37.50315087020599,2
13155,40.3,41.73284327661154,40.87632051867885,40.932472,41.247121781365955,2
13165,44.5,42.75795204709272,44.444007936507944,43.972366,43.9421467515924,2
13167,42.8,42.58461163014074,42.74751521560647,43.744667,44.02417322281811,2
13171,41.5,40.288785669307146,39.532615075704946,40.14022,40.400365503659664,2
13205,46.8,44.210075417579546,44.01150698757763,44.44327,44.82351295447726,2
13209,42.7,42.22672496193708,41.13785000188435,41.216545,41.592711451823995,2
13223,38.5,36.95073541027004,38.47243888888888,38.439964,38.14949983705398,2
13233,41.7,41.47571462884083,40.87219183812112,40.827072,41.0846335585077,2
13239,44.1,43.84235159752463,42.68878293650796,42.127163,42.55589222253065,2
13241,36.7,34.667940278126714,32.075480158730144,33.247658,33.50560899274426,2
13261,44.0,45.14810742103877,44.5208630952381,43.238674,43.61308344664785,2
13263,43.9,41.99207941352506,43.14740209235211,43.309597,43.35755215618944,2
13281,37.0,33.95066795346809,35.0508111111111,34.48318,34.05403858457577,2
13287,43.7,45.1267924765479,44.32940317460318,44.285618,44.76843192366488,2
13289,42.0,40.74993473567711,43.891334812409816,42.71431,42.318650322893006,2
13305,41.3,42.047468736041765,42.351064316158265,42.316433,42.47577089386341,2
13321,39.1,41.977500584731196,40.77620471863317,41.26975,41.67707444706166,2
15007,22.8,25.229290976328336,30.657538347763353,26.917286,25.178730302018668,2
15009,24.1,26.53212991650605,32.854351443001434,29.639273,27.879313329379002,2
16007,33.6,39.89108521533588,37.612438079029,37.42679,37.82880622474843,2
16011,41.1,40.35798619308735,36.98902342018092,37.227905,37.840459356531746,2
16019,35.2,38.93170042090021,36.004152754435104,34.88825,35.267287590777265,2
16033,35.7,39.989092849220846,37.728157277663854,38.64197,39.12239439135569,2
16035,32.8,35.606893900710425,34.79963055555557,32.82877,32.66569225982596,2
16059,32.9,36.12340979176856,35.359158044733036,36.381737,36.44637283505569,2
16063,36.5,40.023672980626884,37.60931813633226,37.721928,38.17106137141992,2
17003,43.0,40.72903268572517,40.45405937950939,42.400433,42.70759990115227,2
17019,35.5,34.21463514076502,34.60584722222224,32.703182,32.29795119271495,2
17033,36.8,37.34729214765382,37.87495555555556,37.829655,37.70205116643573,2
17051,37.2,38.10165560414481,38.10117063492064,38.73416,38.76961766982653,2
17059,38.4,38.945130781154596,39.84062857142855,39.644512,39.540267861376,2
17061,37.5,39.20903837816416,39.940143440647816,39.534935,39.45410825418508,2
17065,37.8,38.879541953275044,40.00488442438525,39.61211,39.4578863040794,2
17077,39.0,38.767558861368315,39.1354704395524,38.257538,38.17231148075716,2
17083,37.8,35.35278266823843,36.89419920634921,36.52811,36.125473211774455,2
17085,34.2,34.55328640392561,35.51406706349207,35.941338,35.63317577186847,2
17089,37.3,32.97863591520625,35.06307860750362,34.91433,34.32054147232235,2
17111,34.2,32.567975441343094,33.71394642857142,32.786507,32.25128949306209,2
17113,35.4,35.364436502011145,35.72908563074352,35.47547,35.24966294960095,2
17119,35.8,36.807423772537774,37.68668164411117,37.42317,37.2010295482608,2
17123,37.0,36.86190263352336,37.14463753480424,37.537476,37.44883389764678,2
17125,35.2,37.54583010391161,37.12866468253967,37.63237,37.68852912939357,2
17127,38.0,38.99172637483783,39.29760902340103,39.701847,39.725832073827114,2
17135,36.2,37.67655268706332,38.104376842718544,38.370308,38.29621174351778,2
17139,35.6,37.50387005906976,38.77142593795094,38.85026,38.633744883900555,2
17149,37.3,38.975452136827,39.23309064595112,39.15236,39.149005383413524,2
17153,42.8,41.604448368586795,41.395673214285715,41.497116,41.71521094385053,2
17161,37.4,37.50130059423228,37.057756734383425,37.108257,37.13460527086173,2
17163,38.2,38.97168667152484,38.93578562335776,39.12627,39.18339407261905,2
17179,35.2,36.70947721576584,37.98527795067417,38.40341,38.166106385251,2
18001,40.0,41.10698617962896,38.698634366486864,38.69649,39.19544379786331,2
18035,39.8,38.60148842026327,40.0617172077922,39.698093,39.48290040747884,2
18049,41.8,38.014537373930686,39.68266729569727,39.13849,38.84937624318317,2
18057,27.9,31.09255611945195,30.160897619047617,31.166334,30.981745971516418,2
18059,35.8,35.48971242898945,37.50978968253968,37.571453,37.13712515304373,2
18103,42.1,38.72038499866193,39.1796017794552,39.436005,39.41319722806578,2
18105,37.6,35.556977976100754,36.19794509379508,35.858444,35.59758080116659,2
18117,41.7,39.04999121729892,39.2888068966617,39.688984,39.72544080475036,2
18131,41.4,37.58309786385126,39.593432712627305,39.573257,39.247879766241894,2
18155,39.5,39.19946611950809,38.78551187318957,38.879196,38.996096251749265,2
18183,34.6,37.225942936120646,38.73977977007589,38.63114,38.35144345824633,2
19001,41.9,37.93654986628251,39.26677888994645,39.536797,39.34785506128611,2
19003,38.6,37.98651424544302,38.926956414148435,39.35229,39.23253672674572,2
19009,41.7,36.58094873130285,37.37362948549035,37.742035,37.56352008979181,2
19011,41.7,36.869586011822555,37.9940896103896,37.995888,37.760254887674435,2
19013,39.1,37.63699468558748,36.8704871328622,37.412136,37.525844995153136,2
19025,38.9,38.03021739069477,38.76743695896905,39.351215,39.273817011510836,2
19039,42.5,38.56348623851965,40.291645107233855,38.255978,37.88534044913036,2
19041,40.6,37.25416025665489,38.46553501305288,38.11706,37.865687877473526,2
19043,40.6,37.47362449482533,38.78921260366043,39.126633,38.9193946585169,2
19051,40.3,39.035367507387896,35.44725000000001,35.95992,36.55117049279349,2
19059,36.9,33.741096841121,34.073375,35.094337,34.87308040940708,2
19075,38.7,36.472269100416604,37.9608753324057,37.920345,37.60819480150556,2
19079,35.4,37.006342147090656,38.10688764472815,37.91708,37.67908880457003,2
19095,35.7,37.392662020630524,38.29167117386002,38.153194,37.968473490678,2
19099,39.2,37.266902825638915,38.08263270259432,38.648907,38.517793732410645,2
19105,39.4,37.01866586774841,38.256966309650345,38.689297,38.47505363438389,2
19113,37.3,36.34414186322636,35.74476367243869,37.028076,37.0989823919569,2
19119,38.5,39.11153562669455,37.866761131058496,37.13903,37.31360068043491,2
19121,38.2,36.28401198208685,39.133502380952365,37.898914,37.29961798656854,2
19123,42.4,38.35359522879966,38.677631484321665,39.334656,39.33893053085746,2
19125,38.3,36.69353966752606,38.2540188389959,38.187103,37.87481222768999,2
19127,40.7,37.28125771635178,38.83582500513345,38.215233,37.89747305356695,2
19131,44.9,37.65183808933886,38.55945759870946,38.301495,38.1213338159587,2
19149,37.5,36.88164999958535,38.59937846002769,38.54172,38.2177270055628,2
19153,38.9,35.65622192500761,35.004485894660895,35.448753,35.43223526522533,2
19171,41.3,38.02672676041619,38.62697009763972,39.241234,39.185352965143956,2
19179,42.0,38.799434580245006,37.8138500033612,38.59322,38.817496760539,2
19195,39.9,37.289590402229784,39.40173468338124,39.160545,38.78951822952633,2
20001,41.3,38.8052209982123,38.92890667388167,39.39591,39.440209819576616,2
20017,38.8,36.33017840742206,34.88463766233767,35.26138,35.39029262407107,2
20021,42.0,39.06293679923847,40.291987950937965,39.573128,39.391539149715186,2
20053,39.8,37.13782892617575,36.61259404761904,37.14958,37.201437513192204,2
20061,37.0,41.04422801855713,38.47940750915751,39.64703,40.24546645850788,2
20071,36.5,37.88620289219899,36.74963534191163,37.180225,37.352743980759165,2
20099,43.6,40.37058789173072,40.072369956259024,40.38483,40.56353437685525,2
20121,35.4,36.34593076202042,38.30295168703846,38.721054,38.36656973150024,2
20129,38.6,37.56992873572309,37.546454830439416,37.979282,37.97550915882427,2
20137,40.1,37.476818294888616,37.95103333333332,37.889187,37.77509971093807,2
20143,36.9,38.07840196108863,39.250750859591086,39.866787,39.73192204107653,2
20155,38.0,38.53005825025689,38.57814951410586,38.675323,38.690125561777,2
20161,35.2,35.95247535235032,34.38912857142857,33.73556,33.790033997206955,2
20175,45.5,38.471491242193956,35.858807418909585,36.929035,37.3885193754602,2
20191,39.8,38.68867448841275,39.28957162746941,39.50719,39.459718193567696,2
20195,36.2,36.93465201145982,36.93999166666668,37.339066,37.29449693922083,2
20197,41.2,36.725479086045205,39.53993924963924,38.85579,38.32324622783835,2
21001,37.3,40.96294568088247,41.357294299574676,41.462452,41.55977694217647,2
21009,40.7,40.098158777676105,40.8681674310065,40.830334,40.81728577404973,2
21025,43.1,42.34742673872231,43.058213492063494,42.99527,43.110586510771256,2
21029,38.1,37.68579807904386,38.26152082146621,38.375874,38.27067645505245,2
21031,42.8,40.81842308600334,39.76281322011322,39.771183,40.06160442526355,2
21039,40.8,38.51062191772765,39.08894616228961,39.69492,39.667769627257904,2
21041,40.4,40.55541559856526,39.120091666666674,39.785378,40.16113136761202,2
21047,41.8,42.14551644157032,40.76012947118242,40.44652,40.833754798808066,2
21049,40.0,38.21804910806512,38.97301275537731,39.076145,38.97329477118631,2
21051,43.2,43.67239930074628,43.38115891053391,43.712845,44.07039613219817,2
21057,42.8,40.682358365799324,41.26489253246754,41.31348,41.364802804331696,2
21063,42.2,41.42011668910636,41.62371684704184,41.814667,41.96991928147783,2
21075,45.4,42.08785215449524,41.15414715320909,41.19191,41.535538010746535,2
21077,40.3,39.951662816021326,39.68238458006513,39.3142,39.41928462657141,2
21079,39.5,39.43822740703578,39.319812082276705,39.544308,39.64080884598807,2
21083,40.5,40.17411471141565,40.76574802796754,40.794353,40.815518656429745,2
21087,42.0,40.663502792811016,40.33093831168831,41.087357,41.317358349449194,2
21095,44.7,43.38419061546236,42.469245959595966,42.820877,43.253504195695285,2
21097,40.0,38.44552783764536,39.77755448833192,40.12044,39.963775484746215,2
21101,40.3,39.1534442878281,40.235380881368926,39.72531,39.584040961370796,2
21113,36.7,38.90123142018189,39.05583394123508,38.76666,38.75970175144391,2
21123,42.3,39.771931327575466,39.79200481032127,40.146374,40.25002736589774,2
21135,46.3,42.29187863676263,41.20703690476191,42.360134,42.81316292735911,2
21139,41.1,39.28759681443009,39.29388333333331,39.592846,39.66847416652174,2
21143,38.3,35.40727458695629,38.117648196248204,37.01478,36.397055314788766,2
21145,41.6,37.610221859608444,37.74815229038364,37.58688,37.52130609511681,2
21165,40.8,41.917733588029115,41.58260984126982,42.354195,42.653420449934295,2
21175,38.7,40.265758789198834,40.78936626984126,41.060566,41.11311450954328,2
21177,41.4,40.42578033670309,41.04497088084123,41.29502,41.341083443449634,2
21179,34.4,38.470251528378384,39.15714888526416,38.8657,38.759083043426116,2
21205,41.5,38.61727355058003,39.0155273015873,39.261135,39.24073712540699,2
21211,36.1,36.771647482464004,37.352327945420576,36.153797,35.90813947094794,2
21223,38.6,37.146993397236095,38.09162717550338,38.34374,38.1660751198001,2
21227,36.3,37.51744907399098,35.506991095284654,35.936146,36.21372983268357,2
21239,35.1,35.42961416429854,36.0868500962001,36.41152,36.18713307727905,2
22015,44.7,39.859167616547694,38.65600511990763,38.662724,38.92228890837525,2
22017,45.9,43.621915924766306,42.89244841269842,42.99447,43.396224369785564,2
22023,39.8,38.80858799076947,38.78354214349956,39.176655,39.23734660297492,2
22039,46.3,44.58865879164065,43.265857448107454,43.54724,44.09854594389881,2
22043,38.8,39.62488903331088,40.56361292162698,40.821728,40.7792991671983,2
22087,44.1,43.0015970102359,39.954653632478646,40.54983,41.28373497422632,2
22091,46.3,44.08542588798123,43.34934325396826,44.4892,44.98836595932015,2
22103,35.1,37.317607415476445,37.13550841500182,37.679802,37.692762825617294,2
23007,33.4,36.605582417953556,37.058666666666674,36.3403,36.13696564898854,2
23009,28.3,34.08010334447432,35.00641944444446,34.043686,33.61924367766112,2
23015,31.8,33.72007756341979,33.014016341991336,32.72253,32.55848642244722,2
23017,36.7,38.047357155953584,38.8643594877345,38.625454,38.48096169739963,2
24003,34.7,31.293494956972882,34.34017301587301,32.614567,31.683431598553618,2
24005,33.2,34.91599990351087,33.63794484126984,33.64657,33.64971695591291,2
24011,38.6,39.209411411929786,38.58786172887947,38.79083,38.94550338466947,2
24015,37.6,36.02747412279506,36.718958431539,37.362324,37.18728706540004,2
24021,31.2,31.43080557987627,32.61753434343435,32.18097,31.61220381903147,2
24023,37.3,36.593770189841365,37.88201468253968,38.27489,38.027810250378835,2
24031,24.2,27.74098849752685,29.844545238095243,28.534807,27.5752176735675,2
24045,36.7,38.41864619832056,37.962889950600015,37.624874,37.675840464793595,2
24047,36.2,30.967022739354164,32.12120905483405,33.18314,32.69705104857285,2
25001,26.5,29.58930988603182,28.40487411477412,30.425287,30.265436113217866,2
25003,28.9,33.99608154521967,32.38444960317461,31.737907,31.693996590932187,2
25007,28.6,28.429175443774085,28.02037454767455,28.505764,28.066542911135997,2
25021,27.0,26.83570694405382,30.54114206349207,29.761019,28.55960123408987,2
26011,38.3,37.845570353700005,38.07989226190477,38.338833,38.30109513965407,2
26019,35.0,34.049699757663774,34.44076446608946,34.726707,34.463152333819174,2
26021,40.0,37.85851349738837,37.25025305904206,37.65835,37.75219602748138,2
26025,38.9,38.522442926839396,37.884022350255236,38.65235,38.811193918572165,2
26027,35.1,37.448377378466475,38.74980030402778,38.098907,37.82433790335431,2
26041,35.6,37.428404558836846,37.14352599206351,36.801163,36.773827158458126,2
26059,36.8,38.584003266163016,39.66494290522787,39.122932,38.9488186060675,2
26063,38.8,36.95187570863625,38.50891587301587,38.228043,37.915491746551226,2
26075,39.7,37.91363429414852,38.058226800175134,38.38819,38.371865181812396,2
26079,35.7,37.28715457079668,36.762651190476184,36.971104,37.008329737828866,2
26081,33.5,35.96222048712969,35.01287047922837,35.367104,35.40354115540408,2
26097,38.1,33.198825807130824,35.18324559884558,35.85071,35.339302148185666,2
26109,37.3,36.12276288815521,35.018766847041846,34.77059,34.796403308047395,2
26119,38.0,36.5025624990974,36.61475564713064,36.849064,36.754500627639,2
26125,29.7,31.708959702049434,30.54517002442001,30.89363,30.730400699495412,2
26131,38.1,35.01700769606848,36.78376838161838,37.036102,36.625597418330706,2
26149,37.4,38.54461888503489,39.24675519096378,39.284454,39.20232186003693,2
26151,38.5,39.41662019001064,38.96249291125541,39.287083,39.43736082260135,2
27013,42.1,35.53808988424373,35.08358055555556,34.439163,34.31312414040779,2
27031,34.8,33.30057340601659,31.402773809523794,32.758026,32.855196883273436,2
27039,37.6,36.09134340572169,37.71307301587302,37.5178,37.155349408820555,2
27055,38.4,36.19992346584719,37.63739914208213,36.92329,36.5573929689213,2
27059,38.6,36.47752704203452,37.86440820731029,38.10826,37.83052245472439,2
27063,40.0,37.13171212249266,38.134934323681016,38.349426,38.15996119755842,2
27067,36.6,37.84139266008558,38.660353755296434,38.759132,38.62645567035125,2
27091,38.0,37.663506462872476,38.951901438223224,38.580853,38.33903243796011,2
27099,40.7,37.64303737016469,38.732342272503935,38.25738,38.0358064854854,2
27101,40.5,35.28632508842041,36.32715445665444,35.55918,35.196963422206395,2
27109,35.4,33.558692826372344,33.073111904761895,34.002106,33.881740001751254,2
27135,33.3,36.69937124282454,37.27420741758243,37.077774,36.897987789656895,2
27137,36.7,35.80213671501186,34.8326857142857,35.29385,35.33186630383886,2
27139,33.6,31.679412150926396,31.859752380952397,32.195065,31.83691467900543,2
27143,40.7,36.68635796106172,37.439002537877336,37.81591,37.649411166004214,2
27169,34.8,35.51358233049475,34.643173809523795,34.922955,34.918711906057695,2
27171,37.2,34.603523365296674,34.36933928571426,34.968925,34.84640054873403,2
28003,42.4,40.42729796218074,40.1105891053391,40.52799,40.71962524773958,2
28009,43.6,42.5675854474358,42.4973428215394,43.27231,43.568984025189685,2
28025,42.6,45.30092803893095,44.563721536796535,44.978493,45.493654496390796,2
28041,42.6,41.63863232273315,40.98672922856769,41.703136,42.028824240703024,2
28055,46.1,44.349687770889844,44.39465396825397,45.63389,46.04236745352523,2
28057,37.8,39.68528753494889,40.02884725829726,40.39298,40.4463104444457,2
28059,38.4,39.7229486233079,38.03358519537102,38.603962,38.964543204564016,2
28067,43.4,43.36716249325736,41.9876065576399,41.97326,42.446298284475674,2
28071,40.0,37.863972423441204,37.48492499999998,37.197067,37.21051281413495,2
28077,43.3,43.82367967978517,42.00910782785036,42.551384,43.149676080839654,2
28095,40.9,41.98855665483758,40.802937475569784,41.13346,41.52792480377538,2
28105,41.1,40.97387317778275,39.82946937229438,39.983566,40.30512974261527,2
28107,46.0,45.74724122565844,44.84499920634922,44.995556,45.540297266539945,2
28109,40.3,40.30833831507194,40.4609191027661,40.769768,40.88032318016776,2
28127,41.7,44.23247340283071,43.206329945707886,43.40694,43.89096159211173,2
28143,50.1,50.07508277023658,47.80082777777777,46.661823,47.548255384720285,2
28147,41.4,44.54243230572728,45.03412976190476,44.86901,45.12734237667577,2
28157,49.3,46.20866232347798,48.63278293650794,48.78145,48.87482124236363,2
29001,42.0,38.64415100190724,39.81366857864357,39.761726,39.61190011689626,2
29025,40.0,39.687300868304035,39.83066546372944,40.222393,40.30639124822877,2
29037,35.1,35.91536174298433,36.595339010989015,37.233665,37.053867665065646,2
29043,36.7,37.65583407638499,37.293392018859315,37.844135,37.90164434416953,2
29045,40.4,40.11421060338801,39.84506477272726,40.243935,40.41055962097225,2
29053,41.1,38.726636599149565,39.046810664362255,39.242,39.2352245461673,2
29055,38.7,39.36843256099238,40.09845261183259,40.231575,40.196558046226755,2
29063,42.3,38.522857285458635,38.058477380952375,38.665768,38.788638557320745,2
29115,41.4,39.8977492438169,39.87336962481962,40.388306,40.5161725016346,2
29121,36.9,39.66025367786339,40.12631107503608,40.181137,40.19429942329979,2
29123,38.0,39.7648676682048,40.1366485930736,40.22141,40.255783100465386,2
29135,39.8,39.87747931599669,39.27449705312318,39.8737,40.08909750878875,2
29151,36.6,37.23486055711449,37.75638669772256,37.60392,37.46374321248707,2
29153,44.2,39.25843245258116,39.032377983032305,39.595078,39.72053441964867,2
29161,39.2,38.176501589939015,39.09253120915032,38.86918,38.71856288931759,2
29181,42.8,41.750473490228764,40.995868253968254,41.04793,41.34866315184047,2
29205,41.4,39.98144472124346,39.64598183621933,40.250267,40.43333945932399,2
29219,37.6,36.853519465348555,38.17063302808301,38.26685,38.00927063090216,2
29510,36.7,39.11919203392474,41.492265764790766,39.835953,39.42913761600895,2
30031,23.7,33.13606547788766,28.868221031746025,26.61355,26.79275420984294,2
30037,34.1,39.23557106173254,38.49147150072149,38.464787,38.622619620263194,2
30041,34.9,39.31852221629131,38.52580284992784,38.364464,38.52447814092356,2
30045,33.4,37.80547102038456,37.58175555555555,36.78972,36.7430778104048,2
30061,35.1,37.4321327137551,37.555512698412706,37.8824,37.84286548416288,2
30065,33.3,37.518644689401405,37.80199107142857,37.863186,37.787149129397136,2
30075,33.2,35.98336164115211,35.43881637806637,34.45899,34.34683766167363,2
30101,35.1,37.34052857438472,39.02817453102454,37.25732,36.844578248438744,2
30103,31.0,38.527303952245695,36.83350476190475,36.209854,36.424276724218586,2
30107,35.4,40.27115842975841,39.1801668304412,38.817654,39.05803430985944,2
31007,39.0,38.2809524777928,37.00120357142857,35.990475,36.10567361268644,2
31019,43.4,37.33544888402151,38.29819802487035,38.004185,37.79654498639096,2
31021,40.6,37.70848165136899,39.30318830022843,38.72171,38.42399453080819,2
31027,40.4,38.801404443474226,37.3278348610327,38.009468,38.296985153839294,2
31031,42.0,38.64214770043898,38.75372209165366,39.002525,39.02473179023413,2
31041,38.7,38.85998353912819,38.523241708901445,39.087166,39.20700899257753,2
31055,35.8,36.63326337798242,35.9819278998779,34.815464,34.74089999023052,2
31057,41.2,36.49595780679404,34.79708189033189,36.490116,36.75481796283881,2
31113,37.9,38.251325949281025,37.44161956564391,37.253033,37.35590262788664,2
31119,40.3,37.79963281224031,38.3616386486088,38.453484,38.35485647876241,2
31133,39.2,38.28932756024186,38.966313704318935,39.73444,39.692356721378644,2
31135,39.3,38.257577352491765,37.68489432965696,37.66622,37.74718821029456,2
31143,40.2,36.54334929831162,37.43901475468977,37.971313,37.78729848691435,2
31161,36.3,39.01187663877814,39.07236572871571,39.033028,39.062714243919196,2
31165,40.9,38.951806906613896,37.8458672979798,38.058678,38.26944432644231,2
31179,37.3,37.081043141693684,35.31769844877344,34.560715,34.697723065180504,2
31185,38.9,36.57673622745623,38.34808572622052,38.282272,37.93355453054451,2
32001,33.6,35.577457598568806,37.25829577268955,36.798714,36.38183305406229,2
32007,35.5,36.57042492548955,35.68475833333334,35.35958,35.37304426558457,2
32011,33.9,34.94560655549705,34.521971031746034,34.921543,34.830874430662206,2
32017,32.1,38.71812221414881,38.74356881266597,39.120144,39.16757831617445,2
32510,32.6,34.15417016911008,31.701403174603165,31.065905,31.151714180085605,2
33007,35.9,36.263773964044404,37.38098888888889,37.004177,36.71078462964308,2
33017,32.9,31.35225550100622,29.760738492063492,30.530582,30.43828968285831,2
34007,32.8,34.660317549078556,33.28114925940073,33.77127,33.80819624684224,2
34009,31.7,29.476040903459843,30.231042898767896,28.841446,28.16322655125907,2
34019,26.5,26.72753922261209,25.939556168831167,26.242838,25.753365358630145,2
34023,26.9,25.10804849483894,29.62416226828728,28.031948,26.56519537742335,2
34027,25.9,25.333789548387188,27.080900829725834,25.018929,23.928460275387348,2
34035,26.9,23.77374185732278,28.605150396825408,26.385601,24.758408781950763,2
34039,28.0,33.495921226173564,31.052493795093795,30.373264,30.419137801087068,2
35009,34.9,39.997969813989094,39.34197904362664,38.832005,38.98519653626889,2
35017,35.0,36.80874949835405,34.53572460317461,33.603558,33.78675459581992,2
35019,35.6,38.430385652704906,39.52100198412699,38.43386,38.21255173667406,2
35029,38.7,40.59384407422916,39.27808531746032,40.221436,40.60128114829204,2
35039,38.8,37.23550921089971,38.60595346320346,38.112286,37.8271426546256,2
35043,31.1,35.239681160798796,36.853858333333335,36.942303,36.554405241221524,2
35045,38.1,39.79547192015268,40.97677688592271,40.496872,40.37816518350608,2
35051,33.7,37.077181193698735,34.76068647186146,33.190437,33.350471939852405,2
35055,29.0,35.287435706024446,33.538442027417034,32.069763,32.05877622101677,2
35061,35.5,38.5381068409451,39.26231230158729,39.024082,38.919454808905584,2
36003,34.3,37.758661838577396,37.94546145881306,38.464504,38.44676519360838,2
36009,36.5,37.811087358467404,39.2170691208762,38.701508,38.440891548196156,2
36017,37.5,37.38085787443632,37.87814163348333,37.969704,37.85767994177206,2
36019,41.8,36.47374762933854,35.57153571428571,35.391273,35.41184805781044,2
36029,32.7,35.86488564323709,33.73660396825396,35.090572,35.359297729467194,2
36033,36.6,38.05263132394204,38.233032539682526,39.017483,39.0348137181992,2
36057,36.0,38.321258510681616,38.39334502240335,38.4369,38.43328983407964,2
36059,26.9,25.68892266660894,28.45748446275948,28.186518,27.092243010295437,2
36077,35.5,35.410223089075735,34.17553481240981,34.458893,34.501456416828944,2
36093,34.3,34.91722865099638,34.703430923213894,34.23958,34.05793361169129,2
36095,37.6,35.24059350453352,34.32927864357864,32.835957,32.700823292074254,2
36123,35.3,37.17724330494321,39.12971528783158,38.818855,38.459818462356,2
37001,38.0,38.25765895592284,38.26014791791413,37.395332,37.33575115610612,2
37007,43.1,42.46104586398729,43.255951587301595,43.36838,43.4898647688976,2
37017,38.6,42.27210106788427,42.31722795956766,42.557346,42.784733297996006,2
37027,35.0,39.3396854664364,40.075194069819055,39.577843,39.49711017483411,2
37043,32.7,36.280790960469375,35.429438600288584,34.706642,34.67217758408344,2
37053,33.2,33.92870280259607,33.07891385281384,33.511684,33.429323546364,2
37061,39.4,42.22235874970727,41.59178786998696,41.998234,42.33110408822682,2
37083,41.2,43.90142327637573,43.49966309523809,44.12177,44.527505099037874,2
37111,33.3,37.99775855090325,38.46148531746031,38.27049,38.17718412385283,2
37141,31.3,36.88787129204053,37.627093672237635,37.435795,37.24302094182423,2
37143,33.8,38.632284763772184,38.508191269841255,38.665367,38.71447362668035,2
37157,37.8,40.26767878470867,40.77710108376678,40.693623,40.723904377091465,2
37161,36.7,39.568696983276254,39.94143970057721,39.55768,39.549074646626,2
37163,38.5,41.6434987663512,40.96451349206349,40.58959,40.84433417636618,2
37167,34.3,37.7219512221037,37.2850935906481,37.56505,37.618155304986885,2
37179,31.1,35.57702400751583,36.6097774891775,37.02833,36.764618811688784,2
37181,41.2,43.91469285489923,42.779023412698415,42.939213,43.41895037996666,2
37191,39.1,41.3025454240857,41.2581650793651,40.31171,40.41785419690997,2
37193,35.2,39.04038845673822,39.58166813446969,38.999374,38.924420368374186,2
38017,34.1,36.61805812448125,36.95107257224881,37.72682,37.64414180713018,2
38055,36.4,35.92752406453792,36.91792197221383,36.53846,36.24485902270091,2
38057,36.3,36.274479755724954,36.089181058707375,36.95512,36.93426748372819,2
38067,34.3,36.99483685270148,38.116208575820366,37.673706,37.414726492496094,2
38079,45.4,42.49272929934439,41.84259623015873,42.491714,42.85869915203923,2
38083,37.4,38.317302413399794,38.51287976190476,39.425404,39.46368359833741,2
38101,37.4,36.99057810193563,37.532026777939706,37.407253,37.25292176785307,2
38103,37.9,35.2494341422794,35.57744996392496,36.82636,36.70294759604819,2
39015,42.6,39.016321507085834,39.97659165222481,40.100594,40.0129495158458,2
39035,37.8,38.385286550426855,37.10989841269843,36.972893,37.153219285221184,2
39037,40.1,38.436400141762164,39.270585061986054,39.712173,39.63307320500666,2
39043,36.7,36.605345881087416,36.307969444444446,36.519978,36.48806953138081,2
39055,36.3,33.398321256153,35.41594880952382,35.23076,34.666720176463436,2
39075,42.7,40.09006430713677,37.23413710317461,37.488464,38.01415115679592,2
39083,35.8,37.730616696537,39.32761839362506,38.993515,38.713686567316856,2
39119,41.2,39.126172192805534,40.61668971861472,40.519638,40.34681757818713,2
39121,44.8,38.92624219175857,40.16956691919192,40.61998,40.50940111687606,2
39133,38.5,35.57598802291928,35.069120887445884,35.646034,35.61356508846603,2
39157,43.7,37.90906574986013,39.445618469843915,39.564175,39.33379047681102,2
39159,37.4,32.79110991321712,34.09192619047619,34.751328,34.31517996925372,2
40005,42.8,39.12630071296634,41.49804108946607,40.975266,40.64701108298914,2
40011,43.6,38.89649306423033,39.39786944444444,38.85778,38.78366223383613,2
40013,41.2,39.41706342014927,40.836290834237246,40.693077,40.543014307549534,2
40029,43.2,40.05380961488472,41.68481979131979,41.125935,40.95138430785474,2
40051,41.0,38.33811533709004,38.75806829865602,39.296696,39.2782570061483,2
40059,43.2,39.50613703076445,36.36855039682539,37.76975,38.383087373108886,2
40079,42.7,41.124898604940164,43.02921935101935,42.72194,42.58348495943984,2
40081,42.3,39.32247981387394,40.92308404037752,40.964565,40.79613015803191,2
40085,43.5,38.1132844419455,39.047398339598985,39.097343,38.95952306894102,2
40103,40.5,37.928382395389384,39.49106083307371,39.853756,39.6374725115697,2
40111,44.2,39.744434630795986,41.66016233501554,41.721745,41.53239512345927,2
40125,42.6,38.55600421435588,40.40390357819263,40.46355,40.21952150418261,2
40129,40.3,39.53314881497416,38.39063736424393,38.800156,39.061123137550986,2
40131,40.9,36.18728283006254,37.58604217940049,37.802307,37.505277011198544,2
41011,31.1,35.71197226659064,33.13227777777779,32.08627,32.24623472730468,2
41015,31.7,33.36985457436457,33.712611111111116,32.689518,32.30606078926396,2
41017,27.0,32.99841946757062,27.24726865079365,25.698048,26.130686419646846,2
41021,31.8,34.95415258604812,34.423529220779194,35.075497,35.017970318991054,2
41031,34.9,37.245662776098136,38.74838206896889,37.90522,37.577645556763244,2
41035,38.4,37.699763146423024,36.679889610389615,35.199947,35.21423864923405,2
41043,34.8,36.503624965517346,37.502499191017904,36.265705,35.943056753093266,2
41045,38.3,38.32172739824472,38.01562142857145,36.61008,36.56093964748912,2
41051,28.9,30.86129326307085,29.04024166666666,27.164555,26.896567291871083,2
41059,37.8,37.93836073926208,38.551644757619414,38.826862,38.74101101202706,2
42007,37.2,36.24306681998982,35.848296611721615,36.48384,36.475426093087044,2
42013,36.2,36.99678317381902,36.62302261904762,37.4086,37.44825159248185,2
42017,30.4,30.146036761694937,29.356579761904758,30.23073,29.965575928361226,2
42025,34.4,36.557752295806395,36.32292976190477,36.577045,36.53650609707251,2
42029,29.5,29.814428438909978,31.119408333333336,30.398832,29.706204252990986,2
42031,35.7,37.20273910297681,37.5277484126984,38.89655,38.88742881845999,2
42093,35.3,34.78392362806676,35.022486760461774,35.32849,35.127845992961575,2
42101,34.5,38.09713822262077,36.471808730158735,36.08625,36.283993084779915,2
42103,33.9,34.854263747474484,33.526539105339104,32.739876,32.692082536189545,2
42107,39.0,36.88853049546064,35.66124830447331,36.431393,36.58631581515815,2
42121,35.5,37.20557690014082,37.1978888888889,37.557034,37.52623131019952,2
42123,34.6,37.23228867912592,36.643526984126986,37.111496,37.17280875946024,2
42133,35.3,35.74887401566824,36.45151900802449,36.29389,36.047087095711014,2
45003,37.0,39.432483680040484,38.82798468377341,38.81848,38.96815878500874,2
45021,32.3,41.729095742285175,40.79629243949475,41.542305,41.91513317174046,2
45043,33.9,37.61297473644959,38.71226930014431,39.038586,38.8690817375523,2
45051,34.7,35.48643389855873,34.90767658730157,34.53376,34.44132482213653,2
45057,36.0,37.53937301690702,37.75564790325236,37.859123,37.79671769804761,2
45061,49.1,44.37141811845957,46.98057738095238,46.034126,45.926330876344366,2
45063,39.0,37.887001598691626,37.81122467169028,38.320587,38.34671048754723,2
45075,47.1,45.0355493758509,46.53768095238096,45.80936,45.91095758504635,2
45083,36.4,38.79086362637067,36.12175195413656,37.641182,38.156916396873626,2
46005,34.7,37.65606062626381,38.4014774003774,37.44563,37.2409034884617,2
46009,36.0,37.76557309983428,38.453168253968265,37.843998,37.677321830221786,2
46011,37.8,36.798326225892936,35.851980158730164,36.218662,36.300733160063835,2
46045,35.6,37.35155127841757,36.81106981792717,36.671753,36.690822218064355,2
46061,33.1,37.984800103452756,34.97415303030303,34.696625,35.09404154658413,2
46067,34.1,39.238929815394364,37.176295634920635,36.497013,36.7988854724057,2
46073,36.6,35.304283930805205,36.30480115440117,36.0543,35.73442362526096,2
46087,34.7,37.72533437908101,37.86761345043846,38.53901,38.53632306383419,2
46091,32.9,37.876579279853964,37.25986726190476,36.523304,36.540583939546934,2
46093,33.3,38.418436619995845,38.370329533042046,38.726566,38.766927591719295,2
46095,42.8,43.57815326253321,42.28991034252299,42.955944,43.474128456166774,2
46099,33.9,36.621279113877044,36.300100959742885,37.2702,37.29471492606199,2
46105,33.5,39.65982794726167,38.79776969277494,38.543564,38.725569176275364,2
46117,33.7,37.092497275958294,38.024429931972776,37.28531,37.03832197148323,2
46125,34.2,38.578735663889205,39.23355856254782,38.83122,38.727430089109525,2
47001,38.3,37.838397677368675,39.088691804293234,38.298206,38.042440146247394,2
47009,33.4,36.85405282749234,37.27971705146707,37.503506,37.38234817406849,2
47011,39.2,38.440700940571745,39.31056822391483,38.448257,38.27457550736142,2
47045,41.3,40.61509131860621,40.28115599522005,40.456352,40.64394562047722,2
47055,38.2,39.27689696332867,39.429217337075045,39.1892,39.206264720262396,2
47077,43.0,39.7008285494055,39.9080182394237,40.12308,40.1865197028136,2
47085,37.7,38.88586327637926,38.713316302896445,39.590927,39.71024530701338,2
47097,44.5,43.62293422895601,41.96574885408709,42.825024,43.41174004020514,2
47099,41.0,41.04939230582442,40.42265555555555,40.797684,41.064423252960346,2
47105,36.3,34.593992956224064,35.22835992063492,34.257973,33.90258318579556,2
47119,40.7,37.4412781010037,37.34657006063608,37.703865,37.69813693487925,2
47125,42.6,39.61812368732242,37.601041915477104,38.450035,38.87103163073989,2
47127,36.5,36.93257151645668,37.69325183389595,38.04618,37.89019384997078,2
47135,38.8,40.625784048969635,40.55324125596625,41.117004,41.29448893151029,2
47145,39.4,37.689322213272,37.366449531024536,37.336452,37.35015365563009,2
47155,39.4,36.63562896754371,36.02771944444444,34.492043,34.385988514146284,2
47159,36.9,39.1897689372954,39.706077471064916,39.745876,39.72537274069096,2
47165,38.4,37.10528237419677,37.61505740186026,37.83956,37.71999580821455,2
47177,39.2,40.24488514674837,39.55646584370491,39.631092,39.842496248836866,2
47179,37.1,36.78835229352295,35.643318650793645,35.698437,35.78697646819798,2
48001,39.5,38.92408710916079,36.16719241622573,38.159683,38.72773326545214,2
48003,39.0,38.329430239623555,37.3638622633902,37.79154,37.963341439372556,2
48021,40.2,36.73186091309576,38.34953956426005,38.67339,38.38186595856085,2
48023,35.9,39.87620277022383,39.517321969696944,39.409794,39.54155685036935,2
48031,34.8,33.57870825671422,31.674914682539665,32.344025,32.40988633504564,2
48035,37.0,37.38184181101512,36.68578087761675,37.048313,37.125818614573426,2
48059,36.4,38.567420931494354,38.37112372263667,37.900074,37.91278889730749,2
48063,39.9,40.93677180128319,40.520580984120045,40.488487,40.690987480994714,2
48065,34.2,37.61546185888109,39.212964891895915,39.452343,39.20567110851655,2
48071,38.7,36.65395373953978,36.528238095238095,36.76399,36.711767868780456,2
48109,43.1,38.53867915068384,40.28178232323232,39.24969,38.94461756443871,2
48135,40.3,38.95707961874396,38.238873677388945,38.092438,38.22326777702481,2
48151,37.6,38.47245540055842,39.40664746838131,39.294636,39.16508163761658,2
48183,39.9,39.51182235665452,39.28168291081258,39.34116,39.44628101187896,2
48199,37.5,37.92467009248389,38.97728672097535,38.567005,38.370359577271714,2
48213,37.3,38.70570785065787,39.552760644569986,38.6513,38.492517546372035,2
48221,33.5,35.130566827865174,34.452730555555554,33.810055,33.694071871223564,2
48235,35.7,37.68442564829743,37.657687518037505,37.518936,37.48249721087185,2
48239,39.5,38.641031864315345,38.97073071084646,38.944923,38.91695109271221,2
48243,39.6,34.99461140295552,34.4016018037518,33.921875,33.797608427794735,2
48253,42.6,38.32759452467198,36.83321168705908,37.970592,38.26682564824045,2
48263,34.9,37.18063663147779,36.81372936507937,36.83241,36.82825892934068,2
48275,39.9,40.22219783904178,38.887883608058615,39.403786,39.73678559344163,2
48285,37.7,39.17908895342049,39.04690219906842,38.983818,39.04849443998393,2
48309,39.0,39.07569229453582,38.94164638447971,39.032402,39.10233800574171,2
48311,42.7,35.31288373515475,34.804061904761895,34.549576,34.44596195608092,2
48315,41.1,39.96400819340055,39.78405555555556,40.335075,40.4912783477284,2
48321,41.2,40.72038717592416,40.0738799062049,40.444904,40.69640989726356,2
48325,40.3,37.18015814437837,39.425240414868775,39.46019,39.08321297431389,2
48333,34.9,37.65386557130269,37.24949899626518,37.753857,37.81406975235999,2
48345,36.5,38.65688702109409,37.994277777777775,38.080425,38.20306675604202,2
48351,42.1,41.59551447226189,41.471778121945675,41.276463,41.46148411913731,2
48369,40.0,39.82005316125405,38.05812429529331,39.930862,40.396682403151196,2
48373,40.4,38.49740325976474,38.92852545329067,38.260777,38.16635463199539,2
48381,33.9,36.26667565914261,37.14166404232312,36.493584,36.21636130954811,2
48383,39.4,38.28069470092876,37.678786310663604,38.325096,38.4572461012258,2
48393,36.4,36.61477153475528,38.10560847763347,38.06835,37.76381197472281,2
48415,39.1,39.82321351645267,39.31811836219337,39.6358,39.814882416062204,2
48429,38.8,39.71998885717685,39.59386804403327,39.51583,39.60785585118237,2
48455,38.9,39.113760255115174,38.04665515873015,38.4648,38.69289241987642,2
48459,40.5,40.445196524200696,39.793242700181764,40.090412,40.322737201872734,2
48461,41.6,40.58396164257612,40.08173503310415,41.103413,41.371651196725885,2
48473,41.5,38.972297427922584,38.86004514474388,39.034546,39.1015331221007,2
48493,42.1,35.41064994133296,36.99195101010102,37.289875,36.930339814849596,2
48495,39.5,38.643833691542156,38.27780619121414,39.094994,39.224766374041835,2
48501,40.7,38.00721194984367,38.132202220399215,38.282574,38.26175771960642,2
48505,46.1,42.9832637312353,45.67297420634921,45.647358,45.5163278509836,2
49009,33.8,38.22041765039699,36.67026126639062,38.315823,38.64920712994843,2
49027,35.4,39.78894653911131,35.33969285714285,33.696743,34.30371259925682,2
49037,37.3,41.690531313176095,40.405319678971665,40.874107,41.276226959643004,2
49043,23.1,27.424569728715213,27.511340476190473,25.734089,25.01394071444457,2
49045,39.0,37.67672052873638,35.1244611111111,33.87386,34.12205234270311,2
50013,27.1,33.443408423339555,30.346570435120437,32.198605,32.50932475510689,2
50027,25.6,34.51104844497202,31.73551287878789,31.309303,31.475013463309182,2
51001,44.0,39.36424339227323,37.40132023809524,38.11602,38.50629759589652,2
51013,25.9,24.48254868064091,24.866394552669554,24.59769,23.779729770256615,2
51036,41.9,36.835430639903365,37.03700296092797,39.02748,39.058941935023284,2
51043,34.1,32.49787925707993,31.813493145743152,32.590233,32.430495873761416,2
51051,42.9,40.864435337103124,41.38233214285713,41.62006,41.70349270206597,2
51059,27.0,23.02635298866892,29.481542796092796,28.622742,26.81630354111393,2
51065,38.7,35.56639088076552,29.60937857142859,33.961166,34.96810098748794,2
51067,33.5,37.164108770114744,36.86800079365079,37.54049,37.570291251270866,2
51069,37.6,34.39503519761484,35.325125,35.52861,35.20088953511673,2
51079,36.8,35.69349369202793,35.424847698105665,36.58764,36.567727826348474,2
51085,38.1,32.954881350676345,34.62017777777775,34.5811,34.053576312073666,2
51091,33.8,37.450686045558484,36.76336540404041,37.758305,37.881789691849065,2
51095,33.8,32.07488991262137,29.75464880952381,32.790546,32.99754683842049,2
51115,33.3,34.1463066442139,35.76186847041848,34.84482,34.32842908184441,2
51117,41.4,40.4147314154351,39.418350396825396,40.37826,40.703841562891384,2
51119,40.1,34.313848778849,35.661001190476206,36.25208,35.886929670529604,2
51133,38.8,35.873801187199,36.898721825396834,37.872375,37.66402003308146,2
51149,41.2,36.14328786456022,32.36494484126983,34.32591,34.88766221487569,2
51157,36.1,32.57795391796825,28.64228006715508,30.346998,30.7208734324264,2
51179,37.0,32.14972982257127,36.04533333333333,34.396652,33.39557632409016,2
51520,41.3,39.389895964316175,39.48803214285715,39.637177,39.694879895785164,2
51590,45.7,43.42090529089893,44.52105833333333,43.36248,43.40472043323237,2
51670,45.9,43.08729277017697,43.39086984126984,43.07143,43.26739805692287,2
51680,39.5,38.60157033383573,37.66094246031747,38.117195,38.30210822227885,2
51760,35.8,38.642298810765695,38.52367817460319,38.30354,38.32644512228471,2
51790,39.9,36.64817634335678,35.990571031746015,36.38505,36.41958197146442,2
51810,32.9,33.09629349840387,29.826338034188034,29.208881,29.35571944182662,2
51820,38.1,38.01945766601172,38.133561387343626,37.98363,37.94437546736592,2
53013,38.3,34.815683565544546,33.74704675324674,32.54338,32.42772260395935,2
53027,36.5,36.498498247787985,33.86960238095237,34.744396,35.08607918396051,2
53029,33.7,32.367353392690916,29.231333333333332,30.674746,30.904781798682876,2
53033,22.8,24.60115899625959,25.020792388167393,23.776106,22.892288982862045,2
53035,31.4,31.77531551339179,30.593436111111103,31.290644,31.157586029162914,2
53055,25.9,30.277507277687327,28.505250979575965,27.552485,27.309442943703672,2
53057,36.8,34.2897854123534,34.18951168831168,33.868755,33.64677908731893,2
53067,33.6,32.94808656687316,33.008006349206354,32.856163,32.55033166934871,2
53075,31.2,34.6374457966336,34.19756035353535,34.595848,34.49075554278815,2
54011,41.8,37.9652385961694,38.3175636002886,38.633923,38.58971264085327,2
54015,42.5,40.59540514531785,42.94717495331467,42.363693,42.1135533201996,2
54017,43.3,38.56983777836021,39.49614343434344,39.744663,39.646307360826405,2
54029,45.1,37.10763348107051,37.64104087301588,38.165157,38.062948518818814,2
54031,42.9,38.47352606681047,38.93830317460319,39.177883,39.13977509899403,2
54035,37.1,37.830223322792044,38.563744595048966,39.00361,38.906025364837085,2
54039,40.3,37.462769447531684,37.32029404761904,37.47488,37.46320622847081,2
54049,39.8,38.7512570836126,40.81074068844592,40.01933,39.69701617365202,2
54065,38.5,36.15100923458437,36.00724285714287,35.96422,35.86820891593924,2
54069,38.1,36.82862487677429,36.781063888888895,36.864933,36.80051913398477,2
54073,41.3,37.39217066845097,39.43517896825397,39.04856,38.6829722703508,2
54077,41.0,38.30240382958883,38.45378452380951,38.28148,38.25064586592417,2
54079,38.1,37.055589075174005,39.222082349548394,38.247524,37.80561016803777,2
54083,41.3,38.5018528395156,39.49770021645023,39.149517,38.996477902996915,2
54085,40.8,38.398396067194,38.8421550865801,38.375725,38.28799110508277,2
54091,40.3,38.718346005345204,40.485978751803785,39.78564,39.509594100446265,2
54097,41.2,38.748653907388146,39.56337723665223,39.61543,39.52919827406538,2
54099,45.6,39.60792963279383,41.107216378066376,41.117382,40.97673042138633,2
54107,38.1,37.78950017098333,38.30023632336657,38.362434,38.26855930440278,2
55013,43.1,34.836920361393645,36.94578849206349,35.83159,35.268357074299104,2
55019,43.1,40.3191355295594,38.53550181159946,38.772434,39.15580523478207,2
55025,31.6,32.97469970819877,30.558179548229553,28.838825,28.78110633218772,2
55041,42.3,37.014681223928605,36.87989404761904,37.044445,37.008128598152716,2
55051,37.2,33.951907563538015,36.40750559163059,37.122246,36.587354695497396,2
55081,38.7,38.42399657529145,38.52627178285194,39.366848,39.41930360111843,2
55087,39.5,35.07737251721737,36.36461930102418,36.98396,36.67061254290006,2
55093,34.7,34.538877964475915,33.37682799422801,34.16899,34.18904884904519,2
55101,40.0,36.91667827539721,37.78111119802353,37.238934,37.0056527815149,2
55121,39.1,38.16006848881141,38.73002712282834,38.234154,38.11344228720971,2
55123,40.4,39.21410792208683,39.009490088863565,38.808224,38.87565571989496,2
56015,34.7,37.57756787708294,35.353923015873015,36.091785,36.42437743373425,2
56017,38.8,36.82092687814768,36.661321640826856,36.26888,36.187319112418514,2
56023,31.6,36.53608158607888,35.512746825396825,34.083405,34.03875414868128,2
56033,31.6,36.119103064336535,34.512518813131315,33.636753,33.69113778473972,2
56045,35.0,36.04610843811249,37.61869044894199,37.191887,36.81809802191422,2
01005,43.8,43.310312201933456,44.293022258297235,43.96302,44.05840153678022,3
01017,45.4,41.98339629902594,42.10197500000001,42.448055,42.600759081016015,3
01027,39.6,41.09648090377243,39.67182348484849,40.018402,40.352144285935694,3
01031,34.1,39.669900522637064,39.956257431154064,39.55817,39.602850263915364,3
01041,40.3,42.3060266636783,40.794336904761906,40.97642,41.374628056634805,3
01047,50.5,47.646110428613454,47.86643712121213,47.973442,48.348408438289745,3
01075,38.3,40.53590257089783,39.37815508658008,39.55912,39.8345762658077,3
01079,40.7,39.14697087668712,39.643002619047614,39.65382,39.64144243386353,3
01107,43.8,42.43495607726204,42.815676948051944,42.724403,42.86512796111788,3
01123,41.9,40.94983026298306,40.384425962925974,40.647213,40.85500889367811,3
01131,48.5,47.95356500650709,49.02928282828283,48.652203,48.926306847458214,3
02060,32.0,32.81151363373205,35.87370000000001,36.163612,35.52458684998162,3
02063,30.4,32.30233866865707,31.93431424963925,31.774302,31.60445787470728,3
02105,31.7,36.851891427423716,35.31981155812786,36.38711,36.55073697092149,3
02158,46.0,43.527667011039284,43.49605753968254,44.10735,44.34092536159747,3
02180,37.2,37.93918156028235,38.422273421186645,38.208847,38.151847733860336,3
02220,32.3,31.90174183542561,32.12721031746031,32.64089,32.36104764786712,3
04005,27.0,35.2495567946444,33.39324047619047,32.97402,33.139098243167936,3
04009,40.4,40.911132404674554,39.72429484126985,40.348236,40.63677106156941,3
04015,36.6,36.900362949058206,34.47823095238093,34.680973,34.98469409173092,3
04019,32.8,35.58662403344041,34.047273809523816,33.993546,34.12247994620344,3
05007,34.2,35.22912761345878,32.76688207070706,32.27526,32.52597794400867,3
05019,40.4,40.388512908152634,41.19378404876271,41.473663,41.464871729262704,3
05041,45.2,45.32246717130089,44.79287777777777,45.125904,45.507632151034414,3
05049,39.0,40.9185684047087,39.381185797827904,40.189667,40.525230828935634,3
05061,39.7,43.04643292116432,41.233792189754695,41.654747,42.122371833186754,3
05067,40.6,42.27720579659486,42.383167027417045,42.281235,42.454355036705394,3
05079,39.8,40.98974209810428,42.39853235930737,42.041176,41.98135992986813,3
05089,36.8,38.769954755810176,37.93866886724388,38.168957,38.32497159533409,3
05093,43.2,44.717319234819115,42.41706570322917,43.34156,43.93935752097006,3
05095,43.4,43.6287171499543,43.601029797979805,43.52788,43.77505983326473,3
05115,36.1,40.03750340625685,39.66160777555777,39.59819,39.74647661460605,3
05119,38.4,40.5004582106479,39.182893211527045,39.468777,39.76377168185721,3
05141,37.0,39.84862584288539,37.542430952380954,38.009914,38.414795247266575,3
05147,41.3,43.01234185695673,42.59491876750702,42.886536,43.15795568354697,3
06001,19.4,21.550802177217236,23.817342712842724,24.728292,23.728797426196806,3
06009,29.4,33.77300067293099,27.958454365079355,29.772655,30.402344436726985,3
06023,33.1,36.50132182169648,35.033327633477626,35.188213,35.341696929310935,3
06037,26.2,29.8155074339613,28.009829761904758,28.655561,28.574249000222146,3
06041,23.5,26.481831809853137,24.37899505772006,24.584152,24.41392928276121,3
06045,29.4,35.43361997911789,33.442048665223666,32.59095,32.788981871679326,3
06053,32.8,33.04013493924329,32.22737041847041,33.429863,33.33319152827582,3
06057,29.9,32.48055333168833,27.605391269841263,27.306633,27.78154367980098,3
06061,25.8,28.998740167381317,28.33735714285715,28.802097,28.528487997613936,3
06071,35.1,34.0616304110667,34.0760119047619,34.25425,34.09798093693131,3
06087,29.4,30.051226439385232,25.04896428571429,25.243965,25.62957577205136,3
06115,32.6,37.32809291164446,35.83409957983192,37.22623,37.399346633913545,3
08011,33.1,39.35531569812832,42.443494537208856,40.91516,40.568410740928414,3
08025,33.3,38.494765174689526,42.23943258357107,41.262016,40.77924637753668,3
08039,25.0,30.55833269728608,34.29051932234434,34.701794,33.873786908061625,3
08051,23.7,33.07479821531128,29.905433405483418,27.557451,27.846277012075245,3
08055,28.7,35.52283704407365,34.62966547619048,33.869175,33.914709985377485,3
08057,28.4,32.13140118962154,33.750208477633485,31.775337,31.344867363491858,3
08063,30.2,38.37396712059764,37.41585361328015,37.79129,37.94676340564062,3
08083,30.2,36.77998614361506,35.30767258852259,34.622616,34.80044615473508,3
08093,25.3,32.264148757939815,31.084309032634017,32.26501,32.188461101483526,3
08097,21.1,25.7966850793323,26.24693055555554,24.378939,23.850866309527998,3
08099,31.6,39.819699792148775,39.624566274085396,38.997078,39.11915259152556,3
08109,30.3,37.85828516916367,37.43465336991777,34.83214,34.934526447090825,3
08119,26.9,32.893933375732715,30.982856776556773,30.38199,30.460469867911968,3
08121,26.8,38.17516924292869,38.189854227206986,38.092297,38.109353461470285,3
08125,27.9,38.755417502624596,38.4606594686877,37.318344,37.418168642223876,3
10003,37.6,35.08072620572882,32.97491634199134,32.7273,32.918094885774,3
10005,38.6,33.95969719561076,29.824592063492076,30.012897,30.43725754659607,3
12007,38.8,40.011411089505344,39.68810833333334,39.34269,39.486605657067926,3
12021,27.4,32.29796766132734,28.764344047619044,29.405317,29.66986534849964,3
12033,32.6,38.81524228201956,38.39242380952381,38.124104,38.2316806735688,3
12045,38.4,37.56291370685748,37.656283044733044,37.7853,37.76275224393292,3
12053,33.4,36.2931162694171,34.42994444444446,34.528095,34.72954621511808,3
12055,36.2,37.48848771578679,37.59407936507937,38.02887,37.99706839589999,3
12073,33.1,38.09074518784409,37.55415919913422,37.38784,37.48014100710583,3
12081,33.9,34.709513145199324,33.36438293650794,33.66593,33.72618999347596,3
12101,34.7,36.551427009992494,34.84287289055974,35.402653,35.586198911543086,3
12117,31.4,34.66484502025913,32.77472626262625,32.87361,33.01182002532512,3
12123,42.8,40.814597315257274,40.92327883611822,40.299965,40.42010502370709,3
12127,33.9,35.91683934609919,34.92706148894965,34.53422,34.60422645454155,3
12129,37.3,36.84932670542078,37.60400174603174,37.647316,37.5034153316552,3
13001,40.7,41.344453041426185,40.94068849206351,41.19762,41.39896002430829,3
13005,41.3,43.16927182096274,41.215829338393725,41.51355,42.00788062008354,3
13013,39.9,38.011364626113675,37.81533531746032,38.261852,38.29392575568671,3
13021,48.5,43.63473465607787,42.909928066378086,43.650223,43.984045605007026,3
13029,37.1,37.214985949121875,35.34862784992785,36.453995,36.679136258134974,3
13037,46.6,44.310957669573966,47.281340187590196,47.95727,47.79894460136393,3
13045,36.9,39.67144864823366,38.85154115644212,39.24706,39.43616819741625,3
13061,44.8,44.16098328953567,43.20319206349207,43.35682,43.75371822454547,3
13069,41.4,44.87328179608373,42.858192143455625,43.39742,43.96706203034213,3
13085,34.7,33.85201551834057,31.94754913419913,32.116364,32.222112052700844,3
13093,44.0,42.41606888008896,43.876839033189015,44.067398,44.050969916055216,3
13097,42.8,40.793382509529195,40.642803632478625,40.321007,40.47241944110972,3
13101,41.5,41.94710654273318,42.009178415297214,42.49187,42.64905176407064,3
13105,42.4,42.23259991850589,41.013354761904765,41.07135,41.42711896432733,3
13131,41.8,43.63128417508001,42.009313151927444,42.086773,42.55661079884787,3
13137,36.8,38.171989006086285,37.89385992001793,38.10805,38.1617039223607,3
13149,41.0,40.712538779362184,39.71223558802307,39.481953,39.748490330528234,3
13159,39.5,40.06881389669486,39.311597877532925,39.385643,39.586967282774516,3
13173,41.1,42.57608199545548,40.1054971139971,40.786636,41.32385214901731,3
13195,39.0,39.82262572663826,39.018150515827486,38.736595,38.93964006337866,3
13207,37.7,39.086827383533816,37.09320315656566,37.934486,38.2584832181862,3
13211,36.1,38.00710820508516,37.53900067155068,37.34219,37.421839041692074,3
13227,36.7,34.94738396426724,35.05431507936507,35.485752,35.34920223771185,3
13245,44.4,43.1441400447971,43.06425386002888,43.775276,43.9984129895389,3
13251,42.3,43.52010538092269,42.45533760683761,43.20819,43.58503731050005,3
13255,40.2,41.71798099145513,40.10069233821733,40.63368,41.017439595386115,3
13273,47.1,45.44807031348429,46.905658838383836,45.47569,45.6081922077585,3
13283,43.4,43.78378093611931,43.09839633422134,43.81828,44.15297841995404,3
13297,35.8,37.9949087487424,38.11884314074816,38.61929,38.60479116006894,3
13303,43.0,44.10593627047337,44.55582976190477,44.691536,44.88798292312396,3
13313,36.9,39.216425364090725,39.41426824708085,38.925526,38.96533966676697,3
16003,31.5,36.656517059202876,36.02694924242423,35.86985,35.916081929853185,3
16009,34.0,38.090526718970544,37.90784949906928,37.31075,37.35943961786347,3
16017,26.7,35.96510526291431,34.439640079365084,35.209938,35.34046211371937,3
16025,32.8,38.226465583418005,35.15859203296703,34.209053,34.67522583843414,3
16053,40.1,40.397382325885246,37.757923137973144,37.488976,37.974183151758155,3
16055,34.3,36.52803187737116,36.93021724082841,36.68131,36.578141026049984,3
16065,36.6,38.18383069471409,36.46059880952382,36.0815,36.34802795311123,3
16071,32.2,40.36711597151351,35.209720634920636,36.47071,37.28729475598626,3
16079,34.8,38.49004152382965,37.85428293650794,37.870655,37.99070636572205,3
16081,28.8,34.44534979186198,30.443224711399704,29.210014,29.65637949855574,3
16083,36.5,39.293995551695666,38.749954099067644,38.695126,38.83638299661348,3
17001,39.5,37.50144086859652,38.44087259451081,38.378716,38.23715450365126,3
17005,37.6,36.956037293472306,37.779093271056425,37.18231,37.04250823167594,3
17007,39.5,37.10636099762076,38.16684195301056,39.005833,38.817782706263046,3
17011,37.8,37.03082333138282,36.866445432345444,36.582573,36.58048505971457,3
17039,36.5,36.73123140985668,38.18509650853024,37.93061,37.68762936682771,3
17053,38.0,37.6984832119769,39.54907846456711,39.128307,38.87164409354577,3
17063,35.1,34.84882046239938,33.985129689754686,34.226788,34.22578459476077,3
17081,38.8,38.62373793871964,39.09443770470699,39.371048,39.33682025291302,3
17093,36.4,33.89364394062333,33.454701190476186,33.492958,33.39572538541494,3
17097,31.9,31.090598204374352,30.905927380952377,31.530346,31.27331526154262,3
17145,39.5,38.39725287559664,37.99553425229742,38.048782,38.13148165811787,3
17169,39.3,37.224748524968334,37.20354642857144,38.117157,38.08538069103071,3
17173,37.2,38.18173561210858,39.37448341757544,39.02497,38.87990075984993,3
17197,36.6,32.81412954772597,33.54311507936507,33.624138,33.31719249778996,3
17199,38.4,37.84261957153172,38.59828438317405,38.86224,38.75586806600239,3
18009,37.5,39.64628761478306,40.33387460892651,40.611732,40.58900592824252,3
18013,36.9,35.09476477841974,33.65870945165945,34.749355,34.82676762739339,3
18015,38.8,38.63328277416641,39.374818736435195,39.45094,39.38185124555026,3
18029,35.1,36.11082475587091,37.98230926821733,38.191387,37.85722242252964,3
18041,41.1,38.56039033408238,40.048944318031005,39.91996,39.745556089463825,3
18045,39.0,38.27611973710334,39.41059629345723,39.526608,39.386839201396675,3
18051,40.2,38.32847891323739,38.61836008143807,39.05971,39.036413916035194,3
18063,38.9,34.21687359434141,34.964701984126975,34.626366,34.38063435520835,3
18073,38.0,36.52031793185862,38.98776881960727,38.7118,38.317559670082765,3
18083,38.2,38.24703020671401,39.574483971562906,39.301018,39.138534817197495,3
18087,42.1,39.50348927327891,36.130491017316,36.636333,37.17683812726037,3
18095,39.6,39.16772725148454,39.300718811902996,39.353485,39.39252879348524,3
18097,39.3,39.126480111463266,37.060942857142855,38.3053,38.63518243026799,3
18119,39.9,38.16428153222581,38.49307099221916,38.69841,38.66631457854322,3
18123,40.6,37.845888677396225,38.879427525252524,38.768723,38.62878355570502,3
18125,41.7,40.03232522498269,39.16536039602833,39.71388,39.92224357958859,3
18129,36.4,36.591358384258456,37.881359919059605,38.409542,38.17247353230238,3
18163,39.3,38.50949225911824,38.760848719602535,39.100365,39.09143702431823,3
18177,39.4,39.344244389678146,39.63112313826268,40.057964,40.07711762972979,3
18181,39.3,37.743391211642944,38.784357301530925,38.471962,38.3297018640282,3
19021,41.0,36.56291887232383,37.162948015873,37.95005,37.80529842450151,3
19037,37.7,37.20346616959332,39.20538476800976,39.805138,39.491860152669354,3
19053,38.1,40.10440104773025,40.442811245780206,40.728863,40.77410059291024,3
19069,41.0,38.44417015781937,38.63539960864863,38.25642,38.263772356075584,3
19085,40.1,37.62083585726632,38.632028621103615,38.7733,38.6235669901114,3
19089,37.3,38.846852913513445,39.30352113694941,39.557407,39.53467450057319,3
19109,37.6,36.97571719566466,38.76477353292865,39.075447,38.787023683349744,3
19135,37.5,37.96057503661454,39.6551267507284,39.57829,39.34939074118322,3
19147,41.6,37.908485960611046,39.141676496646454,39.500023,39.327665202632595,3
19159,41.2,38.779352665372286,37.6312126984127,38.958633,39.143681446023095,3
19167,34.0,36.30835844032007,34.48513015873014,34.095524,34.299094245109984,3
19169,35.5,34.729931939194415,34.35849404761904,34.425446,34.35270455296535,3
19183,40.7,37.677671033154155,38.360418226600984,38.564297,38.46229143472109,3
20005,40.5,38.72682987689858,39.921982496326976,39.44591,39.32479006421749,3
20009,41.3,38.349582528381696,39.77221015783948,38.915462,38.752302185866604,3
20011,42.5,39.62273949891877,40.46289541667861,40.236885,40.19903905874325,3
20015,40.1,37.17456623007619,36.555596451326466,37.541294,37.59066926374293,3
20019,40.3,38.8414606648492,38.29148559142954,38.788513,38.903918668250434,3
20023,39.9,37.43092003931797,36.6115134920635,36.17277,36.281758234842755,3
20025,38.9,38.13896607510682,35.55569801587302,35.21726,35.602587920885114,3
20035,41.8,38.86255778716325,39.37284416521209,39.00967,38.98903638154134,3
20043,39.0,38.44435992498148,39.98824531949795,39.579712,39.39681349057544,3
20051,41.4,36.789484753149836,36.63063406038404,36.79354,36.77421420366002,3
20055,43.5,38.07279661235861,37.2616985781762,37.556885,37.68040620657029,3
20059,34.2,37.49666488880475,37.969474751746965,38.746143,38.65791767299291,3
20065,38.3,38.63992655606971,38.77500916700258,38.981216,38.99599675039725,3
20069,39.8,38.14781323177249,37.86494175407925,36.84579,36.917128003566525,3
20073,39.7,39.35539767739894,38.24166327561327,38.29986,38.5223048882177,3
20085,43.3,39.306598517830025,39.08735748325748,38.637062,38.73882494989404,3
20089,40.5,38.1181464648566,39.16781479076478,39.23692,39.10328866293203,3
20101,40.3,37.06904179129274,36.752807142857144,36.890125,36.90486777334945,3
20107,38.6,39.27684248047601,39.54754549661435,39.77243,39.79403866117898,3
20133,42.8,39.798692005334395,40.14147588756628,39.451965,39.498248248951384,3
20135,37.8,37.03326100564156,35.88746688311687,34.33167,34.48661067884522,3
20165,37.4,38.37483397050266,38.287612572150074,38.43579,38.47184499019046,3
20179,37.8,38.851444166420585,35.24227023809524,36.109184,36.6508682259183,3
20185,38.6,38.32708975904061,38.69967304574159,37.93085,37.91351021264325,3
20187,43.2,38.63514331499436,38.38421996290824,39.081444,39.14327361545155,3
20201,40.3,37.86347086941961,37.93335003648969,38.24469,38.23516288172874,3
20203,40.9,38.16644720823712,35.59114999999999,37.717396,38.06673966940717,3
20205,40.5,39.44792912991084,39.46587735792576,39.70976,39.7737646406003,3
20209,41.5,40.08194697855725,38.07193809687043,37.876194,38.25861070527796,3
21005,38.1,37.4741976076263,39.010853679393314,38.504612,38.2842212361328,3
21015,38.5,35.199542323833306,36.24373498168499,35.914238,35.667050964842694,3
21017,40.5,39.027957628890896,39.726500369623075,39.54575,39.502721364872656,3
21037,35.5,35.712392057364156,36.84112063492064,36.701412,36.46064850154936,3
21043,42.9,41.42899754802878,41.37320177326878,41.523308,41.68063314944347,3
21107,40.7,40.0562220619813,41.154010770443,41.124878,41.06568217212062,3
21115,42.4,41.24128818936412,41.291224612563994,41.050777,41.19117333803324,3
21129,43.3,42.36133297966497,42.80402932330828,42.9796,43.104658933990656,3
21137,40.2,41.81638772942088,40.749119138622824,41.54562,41.852045120800575,3
21141,40.2,40.35370756503134,40.760940830280326,40.420956,40.4758966761471,3
21163,37.8,40.47019693937832,39.67774767787617,39.6223,39.84700513295413,3
21169,41.7,41.430213644400204,40.570927947052944,40.79933,41.06883527314022,3
21195,41.2,41.29551445689826,41.38132528860031,41.547974,41.67959942489414,3
21199,39.3,40.37198696606352,40.77740619748664,40.722492,40.7742784142474,3
21203,40.5,40.60535836743326,40.747613970428354,41.49903,41.5857484466728,3
21221,40.3,39.9001203143816,39.70625753968254,39.354507,39.47568683623226,3
21225,38.9,40.66784512081084,41.379370461220084,41.170803,41.1938594808805,3
21237,44.7,42.82634563633212,42.2391934789067,42.016945,42.31213982627522,3
22007,41.2,42.62656587832817,41.45862738095238,41.29937,41.667296679338705,3
22013,46.6,44.817459434550216,44.391546789321794,44.776173,45.121741900745725,3
22031,40.0,43.092688705913375,42.16889484126985,42.62141,42.965173713448344,3
22051,39.7,38.31215127225259,37.04771388888889,36.362583,36.57418346596583,3
22063,37.2,38.54200359122314,38.690197067079495,38.226265,38.244952239057696,3
22115,39.5,41.2797005738868,40.23699920634922,40.143185,40.43705462441717,3
22117,43.3,43.74939698702217,42.842255422320434,43.126293,43.49720384375445,3
22119,45.7,43.35071905743642,42.578240573117355,43.064583,43.3971428110724,3
23001,36.4,37.349371302668025,37.40659484126984,37.55929,37.53270188779156,3
23011,33.6,36.311747932237935,35.37223517740429,34.45195,34.53882843229913,3
23025,37.3,38.36042098678167,38.54664797077922,38.341446,38.3435179191382,3
23031,29.5,33.33074018587884,31.99076388888888,30.94545,30.96789106532404,3
24001,37.3,37.59761676066796,38.642026190476194,38.653343,38.49986926283307,3
24009,33.9,31.110078291981942,34.27486587301587,35.163162,34.43089159203889,3
24017,42.9,34.84993017207218,33.927636724386716,34.43516,34.43858317971719,3
24019,41.8,39.252876853360064,39.3600699134199,38.206898,38.2706946833167,3
24029,38.9,34.25758942787573,30.20415497835498,31.464018,31.873479104492944,3
25027,32.7,32.49109174211282,31.767161111111115,31.581972,31.470440180766033,3
26013,38.3,37.75818463846886,39.36784033189035,39.687286,39.45623736841249,3
26043,32.3,37.190616781434024,37.33984535607037,37.369793,37.32548980365892,3
26047,31.4,33.473443850767865,32.85891666666666,32.120945,32.0425026974055,3
26071,37.1,37.06554161766274,37.93554462481962,38.371376,38.21438577933657,3
26073,38.5,38.38817064287859,38.48904553540715,38.60349,38.614067787219184,3
26083,34.3,34.049045247165374,36.55432601010101,36.871437,36.36146892272651,3
26085,42.0,38.40845280593118,36.92595714285714,37.099365,37.33313288868132,3
26091,42.4,36.94760655066138,37.56941779930596,37.788857,37.665160078893564,3
26099,36.7,35.649679884918854,35.80509325396825,35.63814,35.532406792772534,3
26101,38.0,36.67252523593556,36.46086836219335,36.267933,36.256432202588066,3
26115,38.0,36.42492347457955,36.57490939632262,37.182087,37.097726384345805,3
26121,43.0,39.13352227601776,38.749281798784196,38.79627,38.906904995993926,3
26123,39.2,38.297760052636136,39.487969111459385,38.504417,38.37374064503098,3
26133,38.7,39.17236763262388,38.619745071921535,39.44964,39.574178389882654,3
26139,35.9,35.042201995073356,33.05321778499279,32.935474,33.10631856187283,3
27027,35.1,38.21591033212799,38.18106699301596,38.11475,38.14000995366048,3
27037,32.9,32.820630739400904,32.5549630952381,33.177032,33.002674285566044,3
27043,37.2,37.80947952556675,39.695814087516304,38.673347,38.42500214090873,3
27061,34.6,37.54480608336877,38.021649586524596,38.49302,38.410665063694815,3
27065,37.8,38.05159048228527,37.67411761896346,38.30384,38.36047355220675,3
27069,39.3,36.290194821974616,37.192268392718375,37.407276,37.21707113173032,3
27073,35.1,36.64896010778942,37.97750802016973,38.06018,37.82655535441105,3
27075,34.7,34.42119125259913,34.20957738095237,34.55748,34.44539502525134,3
27085,40.3,36.727356330229895,38.60569892463514,37.539307,37.2481820378821,3
27097,39.8,37.89083471173076,39.73720044460133,39.61571,39.36319210458969,3
27111,38.2,36.553009924317905,38.400957085179556,38.0211,37.71705635930694,3
27119,38.8,38.28564809799134,39.10346037169088,39.037514,38.9454365072018,3
27123,32.6,32.73763363579435,32.345713888888874,32.89478,32.735868757816824,3
27147,36.9,37.01672380295209,36.2231145127095,37.573883,37.636048762784924,3
27165,39.3,37.53889282854096,38.429824240707646,37.319653,37.20177538028743,3
28019,41.6,42.84889528499433,42.315186172161184,42.166267,42.45378564435591,3
28023,44.7,43.218751841132786,42.30043542568543,43.0915,43.43473607627329,3
28027,48.4,50.07743280079279,46.89129498556999,47.08841,48.042374070551155,3
28033,39.6,39.23019353278655,38.3118752886003,39.019997,39.20024925132623,3
28047,34.7,40.15131671620087,39.380384005468215,39.672394,39.87586508483444,3
28049,47.0,45.909612452798065,46.86842153679653,45.936337,46.15088424891133,3
28053,51.0,49.99800111803722,49.51217835497836,49.5009,50.07396258053801,3
28065,43.8,46.01759367255535,44.624137301587325,45.864758,46.38363078703305,3
28083,45.8,50.1358400690449,47.18188971861472,46.50077,47.43723247118668,3
28111,41.7,41.483499071029605,41.71952693746132,41.832916,41.95188174641256,3
28117,40.4,41.2078864682293,40.22962326012152,40.622494,40.897215881224994,3
28119,50.3,48.21663490722876,50.704978968254,48.961597,49.067339935330324,3
28131,41.4,41.03462297394154,40.787908041403035,40.37459,40.55082480494721,3
28139,42.2,41.64759301777023,40.40285536655374,40.439854,40.77544017452765,3
28145,39.8,41.297448381772085,40.16963460976895,39.992336,40.30015469713551,3
28149,41.8,43.359865224718355,43.240815476190484,43.62387,43.86619889491717,3
28163,45.4,46.48645674969933,46.407545634920645,46.626232,46.9940133932058,3
29015,38.4,37.20144887583821,38.474974025974035,38.758736,38.55267466046362,3
29021,40.1,39.3324588727016,39.19739665706073,39.8502,39.92505185733128,3
29023,41.2,41.11647244790024,41.02938399772562,40.94367,41.095983405859094,3
29029,33.5,35.98231966221322,36.506884776334765,36.17123,36.02961181406826,3
29031,40.7,37.08265739808365,37.960198204068654,38.418114,38.26044290562384,3
29051,36.7,37.67452836679967,38.33266997815905,38.26426,38.1695698311209,3
29059,40.6,41.05248861970043,40.479333382456794,40.773563,40.98621890401961,3
29065,38.9,39.88612890761622,39.607144117116555,40.28444,40.40201480463251,3
29075,37.6,40.83315291997295,39.98599449356791,40.0927,40.33769314361616,3
29077,34.5,37.2828994229046,37.63432608035238,37.405308,37.340080648428376,3
29083,40.1,39.11261134534141,39.6594738466418,39.495846,39.477435406754665,3
29085,43.9,38.7381630358207,37.68213235930734,38.126087,38.30935626161477,3
29091,40.5,40.34373097473974,41.135978161289074,40.425385,40.43104988235124,3
29097,35.8,39.49056967037578,39.97533954842222,39.792583,39.79876517889435,3
29109,41.9,40.30488505141616,39.42210380300477,39.443913,39.67341938485733,3
29113,41.3,37.54619013537103,37.409965808739074,38.039745,38.04156187112298,3
29127,36.1,39.32548687014474,39.70149438589738,39.88742,39.896755104986795,3
29137,41.4,38.73461436877833,40.61462022106937,40.43364,40.211982402794725,3
29143,41.7,42.56524615340951,41.45087800361738,42.270565,42.61411943238068,3
29149,44.3,41.22797840982761,41.431506496444754,41.34317,41.45914427432035,3
29155,43.8,45.139839762148235,43.41422396231221,43.728653,44.27174371923681,3
29163,43.3,39.940079265065684,41.122763810350165,40.95262,40.87873558092667,3
29165,39.5,34.32905828671718,32.04904603174601,32.32659,32.50333282482455,3
29169,35.4,38.468236609581545,37.51016167474935,38.500523,38.65089097053134,3
29171,40.7,39.674559154371636,39.263003968253976,39.81446,39.94385358737065,3
29177,40.4,37.728534687904784,38.487492008318476,38.912045,38.79816680897183,3
29201,43.4,40.78341832117237,41.14141634986932,40.707767,40.788707003548005,3
29203,41.4,41.47464327673976,41.32629297385622,41.452736,41.62533373026297,3
29215,41.3,41.136018977081285,41.111723332223335,41.586964,41.72303921413915,3
29217,41.3,40.71922250119126,40.800722401770805,40.79668,40.907682641980486,3
29225,38.6,40.4873132961166,40.015254043883125,39.906734,40.087753221796085,3
29227,39.7,39.364050808266484,39.502338997113995,39.622814,39.668204370069994,3
30001,31.3,36.5551969914027,36.82798929926167,36.564987,36.48138470317217,3
30003,41.4,43.41960140817688,41.118837286126585,41.10922,41.6673064042503,3
30007,32.0,36.594012680616,38.0338028527293,38.201088,37.94828266942941,3
30011,33.4,39.44602122247966,37.114584018759025,37.52762,37.920279040653206,3
30015,34.5,40.2197744979846,37.63476668054168,37.375744,37.84581877603871,3
30021,35.7,36.03213761259249,36.09119563492064,35.350307,35.28228230756684,3
30023,32.9,36.66374080360234,35.70751984126983,35.123688,35.22249849422568,3
30033,32.0,39.90159994148384,38.2274522727273,38.015278,38.34316234235515,3
30039,32.4,36.70735845621527,35.95326904761905,36.184673,36.24487889041923,3
30043,29.4,35.745059034087824,36.033915873015864,34.630074,34.527516035638946,3
30047,33.9,38.4640853709457,39.703993559218574,38.518097,38.39021585478645,3
30049,30.1,35.836668503949284,35.691859423909435,35.03075,34.98225331833812,3
30071,39.4,38.486845601520386,37.34304034493876,37.89712,38.08081034579856,3
30073,34.4,40.08452117488089,39.77935234487733,39.64206,39.78338936647929,3
30083,35.7,37.03924123924582,36.05097194211018,34.835503,34.96351363263096,3
30093,29.8,37.42585354348901,37.25524314574315,36.82035,36.837608901672965,3
30099,31.3,38.39091947048655,37.90144931061486,37.70056,37.79908213088745,3
31013,40.5,37.88204844933002,38.81065261416249,37.932114,37.81966948066514,3
31061,42.3,37.816985361103015,38.4944837859427,38.941418,38.84233797952063,3
31069,42.3,37.670110307772624,37.33973869263146,37.363068,37.40621171488693,3
31083,36.6,35.76057702180257,36.397837878787875,37.471157,37.283946893137156,3
31085,40.5,38.61481657447209,36.018219963369965,35.09522,35.510552978990965,3
31089,39.2,38.14750221105755,39.101625692023724,39.64562,39.519730506163505,3
31125,40.5,38.85812785401766,37.385656859833325,38.246002,38.4868365169235,3
31129,38.2,36.289389805922895,35.932842857142866,37.107944,37.08111897904491,3
31131,37.2,37.865420506870855,37.95212874188434,37.741863,37.73766128093203,3
31147,44.2,38.01694224758307,39.16556238689772,38.37271,38.233552145226085,3
31157,42.0,38.29266008480665,38.434692904466445,37.65333,37.66725849295466,3
31167,37.9,37.47579264617424,37.767387684729066,37.201588,37.15765427624343,3
31177,37.8,33.30723104126065,35.477960822510816,36.041492,35.544550844217376,3
31183,38.6,34.998149614242024,37.61504285714286,37.22025,36.744014321459204,3
32003,32.8,34.56381864119047,33.752846031746046,33.899868,33.88108256682114,3
32013,33.8,36.08203757523789,35.43845938114846,36.06705,36.08013451880256,3
32015,33.8,34.90288906441964,34.09265389610389,34.690792,34.679273171843334,3
32019,35.9,35.43644990939613,36.51770299422799,35.86566,35.62771302769786,3
33011,29.8,31.749480597488976,29.045571947496946,30.343287,30.4586957201157,3
34001,33.2,34.025832896872636,31.287057539682532,30.17914,30.428305264267394,3
34033,36.3,37.17171079252499,37.56983123515375,37.8453,37.76154445213455,3
35001,28.1,35.093276887043025,34.93589999999999,35.04611,34.9575160886133,3
35013,36.0,38.26238933340659,39.23344502164504,39.600063,39.47910820104864,3
35028,22.4,26.459799228489675,32.115533261183266,31.857496,30.599369657246164,3
35037,36.0,39.42914078342541,37.43128470695971,36.396084,36.762172509218324,3
36011,41.0,36.734946880199075,36.78871785714286,37.15309,37.09860316286455,3
36023,34.0,35.782818860051805,36.49730977633478,36.249832,36.07193846902737,3
36037,35.3,36.06159711664871,36.11025238095238,36.2015,36.12400190481775,3
36039,32.4,34.81002617145439,33.86709603174603,33.71259,33.72694541051467,3
36051,32.4,35.873935387595964,35.08265357142857,35.66613,35.69212806823782,3
36053,34.4,35.70720675872402,35.90640555555554,36.36142,36.24279747851638,3
36079,30.1,29.809815656152406,29.700062026862028,30.121899,29.80453944817648,3
36081,24.7,27.07708656646854,30.58489444444446,29.11092,28.198764937610036,3
36087,32.0,33.791664585626876,31.389569624819625,32.87169,33.02592694638767,3
36097,37.6,35.96563991970745,37.06491587301588,36.168667,35.953528773094654,3
36103,29.8,28.602190854211628,29.760575793650798,30.49022,29.9398756973249,3
36105,34.8,37.34986311497923,36.88703373015873,36.945675,36.99379296294393,3
36113,34.7,32.76192019619235,30.454708333333333,29.836685,29.965825610221767,3
36119,26.6,29.2516058540119,30.48277420634919,29.938004,29.422744755933955,3
37005,36.6,37.15827069735032,35.83212720057722,34.71392,34.893042924679364,3
37023,32.0,37.29358672378758,36.27524787157288,36.02197,36.150638036032866,3
37031,31.6,34.294629710204994,34.22714178464177,32.75915,32.648056933892285,3
37039,31.5,36.79399377153823,36.60327658730157,35.701836,35.702730142886956,3
37049,36.1,37.59603971769937,37.80564330377226,37.189972,37.163275701551534,3
37055,29.5,30.679945387377366,32.07118333333335,31.643297,31.162565721773802,3
37063,32.5,35.93097560059291,32.76114523809524,32.28222,32.66139474894439,3
37067,31.8,38.286378275261676,37.809281561352385,38.06481,38.15061903015929,3
37079,41.2,42.144964188474745,42.116594294448234,42.256252,42.43933782636249,3
37089,33.9,35.81981440874601,33.90004761904762,34.687798,34.86767209705551,3
37093,35.6,42.790518743366945,40.86075341880342,41.186237,41.661232826642866,3
37101,36.2,38.58888167367652,38.28604174448918,38.503345,38.57759834181412,3
37107,40.4,42.90073991881883,42.10188818800247,42.568962,42.88699728471091,3
37115,31.9,37.26692620336992,37.11708676046176,36.52509,36.53517112735414,3
37125,32.1,35.833424238721456,36.965594268662365,36.811264,36.57521120353072,3
37129,32.4,34.831836441299764,30.753045670995654,31.303007,31.750049887843254,3
37133,32.1,39.04043259274985,38.883041262976775,38.8321,38.90835439961561,3
37137,36.6,36.475822406063486,36.58835674603175,36.572662,36.50477300496488,3
37139,36.0,40.172070060213386,40.01655339105341,40.256027,40.3743620730368,3
37147,37.3,41.52287842333571,40.095214466089466,40.644417,40.99317717633948,3
37177,37.0,42.23267320022964,41.18885801647149,41.645004,41.97023057216314,3
37195,39.2,41.75659782942265,40.39688391053393,40.47557,40.831244475932166,3
38009,39.3,36.00529296960854,35.95046825396826,35.38773,35.33205233056651,3
38011,37.2,36.1493268588379,36.73347301587303,37.167324,37.01294375763004,3
38019,36.6,36.65552935591111,36.99718515406162,37.336437,37.23846203613003,3
38025,37.8,37.0622300067212,36.48903966885606,35.90395,35.96518576312737,3
38041,37.5,38.779047059828244,38.024985401767545,38.12076,38.26822870626508,3
38043,38.1,38.61286572369654,37.71944920634921,38.361946,38.514233227172355,3
38053,35.5,36.62744405798076,33.37594715007215,33.453205,33.864442838903535,3
38061,39.7,37.7017816816105,37.97187867687867,38.250126,38.20620027555598,3
38071,36.0,36.84168152717362,37.86737027263251,37.544796,37.367717861684625,3
38073,38.3,37.1900877620123,38.3158881617129,37.7342,37.561134919053174,3
38075,37.4,37.07120717915622,36.88705317460318,36.64227,36.644060822119584,3
38095,36.6,37.128117223043404,37.52832801120448,37.47809,37.39700126320788,3
38097,38.2,37.60557076556165,38.95756476875614,38.505066,38.315331192845754,3
39017,36.5,36.02032623077605,36.51482325396825,36.7128,36.56919110313155,3
39019,40.7,37.948036344770465,37.93476780874949,38.33442,38.33880551526034,3
39021,39.7,37.67871899429497,38.9632955905206,38.660202,38.48080085770772,3
39029,47.0,38.72077606016222,39.81345532731158,39.840195,39.725927450268244,3
39045,39.0,35.77698120527812,33.78722294372293,34.7357,34.92132979531158,3
39063,37.0,36.27438087506251,37.77867302066545,38.051926,37.77532156043465,3
39071,43.1,39.45862981502336,39.90760518230874,40.03183,40.037259790517034,3
39087,44.9,39.62338943638482,41.1761921365502,41.0469,40.90720493865664,3
39089,36.0,36.09181738305012,36.36123015873016,37.290688,37.17107155148719,3
39107,37.8,37.462627173044204,38.498014152840625,38.535717,38.37757260937296,3
39109,39.8,37.12302818238587,38.532990065201574,38.544586,38.32003734876961,3
39111,43.0,38.29317853280123,39.088118650793646,38.48415,38.40346414373806,3
39115,41.8,39.532978521033044,39.92798602994229,40.203377,40.21726794475455,3
39123,41.2,33.366313111762366,33.038379365079365,32.22874,32.10653241295785,3
39125,39.4,38.57761606561057,39.6691216008206,39.858124,39.73575895791931,3
39135,38.5,38.58699092714255,39.07719018539315,39.37804,39.339196920604905,3
39143,42.2,38.426423232279994,39.094756957324314,38.873867,38.81092044675128,3
39149,37.9,38.33813125351918,38.69189263532297,39.04743,39.016775679848614,3
39155,44.6,38.63763279465893,39.075126412330356,39.368763,39.33953983107489,3
39163,41.2,40.52866368373744,42.27277182539683,43.24724,43.10172053540727,3
39165,34.1,32.14215294960177,32.59110873015875,33.601288,33.292587491670716,3
39169,40.1,38.354331600956115,39.02712118300014,39.30745,39.233587245689534,3
40001,43.6,40.277891254048136,39.98963892496393,39.68058,39.82999417839541,3
40007,39.2,39.33506790414839,35.87440079365078,37.127045,37.6620691036975,3
40015,41.0,40.12871999585982,41.24932523860336,40.996353,40.940194191481375,3
40033,42.4,39.657401510378726,40.6312570998446,40.29339,40.23975455604649,3
40041,43.0,37.89680365623156,37.38194563492064,36.584377,36.6748495019905,3
40049,42.4,39.16428183922427,39.911042608861734,40.67788,40.61982737556023,3
40063,47.6,40.40894880813211,42.52370126540128,42.285454,42.10046644690417,3
40089,45.1,41.006387515544155,42.45104480473546,42.16246,42.097268996179864,3
40095,43.7,38.82696363513517,39.322462129537136,39.352932,39.32716891939111,3
40101,44.6,39.64939198816514,41.138774242424226,41.331123,41.19674060943803,3
40119,38.5,37.518273267770276,37.931787348272636,37.865887,37.799214278136986,3
41005,29.0,31.53947667623258,31.417602958152955,30.781113,30.55212182137511,3
41007,30.3,33.250099366611735,33.05853888888889,31.11358,30.983942848889612,3
41019,35.1,37.04097800969974,34.88306830742355,34.228172,34.512957954598825,3
41023,30.9,35.64065758078105,35.5034015873016,34.8905,34.83216425974749,3
41029,35.9,35.15681413975647,31.05407662337663,30.533142,31.01257788471095,3
41041,32.0,33.41296322507671,31.720819877344866,30.320469,30.401126380963714,3
41049,37.4,37.90325572482165,38.731275841750815,37.762043,37.66597610937496,3
41055,33.2,39.66443117740139,34.16942063492063,34.180397,35.03390365258477,3
41063,30.4,33.3353716714645,34.15926547619048,33.37606,33.08981406573424,3
42009,35.3,37.65534894151675,37.71395252525253,37.585674,37.57558910363513,3
42011,35.0,35.92940866762459,37.30248563603064,36.584385,36.32655475867339,3
42019,32.7,34.17602956044092,34.560046645021636,33.925808,33.734004595377044,3
42021,37.1,37.18272674845934,37.925862552213864,37.62827,37.504698722775046,3
42035,35.3,37.777535637768636,37.74211378638299,37.656307,37.663887011784084,3
42067,36.1,38.36971720627162,38.82589056183202,38.843006,38.80415862873002,3
42073,35.8,37.131957119396304,36.619145103545094,37.54948,37.58294447450784,3
42085,35.7,37.300873070172855,37.60306111111112,37.4976,37.43825035644982,3
42089,37.7,34.611428059307016,31.847743650793653,32.289158,32.543315813804455,3
42097,37.7,37.952414604082215,37.500852056277054,37.70292,37.77215924459547,3
42109,36.5,36.82840573889695,37.81843662737335,38.009163,37.8290690848964,3
42111,36.6,37.20008828123789,37.7764721001221,37.792347,37.68842122796714,3
42113,36.6,35.48964306415449,37.32636281638782,37.22503,36.874726322376375,3
44005,27.6,30.802358452711193,29.16994087301586,27.739607,27.704812483320083,3
44007,32.4,34.44696766784574,31.5805349206349,31.309511,31.581787880671556,3
44009,25.0,30.23318534326547,28.005829761904756,27.102592,27.120540752103082,3
45011,43.4,43.500226949510434,43.85693809523809,43.778557,43.96633154190405,3
45015,36.6,37.76818371928768,37.36651746031746,38.599148,38.6387198543592,3
45023,42.0,42.565430929301705,41.91533215804666,42.036556,42.324868139137656,3
45025,39.8,42.22182496255677,42.5492768977886,41.8233,41.97202859557487,3
45041,38.8,42.04767487296872,41.48422809809742,41.63654,41.890867352521724,3
45047,40.5,40.4292127665665,39.93786813983118,39.87809,40.05872380412028,3
45059,41.0,41.14396698154145,40.8569426195785,40.566494,40.75111659216806,3
45071,38.7,40.05068987746155,39.06043564213563,39.170998,39.40389497050793,3
45073,31.6,38.197161403966376,37.46497631578947,37.91417,38.02943667136868,3
45079,33.9,40.576944846922395,39.32409880952381,39.864433,40.1497373493307,3
45089,47.2,44.764859483283985,46.43731839826839,45.3676,45.43642504330941,3
45091,31.2,37.224530732424746,36.64539242979241,38.105118,38.14401211564974,3
46003,33.4,39.60605230230577,36.98048670634921,37.234055,37.677096539193165,3
46013,35.9,37.42359611914481,39.018792103363054,38.732803,38.49886040102109,3
46017,44.4,47.65054642299462,44.59385392648288,45.507698,46.33304057572226,3
46027,39.9,36.51464672376774,36.448529437229425,36.1497,36.11272919433023,3
46031,46.2,45.830291709394835,43.82469603174602,42.795998,43.426596477480835,3
46039,34.9,37.954897032287505,38.55359543540864,38.380688,38.30744605921062,3
46051,33.1,36.17417653389706,37.00582817460317,37.19424,37.009575548324584,3
46053,36.8,38.82644543140875,38.67521190476191,38.465088,38.53398977876642,3
46057,34.2,39.97900764410668,36.672512301587304,35.765717,36.33705106161927,3
46059,34.5,36.60852798112758,36.65384960317461,37.170647,37.10991937196998,3
46097,36.3,37.17871293444549,38.094979182582136,37.790936,37.642887021061526,3
46101,32.8,38.39794631706674,37.74746788395144,37.35036,37.47473431770394,3
46102,43.9,45.932685835503264,44.59881111111115,43.695076,44.23336960949438,3
46111,35.0,37.83720883832863,37.10076237373738,37.505615,37.60731281633352,3
46135,35.3,36.67634951148022,36.68809737706337,37.034904,36.98418467570586,3
47019,41.3,39.02744948345112,40.00666125541127,39.721256,39.64016817664102,3
47053,40.0,40.97839118963956,40.801286751633654,40.86962,41.02669225245372,3
47071,37.5,38.443285198866064,39.46377668650795,39.229122,39.11742545850743,3
47073,37.5,38.96040216107206,40.05692521265284,40.03182,39.92763100980824,3
47075,44.3,44.12344579381363,44.88198015873015,44.619812,44.77927967372913,3
47121,38.0,39.34917274447469,39.10116172161172,39.197746,39.297331230085625,3
47139,37.6,38.74560431822288,38.89219285714285,39.13383,39.15082228470704,3
47147,37.7,38.079496888781954,38.19569123545571,37.977158,37.97773238773835,3
47149,33.8,36.572342135160774,36.05264880952381,36.464806,36.4837695003017,3
47171,36.8,38.34980132733176,36.65372034632034,36.689846,36.9533141119345,3
48013,43.0,38.86643691196001,39.77112190298469,40.006035,39.92122630066454,3
48037,40.9,40.34789742580181,39.8370602670851,40.03783,40.2140597860947,3
48069,40.4,38.36880099423935,40.25941772511938,41.112457,40.8591445854427,3
48075,41.1,39.254988530609566,40.03896150793651,39.87104,39.825127305122834,3
48079,43.6,42.292574854854415,42.054247128851564,42.896976,43.10547000617003,3
48095,39.4,36.42891984450981,36.50698611111111,36.070194,36.01138272007465,3
48129,37.3,39.08120509829621,38.627535569985575,38.86888,38.984313428333984,3
48133,37.2,39.27806140338653,39.14343298319329,39.226326,39.30719941031195,3
48139,37.6,36.247655240275975,37.18128238095237,37.409904,37.21330117741287,3
48157,33.1,29.890637438159096,31.794173809523812,33.875698,33.25360605735148,3
48161,39.3,40.32982282243248,39.604576911976906,39.761307,39.96766144446593,3
48167,39.8,35.562189903516185,36.23825012987011,36.934597,36.739255315522946,3
48171,34.2,32.0399587348665,29.55017878787879,30.734026,30.83286935296058,3
48179,40.5,39.878858190334626,40.456727547452545,40.016624,40.029424236891145,3
48181,37.2,37.59111330582775,38.18535046020378,38.566265,38.47058882786035,3
48187,39.4,36.09488642367001,38.46645109890108,38.792175,38.38515238821926,3
48189,42.7,40.140246088900845,40.535106677721046,40.902058,40.93963161053474,3
48207,39.7,38.91541917874146,40.49501825396825,39.91248,39.74647929760396,3
48209,34.4,34.79370616971449,36.06869953102452,34.187897,33.91412037207225,3
48211,36.6,39.06498007769786,37.49699852092352,37.85161,38.12180811436622,3
48215,47.6,41.369355589844844,44.55819538239537,42.872578,42.59684486680577,3
48225,40.4,40.300656281547774,40.618467000731364,40.613415,40.67388692437515,3
48233,37.7,38.94428494732476,39.29431018810894,39.59436,39.58999821256472,3
48245,38.1,40.37812180971153,38.709918001443,38.19817,38.54920792004067,3
48265,34.9,34.78127144588882,34.42145079365081,34.523586,34.45080719945207,3
48269,40.8,38.473716613757865,35.82013373015874,35.13802,35.55206106895855,3
48271,41.5,36.703924505747246,37.71645966810966,37.510727,37.328125819777334,3
48273,41.5,37.54872374713977,38.22464736652236,38.622833,38.51364400321398,3
48279,41.7,40.59508765531463,40.4194457015207,40.937073,41.071596953248665,3
48303,36.3,37.69063677432658,38.68046746031749,37.51986,37.39502320218485,3
48305,40.5,40.79590325894477,40.30309210352655,40.280945,40.47633134617336,3
48313,40.4,39.55032610235891,39.23372831890332,38.959553,39.0825019390528,3
48317,39.0,38.845773348029965,39.043114358419345,39.411564,39.42367205453568,3
48327,38.3,38.323018866188754,37.55641468253967,37.90935,38.036057743042015,3
48337,37.2,38.2484596624119,38.4513635139514,37.007584,37.02078318200358,3
48357,38.7,39.51534035680362,37.86912248677247,37.196556,37.51132552633529,3
48363,36.9,37.29676125354333,38.41541484575519,38.373066,38.19752396907158,3
48365,38.3,40.19895250437964,39.08888844020413,39.53561,39.78659203136707,3
48387,39.9,40.36996063086079,39.58097687590189,40.41331,40.620437206457154,3
48399,38.1,39.052912469176505,39.566821223221226,39.599224,39.58013898733403,3
48405,42.8,41.75802856287672,39.85183703806121,40.33233,40.75923313455398,3
48407,38.2,39.36190623934763,38.02033632478633,37.989227,38.245365187037116,3
48409,43.3,37.91946085147664,39.80624684346727,39.390068,39.13733268099136,3
48467,36.1,38.14810501461672,39.10509731381649,38.78761,38.67392224871054,3
48479,41.5,39.976563127602375,40.79158968253967,40.70592,40.68413400956872,3
48481,41.4,39.39304970481823,39.19936607947991,39.895226,39.980206414868384,3
48483,39.8,38.908003850475694,38.95983755835667,39.830414,39.858263804906635,3
49001,32.5,40.81704811286709,38.42867416729053,38.064987,38.53345795786079,3
49003,32.0,39.94451186463094,36.93660555555555,36.219475,36.74452598800201,3
49005,35.0,39.06968324003338,36.5138738095238,35.80144,36.2266758498478,3
49011,30.2,36.624762559577235,33.23240634920635,33.05606,33.49074922446693,3
49025,36.3,36.49835472007626,36.56480103344158,36.29807,36.241270515584915,3
49033,33.1,37.07752937994357,37.23935216727717,37.302605,37.25138427515538,3
49039,32.9,40.09357992598068,39.165107802132155,38.63705,38.87233003343007,3
49051,25.8,34.72376920291929,32.57938333333333,29.772953,29.99186048236905,3
50009,32.7,36.694908960507625,37.446999206349226,37.222668,37.076683155867684,3
50015,25.4,35.31874543185335,34.684458333333325,34.162174,34.15933269895299,3
50021,30.7,35.46957451733445,35.28833291018291,33.017742,32.98277339741023,3
51009,36.1,38.86250504439675,38.6271964180201,38.351288,38.43448732185581,3
51011,42.4,39.94624612328673,38.95206153563683,39.23437,39.46101488565192,3
51017,40.8,36.38095792791372,36.111475911625924,36.404488,36.38203937643113,3
51025,45.3,42.51394499059615,43.393020634920624,43.19575,43.27102006352351,3
51045,36.2,36.9026958882365,37.43662063492063,37.559593,37.44784645993324,3
51049,38.6,40.739840580631274,40.51416944444445,40.34884,40.50634846114794,3
51057,39.0,38.402017196435835,38.43379484126985,38.3383,38.362254496624935,3
51075,31.7,30.98475729414367,31.438214732489723,32.859604,32.496617656489036,3
51087,35.1,33.95544560537282,31.892823412698412,32.734467,32.85694319393768,3
51105,40.5,41.25326603685959,42.83059367593191,41.887775,41.823598262210254,3
51109,38.9,37.13869903503332,36.91130238095238,37.085423,37.08997123524628,3
51113,37.0,37.108269904702176,36.67603849206349,36.75242,36.786018411679706,3
51145,35.8,32.98646948516261,34.90850119047617,35.306904,34.83422910602477,3
51147,43.0,40.01442063380717,40.30697817460319,40.825287,40.86989277569682,3
51163,31.8,36.641425661342446,36.77260355755356,37.56519,37.48968530556817,3
51167,39.4,39.35975171873854,41.42809978632479,40.900387,40.6829765796318,3
51171,37.9,36.50067873148631,36.773471498089386,36.27407,36.19167612419744,3
51173,40.7,39.773633174046715,40.038308333333326,40.098557,40.14387003535131,3
51177,38.3,33.59207230356641,35.566894047619044,36.344315,35.8835934272679,3
51183,44.0,40.79169112878747,40.64316111111112,42.298813,42.420989261483996,3
51540,35.2,32.053643077969724,35.51153293650793,35.193947,34.47680984482841,3
51570,39.1,34.76227804171039,37.53930437053111,37.63876,37.1230222259575,3
51600,32.2,20.574870929978086,26.3597439033189,26.991701,25.460109240307403,3
51610,30.1,21.375575122577366,30.807862698412688,31.714207,29.69737751261408,3
51678,35.1,33.08636555074728,37.28394603174602,36.266605,35.497923494766454,3
51700,40.6,39.60854431016408,38.435634538878865,38.58104,38.82097606921969,3
51720,41.8,38.215339455380544,41.07655833333335,40.705013,40.326436198817305,3
51800,41.5,38.30399323429707,37.99604435286935,38.34486,38.406184709562574,3
53005,40.0,35.48920330031385,35.93064851814853,36.223904,36.06451866151283,3
53009,34.5,33.822671720217414,31.841271825396813,31.73307,31.85250200043417,3
53031,26.1,31.81614954590401,32.08510357142857,31.238539,30.96890866924697,3
53037,31.0,35.309240799122236,33.01414404761904,33.05549,33.2781566734791,3
53041,40.6,36.567268175187074,36.734919358327126,35.91781,35.857617169588906,3
53043,34.9,36.62323761789782,35.878614285714285,35.459827,35.52473066417083,3
53061,32.9,29.07761322401388,29.975216125541127,29.290716,28.817359472433054,3
53065,32.2,36.951436293698926,36.584212184873955,35.58694,35.62059910908635,3
54001,40.8,39.87377489502206,40.584558704453435,41.011738,40.99292537875969,3
54019,39.4,40.30815005507982,40.85428371764021,41.194054,41.2176109477059,3
54051,42.3,38.22178673475526,40.282151939033184,39.52874,39.26890486389731,3
54055,42.5,39.511041647161555,39.17971436925649,40.03533,40.142241166145304,3
54061,36.7,35.84746045125825,36.118835750360745,36.40665,36.28606877874829,3
54075,44.1,38.14181024039172,37.89893055555556,38.249943,38.29538570201419,3
54081,39.6,40.5427970399334,41.03457513455662,41.058426,41.10391913374638,3
54095,41.7,38.66252067655416,39.32980515873017,38.85901,38.80957898827137,3
54105,41.5,38.80944322634652,39.21555476190476,39.3789,39.36307515753101,3
55005,39.4,36.93847201086157,38.587858286669714,38.35349,38.09118175672247,3
55009,36.6,36.07478974578882,36.094498552051796,36.3964,36.3204499226737,3
55035,35.8,35.83231584282219,36.77555512265511,35.89199,35.69317604535108,3
55057,39.6,37.6339164708765,37.51391204117519,38.13169,38.135007579061295,3
55061,39.6,35.66157371184796,38.139166802641796,38.5598,38.118604943780696,3
55063,34.6,35.396356824230885,36.13943304473304,36.194534,35.992282731894704,3
55069,40.3,36.10095517038704,36.95940422502335,37.320843,37.12685888978815,3
55075,41.3,36.24002581837356,37.27685288600288,37.176888,36.97022011909219,3
55077,40.9,36.73827905994923,37.11678163780663,37.20349,37.10741611504572,3
55079,39.4,38.64761280140803,36.39458156565657,35.21057,35.582633412625306,3
55083,39.9,35.82544491021406,36.779190873015885,36.733868,36.52104768789077,3
55089,34.0,32.270117204649466,33.428357661782655,33.60614,33.214872528715034,3
55105,38.1,36.697558999005444,38.00009486765182,37.668827,37.4469144451348,3
55117,40.5,35.02257281972206,35.93326953324452,35.297607,35.0664257981436,3
55119,40.7,38.69798360375048,40.09514881980449,40.00916,39.85267502747016,3
55127,33.3,34.892424954524465,32.382021428571434,31.751995,31.997661438143794,3
55133,32.0,31.706554373246725,33.31127228327226,33.728863,33.24795114474358,3
55137,41.8,36.65379316299593,36.9011274170274,37.29593,37.21036800843461,3
56001,35.0,36.40061483766198,33.055709271284265,31.383009,31.823632761426524,3
56003,34.7,39.04180864861256,38.336852815903995,37.88394,38.04331563042239,3
56019,31.2,36.58863204088764,35.007363071602725,34.760906,34.939813964797146,3
56025,37.8,37.621605983352545,38.39901957376267,37.526577,37.424636273214674,3
56031,32.4,36.14857952974464,35.819144913419926,36.49366,36.46452597530633,3
56035,29.9,35.928138552686114,34.86122984747811,34.18034,34.265889815708974,3
56037,36.3,37.21903018439767,36.70770411673175,36.983135,37.029538225205265,3
56041,35.5,38.81986531258138,36.61944472806886,35.81698,36.183142973873714,3
56043,39.1,37.050468347207435,35.388729894179896,34.292522,34.51419597680217,3
01007,41.4,41.59970385147424,39.52680714285716,40.908695,41.16309089864774,4
01011,49.4,46.229241578858435,47.22173095238096,47.048454,47.43393106498881,4
01013,45.5,44.29213294024145,44.13591666666666,44.084145,44.44102314736419,4
01019,40.2,39.363459887137765,40.11097935022496,39.866318,39.855900561992506,4
01021,36.3,40.09522392652407,39.71533219988072,39.711796,39.826491943180386,4
01049,38.9,41.05534800424299,39.493451416361424,39.559727,39.830531748124955,4
01053,43.5,43.454318452290266,43.61774642857143,43.273834,43.57247268117216,4
01055,41.3,40.411891907167735,39.49674528138528,40.001213,40.1452998280505,4
01057,39.2,41.02271980755727,40.89349436507936,40.317097,40.50810815128971,4
01067,38.3,39.564615706278566,39.42993443778445,39.591373,39.64048365770717,4
01081,35.2,38.99214139380264,38.33018877184907,37.705,37.82064759159112,4
01083,35.8,37.8023162113299,38.11182798097157,38.530212,38.41425225616049,4
01085,49.6,45.542902718485365,48.792921428571454,48.053135,48.241957799799515,4
01095,38.6,39.77383225037396,39.77249862889984,39.96353,40.01187674605742,4
01109,40.6,42.17788354052635,41.89246756854257,42.111675,42.330351857754316,4
01111,40.9,41.94671060379883,42.46415717948718,41.93586,42.12440791675967,4
01117,32.1,35.35694996292133,36.204686111111094,36.970203,36.63261064409363,4
01121,42.6,42.289535043439805,41.476461822883,42.069397,42.313796902358746,4
01125,41.4,40.0131223280376,38.463058519867204,38.82535,39.00990204287056,4
01133,36.3,39.579939496485686,39.954561565274545,39.04881,39.13113723307134,4
02016,28.9,22.93136567359013,30.36884246031746,30.31656,28.70439815158694,4
02068,30.8,30.84665103959407,29.063734126984123,29.465595,29.10381814244835,4
02100,32.6,33.270686648329395,32.59966111111111,30.595732,30.458887280096718,4
02110,32.8,30.55662215389425,26.842730952380954,25.611336,25.515160190091695,4
02130,34.3,32.51944013963744,32.59286879960317,30.474152,30.235036287935472,4
02150,30.3,29.70367735144294,34.23409523809524,34.26921,33.31822094966452,4
02230,33.0,28.615516632025958,31.458984992785,31.102966,30.25868139688731,4
02275,34.4,35.05836709227506,34.111853174603155,33.76994,33.64804524090885,4
04001,39.1,40.64235917220707,42.87368333333335,42.28181,42.24671353441025,4
04017,38.5,39.386229993037155,39.889350288600276,40.4985,40.44958043695321,4
04025,27.7,34.220578602000785,33.75046608946609,32.786415,32.61632574117952,4
05001,40.9,40.38541457280411,39.995262008299264,40.96645,41.03022854107706,4
05011,41.5,43.76171749785785,41.127290018315016,41.950397,42.42613874069598,4
05027,41.1,43.070055896299365,42.51176246031745,42.50105,42.814572040892614,4
05029,41.3,41.16527739780242,40.33401761904763,40.773827,40.96161232838015,4
05035,41.5,46.0029833179466,44.47459329004329,45.338398,45.85353342446046,4
05039,44.0,44.332271808230985,43.60012373737372,43.28677,43.71453719887376,4
05051,37.8,38.15140223820724,38.45765725108225,38.159454,38.116440725003855,4
05053,35.5,37.9677755207494,38.49841173785002,38.562145,38.46260539274437,4
05071,39.1,40.15028726308241,39.66681096681096,38.980755,39.15654820021332,4
05073,42.9,42.352215237852164,41.89920447330445,42.522247,42.73725941734939,4
05077,44.9,45.53065599103646,45.09102380952378,45.678623,46.09044111837498,4
05105,37.6,39.739303715681565,40.396557642357635,40.501247,40.496771611366874,4
05107,51.3,48.803712208825274,48.65116230158733,48.56436,49.20082383049046,4
05111,40.8,42.01155767896821,40.98619833052833,41.72551,41.960689481865906,4
05139,41.2,42.6326293380182,41.2762251426271,41.73596,42.05788625185935,4
06013,28.4,26.0312503458736,29.355847619047612,28.40527,27.403027493198685,4
06035,32.8,36.40684452935772,35.518764790764806,35.859344,35.76655122019992,4
06073,25.4,29.14514984084022,28.567086904761904,26.997696,26.568114434314158,4
06075,17.7,15.732861821546805,22.865929220779222,23.764498,21.668075358034887,4
06083,31.6,31.70250088768868,28.02467817460318,27.692446,27.599363981601215,4
06091,31.3,33.52175792984746,34.09033571428572,34.1711,33.793701370642694,4
06097,28.3,29.961476676263544,27.651948809523816,27.03482,26.736898216820308,4
06099,34.7,34.943771159372254,35.67697038239538,35.88368,35.57049907538791,4
06111,28.9,29.822481025303723,30.67499484126984,29.131779,28.618446352935784,4
08007,24.9,32.950927356407746,30.660409523809527,30.133139,30.01096270853172,4
08009,31.0,39.732433448830974,39.324726695526714,39.882782,39.93744667215223,4
08019,25.7,31.312819990635344,28.928785461760462,26.826485,26.724202444584794,4
08029,29.0,36.6465408545139,33.679138852813864,33.088516,33.2565414028124,4
08043,29.2,36.06800275129076,36.522072438672446,35.733696,35.58484357376232,4
08069,21.1,33.22970520565475,28.187453821178813,27.549128,27.689633015955028,4
08079,26.6,25.44399958521144,31.172641341991344,31.161463,29.848407945339112,4
08113,24.7,29.777152489827095,25.937733333333345,23.950327,23.87108262058143,4
11001,25.1,32.56301937383713,26.963976984126976,28.29561,28.302444413375813,4
12013,43.6,40.398280004195136,39.89080634920634,40.637764,40.728485875391996,4
12015,34.4,33.21439803616569,33.36520057720057,34.19079,33.77734565716385,4
12029,43.6,41.00075396192051,40.44613730158732,40.423008,40.60986823323537,4
12031,33.1,37.94688490228323,36.98200010935493,35.711437,35.83508549033068,4
12035,33.4,34.009302881312436,32.76530515873014,32.39201,32.23354242535485,4
12043,39.7,37.926605606597576,38.22136002886005,38.347755,38.26157473299088,4
12049,40.3,41.29756645793345,41.37397294649794,41.326977,41.47930478894554,4
12059,36.3,40.50892205873098,40.830174396135256,41.18715,41.24098041941396,4
12067,40.4,39.28746085686883,39.57053171880673,39.94346,39.924344645195085,4
12086,30.3,35.33541275753091,34.22393888888889,36.553123,36.27165245351428,4
12089,32.5,34.473302721000415,35.35896799719888,35.07562,34.75536277987074,4
12093,40.1,39.479166021293764,40.189268925518924,40.41808,40.38417680559047,4
12099,30.5,34.68476235639429,33.22909844877344,33.36929,33.23394043489971,4
12103,32.2,34.07654041833646,33.49962348484848,33.192036,32.97540678914117,4
12119,35.1,30.10842913899673,33.04761031746032,32.55139,31.800652390556067,4
12121,44.8,40.71682953190985,40.43728188308688,39.878498,40.062423063487834,4
12125,42.5,40.154228659212016,39.33737543290044,40.58663,40.65317198194454,4
13009,39.8,42.14147469978763,44.2577884920635,43.4964,43.575518979068654,4
13011,36.7,37.94462410614852,38.398064576499245,38.40375,38.31360126297561,4
13017,41.9,44.366778262883216,42.821108333333335,42.795223,43.274817641767356,4
13019,38.7,41.84193470178082,40.81951846856997,41.144897,41.39897004025827,4
13051,36.1,37.899948864633224,36.12534870129869,36.224224,36.3170544230137,4
13053,43.1,39.6753878527193,37.50350927128426,37.702698,37.93182857445101,4
13081,44.8,44.85076659152595,44.59337896825397,44.046314,44.48166625253283,4
13099,45.1,46.162455815817815,44.14633412698412,44.18973,44.815406401392025,4
13111,38.9,35.408368000828425,36.08924642857143,35.937016,35.68256685829579,4
13117,31.3,27.3286717477272,31.724251190476185,32.6794,31.528287491903313,4
13125,37.0,39.65557693071982,39.92633691929099,40.469837,40.46223235321535,4
13135,33.3,34.59809901985428,34.780323809523814,35.9325,35.57808555827518,4
13139,35.0,36.967701667832785,38.30532262166578,38.163918,37.94786389541455,4
13145,32.7,36.42190989192942,36.25565111832612,36.705116,36.54314177405134,4
13151,39.3,38.996862944095916,38.273105916305916,39.977333,39.93216472485663,4
13177,36.7,38.26849290742162,38.687126010101,39.14017,39.04097515973238,4
13179,45.9,43.26269794192208,41.06989126984126,41.917664,42.322827057356555,4
13183,41.3,42.88030520140961,37.83678743386243,39.370205,39.949017981074704,4
13189,43.7,43.58178090804789,43.72323833111332,43.09094,43.41991707729588,4
13193,48.3,45.202758151209814,44.717779004329,44.301533,44.76883193104789,4
13197,39.9,43.1525218290925,41.87499365079365,41.239323,41.664674693492934,4
13213,38.0,40.18840208900604,39.40493333904809,39.2338,39.40104731515811,4
13225,42.7,41.809345865697615,40.18345198412697,40.35749,40.672481746559555,4
13231,34.2,37.77976183513891,37.95800847763348,38.30372,38.20289879044999,4
13271,45.6,42.788930986502635,42.292039790764775,42.221035,42.51627885322782,4
13277,41.9,42.63242580225122,39.79593134920636,40.30897,40.7548803046496,4
13279,42.5,43.184981803200714,41.787217496947505,41.79515,42.18689395637911,4
13285,41.5,42.53867461817917,40.29666357142856,40.770016,41.161663858916405,4
13291,37.1,35.118209133929184,36.63069087301586,36.070984,35.756002643278705,4
13295,41.8,40.19722905883196,39.97934674185464,40.401947,40.47847761986176,4
13307,43.5,42.938966384618816,43.61422831890332,43.53854,43.74213087526078,4
13317,43.9,42.16131696436428,42.13186839826842,42.736683,42.90468638425474,4
15001,26.0,29.157252308928037,31.330160714285704,28.541868,27.962584070486926,4
15005,29.1,30.26346529665311,34.36016922799423,33.15994,32.369085833127535,4
16015,31.2,33.10451647802055,31.377262662337667,31.143688,30.9613341515523,4
16029,32.8,39.79096604866018,37.92245476190475,37.772884,38.007846056216934,4
16045,31.4,38.028766430672704,36.36399056354483,35.953197,36.08088196903215,4
16067,34.8,39.57732365113825,38.20243347763348,38.286484,38.44899389659382,4
16087,38.5,38.30953460411199,36.72305912698411,35.666134,35.85048791294396,4
17009,40.6,38.656846728755916,39.09535833333334,39.336323,39.27444218548078,4
17031,32.8,34.224942898081345,31.321515836940822,29.274513,29.3921819102284,4
17043,29.4,28.77875187824284,28.89329191919191,28.81798,28.199310760300556,4
17055,39.6,38.98279793161201,39.55523347763347,39.54789,39.512228526530556,4
17069,37.8,38.11866654984853,38.18673095238096,37.8577,37.835443823309156,4
17073,34.7,37.37706585850702,39.31854816241644,39.58803,39.31564742754144,4
17087,36.5,37.3991242676662,37.117856673881676,37.71228,37.60996361663689,4
17101,37.8,39.242963290402926,40.11646981962482,40.341175,40.27893325071487,4
17115,37.1,40.14984779286955,39.79176750520345,39.88733,39.99641971813697,4
17131,36.8,37.451351842508274,38.268495357085264,38.816628,38.62598460590538,4
17147,33.8,34.952362471163916,34.642088095238094,35.850254,35.556148246801094,4
17155,34.7,33.84305626829068,34.17447427849929,33.34017,33.068389276526936,4
17157,37.7,37.583387950759146,37.988715076882166,37.971916,37.865316358912835,4
17159,37.4,37.92149131595824,37.01548345543346,37.117485,37.13641574741349,4
17167,38.3,36.62895547284604,36.298961507936504,36.79637,36.65783968002809,4
17171,35.0,37.26255114805893,37.57317103174603,37.753662,37.6214164022913,4
17201,38.5,38.02022270994488,37.36801905584416,36.786648,36.83856198392988,4
17203,34.2,35.50391406802956,37.192991666666664,38.06218,37.65356776613915,4
18005,34.0,34.7159553501705,35.60437096410533,35.74573,35.4098112490849,4
18023,39.1,38.51503016583977,39.416406700769315,38.813366,38.763104182809364,4
18033,37.5,37.57552836627641,38.380241508491515,38.480034,38.33013411595097,4
18037,38.4,36.52847172157312,37.08481723653228,35.503918,35.43117353845192,4
18043,36.4,36.42671748737657,36.598294891219886,35.82726,35.72361595867452,4
18053,43.0,39.50209670823823,39.31384211044124,39.768845,39.79776105215233,4
18061,36.5,37.28705258541069,37.27419491766405,37.88423,37.750731989982604,4
18065,44.4,38.695572207472,39.95864860388149,40.08148,39.95922040472999,4
18067,41.9,38.378990695149874,38.64893547924655,38.997135,38.925063571441086,4
18069,39.0,37.95928296387782,39.31750131076974,39.52844,39.346398885755875,4
18071,43.2,38.30824256675952,38.82292992990663,38.623146,38.56474601898381,4
18081,42.1,34.78314806034885,34.5808015873016,35.325764,35.045031118446744,4
18089,38.1,38.93556420144741,38.831274967386435,38.829018,38.848522344631704,4
18091,39.7,37.50997807131109,37.91705104436818,38.269,38.13138895637652,4
18099,35.9,37.0561816722373,36.358893975468966,35.319782,35.349021069962774,4
18107,42.6,38.359924382198564,38.90463327658018,38.70595,38.648058297050056,4
18111,41.5,37.34015043015292,39.165646224943465,38.157326,37.983988318011555,4
18135,38.9,38.96863145420605,39.33116591222786,40.058025,39.987157367706736,4
18137,37.4,37.40394311350903,37.737218196272224,37.620262,37.516006959658235,4
18141,37.8,38.21922134387577,37.694060387780894,37.74291,37.75105803036298,4
18145,39.7,37.12639342402202,37.86084868677088,37.60858,37.46228834412085,4
18157,35.1,36.51019418102211,36.20972492784994,35.1597,35.12188247955894,4
18161,40.3,37.2193951629444,38.54967839163242,38.621693,38.40649892763415,4
18169,36.9,37.38667411341327,38.7673034928384,38.568703,38.378782919113526,4
18175,41.7,38.68523604491292,39.10125342162804,39.241966,39.190936675116994,4
19023,39.5,37.011796849379394,38.059873958333334,38.152798,37.94771343312884,4
19029,44.9,38.25215859199341,39.30763808380299,39.430504,39.29890544556845,4
19035,40.2,36.911712729890894,37.94759207396724,38.820972,38.555022574274986,4
19049,32.2,33.94675468744887,33.544548340548324,33.649815,33.38062071958097,4
19063,38.5,38.29399653415546,38.71789852959866,38.683273,38.62003554341037,4
19065,39.7,38.05900358665506,39.781207420580984,39.80911,39.61484945441844,4
19073,41.5,38.6152178208773,39.046961543473515,38.53918,38.52882423829415,4
19077,39.8,37.04745095962214,38.79507774229265,38.75884,38.504771139482536,4
19081,36.2,37.69636654749214,37.520899359424355,37.194115,37.166760645080025,4
19091,43.4,37.11465112459719,38.717065544849405,39.377117,39.08996892393952,4
19101,37.4,36.702553176281896,35.90666316738816,36.26537,36.18150246036885,4
19129,40.7,36.5542849766482,38.442952147525666,38.992775,38.65433108485954,4
19133,40.9,38.47465342670116,39.418108545793686,39.23255,39.14634383689364,4
19141,38.8,37.73070847737572,38.42042622488183,38.691204,38.5485579953989,4
19173,40.3,38.994283327175665,37.46747315519358,37.546104,37.686271062097155,4
19187,38.7,38.280874814723724,38.546505889185596,38.53751,38.485300395390524,4
20003,36.4,39.32783203920703,38.01596599628919,38.33459,38.45955810540066,4
20037,42.6,39.532938418092726,40.12080873440285,39.998722,40.00375248678358,4
20041,38.7,37.71820201228264,39.769033669666044,39.24926,39.044802478826405,4
20047,42.2,38.0966434599673,38.74924477225673,38.46732,38.389869769699445,4
20049,42.4,38.92501650078916,37.597844841269854,38.176884,38.259798043185356,4
20057,38.7,38.14354387004261,37.9452592597058,38.573,38.506910251229684,4
20067,40.8,38.08467588141694,39.10071486101616,38.73615,38.632486170185025,4
20075,40.0,38.43019243882502,38.41915844462034,37.370655,37.42579056123202,4
20077,42.3,39.601687421081415,39.36493427039437,38.66889,38.79036383167813,4
20081,40.5,38.13865718933851,35.76801154401155,36.043224,36.18959922480352,4
20083,37.1,37.856387947200645,38.27874905896579,38.072315,37.99457989710065,4
20087,41.5,36.40354429804703,38.29596013708514,38.04484,37.75403458197407,4
20109,38.5,36.94209208565507,37.552216297274576,37.02209,36.89505500477928,4
20111,39.1,37.76088391121706,38.24647656510158,38.04779,37.95816959621906,4
20115,38.7,37.58862139877572,39.57711175360171,39.310818,39.08566431150359,4
20117,41.5,38.25357699859653,38.673116687189,39.259056,39.14936924888362,4
20125,45.1,39.46302209745867,40.1548016767353,40.540173,40.495673018453246,4
20131,34.6,37.02824069871461,37.33183069358177,37.883213,37.710666730227224,4
20139,39.7,37.00216630818653,38.470066291389486,38.667095,38.41772959386499,4
20141,38.5,37.89077226022699,38.044032516339875,39.05692,38.91741135330186,4
20171,41.2,36.49162149791577,35.4717436868687,34.59264,34.60358837253186,4
20173,33.5,37.36525349595074,36.52500124205861,36.94212,36.89865612328739,4
20207,38.4,38.14339765998916,40.08692738095238,39.842457,39.65373710580754,4
21003,41.8,40.398725081724734,40.79955118578384,41.13048,41.17252746049998,4
21007,39.5,38.1101846373685,38.857729796347435,39.45721,39.309417104042915,4
21023,37.2,39.36071273176718,40.028055783595484,39.851036,39.84253986836766,4
21033,38.0,39.8735981300777,39.36567280791104,40.064587,40.12651994841996,4
21055,41.0,40.306720732787085,40.36254668109668,41.20845,41.237833216999945,4
21067,34.9,36.83880524514094,36.31282788600288,35.55246,35.53362401331351,4
21073,37.6,37.42453984510155,37.63014323704616,37.651253,37.549423053462434,4
21081,37.8,39.73121840560424,39.592409514178634,39.186687,39.286922506871434,4
21089,43.8,39.05262563148866,39.27268776340147,39.488564,39.47167287366894,4
21091,38.4,38.651430427758314,40.170084195029894,40.00694,39.8803320981104,4
21099,38.2,41.87716890464323,39.665307431457435,40.723648,41.030221216510384,4
21109,41.9,41.98523124438483,42.130418253968244,42.54224,42.69812722511576,4
21121,40.6,43.68074834235422,43.196509992785,43.70867,44.01598850764514,4
21127,39.7,41.74831004933867,41.15333752587991,42.38152,42.52841963161736,4
21155,41.1,40.09846635277403,40.79858052588087,40.758564,40.782810215087345,4
21187,38.8,39.89972609790458,40.284055482709014,40.654068,40.66406442230145,4
21201,40.8,38.802372927980144,39.486188888888876,39.84622,39.763596451797355,4
21231,42.1,41.94937516281723,40.878201587301604,41.991783,42.200353272211046,4
22003,40.9,42.34391589801341,42.07389987789989,42.01001,42.25779309880872,4
22005,36.8,39.24191987301818,38.571044234453275,38.997097,39.05375797166394,4
22011,36.8,39.88665838836879,38.98686446923597,39.611473,39.71335555033494,4
22025,42.7,43.02004972103548,42.75370685425686,42.891186,43.16583625940322,4
22029,42.0,45.990959605272145,44.697370634920645,44.88836,45.4305547365482,4
22053,42.3,42.42927398842624,40.76579379264527,41.083706,41.42977924432243,4
22065,47.4,48.74255644106169,48.56504325396828,49.076138,49.66827437911873,4
22073,42.1,43.57726129826046,41.92727579365081,42.665768,43.051209308994245,4
22075,39.8,38.680020297020754,38.04162261904762,37.810093,37.87638624435977,4
22077,42.3,42.0313815243096,41.027494322344324,41.15918,41.437140371428136,4
22079,42.0,42.60867970176261,42.129270418470405,42.370983,42.63129032425324,4
22109,40.5,40.034280709374755,40.07896364724536,40.010853,40.08975480430225,4
22125,40.4,37.029536267710924,36.70272781385282,37.386917,37.25939450715726,4
22127,43.6,41.81682093035985,40.52506761904762,41.230667,41.47928467279271,4
23003,41.7,37.68989631635495,38.127947782446306,38.159657,38.05331379368727,4
23005,29.4,32.38266517391398,29.86685,30.08358,29.892757687001946,4
23013,27.9,33.64909921574843,31.48813055555555,30.942417,30.853300255257416,4
23023,30.7,33.85357276030226,32.4801329004329,33.226658,32.989779100720355,4
24033,36.0,36.63522345047226,35.059513095238074,35.716885,35.67487321354526,4
24035,32.7,33.19149670028846,35.52646904761903,35.307262,34.77846655417237,4
24037,35.2,32.67662894888173,35.82144087301587,35.95928,35.30338613752213,4
26001,36.6,35.70130639509275,36.97070198412698,37.05692,36.75262735847417,4
26017,37.2,37.22452189326183,36.973867030320896,36.683617,36.63113274597083,4
26033,39.3,37.755382776562776,40.17380535999948,40.932743,40.607464747766315,4
26045,34.9,35.54471494319575,35.76488185556273,36.783348,36.49341555896269,4
26049,39.1,39.9300284769555,40.08706991458363,40.43911,40.47187932672393,4
26051,38.1,38.21802831872332,38.22949865689865,38.21077,38.17733757082483,4
26053,37.3,36.85354333113083,36.951008730158726,36.643517,36.539395417634374,4
26057,35.6,38.56040136511324,38.91178164048349,39.36027,39.285156342210435,4
26061,34.2,36.94575857554587,36.64816269841268,36.551,36.471631701178794,4
26065,34.0,36.26500883151261,35.13262987012986,35.32839,35.25831648893516,4
26069,38.2,36.85551065646496,37.26318293650793,36.37305,36.28389566853701,4
26077,35.7,37.1075010080004,36.05994687208217,36.25516,36.2296051959354,4
26105,39.4,37.20181342397727,36.487787184873966,35.925415,35.9309894981725,4
26107,33.4,38.36858432625499,39.506304003683184,39.237415,39.13386579031073,4
26111,31.1,36.109494450325904,36.543127951004955,36.713306,36.50027920151284,4
26113,38.3,39.21018233185415,38.5221804876496,38.870888,38.93260259884456,4
26127,37.9,37.90728791452126,37.87626542950513,37.294163,37.28554786172336,4
26155,36.1,38.09625400144395,38.988199367007255,38.426785,38.3486141413972,4
26159,39.5,38.122696483427745,38.598214941294344,38.473614,38.40181547158919,4
26161,30.1,32.286445871923,31.023307539682534,31.15371,30.854973718791065,4
26163,36.7,41.03916240507693,38.51969047619047,38.759716,39.09979537479651,4
27003,35.9,33.925347009892505,34.65939408369406,35.716194,35.27958241044791,4
27007,41.1,38.27265741173815,38.091857060025845,38.99456,38.91525108292227,4
27009,37.2,38.54586706563744,37.58078034105534,37.97803,38.01935720888908,4
27015,39.9,36.64686052931153,37.491874689751874,38.222992,37.96740317289649,4
27017,41.2,36.992939004208196,37.81403853433266,37.88572,37.70059235346114,4
27023,41.6,37.820063996072214,39.26617606832005,38.692745,38.55060074427623,4
27025,38.3,34.788604850364564,36.203112698412696,37.172405,36.73636794110809,4
27045,37.2,37.18099949292337,38.16205086580087,38.895916,38.66122628126858,4
27049,36.4,35.64697987265365,37.30184894243183,37.2462,36.91542039224286,4
27051,38.0,37.60397435850552,38.01900051771597,38.167435,38.04945691760959,4
27053,27.4,32.72675128724483,31.66211071428571,31.519758,31.250444024655522,4
27057,40.0,36.33376492069464,38.02555317712978,38.595387,38.25895402693251,4
27071,36.9,36.51727738439683,37.16066904761904,36.79109,36.62358841702353,4
27081,38.2,38.43038721064512,38.90925714607425,39.072372,38.99864545309959,4
27093,41.1,37.497050036068195,39.09698880531234,39.144733,38.92506151081827,4
27103,36.5,36.24935582851115,35.82462839105339,36.710598,36.52914295403029,4
27129,38.4,37.469829397065865,38.32378326621557,38.056084,37.92169113373276,4
27131,35.0,35.99992577907784,36.32703041549953,36.72672,36.49975435365522,4
27145,38.4,37.610384827897576,37.59529436133915,37.914543,37.82189401289921,4
27151,39.7,37.7169819963383,39.241623919651495,38.85307,38.68459615714454,4
27153,40.5,39.327813977602695,38.40694786252602,38.537197,38.641861113255445,4
27159,42.9,38.80952039594012,38.846329228211644,38.74307,38.74985691425736,4
27161,41.2,36.682472421701284,37.76952407545378,37.854347,37.6262276801957,4
28001,43.6,44.065291378851356,44.07270357142855,45.062977,45.317322850781956,4
28005,45.0,42.99028826597439,41.819102400377396,42.537945,42.847356830897766,4
28015,42.1,40.53547574608165,41.16881150793652,41.18002,41.233241479258105,4
28021,51.2,48.36480208073257,51.351182395382395,49.405075,49.87636273987894,4
28061,44.1,44.89661475905091,43.30710634920634,44.13362,44.58867271237404,4
28069,47.2,45.23666390861083,48.69917341269843,47.98288,48.1328465670334,4
28073,39.5,39.567396244782024,38.90663922533546,39.30731,39.384921285844996,4
28079,45.1,44.601977378598335,43.51702417748918,44.261917,44.66111757782794,4
28129,42.0,41.91195482773176,40.760923343685306,41.01498,41.289559833829706,4
28133,47.5,48.19671348351151,46.824276984127,47.68658,48.323240092423006,4
28141,39.9,39.32199846863976,39.673021521942104,39.63976,39.645924213256805,4
28151,44.6,47.541671072108514,47.31921746031747,47.46355,48.01193645639168,4
28155,39.8,41.81657999692586,40.80526798201799,41.11165,41.3645608391204,4
28159,45.3,43.988036722048236,43.65551266233766,43.32483,43.69816260101155,4
29011,42.7,40.6631217389723,40.61076759068581,39.522167,39.72102873564057,4
29027,41.7,37.451048520745374,37.748409029911365,38.235424,38.09401141556329,4
29035,40.0,40.306393121275136,40.62441165223667,40.966187,41.00893055446348,4
29047,35.2,36.09071292662107,36.0145006132756,36.316963,36.137353157493536,4
29095,38.8,38.02538840867412,37.0188630400209,36.878033,36.929381810997626,4
29101,40.0,37.80876489469739,38.50970303446553,38.049812,37.9632043977539,4
29119,41.2,41.803930649613,39.385605205415494,39.251427,39.656532158989634,4
29131,39.7,40.04761882595566,40.2208146825397,40.66018,40.692544381708856,4
29141,43.1,39.11264835734084,40.0083850420582,39.64461,39.61448545187151,4
29147,42.3,38.03149455519125,38.9418814213564,38.46213,38.37255185611761,4
29159,39.0,40.60422199703431,40.24222303671424,40.172905,40.32205241546908,4
29197,39.8,40.54570113726363,39.06893369408369,38.54722,38.821349742883065,4
29199,39.2,42.13005511316796,39.133327380952366,39.60884,40.04037833874717,4
29213,39.2,37.049433597397,38.34311746031746,37.45248,37.29877992837645,4
30017,35.8,37.70656999713329,39.53152377969515,38.579597,38.42480692514616,4
30027,32.1,36.93533595014052,37.58181417233559,37.289364,37.141791132683885,4
30029,30.2,35.85269308470217,35.55549261482753,35.661503,35.50037667224675,4
30053,30.9,37.35778837267636,36.54812698412698,36.031708,36.0518468812438,4
30057,26.5,33.117264122973644,34.09393293650792,32.85124,32.50829448636102,4
30063,29.2,35.4006273489624,34.35603051948052,32.375942,32.40061205271889,4
30077,32.7,36.27238411728493,37.8595836070792,37.90504,37.61133288371383,4
30085,40.6,41.82106148567794,41.96270474160681,41.926067,42.1042096123383,4
30097,32.1,35.06981041462084,35.2728932203943,35.013798,34.78742480285095,4
30109,34.5,34.917232340505194,37.19511948051948,36.280567,35.912492234366226,4
30111,34.6,36.34748975162027,36.56787361073406,36.8379,36.65078371026195,4
31001,40.7,37.94529570443646,38.27322689950452,37.903,37.85058823648679,4
31011,35.3,38.13303068893029,38.546168572369666,38.475063,38.40546448350651,4
31015,40.7,36.6188271177421,35.909364754689754,35.959324,35.884906730911396,4
31023,39.4,37.43331165425414,38.90427103174601,39.288246,39.05176798455996,4
31043,45.8,38.293329687234106,38.598051989541396,38.869637,38.79476936543758,4
31045,39.5,37.68536067624264,38.85588347763349,38.78749,38.624774571497284,4
31053,38.7,37.92021544330233,39.420698897374095,39.10196,38.94307963619523,4
31091,39.9,36.80525153466718,35.05941551226552,35.832542,35.80740429886725,4
31105,43.8,37.554599298509416,36.12445526695527,36.661606,36.67214358607963,4
31107,43.8,39.682070069521174,38.43215964515018,38.131664,38.317299635487544,4
31109,33.1,36.345250559772694,37.009810492577614,36.406353,36.24315922383908,4
31123,38.9,38.22150806099281,37.17236655118283,36.654194,36.748243176568785,4
31145,39.5,36.79439377279041,36.77166134099616,38.195705,37.97460466693749,4
31155,36.2,36.607092771140486,37.55832023809521,38.281445,38.014810485320325,4
31163,40.0,37.5865656769031,38.38817559808612,38.108944,37.98707276046043,4
32021,35.0,37.1962023309811,35.208054545454544,35.817574,35.84908641515047,4
32029,31.3,30.531779909480367,26.952714826839827,25.574287,25.475448236134334,4
32033,33.4,35.909586851210925,35.43125567765567,35.327698,35.200683972690726,4
33009,28.8,31.524270503617874,28.377936904761906,26.917416,26.848100841555286,4
34011,36.8,38.27052030697859,37.521019516594535,37.684963,37.70741432152439,4
34015,36.3,32.867483905008974,34.54088658008657,34.531433,34.02485275194754,4
35005,42.0,40.315475690185984,39.818752994228,39.68852,39.83589787088205,4
35007,35.6,36.847172552554504,33.95128174603174,33.122402,33.31361242638291,4
36007,33.3,35.9996730407169,36.01334715007214,35.70631,35.55689101150216,4
36015,34.2,37.423699349372015,38.045990692832575,37.727726,37.61411356476115,4
36027,34.3,32.01512279303974,29.58611746031746,29.341227,29.153293537990226,4
36031,36.0,34.6984265859363,33.55964007936507,33.615223,33.45939794677043,4
36035,36.3,37.26148300458488,37.176711005789876,36.723663,36.67076061435372,4
36049,35.9,37.959122359986985,39.233305425064714,39.405205,39.233200788694646,4
36055,36.1,35.761876334834675,34.31226612554113,34.06216,34.02040330231839,4
36061,21.2,25.82729019036048,26.005711904761917,27.293003,26.38998484182442,4
36063,34.6,36.6180080682206,36.181473704365814,36.367203,36.259467565398495,4
36067,35.1,36.149508248626326,35.52733358585858,35.98331,35.84348933156191,4
36069,34.1,33.75178090621177,33.01239325396826,32.82108,32.5902032780277,4
36073,36.2,38.20816346547377,37.52993492063492,37.967373,37.96029406913707,4
36075,38.5,37.58881622932107,38.28437871268165,37.846527,37.74528493076192,4
36089,37.1,37.98774120910486,38.531944564061675,38.46127,38.3713894088028,4
36099,37.4,37.16073263556232,36.97385302782013,36.819935,36.748280795908514,4
36109,33.0,31.885955481005666,31.780591666666652,32.039562,31.607044656302158,4
36111,32.2,32.74815260819138,30.5702884920635,31.073507,30.85550580121336,4
36117,37.2,36.70263970597675,37.72536218261508,37.849205,37.625092102866844,4
37009,33.9,37.4575804307046,35.03021962481962,35.46396,35.56202738460265,4
37011,33.1,36.146157367254865,37.4094239028945,36.742588,36.51998455557999,4
37021,26.2,34.836435437154144,34.38413860028859,33.703796,33.549763518831746,4
37029,34.3,36.695248119655794,38.029400360750344,38.232204,37.975103920853186,4
37035,34.1,36.329498416185814,35.29069648407148,35.68562,35.597201982710864,4
37037,30.7,34.15096745715809,34.44094722222223,34.642807,34.319498917227065,4
37045,37.8,40.767957532727756,39.89672698412699,40.43256,40.59250650283281,4
37051,39.6,40.934579337933805,39.26345580808081,39.473213,39.73577209747989,4
37069,38.0,39.2021294525022,37.945104756899184,38.557384,38.64890516698416,4
37075,34.0,39.356609112719376,38.75021998556998,38.72371,38.814190089280196,4
37091,43.4,43.351299932363865,42.86272539682538,43.751568,44.012088280185026,4
37099,32.4,36.347654133117,37.524976406926406,36.590435,36.40676984633669,4
37103,38.2,40.130922881617444,38.410043831168835,38.851467,39.05235598449161,4
37105,38.4,39.05916012835102,39.2010718541423,39.0284,39.04642206800864,4
37113,31.3,36.08530743862792,34.222409740259735,32.714363,32.81806092090775,4
37119,34.1,35.48520291026443,33.431177380952384,32.953053,32.96276606834894,4
37121,34.1,36.87558274408697,34.69396825396827,34.684464,34.75719866230088,4
37123,37.5,39.21111606236419,37.94688036963037,37.978306,38.11250483654711,4
37127,42.1,40.55957936665433,38.75205264875055,39.530148,39.740818616825194,4
37155,41.9,42.6454045033817,43.47995992063495,43.557465,43.71830520284345,4
37159,33.9,39.0045683327181,37.863318725390194,38.354084,38.432143059505826,4
37171,35.3,38.08640836272886,37.057605716902145,37.388126,37.411472013160044,4
37175,32.8,34.84504976294069,34.40107113997113,33.966034,33.79428495802303,4
37185,42.0,42.03719786992025,42.90114696969695,42.389477,42.552480988006764,4
37187,41.0,42.39626086622151,42.878697619047614,42.109116,42.345567981229,4
38001,38.2,35.36750530463167,35.19597579365079,34.728344,34.567522145914715,4
38003,37.8,36.21513002916853,36.265433577533564,36.521313,36.34175668501465,4
38013,35.1,36.31628722143228,36.75251859040718,37.193344,36.97346911397478,4
38015,39.2,36.11387675629259,36.81156380286379,36.826035,36.601602008679336,4
38023,36.7,36.0434901131119,36.94562401061528,37.94334,37.6266717463503,4
38029,36.8,37.66514510892762,37.46759761904761,37.811283,37.73600961111033,4
38035,37.4,36.21224324389834,36.888223036311814,36.26455,36.09363585527452,4
38037,40.5,37.69009987094662,38.07094484126985,38.194584,38.08662472224399,4
38039,37.0,36.766353209877224,37.37113659951161,37.3695,37.19435757290009,4
38049,37.0,37.79073661694834,37.87019619047617,38.253174,38.15889602666194,4
38069,36.3,37.182672842720486,38.93175375396712,38.815804,38.57562017229222,4
38077,41.9,36.982963702379934,38.08858900990153,37.97132,37.7745134626855,4
38087,37.4,37.76695006392575,36.25335396825396,36.634003,36.67598519894829,4
38099,38.5,37.53257653026279,38.48693600982882,38.44627,38.2908437342613,4
38105,37.7,37.059545894420786,34.58829841269841,35.449936,35.496746494535515,4
39001,45.2,41.18641849786478,41.97604413641912,42.203995,42.26825856686717,4
39007,43.1,39.047874406937844,40.70312701383209,40.43006,40.32388917181253,4
39009,38.3,37.52028515366526,39.870403318903314,39.579285,39.320477655544074,4
39025,40.1,36.464409710904214,37.97061638842299,37.523754,37.28402377123647,4
39033,44.0,38.803615271687526,39.99589133059922,40.088665,39.981311375159486,4
39039,42.2,36.7913317956598,38.84801003770579,38.22863,37.97379558868548,4
39047,40.6,38.9908005905166,39.39960930814456,39.17082,39.16560079379252,4
39049,36.1,37.21377594899496,36.176316570382944,35.69173,35.720410175534475,4
39057,39.2,34.411585809836154,34.5051738095238,34.304306,34.042755828750856,4
39067,41.4,38.621121278172794,39.68488650793648,39.7391,39.634378705342016,4
39073,42.7,38.49340321534454,39.5781285011285,39.827663,39.69932205150549,4
39079,43.7,40.8590262980706,40.924596602253956,40.843815,40.972528654329885,4
39091,38.7,36.98368075532671,38.0624412219264,38.0848,37.88038023473942,4
39103,36.0,33.84516797812398,35.412559090909085,36.11924,35.63075768915444,4
39117,42.6,38.45471706848522,39.18963126278087,38.85622,38.797358156685306,4
39129,42.9,36.76340510112384,37.199891819291814,37.806404,37.60215976489657,4
39137,40.0,36.905681041336095,38.40369523809523,39.317837,39.008699360198015,4
39161,42.3,38.013572245662395,40.17125243760868,40.110523,39.88220107511602,4
39173,35.7,35.896337758158445,36.343856349206355,35.935127,35.7491590573973,4
40003,37.7,37.49659927683819,37.92463181818182,38.410107,38.260321590368655,4
40009,42.7,40.02960507971465,40.34196844352965,40.169876,40.23280673518777,4
40019,40.7,38.601197738291766,39.1837954554236,39.711346,39.613124878773974,4
40025,39.5,38.21266386573264,37.924736147186145,37.616966,37.629709136519324,4
40027,36.9,35.61598988838552,35.86647846280182,35.808704,35.597435456563105,4
40037,39.4,38.75257952491994,40.605545227212886,40.126186,39.99952580295039,4
40043,40.8,41.405034693357926,38.99821601770549,38.80726,39.190901067270225,4
40047,42.3,38.73453783067711,38.97219422859922,38.81502,38.80370881605419,4
40053,44.8,39.5504915872189,39.852138613372915,39.371056,39.427530931728064,4
40055,41.5,40.61047612727573,42.14743025030526,41.485126,41.51305850715764,4
40057,43.5,41.63780567268828,40.60757460317459,40.642784,40.905713643587205,4
40061,43.7,40.802719789580294,43.285999603174616,42.37971,42.35518366493072,4
40069,43.7,39.76441658871049,41.788676538992405,41.672794,41.56758530561516,4
40075,45.4,40.57929870712374,41.7785010822511,41.3868,41.422642944936136,4
40083,42.2,38.45001235252971,38.279898565323556,38.85857,38.81239564479773,4
40099,44.4,37.61023602468309,39.50885851348525,39.50302,39.26834656067259,4
40107,44.6,40.472107434176166,43.068060101010076,42.85591,42.751729230474545,4
40113,40.3,38.536934798105925,39.409342783752905,39.793346,39.67640663525253,4
40115,44.0,39.612697479880914,41.873037189495435,41.676613,41.54744525053038,4
40127,43.5,39.10548422303215,40.30835941043083,40.30994,40.22674800279657,4
40137,42.3,39.4684499569905,39.96412242295094,39.801044,39.812999723203696,4
40139,41.3,39.10973237827297,39.341738921063914,39.389393,39.38700183508106,4
40143,37.0,37.25765063433224,38.16160069664545,37.66982,37.53407443539483,4
41001,34.3,36.51218976601485,34.82445821662,34.846474,34.851967640436264,4
41037,34.1,36.61953141359154,35.61107857142858,34.564445,34.594242340631475,4
41039,32.5,34.89364437143247,33.33441890331892,32.9779,32.89982878995888,4
41057,30.8,34.89530833122136,32.917294300144306,32.74093,32.68624746511975,4
41061,35.6,38.2083358559852,38.95658989453753,37.764828,37.75099568915198,4
42015,34.9,38.21930442669014,38.088677165880654,38.433277,38.386232742038864,4
42027,34.7,33.040281469459906,33.801114682539676,32.72478,32.38385400348687,4
42041,33.0,32.661880378242316,32.483203932178924,32.889305,32.500313401129354,4
42045,31.4,35.034755865027265,33.11239206349206,33.802715,33.68987630892735,4
42047,37.8,36.21778828084157,36.773448268398276,36.773243,36.56851180160332,4
42049,36.9,37.432363131151,37.10317900775695,36.940456,36.898420459838476,4
42053,40.4,36.04460359103333,38.611502842127834,39.024776,38.60618751206969,4
42059,36.0,37.537152327899065,39.197356746031744,39.13833,38.92354768031434,4
42077,34.3,35.124779957480584,34.50059801587301,35.552444,35.30721432258071,4
42079,38.7,36.26314940320164,35.371851551226555,34.915924,34.87148545018929,4
42087,38.7,38.777394913533314,39.70569814669457,39.799484,39.713239508235,4
42091,31.2,29.88660882631468,28.70359632034631,28.95513,28.493264630847325,4
42099,34.9,35.525353152935125,36.418289393939396,37.263783,36.926926785261905,4
42105,38.2,37.8988503503948,38.06332413419913,38.491344,38.39315494120616,4
42117,38.8,37.04525456206865,37.37243715728716,37.66021,37.505507713926484,4
42119,35.3,35.43429688660825,36.1178242063492,35.440273,35.224725254806735,4
42131,35.8,36.56842810289284,36.57472756132754,36.79009,36.6389501259026,4
45001,38.7,40.60918101516714,40.91347853535354,40.23889,40.37405850655046,4
45019,28.8,35.554019382692445,33.65976428571429,33.187458,33.18719127698808,4
45027,45.6,43.1487857585178,43.93238665223666,43.358437,43.60117539495167,4
45029,44.8,41.790785734175195,41.70160793650793,41.747295,41.93762467976958,4
45033,42.3,45.832088061884924,45.621238852813846,45.59322,46.04780369053938,4
45039,41.1,43.42504302865247,44.27194722222223,44.11886,44.34304559106743,4
45053,37.5,39.96264944152718,38.05376626984127,38.087875,38.32375488383907,4
45077,36.8,37.28708743935775,36.92183643578644,36.933952,36.87360577137157,4
45085,40.9,43.16344814206373,44.203861832611835,43.43433,43.669769859971716,4
46007,43.0,43.31708710888743,43.99967280883369,43.798084,44.033287663283126,4
46033,37.5,32.90147179037775,31.652719841269832,31.533012,31.288720529067596,4
46035,36.9,37.1784597740908,38.264357932102776,37.74727,37.59275262555434,4
46041,40.8,41.45901018761716,43.16324254187841,43.5928,43.58044519141099,4
46043,36.2,38.902271544339584,36.746343599966416,37.33892,37.49103019258406,4
46047,36.5,36.166758767570734,36.209332539682556,35.922142,35.779082668450926,4
46055,35.9,39.97430408522249,36.4263649659864,35.04554,35.52476416108956,4
46071,39.7,43.965326751201495,43.08007995169085,42.0016,42.47469336272699,4
46089,37.8,38.48312910869582,36.999533369408375,36.738037,36.86734638655837,4
46103,34.6,36.33281887074865,37.31582234703503,37.57388,37.32086743822163,4
46107,34.1,34.70720088676019,34.09935634920635,34.149696,33.94893993743116,4
46109,42.8,39.60706315329099,38.75619954545454,39.01273,39.11949591293681,4
46115,36.8,37.78825530219849,38.02325816061894,38.022404,37.941968102789964,4
46121,44.3,46.56786764004964,45.447707720057714,44.442337,45.09051123705476,4
47003,41.3,39.944317599594804,38.98998016514383,39.295174,39.42813384419054,4
47005,39.8,38.99442289911848,39.80286831126389,39.304066,39.28385608785806,4
47007,42.8,39.60964059873096,40.076043440973436,40.51416,40.49436747118432,4
47021,37.4,36.17791490723605,36.16196286181138,36.853966,36.646680669206276,4
47031,39.6,39.095125309563414,38.66414001920286,38.874138,38.91649666787177,4
47033,39.1,41.070219876857585,40.38732056590752,40.275852,40.484372512101885,4
47037,32.3,36.27421549721021,32.74392965367965,32.2479,32.43487552398179,4
47061,37.6,40.58437910772139,41.14235782828282,40.915543,40.99528565706905,4
47065,33.3,36.83620006336458,35.91205779775778,36.228138,36.166608363207345,4
47081,39.7,39.40853304563952,39.90851176046174,39.814518,39.81748117354232,4
47083,38.1,39.2793757445724,39.50085326797386,40.09417,40.0641297696888,4
47087,35.5,39.68584330820621,40.96287817460316,40.471436,40.452750937328574,4
47093,37.5,36.35437415398256,36.99588452380952,36.937893,36.73827580837587,4
47101,39.0,39.59861730134851,39.73341573932604,40.266815,40.26816981845241,4
47109,43.1,39.92126303854804,39.67525325132387,40.29967,40.34724230232877,4
47115,40.8,39.10597211082367,39.11141799628942,39.54938,39.53843364731514,4
47151,41.2,42.36316841894052,41.52385714285714,41.94973,42.21285976183281,4
47153,38.9,37.998862948322845,38.31240010822511,37.478992,37.46421246473262,4
47157,42.6,42.175668250025005,39.78716441058942,41.333534,41.638842834222466,4
47161,36.6,38.66661260393743,38.91000223840294,39.037716,39.001376060268235,4
47169,38.6,40.152658487547676,39.85704999999999,40.191498,40.278298076220175,4
47173,37.7,40.01411272465992,40.183678548085894,40.14764,40.21222720471148,4
47175,39.2,39.80412584971675,39.308413330133924,39.763496,39.837525785667715,4
47183,40.0,39.76415670482699,40.29818432400932,40.23981,40.2591547121034,4
47185,39.8,40.14717396902649,39.882842196757494,40.441566,40.50930387355938,4
47189,36.8,35.27817508857797,36.43414743867243,36.85687,36.51231045048535,4
48025,43.0,38.37354088365975,39.95273223165723,39.890087,39.73398587118074,4
48041,36.9,37.761138607555864,39.135456782106786,38.107494,38.00040319575565,4
48051,38.4,38.15394822356882,37.58537606594472,38.297215,38.257727227845855,4
48089,39.7,37.574787179225524,37.40591457431457,38.40963,38.27916421644655,4
48097,37.3,38.639197157089036,38.74830473535395,38.86816,38.84229114542998,4
48101,42.4,38.699459539692576,39.81779689477189,40.328884,40.191621533460214,4
48111,40.1,37.68013225970045,37.54164444444445,38.366676,38.25283155121716,4
48117,43.6,40.133745315790115,39.09576443001444,40.794033,40.84632487360974,4
48119,36.8,39.368565217212826,38.86371889816533,38.50046,38.60697089242779,4
48121,30.7,31.4105472977291,32.949628571428576,32.79896,32.224488872772746,4
48125,37.4,39.87184801123831,39.80415749805749,40.231953,40.27513711994225,4
48127,49.9,40.38113731457813,44.07461605339105,44.382847,44.141120657168415,4
48153,41.1,40.52327754701251,39.543921904761895,40.148605,40.29792441220207,4
48169,41.2,37.99576005700621,39.964102128427136,39.737675,39.53644570338549,4
48173,34.2,30.57454556021895,33.948199206349194,34.177864,33.366402945392615,4
48185,41.6,39.249938175684534,39.3624642881193,39.664883,39.66322572524647,4
48191,41.1,39.695925896742324,39.52766349206348,39.52271,39.59468158876047,4
48201,35.2,37.13994264972605,36.12981872294372,36.77207,36.71333667192189,4
48217,37.1,39.29688506935451,39.038127032227024,38.855907,38.92382484474441,4
48223,37.6,38.9713333625488,39.103654062125386,39.211437,39.20484793253849,4
48229,42.8,37.32077051718227,38.74206040903541,38.99427,38.76457620144396,4
48231,41.8,39.04197170633419,39.488649178798056,39.219913,39.21742648949489,4
48237,38.1,38.57721832278926,39.08120103279226,39.07846,39.02344399159387,4
48247,44.9,40.05838948604574,45.09793708513708,44.781036,44.447902936637206,4
48261,47.3,38.099912179125724,37.51170714285715,39.21944,39.107167404668104,4
48267,37.6,37.36806685952381,35.32219603174604,34.102547,34.28030856571489,4
48277,38.6,39.873456034297206,40.00716981447123,40.056427,40.10936681866594,4
48281,38.3,36.4584132647551,37.08967892649903,37.40526,37.186230242688616,4
48283,44.2,39.078726801868,40.83531204906204,41.85368,41.648379277867996,4
48287,38.6,39.3889968116935,38.95824006671432,39.70312,39.72531069620135,4
48293,40.1,40.33676054146884,40.1768273881674,39.86189,39.99469345088525,4
48295,37.7,36.97074496003985,37.955797222222216,38.97444,38.706130704251635,4
48301,32.6,37.57099403592988,34.493595634920624,35.2002,35.341873551044145,4
48307,39.3,38.12681003231722,39.09926309523809,37.611004,37.59398541185644,4
48331,37.5,38.71476463957737,39.01558514292913,39.123928,39.08697394041984,4
48343,40.6,41.003671822063744,39.58214453781512,39.103996,39.39840352108023,4
48347,40.6,40.82737144895131,41.18301806415806,40.742653,40.870065921606916,4
48367,36.8,35.199190410385164,36.655920923520924,35.977516,35.680809280355476,4
48379,37.5,37.4339758499805,37.19832582328572,36.96829,36.92308498030597,4
48385,41.3,35.96796985354806,35.49501715506716,35.968307,35.80320210673105,4
48403,38.6,38.56495054059393,37.52976302308803,38.096424,38.13287185869912,4
48417,38.1,38.12290604977976,39.59433307552976,38.53431,38.44336746550975,4
48419,40.9,41.84166745359626,40.578984621489624,40.47273,40.77837244088229,4
48421,37.9,38.80097575321705,39.365787685812855,40.17867,40.073879975268966,4
48423,39.7,38.279761318245455,38.98021702365974,38.985874,38.89500315760201,4
48425,33.2,36.22912231583001,34.96752118055555,33.677856,33.72287253745466,4
48433,38.6,37.5538750206873,36.59590270562772,37.591248,37.528231056233835,4
48441,36.5,39.01747844656471,39.322451171026195,39.131596,39.13427380685126,4
48443,35.8,36.746435373686005,37.93510119047621,37.18961,37.01597622381258,4
48445,42.8,40.900326949263686,41.158302472527446,41.56404,41.6439178123462,4
48447,37.9,38.79374279096212,37.248591594516604,37.059734,37.20826687524832,4
48453,29.4,31.921727823108817,30.015534523809514,29.5301,29.308468154296893,4
48457,40.3,39.37872091397402,39.106351984127,39.307014,39.35378121489463,4
48475,40.8,38.14911693250353,36.51976071428571,37.8288,37.83794081072526,4
48485,38.9,38.32146059144849,38.29427193362195,38.441105,38.40554079997459,4
48491,29.6,31.621830248725878,34.03492828282829,34.69018,33.99564609292286,4
48497,40.4,36.20988999156731,37.85008234126983,37.66317,37.377646959174406,4
49013,33.0,41.66704193467044,37.39562503052502,37.333828,37.88535484172469,4
49017,36.3,36.36902814083489,36.24876744818541,35.398575,35.32224006226245,4
49019,30.9,34.367235565005416,37.33708373015875,35.584408,35.18265235166204,4
49021,33.3,39.41102420715074,37.214518925903526,37.617546,37.8179841231652,4
49023,34.4,40.0584361232704,37.01576165223664,37.279785,37.60302645059693,4
49029,31.8,36.2198656652281,30.615280158730165,32.1879,32.40283778876086,4
49031,35.5,39.11376848356653,39.100744799644815,39.135544,39.155477233519704,4
50003,28.3,35.55197687680368,32.186803751803765,32.400566,32.47816300371801,4
50019,32.9,37.43358009209504,37.43237398989898,37.024063,36.971329658341865,4
50023,26.8,34.26566417725114,33.73199101307189,33.04276,32.86129367025914,4
51015,37.8,35.97198563124512,37.34203319327731,36.590042,36.353593786163906,4
51019,35.2,36.17756191384696,36.62293170995672,36.384777,36.20409779454099,4
51029,41.3,40.819587072743175,39.923538095238094,40.453575,40.619253287867075,4
51041,37.7,35.101211767108296,36.2688734126984,36.631413,36.27926429804804,4
51081,46.2,41.734312028900845,43.36326071428571,43.49685,43.52906935218553,4
51101,38.5,35.926867384129984,35.202062157287145,36.483883,36.28022611351453,4
51107,28.6,22.16881925897248,27.37786313131313,29.58069,27.95292999820507,4
51111,42.7,41.45362740687934,40.06286111111112,39.573235,39.89347162769444,4
51131,41.8,38.97983171979232,38.24100277777775,37.817616,37.92472351175448,4
51135,44.4,41.25668667625165,39.80621666666667,41.545456,41.699482535596005,4
51155,35.6,37.496488929315994,38.68169599567099,38.12162,37.98115475052086,4
51165,34.9,36.08011033096055,37.44730076181988,37.930683,37.61285984789046,4
51175,42.4,39.59969235327583,39.55914812409811,39.704887,39.74914758932289,4
51187,38.1,35.84064130517167,37.08088120623247,37.489872,37.17360206770292,4
51510,29.5,29.626842115741056,25.27096626984128,25.496485,25.29447559465954,4
51550,41.2,35.567157574253244,35.307354365079355,35.18196,35.01658361593249,4
51580,38.8,39.00626137986069,39.819931524427936,40.42061,40.32211574766591,4
51595,47.1,46.87066759845144,45.954836507936506,45.956028,46.53325596592448,4
51630,38.2,32.365962362199475,30.892072619047614,32.490192,32.10967247135975,4
51735,33.2,30.980762313907334,32.30677373737374,33.554596,32.872170914807086,4
51770,36.4,39.432408120076424,38.652766269841294,38.34992,38.47976465333507,4
53021,39.7,37.2976400762905,37.78590021645021,38.683094,38.48645720971664,4
53045,37.7,34.31274375507758,34.672593253968245,33.725178,33.48790142346374,4
53047,38.6,37.253097820002424,36.37320312791782,35.581852,35.621262993368205,4
54005,41.5,41.2711995884128,42.31916248196248,42.63697,42.677719886207946,4
54025,42.8,39.15343579073769,40.27682597402597,39.900715,39.85432102158757,4
54027,42.0,37.93952106029259,38.66598888888889,38.58562,38.477730544107,4
54047,44.3,42.64230562943775,43.186471031746,42.44452,42.68879531247165,4
54059,41.1,42.60281851938951,43.8073488095238,44.199448,44.303245036698414,4
54063,40.8,38.66377055819684,40.044440476190495,40.443096,40.289020885049105,4
54101,37.9,40.98278278134893,42.410311291486266,42.350327,42.36756186314919,4
55001,38.6,35.49357485584096,35.837262987012984,36.667984,36.37765610104997,4
55031,40.4,36.8243101897066,37.59261785714285,37.574657,37.3901257213184,4
55039,41.7,35.62418346076742,36.79646140219429,37.4203,37.08123766162016,4
55055,39.6,35.870276219971466,36.58435150375941,36.038635,35.837836120254956,4
55065,39.5,37.818162687173185,38.098730952380954,38.421124,38.31549569166551,4
55073,35.9,34.116993669829164,35.91802063492063,34.86557,34.49932072884064,4
55085,38.5,34.108708517268035,36.298022222222215,35.40126,34.98984975751234,4
55129,35.7,35.0478724103787,37.80112063492063,37.74937,37.28663300662879,4
56007,36.2,36.56549605619257,35.490754834054854,35.686844,35.63024729586561,4
56013,37.9,38.34226355281589,39.36416915074554,38.66601,38.601516260008296,4
56021,34.3,37.034733149324786,37.27964049422799,37.354626,37.22158516663198,4
01003,36.8,36.170152818412014,36.233000000000004,36.34621,36.24815637504966,5
01009,37.3,39.06029789048097,39.54700000000001,39.026073,39.04882368620236,5
01023,45.8,43.387770614798555,43.696999999999996,44.1675,44.33355297888332,5
01033,40.9,39.76855615936791,39.48499999999999,38.80914,38.97926726042152,5
01039,44.6,41.00255855535222,40.47100000000002,40.466633,40.674776611557114,5
01043,39.7,38.80977814970556,39.4,39.10938,39.089472041315126,5
01069,37.5,41.03661170803571,40.94000000000002,41.48559,41.59498596655224,5
01071,38.6,39.79641555563092,39.817000000000014,39.73742,39.82263929780432,5
01073,39.7,40.911192634903465,40.20399999999998,40.26926,40.49169419257842,5
01077,36.5,38.72005054213031,39.029999999999994,38.930504,38.929859350787495,5
01093,39.5,39.996502479142784,39.896,39.52936,39.66163903077458,5
01101,44.6,42.514488957968496,42.87500000000001,43.355602,43.474731407404114,5
01129,41.5,41.22173106371757,40.964,41.552925,41.689070869108306,5
02070,37.2,38.64489293403453,37.943000000000005,37.512177,37.66962233288705,5
02195,30.4,33.59041494200347,36.62299999999999,36.350952,35.76590163232257,5
02198,37.6,37.76056107362206,40.06600000000001,40.30061,39.96259541491543,5
02282,32.6,32.57975801334561,33.473,31.281822,31.085055605355237,5
04003,32.9,36.916818701626276,34.18099999999998,35.273308,35.51182603181834,5
04012,35.9,37.24320042874342,37.67300000000001,37.6114,37.52535918653209,5
05005,41.3,37.241445718802446,34.79300000000001,33.95573,34.31627932471344,5
05009,39.4,38.78705942753978,37.59100000000001,36.323498,36.617314136312636,5
05015,35.6,36.61792568218687,36.70200000000001,34.248886,34.36250191081745,5
05021,38.1,40.74660891690718,40.39499999999999,40.712112,40.86014775124588,5
05031,37.5,40.683848195031494,39.27000000000001,39.490963,39.78662249122485,5
05037,38.5,42.28430513686729,40.727,41.416378,41.76781662279345,5
05043,41.6,42.065372065969726,41.84299999999999,41.821865,42.037374718577404,5
05063,39.6,40.32249159228286,39.60599999999998,40.24317,40.397076968728726,5
05069,44.5,43.655450105056445,43.006,44.317093,44.56070327717167,5
05083,37.7,40.15766068058208,39.916,39.88799,40.02088152787509,5
05085,38.0,38.921379033314714,37.81199999999998,38.477154,38.61892024180459,5
05097,39.8,39.85354489525241,37.01000000000001,37.00733,37.475300606246996,5
05099,41.5,43.37217833200819,42.434000000000005,42.503567,42.86740819040071,5
05121,37.4,41.04087786223357,40.690000000000005,41.19314,41.340208152997164,5
05137,37.2,40.16513378182245,40.00800000000001,40.1686,40.2761468741882,5
05149,38.7,40.5806477796742,39.945999999999984,40.66194,40.81045164318494,5
06005,27.3,33.05697681770399,31.76900000000001,31.210451,31.205425028387843,5
06007,31.5,34.98275090478484,34.277,32.8212,32.892225598772285,5
06021,34.1,37.94905246788269,38.31600000000001,36.83339,36.895187295254395,5
06027,29.9,34.65566206125125,31.863000000000003,31.19491,31.472822174667222,5
06029,35.9,38.38385794247753,38.14200000000002,38.11974,38.17250357723831,5
06031,31.9,38.14045961059727,38.65300000000001,39.423172,39.303295420079365,5
06039,35.2,38.791557957599785,39.42000000000002,39.933205,39.846435781173575,5
06059,25.7,24.767921337695668,26.728,24.45003,23.76497207205969,5
06077,33.8,31.447405628782324,33.786000000000016,33.7874,33.17885304731377,5
06095,32.8,29.854809901323822,31.243000000000002,30.694809,30.184409192974922,5
06109,31.0,34.33867366509225,31.78900000000001,32.221474,32.3690202876957,5
08001,34.0,34.5153486614357,36.80599999999998,36.265488,35.84233577151182,5
08015,25.3,32.66713412559244,31.477000000000004,31.528042,31.446130321801014,5
08033,27.4,35.183231445198764,35.533,34.838696,34.718788930418285,5
08037,22.6,29.912761383843062,26.571000000000005,25.73047,25.882290800950567,5
08045,26.7,34.1466895925553,32.13100000000001,31.90999,32.026445271187576,5
08077,30.3,35.8988723877508,34.01900000000001,33.28818,33.50369905645855,5
08095,30.6,38.435644104601145,37.394999999999996,38.27618,38.3704882530934,5
08111,27.4,18.76224246438004,32.25500000000002,32.22196,29.54263554891341,5
12009,32.9,34.972335274901695,32.69899999999999,33.407227,33.52511953437504,5
12037,37.6,37.749382109293,38.224,38.563824,38.46408214578468,5
12047,39.5,43.616864370545684,43.01,43.31381,43.62625004093867,5
12051,38.6,40.93906264274197,40.763000000000005,40.92332,41.06822400304529,5
12087,29.7,29.952736693774916,30.399000000000004,30.71101,30.2667948694329,5
12113,31.1,35.238495376592724,36.507,35.690765,35.45875821131497,5
12131,31.1,35.16647335155101,32.770999999999994,33.805893,33.92422597354965,5
12133,41.1,40.332491658413986,40.876000000000005,41.208942,41.216529368090015,5
13023,42.0,41.413212007255105,39.89000000000002,40.24599,40.57894035054824,5
13025,39.2,41.67817473890017,40.88699999999999,40.58544,40.88145172104591,5
13031,39.1,40.65346936614377,38.40200000000002,38.49497,38.91184733386742,5
13033,44.8,43.835117819113535,43.66400000000002,44.211414,44.45648407453316,5
13035,40.2,39.10343162444086,39.54600000000002,39.448215,39.446798038602665,5
13039,38.1,38.51859824957801,37.64700000000003,37.650116,37.79188527296674,5
13043,44.0,43.65628190520078,42.525000000000006,42.739536,43.131189387285055,5
13049,42.2,40.79155230342481,40.650000000000006,41.287727,41.385185060074186,5
13067,28.9,34.15999408761287,32.80299999999999,31.70968,31.804039103423975,5
13077,44.1,35.71862111434831,36.104,36.518574,36.33392888584846,5
13079,41.1,39.75229484321174,38.43100000000001,39.463837,39.64365417024793,5
13147,36.1,38.84093766101431,37.44599999999999,37.329777,37.565605198736456,5
13153,39.3,39.03892204416387,38.290000000000006,38.996254,39.09160978230159,5
13161,41.3,43.185152029760346,41.59000000000001,41.927555,42.351232505947394,5
13175,41.5,42.7075712899946,41.373000000000005,41.755466,42.11915870834381,5
13181,37.5,39.96066752172733,40.38700000000002,40.896744,40.89001888625765,5
13191,41.8,40.695675935351225,41.05800000000002,41.66159,41.6894163549475,5
13219,32.9,32.07218758672717,32.923999999999985,32.739594,32.37358007961684,5
13221,36.0,38.69906828528544,37.790000000000006,38.05301,38.188251425454936,5
13229,39.6,40.67589603211793,40.560000000000024,39.683346,39.88686670089081,5
13237,42.1,39.06858154093762,37.811000000000014,38.594936,38.75429407624718,5
13243,48.6,46.4218602777908,48.832000000000036,47.359882,47.526308764630066,5
13249,38.2,41.74069981549388,40.285000000000025,39.925568,40.31833198816837,5
13253,42.4,43.08680815399419,42.796000000000014,43.722363,43.92122581713245,5
13265,43.3,42.22255983485145,42.62799999999999,42.778515,42.90347379583803,5
13269,42.7,43.12767292889352,43.29500000000001,43.49973,43.69335060956198,5
13275,38.7,42.40333841252337,41.57,41.847458,42.13787913151924,5
13293,41.7,41.66803335418657,42.034,42.111053,42.221975390902315,5
13319,43.6,42.89271111631067,42.04199999999999,42.647816,42.9376979572153,5
15003,26.2,19.79544975498694,26.284000000000006,25.667429,24.022723789084754,5
16005,36.8,38.72735551759443,38.161,37.674118,37.821249754337856,5
16013,25.5,30.591873226768406,28.740999999999996,28.606604,28.534521673984788,5
16031,38.6,39.7298172850621,36.77300000000001,36.45704,36.95844592161949,5
16037,32.8,36.19010950102387,33.289000000000016,33.459328,33.75730514574004,5
16039,36.5,38.723883111350304,39.617000000000004,40.10114,39.97785948229249,5
16051,37.2,40.40670701752342,37.294999999999995,36.35265,36.95280374485919,5
16061,36.2,37.26823890674068,38.23099999999999,37.30691,37.215502602783374,5
16073,34.6,39.41083907517831,37.71800000000001,36.99712,37.34451484350097,5
16085,33.5,32.448141755043245,32.35999999999999,31.128365,30.985258679386625,5
17015,36.0,37.227765915484305,37.73200000000001,37.712017,37.61209763876749,5
17025,38.3,38.93197268462417,38.87799999999998,38.669056,38.73527368306582,5
17037,35.7,36.82373610582984,37.044000000000004,36.391644,36.35974161842901,5
17041,36.7,37.16733415721858,37.73100000000001,37.023434,36.96487497368003,5
17057,39.3,38.28916802985888,39.242000000000004,39.753178,39.6002645709613,5
17071,37.2,37.12540764679355,37.35100000000002,37.913647,37.80254450143736,5
17075,38.3,36.937082192801064,37.537,37.633076,37.49840482292563,5
17079,35.0,38.33864028520049,38.72299999999999,38.754887,38.717119412332345,5
17091,40.3,37.62704995075375,37.997,38.29336,38.20552095790133,5
17095,38.8,38.32408996442348,37.74500000000002,38.403698,38.447641051808496,5
17103,37.5,37.03098193072668,35.951,36.641514,36.692437784415844,5
17105,38.2,37.613490827563226,38.38400000000001,39.045273,38.875195070243514,5
17107,38.8,37.2526642450728,37.75400000000001,37.426235,37.35114077710688,5
17117,38.1,37.83926299789341,39.086999999999996,38.780987,38.63001316054916,5
17121,38.5,38.1505209423922,37.457,38.877266,38.871139549503845,5
17129,35.3,36.452206253699295,37.43100000000001,38.78499,38.4821730367586,5
17137,37.3,37.566917316443416,37.61399999999999,37.49203,37.47669146252913,5
17141,35.9,35.5613703292806,37.321999999999996,37.886024,37.4976442736493,5
17143,35.6,38.21548160895229,38.03900000000002,37.70436,37.764410359144186,5
17151,37.7,37.342766358444685,36.566,38.684002,38.59993658017331,5
17175,37.7,37.633935934973664,37.891000000000005,38.33074,38.24756316277598,5
17187,37.7,36.41843699239565,36.773999999999994,36.02741,35.96619537645799,5
17191,37.1,39.282797023176016,39.845000000000006,39.971077,39.944638990023606,5
17193,38.1,38.17038296656745,39.340999999999994,39.43652,39.2804038027656,5
18017,40.3,38.50513296749952,38.583,38.48216,38.50323555465945,5
18019,41.2,37.562872099737945,37.54199999999999,37.473232,37.46283915826148,5
18025,41.0,38.748369873930336,39.9,40.462845,40.29986295303972,5
18027,38.3,40.271521482893895,39.238,39.429523,39.65762426308779,5
18039,42.5,38.93616985412705,38.60900000000001,38.65542,38.73929992425782,5
18047,37.7,38.05945053075611,37.89499999999999,37.596684,37.645347443549035,5
18055,40.5,38.586444889721086,39.120000000000005,38.844017,38.82060132603737,5
18077,38.4,37.03513760803676,36.62700000000001,36.765472,36.7678554067206,5
18085,39.5,36.540407486360756,37.278000000000006,36.835407,36.7051596388114,5
18101,39.6,37.89907403816945,39.132,39.171276,38.99882997838584,5
18115,38.1,36.407252053291984,37.12800000000001,36.692772,36.5582522335109,5
18121,38.3,39.81528583850508,40.20500000000001,40.941216,40.9157360464077,5
18127,37.0,34.64771789039308,33.556999999999995,34.62667,34.54320923342764,5
18147,35.7,37.98819238529092,38.61400000000001,38.875465,38.77201618209078,5
18153,38.1,39.62692745229219,40.40899999999999,41.12425,41.03901269114916,5
18159,36.1,36.31411343052394,37.288999999999994,37.1021,36.910332148655,5
18167,41.0,38.90898254752998,39.81300000000001,40.33306,40.213910181398205,5
18171,36.5,37.37982417450724,36.949999999999996,37.52674,37.51433777497886,5
18179,40.7,37.75964139687283,37.65599999999999,38.37462,38.324576989106205,5
19005,38.3,37.06809080487701,38.68000000000001,39.345837,39.03750339752938,5
19019,40.6,38.90856272992145,39.047,39.68504,39.660111977279854,5
19027,42.0,37.29097574895551,38.679,39.796455,39.49410138325769,5
19031,38.3,36.38090412017568,37.98100000000001,38.192825,37.88959289494745,5
19045,40.9,37.9107689729797,38.42099999999999,38.436966,38.36421103374424,5
19067,42.8,37.647419868671726,38.30300000000002,38.684063,38.55222612322601,5
19083,39.2,38.32510113375593,39.182,38.68463,38.622662761234494,5
19087,40.9,37.032550276793415,36.589,37.12015,37.09744430362795,5
19093,37.3,38.30280731230477,39.272999999999996,39.249546,39.13540613018098,5
19097,41.8,37.54226877041108,38.53700000000001,39.27804,39.068501348274424,5
19103,30.9,34.7282779368778,33.47699999999999,32.175583,32.29699794452172,5
19107,40.1,38.8566071776307,38.871000000000016,39.519142,39.507832130190735,5
19111,40.9,37.89658396340261,38.558,38.85833,38.743020289364715,5
19137,39.8,38.43107786180497,39.618999999999986,39.189857,39.082870429232834,5
19139,37.8,37.29784943473936,38.68399999999999,39.17937,38.924703062486934,5
19143,40.1,37.57980730637749,37.71800000000001,37.761555,37.72197631763617,5
19145,43.9,38.05478268447471,36.97800000000002,37.03074,37.17555728387935,5
19157,42.3,36.834759727992115,35.663000000000004,36.65529,36.68690274377509,5
19163,39.2,36.751098724165445,37.475,36.697437,36.603878866421965,5
19177,41.0,39.79562977637292,39.078,39.544838,39.68812133903146,5
19181,42.1,35.697240455930036,36.789,36.766945,36.51921396662859,5
19189,39.0,37.26880014021531,37.100000000000016,37.011757,37.00955943901444,5
19191,36.5,34.64479911851289,33.04899999999999,32.753563,32.841452432958704,5
19193,38.5,38.33473635268996,38.368000000000016,38.829605,38.806428274308225,5
19197,41.8,38.00044884170668,37.927,38.31868,38.30015822610912,5
20007,41.9,37.92136002964189,38.67500000000001,38.668304,38.56493723784829,5
20027,40.1,36.91011082209915,37.782999999999994,37.550106,37.402354235375356,5
20029,41.5,38.55449560419068,39.172999999999995,40.365067,40.21755698123003,5
20031,39.5,37.37881017793154,37.639999999999986,37.235184,37.203960701502474,5
20079,37.3,36.954158192487945,36.985000000000014,36.390152,36.38528414164956,5
20095,40.7,37.58534644097901,38.567,37.35658,37.29856596458659,5
20105,41.2,37.639639519428805,39.20400000000002,40.085545,39.792966032776256,5
20145,41.5,38.536689028695925,37.21200000000003,37.80592,37.96481129783412,5
20147,37.6,37.4813004249333,38.653,38.907646,38.70836095481892,5
20149,31.2,37.865165821660604,36.841,36.579506,36.73251522468569,5
20151,38.7,37.129082368312034,37.490999999999985,38.5225,38.35767211484895,5
20153,41.5,37.39940662746744,37.573,38.21201,38.11444483366,5
20157,38.2,37.54185657322902,38.11199999999999,39.489193,39.288666607458076,5
20159,36.9,38.00420589578705,38.83700000000001,39.30381,39.15762893100887,5
20181,40.5,37.08238518955948,37.873,39.12282,38.881580731034944,5
20183,41.0,37.38157917265213,38.300999999999995,38.77279,38.58657320200777,5
20189,40.3,38.136353606747456,37.97000000000001,38.36409,38.36401478450018,5
20193,34.3,37.19354395385092,37.083000000000006,37.83926,37.761855455336125,5
20199,40.6,39.02268248237256,37.99400000000001,37.639595,37.85227320856165,5
21011,38.4,42.22421140204426,40.75099999999998,41.268208,41.61865423311787,5
21013,44.2,42.35776402043043,42.49799999999998,43.152374,43.280983172200585,5
21019,40.8,39.067085298153465,40.727,41.376583,41.15285138704968,5
21021,38.0,38.29378712355528,38.13299999999999,38.675148,38.67018226349273,5
21045,41.4,42.46841461146146,41.41000000000001,41.82073,42.13431282036987,5
21053,39.6,41.87764931500037,41.31,41.53102,41.766284024342454,5
21059,35.6,38.467756278942716,38.530000000000015,38.81322,38.805629810202646,5
21061,42.7,40.185409453601224,41.129,40.85711,40.84998337770802,5
21069,41.0,41.3475508141396,41.20699999999999,41.814037,41.93867296435466,5
21071,39.9,42.17413252626504,42.821,43.2244,43.29548739362329,5
21085,42.2,40.7359312165891,41.63899999999999,41.80306,41.79311161770335,5
21105,40.8,40.32168825126321,39.165000000000006,40.11999,40.309111341597216,5
21119,42.5,42.59754664292527,43.071000000000005,43.349953,43.47286864519564,5
21131,43.7,42.39434476862238,42.861,43.053925,43.175141165367535,5
21147,43.2,43.98128341661733,43.022000000000006,42.7172,43.13962117156979,5
21149,39.8,39.22214375721548,39.657999999999994,40.01392,39.98437279333502,5
21153,44.8,42.896825028486916,42.815999999999946,42.8302,43.06132407404481,5
21159,43.3,44.12786037099287,42.81299999999998,42.277588,42.7719872149431,5
21161,40.0,39.401790057535784,40.083,40.2388,40.199419395079715,5
21167,38.4,38.86194569194522,39.67599999999999,39.65587,39.58764932987105,5
21181,40.2,40.85657162585094,41.021000000000015,40.747845,40.875988647707125,5
21183,40.3,40.206006910466684,40.170000000000016,40.547028,40.62369343046572,5
21191,39.9,39.59799696881118,38.930000000000014,39.513287,39.63217734192937,5
21193,41.0,41.889354446214035,42.49899999999998,42.06646,42.19309022747684,5
21213,41.0,38.30794561970597,39.55000000000001,39.539185,39.387678547478956,5
21219,39.6,42.04764848501391,40.277,40.298935,40.7190512752368,5
22019,43.0,40.95982879873912,39.857999999999976,40.163494,40.423101636461254,5
22027,45.1,43.667833082356054,44.050000000000026,44.248436,44.43785576820593,5
22033,37.9,41.30567128779166,40.84800000000001,40.83739,41.04967219394583,5
22041,45.1,44.69024908115856,43.85399999999998,44.314514,44.694240473915535,5
22047,45.7,43.03575867833275,43.469000000000015,42.69906,42.92654522229915,5
22049,40.6,42.311099322707776,42.41700000000001,41.966877,42.181685057008146,5
22061,42.0,42.679329967810084,42.903,42.28825,42.516206155306136,5
22067,44.7,45.124778759716115,43.89800000000002,44.858955,45.272933585604314,5
22069,45.0,42.66824748499639,42.96700000000004,43.15203,43.30878418922249,5
22071,38.1,41.226009528242585,43.92199999999999,41.543114,41.50619020965788,5
22083,43.3,44.3230223423462,43.67400000000001,44.441917,44.75661976682081,5
22085,46.4,41.6072864190441,41.041000000000004,41.382378,41.596188661349906,5
22089,37.3,39.321285282116946,38.728999999999985,39.211468,39.31535576735153,5
22093,43.9,42.321752515234834,40.01400000000002,41.116802,41.53974577053651,5
22095,43.8,42.51306828065898,41.68600000000001,41.996403,42.28841482332054,5
22097,48.4,45.68104308114,43.419000000000004,44.09326,44.69348352637564,5
22099,40.9,42.36521642933135,41.279000000000025,42.046314,42.33199525489769,5
22101,44.6,42.70984187581651,41.45099999999999,41.465168,41.84665570565517,5
22105,42.3,41.52613603093886,41.15,41.471756,41.65777915630643,5
22113,39.1,41.15097376909466,39.93000000000001,39.641266,39.97053603210068,5
22121,40.6,40.926076227344126,39.611000000000026,40.28604,40.54487757150642,5
22123,41.0,41.534791448629875,41.12999999999998,41.251434,41.456883433192225,5
23021,35.8,36.51063552790738,37.66299999999999,37.03403,36.860663746937334,5
23027,33.5,36.68085331838804,36.677,36.986237,36.90527457848944,5
23029,37.7,38.692874369270754,37.657000000000025,37.714615,37.88222814506071,5
24013,31.5,31.72234795644361,35.042,34.815197,34.1040742611045,5
24025,34.8,33.384463163657884,35.583,34.794,34.351260143134226,5
24041,31.7,32.21858714660358,30.614999999999995,31.226093,31.137319649212237,5
24510,38.5,40.5894225379259,36.88399999999998,37.681187,38.237794232721974,5
25005,33.0,34.5891934152451,35.18699999999999,34.336727,34.16850912627504,5
25009,30.8,32.009936216832884,31.595000000000013,31.22125,31.037506215435045,5
25011,25.8,33.877642437949035,33.67999999999999,33.234818,33.111138786701815,5
25015,27.7,30.888447505501432,30.930999999999997,30.257515,29.98441666485476,5
25017,22.1,26.436646997431787,28.74000000000001,27.965605,27.19538004262227,5
25019,28.3,23.535124893160855,25.157999999999998,27.476206,26.433015383664536,5
26007,38.7,37.029474310148316,37.631000000000014,37.736645,37.60518461935623,5
26029,36.6,34.54186595219106,32.99200000000001,33.893307,33.879722717888235,5
26039,38.2,37.184398275434404,37.428000000000004,37.463116,37.392199545191744,5
26067,38.7,37.63393224405871,38.465999999999994,38.443142,38.31751137007363,5
26087,35.5,35.731514618715586,36.552,36.695072,36.47293319041089,5
26103,32.0,36.53342659681691,37.515000000000015,37.259636,37.08200939721669,5
26117,39.2,38.70154242252599,38.911,39.17004,39.1549472455348,5
26135,36.9,38.4982281433078,38.34100000000002,38.558857,38.58716568990375,5
26141,35.9,35.90863785952189,38.303999999999995,38.666027,38.22301107045534,5
26145,43.0,39.8103697412192,39.79900000000001,39.423203,39.53579566819246,5
26147,40.8,36.67159812125022,37.237,37.35254,37.20911402213541,5
26153,37.5,36.44909797625149,36.724999999999994,36.79037,36.67976331118906,5
26165,38.2,38.6190356564582,38.413,38.460316,38.51355078165294,5
27011,42.6,37.082065425893255,38.32599999999999,38.31312,38.106424321597466,5
27035,38.6,36.17474351443701,38.04300000000001,37.225155,36.95451680649257,5
27041,38.6,35.98970622747418,37.647999999999996,37.487827,37.187349847519286,5
27079,38.7,35.6845648876573,36.581999999999994,37.229584,36.95674572078786,5
27083,45.5,36.158030735570414,36.72300000000001,36.146473,36.03245116584484,5
27095,42.6,36.608622461095365,37.11699999999998,36.023125,35.97617141467232,5
27113,30.5,37.29552799322963,38.767,38.971615,38.7273692873806,5
27117,39.5,38.43938567282012,38.63400000000001,39.043934,39.007628786084936,5
27121,38.1,35.424661380768725,37.99799999999999,38.38474,37.89411330816048,5
27125,36.8,38.01408597195263,38.50200000000001,38.900356,38.80628525587734,5
27155,38.3,37.46893815042995,38.21800000000002,37.95842,37.854493318820886,5
27163,30.9,31.03122234722142,32.20899999999999,33.05409,32.519372803910606,5
27167,41.1,37.563543040841594,39.14200000000001,38.859806,38.65006433449487,5
28013,41.9,43.492609183144985,42.347999999999985,42.606926,42.98965668767888,5
28029,46.3,44.61954652325727,43.15000000000002,43.64586,44.105081479153995,5
28031,41.4,43.47822161064217,42.585999999999984,42.224876,42.61991605715756,5
28043,45.0,44.17050268361195,44.02000000000001,44.533813,44.7937233008659,5
28045,36.3,38.68163481761782,38.457,38.385757,38.45329369986063,5
28081,40.6,40.2653432741647,38.565,39.85905,40.093223780912545,5
28089,37.2,37.75838142865174,37.50199999999998,39.80487,39.655345902350575,5
28091,44.1,44.05695028210751,42.834,43.277264,43.68195149750958,5
28093,44.4,44.12059955339839,44.06100000000001,43.996765,44.28596975975525,5
28099,42.4,43.67765685191454,41.36399999999999,42.366245,42.85853999927043,5
28103,47.0,47.98091135167785,48.724000000000004,49.09383,49.41546497024531,5
28153,45.5,44.89752885222957,44.027,44.375565,44.77770709316183,5
29005,39.4,38.910439152039245,39.109,39.426147,39.41750973336494,5
29007,40.2,40.09029163441174,40.10700000000002,40.40274,40.47325890987674,5
29013,38.3,38.892365435582676,39.65700000000001,40.88506,40.73031360783786,5
29017,41.2,38.86681145120013,39.593999999999994,39.651863,39.589661421231014,5
29019,33.1,36.715624499508316,36.59499999999999,36.63592,36.592585461310804,5
29033,38.9,38.065584576156205,38.62500000000001,38.999836,38.900224689059506,5
29039,42.0,41.25514801874424,40.456999999999994,40.30505,40.571654622152764,5
29041,36.2,38.5739004485714,39.35799999999999,40.323624,40.17182216959119,5
29049,38.2,37.79311866355029,39.11599999999999,38.86978,38.702076963894235,5
29057,44.5,39.38213279981967,38.216999999999985,39.574226,39.69178790254355,5
29079,39.7,40.49854129141118,40.167000000000016,40.484642,40.61878384133566,5
29081,42.5,40.291696705700694,40.784000000000006,40.354786,40.42517610550646,5
29087,39.6,38.16078956617188,38.78099999999999,39.936848,39.77415770054528,5
29089,40.0,38.90185710083369,39.76100000000001,40.445755,40.319855570612496,5
29093,39.4,40.14474257017174,40.79600000000002,40.745796,40.75944800058833,5
29103,38.9,40.63357779720272,39.847,40.4173,40.599698865043734,5
29105,44.1,40.40263790402259,40.637,40.360546,40.45911377354938,5
29107,38.9,36.96429776579422,39.45599999999999,39.372116,38.99733927796586,5
29111,39.9,39.916229300569874,40.48599999999998,40.951843,40.92711519060576,5
29117,38.6,38.6338260189594,38.99300000000001,39.660934,39.591645521447326,5
29129,42.4,38.877323884029025,39.120000000000005,40.48644,40.390880272648786,5
29133,44.5,42.705038634512505,42.19400000000002,42.261097,42.53757555157069,5
29145,36.9,38.46656781616671,39.125000000000014,39.50269,39.407538392362135,5
29185,41.1,40.551315862511636,39.67300000000001,40.35749,40.539904793005995,5
29187,40.0,39.391909568928554,40.795000000000016,40.394554,40.29957667361501,5
29189,33.4,36.0540774424573,35.497000000000014,35.302685,35.30625904757005,5
29209,40.0,36.92399650849302,37.23100000000002,36.61368,36.57194144501721,5
29221,39.0,41.426410615605455,41.60299999999998,42.0057,42.10661623981176,5
29229,40.9,42.177842259288,41.00299999999999,41.64548,41.944141882510294,5
30009,29.0,33.478830130829195,31.673999999999992,31.234396,31.308976558643877,5
30013,35.6,37.40857780679365,38.017999999999994,38.850365,38.67982706045575,5
30025,33.5,38.59341538952199,35.67999999999998,35.035793,35.50514359252941,5
30069,32.8,37.172604948828436,35.77900000000002,37.005474,37.06443031888326,5
30079,36.5,37.80541961676617,35.60600000000002,35.32778,35.637765262604916,5
30081,32.7,35.99685737391745,34.121000000000016,32.119244,32.434901246444426,5
30087,39.7,38.59341945643779,38.394999999999996,37.576614,37.69325117077639,5
30089,35.3,36.58301996779863,36.63199999999999,36.181423,36.146501899580144,5
30091,32.7,35.586421804448335,36.827,34.742718,34.62616939460168,5
30095,31.9,34.626466094801685,32.244,32.104897,32.28614088070591,5
30105,36.1,37.10330651172581,38.49900000000001,36.894,36.78841300596757,5
31003,40.8,38.943558535761554,38.949000000000005,38.5383,38.612314220042904,5
31005,39.0,39.62078548117449,37.303999999999995,37.476913,37.85012759256065,5
31029,38.5,38.05745208168958,37.23199999999999,38.551014,38.566155701122206,5
31033,41.2,37.06028311675375,37.51900000000002,36.142086,36.14356551107568,5
31035,44.2,37.64838088642168,38.18899999999999,37.24547,37.229510110849304,5
31059,38.9,37.1656837484562,38.05299999999999,38.411007,38.22803437337372,5
31063,40.6,38.392904812751375,38.12500000000001,37.307804,37.42470386482526,5
31065,41.4,38.6159640188208,40.35800000000001,40.63133,40.404756938154044,5
31067,42.6,38.28655236971167,39.206999999999994,38.569916,38.50823390877156,5
31071,37.9,37.49438116889497,37.30999999999999,37.553604,37.53850637369949,5
31073,38.7,36.360995820980584,36.365,36.44112,36.3623831869911,5
31077,38.1,38.97213410891901,37.012000000000015,36.35375,36.71270657055179,5
31079,38.0,38.65052420963096,38.46500000000002,38.90293,38.92522680149284,5
31081,41.7,36.81406775868951,38.20999999999999,38.103275,37.87115725980674,5
31093,38.1,37.21620608173775,38.06499999999998,38.711506,38.514141067074746,5
31097,40.3,37.60466345581679,38.082,38.378185,38.2748790158429,5
31099,38.3,37.2215695007743,36.519999999999996,36.40053,36.47037998094899,5
31103,39.8,39.01737086380098,36.92600000000001,37.402172,37.69491462289067,5
31115,38.7,38.29947209998656,36.65200000000002,35.483723,35.80894725742191,5
31117,40.8,37.03990859727422,36.76499999999999,37.17371,37.13788032099675,5
31121,40.1,37.98015590347747,37.74999999999998,37.299362,37.36485651519993,5
31137,43.2,36.68719014988766,37.616,38.091633,37.87265278642619,5
31151,40.8,37.84421109482353,38.60600000000001,38.446198,38.34986307184908,5
31173,48.8,41.52905292300799,40.327999999999996,40.445267,40.75808821158375,5
31175,40.2,39.11483095762424,38.215,38.622654,38.76437960941428,5
32023,32.0,34.934773753922805,35.57700000000002,34.79039,34.62689407394639,5
33001,30.3,32.73831557214775,29.899,29.199427,29.399840726407803,5
33003,28.5,31.98216737535214,31.613000000000003,32.251415,31.98358005601071,5
33005,31.2,35.061637959173254,33.04199999999999,33.399315,33.513612390682276,5
34003,25.8,26.15590255371168,25.80900000000001,24.19688,23.83468129114697,5
34013,29.1,37.748972823095926,33.78900000000001,33.64889,34.18315104513971,5
34029,33.2,35.62351474241752,36.2,36.466225,36.26278735778933,5
34031,31.7,33.99398427677382,33.139,32.378525,32.372551084628014,5
34037,29.3,30.774509762867012,29.73299999999999,31.332466,31.028166770605708,5
34041,29.1,33.03938696279556,30.837999999999997,30.870207,30.942741770311088,5
35011,33.1,38.23810816821408,36.454000000000015,35.897366,36.19191338566016,5
35015,39.1,37.13069868292476,39.367,38.859756,38.55895005697419,5
35021,35.0,35.63635453041407,37.066000000000024,35.69443,35.50065573798274,5
35027,30.5,34.774000722880245,32.722999999999985,32.789646,32.91726234714896,5
35033,37.0,36.15415702395822,36.97700000000001,36.581966,36.41926745054253,5
35041,34.3,39.61188951970152,40.48800000000001,39.529305,39.55752527030664,5
35053,35.0,37.464941601243524,37.774,35.780685,35.867215429041224,5
35059,35.4,38.05022213771769,40.330999999999996,39.042244,38.83597101382558,5
36001,33.5,32.700022259465456,33.221,33.221252,32.9140547074311,5
36005,37.2,40.899967737696656,41.737000000000016,39.834297,39.9971856365838,5
36013,34.7,37.93531212608101,37.74000000000001,37.80986,37.82921389757425,5
36041,37.3,32.569968217388535,35.22799999999998,36.154026,35.4828359757501,5
36045,37.4,37.33291645388088,37.63500000000001,37.9139,37.82330808464956,5
36065,38.2,36.202981110134104,36.34499999999999,35.91494,35.84884530714758,5
36071,37.3,34.45508933139957,34.46800000000001,35.85922,35.59400218885363,5
36085,29.4,31.00069354152958,30.064000000000007,28.893131,28.794731848953152,5
36121,35.8,36.15671979679616,36.364000000000004,36.1932,36.09659035678894,5
37003,33.8,37.92016935101671,36.99099999999998,36.9358,37.062849708021965,5
37015,43.5,43.50567625286615,46.36900000000001,45.691093,45.60521797320783,5
37019,30.9,33.43655733019909,33.742999999999995,33.67251,33.43268497410131,5
37025,34.6,35.95477836966827,35.121,35.26039,35.271515309916346,5
37033,35.5,40.83918707543922,40.47000000000001,40.51059,40.68610211517304,5
37041,39.4,40.15248496593177,39.684000000000005,40.61307,40.70379929456813,5
37047,39.2,42.0353960505923,42.730999999999995,42.312263,42.432827003046455,5
37073,37.3,39.599619528221936,39.21100000000001,39.353493,39.46819530036411,5
37081,33.5,37.845389975620186,35.123999999999995,35.60273,35.92751623178261,5
37095,39.2,37.36806169280273,40.00800000000003,40.940964,40.487325718998044,5
37097,33.5,36.41212735265835,36.687000000000005,36.81276,36.69605433950728,5
37145,40.5,40.35091231540784,39.02200000000003,39.721313,39.95432643339803,5
37151,32.5,37.78478399029257,37.07800000000002,37.55454,37.60525277984954,5
37153,39.8,43.07692644607459,42.401000000000025,42.504932,42.81755666424021,5
37173,36.8,37.49152175854713,39.64,39.2528,38.970952454373105,5
37183,25.6,32.72222292272134,31.106000000000005,31.387022,31.34758994109049,5
37197,36.1,37.95021586912773,37.14499999999999,37.929928,37.97798140537286,5
37199,32.3,38.01148194913033,35.77400000000002,35.152092,35.50250183981743,5
38007,35.9,28.137433447521296,34.333999999999996,35.101864,33.76654608886984,5
38027,39.7,37.97068804850483,38.98300000000001,38.02797,37.96379626187843,5
38031,39.9,36.23453088619542,37.14099999999999,35.81472,35.7149075240478,5
38047,38.2,39.561233054795544,37.699000000000005,37.246204,37.60287997175267,5
38089,39.3,37.367423115644065,38.34800000000001,38.78754,38.594889162064995,5
39005,40.5,38.10264237025418,39.47400000000002,38.85937,38.72695234451325,5
39011,42.6,37.51878123989695,39.44800000000001,38.87845,38.641189997459826,5
39023,41.8,38.65718436247915,39.576,38.993343,38.94441557563574,5
39027,41.6,37.68538695632081,38.08899999999999,38.50574,38.406866270210244,5
39041,32.2,29.150314483649307,29.182000000000002,30.747751,30.228372444906896,5
39051,42.4,36.62678489724368,38.118999999999986,38.247143,37.97583952318449,5
39053,40.1,40.12992610586048,42.404,42.288677,42.087884173207804,5
39059,41.5,38.69458752732248,41.52999999999998,41.515568,41.16697074444354,5
39065,45.3,39.5741864888079,39.82800000000002,39.64159,39.69348234638465,5
39069,42.8,36.6378713812779,37.344000000000015,37.36156,37.20507598282096,5
39077,41.9,37.971183858167095,39.137000000000015,39.62957,39.43507094155297,5
39081,40.1,38.43399532737251,40.29700000000002,40.15608,39.93640589901419,5
39093,39.6,37.22073251250485,37.01499999999999,37.17228,37.154300049491404,5
39099,39.7,38.766624360655534,39.23900000000001,39.686783,39.62488282388484,5
39105,48.7,40.28069336226506,41.72099999999998,41.916885,41.81166262290273,5
39131,40.6,40.61270058162655,41.41199999999999,41.758812,41.74346784023827,5
39139,39.8,39.009929187875166,39.82399999999999,39.946762,39.87436682296442,5
39147,47.1,37.85429737477653,38.710999999999984,38.77176,38.64637790237713,5
40023,45.4,40.043102467366545,42.430999999999976,42.57123,42.33183733949387,5
40031,43.8,39.924733904369255,39.894000000000034,39.159706,39.30720602670441,5
40035,43.6,38.11877354225853,41.53799999999998,40.963203,40.55249465516248,5
40039,38.8,38.871512800106345,39.471,39.656063,39.60164761839538,5
40045,41.2,38.52391272787882,38.809,37.885284,37.94161278259224,5
40065,42.7,38.370296376229504,38.73300000000001,39.42855,39.344850356244585,5
40073,41.3,37.98038739311755,38.61200000000002,38.66032,38.57188430916084,5
40091,42.1,38.05041232097015,37.91800000000003,40.09507,39.951491909293146,5
40117,40.7,38.84877663634158,39.245999999999995,39.151318,39.14433156948185,5
40135,41.2,39.60277404880866,42.35999999999997,42.04056,41.76642350436354,5
40147,41.6,37.74577716483839,37.50000000000001,38.156326,38.12953654737417,5
40149,40.7,40.05684048630793,40.06599999999999,39.733196,39.8508427691305,5
40151,40.7,37.33690675301251,37.922000000000004,37.599773,37.51675728004577,5
40153,42.0,38.24702567037558,38.17800000000001,38.233006,38.2504737053076,5
41009,36.9,34.18728454417071,33.308999999999976,33.194096,33.1510456942495,5
41013,33.0,35.446093776268135,34.97,34.09212,34.109238537931525,5
41027,30.5,33.903138417354384,35.535000000000004,33.732296,33.46603157946628,5
41033,32.8,36.783658571019934,35.53999999999999,34.433376,34.63138257542722,5
41047,39.4,36.29225171875356,37.144,37.78887,37.54970759961008,5
41069,35.3,36.97021197789126,36.50399999999999,34.370552,34.54994866280772,5
42001,37.3,34.85326811688847,34.673,34.76548,34.64257741846733,5
42005,37.9,37.12677355068041,36.187999999999995,37.094852,37.114662165493,5
42033,36.9,36.66506468242914,36.70400000000001,37.030365,36.941629130533364,5
42037,37.2,36.35995795824758,36.24400000000001,36.163857,36.113077995256106,5
42055,39.2,36.399743578825266,36.48600000000001,36.481728,36.39973665499304,5
42057,36.0,38.35702373455738,38.007999999999996,38.189564,38.24012456812635,5
42061,35.8,37.60912426319309,37.40100000000001,37.63195,37.62616797335076,5
42081,35.6,36.812789599520656,36.70299999999998,37.433712,37.34102892436662,5
42083,36.3,37.62614752146533,37.75900000000002,39.085842,38.951853289878414,5
42115,33.2,37.00879134251883,36.40599999999998,36.501076,36.531796168796234,5
42127,35.2,35.79843017926041,35.707,34.348026,34.36558069777732,5
42129,31.4,35.41542979505258,35.537,35.97041,35.80626573707057,5
44003,32.9,32.94681117404202,32.92299999999998,33.673676,33.394145243534275,5
45005,44.5,46.917147464382545,48.954000000000015,48.14381,48.33266225745679,5
45017,38.4,43.214954883315336,42.891000000000005,42.748848,43.038880933562346,5
45031,41.4,43.22107642960738,42.78900000000001,43.600765,43.83338313788722,5
45035,36.4,38.3362800998013,37.644999999999996,38.55961,38.599833630545646,5
45037,39.1,39.7363534963076,37.842999999999996,39.53687,39.74299303004419,5
45045,30.0,36.51576412687907,35.951,36.39913,36.3758241656732,5
45055,36.5,40.44477733784461,39.498000000000005,39.82243,40.036558222286345,5
45069,46.0,44.62042820236171,44.44400000000002,44.612396,44.92218734950806,5
45087,42.9,42.80580293330091,42.26600000000001,42.282608,42.57131658164445,5
46015,36.8,38.22814635777849,37.538000000000004,37.558098,37.661072216212666,5
46019,34.9,38.265775884355506,38.99,38.128128,38.10898641128768,5
46029,39.8,36.88467264586459,37.611,36.444874,36.38642641779556,5
46063,33.7,38.95768165149766,37.418,37.515003,37.75943347889787,5
46065,34.8,36.21935496411596,37.808000000000014,37.606773,37.32911367516777,5
46069,35.2,37.23303627213148,36.64699999999999,35.700058,35.8175343616983,5
46075,35.5,33.67623371144228,37.54900000000002,37.593697,36.875274898148064,5
46079,35.8,35.859074855625884,37.37599999999998,35.909374,35.7210462200671,5
46083,32.6,36.09292838852218,35.887999999999984,35.68896,35.647178998262746,5
47013,39.2,40.25041466536643,41.143,40.331318,40.374878618942304,5
47023,39.2,39.925129024933085,39.907,40.43352,40.48382966993759,5
47025,41.1,39.82677174239908,40.70399999999999,40.74213,40.70434528075206,5
47027,39.4,40.34380476685698,41.70800000000002,41.65491,41.5816429887327,5
47029,41.5,40.30361272657818,41.23000000000001,40.56321,40.59362955423361,5
47047,36.8,37.436324129521516,37.695000000000014,38.66554,38.533052207541225,5
47049,40.1,40.5780175561725,40.193999999999996,39.40367,39.632389394925845,5
47057,38.0,40.11187751225808,39.172999999999995,38.84857,39.095827157201825,5
47059,38.0,37.99220316036431,37.894,37.511635,37.554715068596465,5
47067,42.6,41.493440689653916,42.21799999999998,42.52198,42.559536552260425,5
47069,47.5,42.84054583812553,42.67300000000003,43.335987,43.5271217368759,5
47117,40.1,38.627214115433674,37.84000000000001,38.35902,38.45521704703032,5
47129,40.2,40.51713522004935,40.94099999999999,41.007904,41.06006729746707,5
47137,39.8,38.38329449405917,37.59000000000001,38.42902,38.49083289510352,5
47141,38.4,38.040994856102145,37.724,37.804153,37.84387658297534,5
47143,39.3,39.12821900109043,39.88000000000002,40.54933,40.44924338893132,5
47163,40.7,38.072599498937265,39.27400000000001,39.606888,39.42424722529038,5
47167,39.4,39.87757679372698,38.13,38.732594,39.00808504165683,5
47181,40.3,39.96718632914205,40.2,40.708637,40.72837026278694,5
48005,41.1,40.268025692865294,39.685,39.462704,39.661280773172216,5
48009,36.1,36.796761723800124,38.22,38.48017,38.215801819543955,5
48011,34.4,36.359111668358516,37.073,36.11644,36.02017352126504,5
48015,36.3,37.215061296659414,37.884,38.490498,38.320351697128636,5
48017,37.9,40.898209141240336,41.15599999999998,41.19436,41.28819321696075,5
48033,33.2,37.20170480177424,37.85499999999998,37.51735,37.42023342315871,5
48043,35.9,35.45715565126403,38.602999999999994,37.3577,36.915008518858926,5
48047,45.0,40.015576474547174,44.96899999999999,43.743984,43.261010437810356,5
48057,36.7,33.97880126433875,36.607,35.375767,34.93533285064054,5
48061,47.6,39.84641661970808,42.38699999999997,42.67581,42.3957443768411,5
48081,39.6,37.621302079711576,37.56900000000003,37.468445,37.46732161844662,5
48083,38.2,38.67095798460338,37.91500000000002,37.666546,37.81863461364156,5
48085,28.6,28.832334649129603,29.368,30.357971,29.799995687605968,5
48087,39.4,39.15792608923088,39.930000000000014,39.857426,39.81213916047047,5
48099,37.7,39.196132168067194,36.68599999999999,38.5374,38.790436044840206,5
48105,38.6,36.196522091274964,36.48900000000002,37.563248,37.362629244336105,5
48107,41.3,40.718594851897905,40.88999999999997,41.115852,41.199053679773726,5
48113,34.8,36.78772301352863,35.44499999999999,35.78194,35.884126358396344,5
48147,37.8,38.75242908813829,38.08799999999999,38.61453,38.69923606719121,5
48149,36.0,35.428642913626064,35.198999999999984,37.23076,36.993463224069295,5
48159,34.5,38.89291249112089,38.77000000000001,38.0554,38.167459217453505,5
48165,40.3,41.52986526769285,39.62400000000002,40.361813,40.72265210657917,5
48177,39.5,39.277429333884655,40.37599999999998,40.984505,40.84899225795213,5
48193,37.5,37.31740219853319,35.39500000000001,35.675785,35.884155214248096,5
48195,36.8,38.589992115557635,38.74400000000001,38.776962,38.7814552164125,5
48203,39.9,40.42096584430329,39.68800000000001,39.66094,39.871807163272564,5
48219,41.3,39.52132672074801,40.877999999999986,41.023376,40.89912347819445,5
48227,41.6,37.85860828427686,38.75399999999999,38.80166,38.67224939124361,5
48241,40.7,41.11447189466435,40.163999999999994,40.68288,40.91287452812078,5
48249,42.6,39.534110301338956,41.53399999999998,41.513,41.31523727087859,5
48257,37.5,38.53326285873797,36.615,38.221375,38.38341348287505,5
48289,37.6,38.65896638646496,38.079,38.39791,38.482762371166,5
48297,40.9,35.85925326656757,36.10400000000001,37.056442,36.85632606307353,5
48319,36.3,35.3672726952207,34.78599999999999,37.226788,37.00313904997071,5
48323,45.2,40.813032765278834,44.23399999999998,42.16963,41.99261165389163,5
48329,38.4,35.218035614261304,36.571999999999974,36.895626,36.564833897242636,5
48349,42.3,40.64700633374288,40.179000000000016,40.09985,40.28911392587784,5
48353,41.8,40.48707235400927,40.353999999999985,40.018517,40.17487083172334,5
48355,44.0,36.476164932573575,37.949999999999996,37.716686,37.468472252646635,5
48359,36.7,38.96148917267177,36.50400000000001,37.623924,37.91473206654258,5
48361,41.6,38.18910461193336,38.293000000000006,38.217243,38.21870878632156,5
48371,42.0,38.619032690764676,40.175999999999995,41.6807,41.38592703146593,5
48375,38.6,38.82779409227729,39.332,39.013943,39.00851662459647,5
48377,44.2,38.204680065546356,38.95700000000001,39.487766,39.356595800406836,5
48397,34.9,30.631816425443276,32.105,33.46901,32.837220710463185,5
48427,47.8,42.80872987357768,46.16499999999999,45.144966,44.987249305961505,5
48431,36.7,37.09922067452337,37.01999999999999,38.669952,38.516387243826784,5
48435,41.6,37.38629221293075,37.68099999999998,37.817158,37.74077329518391,5
48437,42.8,39.96814036081054,41.378,41.890648,41.75148591141672,5
48439,37.7,36.4021358940965,35.096000000000025,35.487274,35.563083862274816,5
48463,41.6,38.77783936118616,38.35799999999999,38.655624,38.725849879868136,5
48471,42.2,39.635928580889036,39.04400000000001,38.976635,39.13626729154521,5
48503,38.7,38.087616529679394,38.32399999999999,38.649845,38.598471217533834,5
49007,35.0,40.05865200630261,40.122,38.55666,38.760452762153214,5
49015,34.5,40.57316056009824,36.943000000000005,36.15446,36.820317732128615,5
49041,35.1,39.41475088682573,37.25800000000001,36.361904,36.78527080653446,5
49053,29.1,37.87758149383904,36.52300000000002,36.005405,36.222904216095124,5
49055,33.2,34.20005502839633,37.187000000000005,36.867496,36.31959077896314,5
49057,34.4,37.59870158103333,37.29899999999999,37.230297,37.25908803548834,5
50001,26.4,32.872555767776234,30.64899999999999,30.423512,30.511057544711292,5
50011,31.1,36.57333046723699,37.36500000000001,36.46108,36.359969552597796,5
50025,26.0,33.96908345246825,31.916999999999987,30.61724,30.81233713887788,5
51003,31.7,31.315332792990766,31.217999999999996,31.586935,31.272908478209146,5
51007,43.0,38.21398071427515,37.352000000000004,38.295815,38.3513366212663,5
51023,35.7,35.233940740875866,36.01,36.446884,36.18611319758792,5
51035,38.9,38.834156710462004,38.00800000000002,37.989067,38.14056439370598,5
51047,38.2,35.671396903721636,35.52799999999998,36.52879,36.36887940767285,5
51053,38.2,39.32649491206928,38.651,39.612186,39.69125865094799,5
51061,33.4,31.935864097263863,34.258,33.593983,33.060014503388395,5
51071,36.9,38.29676310781132,37.997,38.30761,38.339047497056676,5
51083,43.1,41.238652387495556,40.845000000000006,41.508,41.65761285051301,5
51093,38.9,35.247567022333236,34.95199999999997,35.654285,35.51844827276239,5
51099,35.2,34.58035380281033,36.824999999999996,36.281315,35.867525057433745,5
51139,40.2,37.63366664354398,37.94299999999999,37.27711,37.27063054073783,5
51159,38.6,39.10851641819863,37.93700000000003,39.440662,39.53569423979793,5
51161,34.2,34.56192238843303,36.52899999999999,36.29961,35.898591953794295,5
51181,39.4,38.4771108124468,39.69100000000001,39.714737,39.572012113509714,5
51191,37.2,37.33325929604638,37.45500000000001,38.181732,38.08153782904171,5
51193,41.7,37.681863868783935,37.41100000000003,37.973267,37.954110732427345,5
51197,38.4,38.216982543937156,40.14100000000001,40.376064,40.10993380465666,5
51530,40.1,38.580984009532926,39.89400000000001,39.698288,39.56349576401594,5
51620,46.9,43.08968046435905,43.692,43.971,44.09866309993596,5
51683,35.1,31.022821944363894,30.312999999999988,32.647446,32.25392668648045,5
51685,37.4,33.18080558252518,34.449,36.62159,36.07073398551016,5
51690,44.5,41.93300963901543,43.022,42.834312,42.879753914022494,5
51710,40.0,38.381256034247635,34.60099999999998,35.1444,35.63107874761769,5
51730,46.5,44.61885548767966,45.69700000000001,45.86502,46.0056870484332,5
51750,38.1,38.282723822040076,39.10300000000001,39.03153,38.94032812334517,5
51775,35.2,35.588940999277135,35.60100000000002,35.85838,35.73012771451737,5
51840,37.9,34.69124049056521,34.89100000000001,36.10031,35.83430596209556,5
53003,34.8,37.325013235138876,35.39500000000002,34.69955,34.983241242675824,5
53007,28.8,34.90787600109169,35.427000000000014,33.386463,33.333337894021405,5
53019,36.1,37.82158496553442,37.571999999999996,37.248928,37.300250824354805,5
53023,36.6,36.083424182489985,36.29900000000001,35.80602,35.72940401503111,5
53025,42.0,38.330224972281265,37.73500000000001,37.11414,37.25746325738008,5
53039,32.5,35.74820080573661,33.71700000000001,31.790966,32.11064828146298,5
53049,36.5,34.08191252073314,31.746,30.930521,31.13225493989323,5
53053,35.8,32.65543195915725,33.004,31.87448,31.674097384744606,5
53063,34.0,35.854058795418055,37.069,36.305573,36.10444900447467,5
53069,40.3,34.89646336708401,32.34199999999999,33.682972,33.787411195742386,5
53077,42.0,38.30471521032604,37.619,37.68312,37.78560424907526,5
54009,39.8,37.099588624831746,38.97599999999999,38.312782,38.07089667165855,5
54021,40.3,40.05976522774391,38.770999999999994,39.62654,39.82922371916285,5
54033,40.4,38.14606181284777,38.997999999999976,38.85604,38.75977110377788,5
54037,34.8,33.94500773340232,32.86599999999998,34.049286,33.92405773403827,5
54041,40.5,38.91864206356139,40.576,39.70934,39.59414053704398,5
54043,44.7,40.43556089918753,41.930999999999976,41.89345,41.80544201777681,5
54045,41.0,39.99912888531817,42.78999999999999,43.301968,42.978126771990716,5
54053,44.3,40.19623751582747,40.72900000000001,41.524773,41.4926234705528,5
54067,39.4,38.28509421811131,39.19500000000001,38.625282,38.559852436048764,5
54087,39.8,40.14737652774449,41.128,41.26474,41.2199589584127,5
55003,38.0,36.90127789454865,37.702999999999996,37.287018,37.16232991020297,5
55007,37.5,33.26676142148887,35.34799999999999,34.86081,34.40572651957121,5
55011,40.1,35.289821625151355,36.18600000000001,37.129257,36.81644960800329,5
55017,40.0,37.01749253838527,38.161,38.130093,37.935393699866346,5
55021,38.7,34.74699704375313,36.362999999999985,36.3753,36.01160749731443,5
55023,39.1,37.09914705664926,38.681,38.570057,38.32601355445739,5
55029,37.2,30.76933377771317,30.975000000000005,30.7221,30.3898038888156,5
55037,40.1,33.25794915411328,35.13399999999997,35.666607,35.16152914537468,5
55043,40.5,37.843496654587945,38.414,38.401558,38.3198085250011,5
55045,40.2,35.277953477820255,37.67099999999999,37.923225,37.46049465577584,5
55047,41.3,36.84419303593167,37.368000000000016,35.987885,35.97112247689405,5
55053,44.5,37.77040904518653,38.788999999999994,39.496693,39.296716047665036,5
55059,43.2,35.96074753847448,36.571,36.379734,36.22155822238887,5
55067,39.7,36.5049391814331,37.494000000000014,37.277153,37.09431930189822,5
55071,43.5,36.16101751475465,36.201000000000015,35.95927,35.89077510582352,5
55091,39.3,35.91362803196586,38.89199999999998,38.924076,38.427705109983954,5
55103,41.8,38.065855421992175,37.196999999999996,37.73071,37.811567262219285,5
55107,36.8,37.561699068334505,38.197999999999986,39.1411,38.96543469335042,5
55109,33.6,33.75362480057794,33.40699999999998,34.86642,34.612967830484855,5
55113,41.1,34.10234752546543,36.29100000000001,36.579662,36.08888332314052,5
55115,45.0,35.9055942473724,36.696999999999996,35.688496,35.5653347270608,5
55135,36.7,36.17462490169241,35.153000000000006,35.57751,35.60223339158712,5
55139,39.6,35.74307920144107,36.12299999999999,36.449356,36.27322876830192,5
55141,40.9,37.25677257364534,36.369,35.95182,36.07089837643445,5
56005,35.0,35.80506809523493,34.41499999999999,32.84576,33.05456273456851,5
56029,33.2,35.9222043983873,32.417999999999985,31.140608,31.617494901138343,5
