FIPS,State_Name,State_Abbreviation,County_Name,CDC_Obesity_AdjPrev,Predicted_Obesity_AdjPrev,Prediction_Difference
01069,Alabama,AL,Houston County,37.5,41.21409222827509,3.714092228275092
01023,Alabama,AL,Choctaw County,45.8,44.13421946670694,-1.6657805332930593
01113,Alabama,AL,Russell County,46.9,44.364475301008504,-2.5355246989914946
10005,Delaware,DE,Sussex County,38.6,31.170998774569185,-7.429001225430817
01071,Alabama,AL,Jackson County,38.6,39.84617334269507,1.2461733426950659
01089,Alabama,AL,Madison County,35.7,36.46870349132612,0.7687034913261144
04015,Arizona,AZ,Mohave County,36.6,35.09311790521116,-1.5068820947888426
05017,Arkansas,AR,Chicot County,44.6,45.526270651780855,0.9262706517808539
05121,Arkansas,AR,Randolph County,37.4,41.08473750471772,3.6847375047177238
05073,Arkansas,AR,Lafayette County,42.9,42.69751755167321,-0.20248244832679063
05057,Arkansas,AR,Hempstead County,41.2,42.959029928507185,1.7590299285071822
06079,California,CA,San Luis Obispo County,28.2,27.722732119229892,-0.47726788077010696
06081,California,CA,San Mateo County,21.4,20.606750166078186,-0.7932498339218128
06091,California,CA,Sierra County,31.3,33.860624770246396,2.5606247702463953
08067,Colorado,CO,La Plata County,24.8,29.36437682695763,4.564376826957631
12007,Florida,FL,Bradford County,38.8,39.36805491880427,0.5680549188042718
10003,Delaware,DE,New Castle County,37.6,32.50871915685978,-5.091280843140218
12009,Florida,FL,Brevard County,32.9,33.5781778340652,0.6781778340652025
12131,Florida,FL,Walton County,31.1,33.61754777832365,2.517547778323646
12053,Florida,FL,Hernando County,33.4,35.12099981544276,1.7209998154427595
12047,Florida,FL,Hamilton County,39.5,43.60260849907047,4.10260849907047
12065,Florida,FL,Jefferson County,37.9,40.4812789062464,2.5812789062464034
12031,Florida,FL,Duval County,33.1,36.040532595617776,2.940532595617775
13105,Georgia,GA,Elbert County,42.4,41.78490926802216,-0.6150907319778369
13213,Georgia,GA,Murray County,38.0,39.25039630091226,1.2503963009122572
16073,Idaho,ID,Owyhee County,34.6,37.303255676634855,2.7032556766348534
16049,Idaho,ID,Idaho County,32.6,36.808556297776136,4.208556297776134
17105,Illinois,IL,Livingston County,38.2,38.584322186058344,0.38432218605834123
17161,Illinois,IL,Rock Island County,37.4,36.933067625657245,-0.46693237434275403
27087,Minnesota,MN,Mahnomen County,44.3,39.70684660505891,-4.5931533949410905
18089,Indiana,IN,Lake County,38.1,38.80600219041534,0.7060021904153402
04013,Arizona,AZ,Maricopa County,32.7,34.99380919201997,2.293809192019964
06067,California,CA,Sacramento County,33.9,30.9943217822361,-2.9056782177638993
19159,Iowa,IA,Ringgold County,41.2,38.91128185726444,-2.2887181427355614
06107,California,CA,Tulare County,38.0,37.38790328765715,-0.6120967123428471
06069,California,CA,San Benito County,29.1,33.44148851380365,4.341488513803647
19163,Iowa,IA,Scott County,39.2,37.03351170975134,-2.1664882902486653
27053,Minnesota,MN,Hennepin County,27.4,31.547647917721925,4.147647917721926
17125,Illinois,IL,Mason County,35.2,37.35166521109431,2.151665211094304
36005,New York,NY,Bronx County,37.2,41.334784777559115,4.134784777559112
20099,Kansas,KS,Labette County,43.6,40.63831027258632,-2.9616897274136846
36119,New York,NY,Westchester County,26.6,29.051958704349364,2.4519587043493623
36053,New York,NY,Madison County,34.4,36.03411386922456,1.6341138692245636
21235,Kentucky,KY,Whitley County,41.4,41.883825225377805,0.4838252253778066
44007,Rhode Island,RI,Providence County,32.4,31.438957528637125,-0.9610424713628731
36029,New York,NY,Erie County,32.7,35.056413871541146,2.356413871541143
48287,Texas,TX,Lee County,38.6,39.668117270852015,1.0681172708520137
36091,New York,NY,Saratoga County,32.1,31.37262079355681,-0.7273792064431923
01121,Alabama,AL,Talladega County,42.6,42.00625868097319,-0.5937413190268117
21133,Kentucky,KY,Letcher County,40.6,42.90551434775955,2.305514347759548
38017,North Dakota,ND,Cass County,34.1,36.813767321096904,2.7137673210969027
39035,Ohio,OH,Cuyahoga County,37.8,37.368069212554175,-0.4319307874458218
39061,Ohio,OH,Hamilton County,38.6,36.926067266620024,-1.6739327333799778
22075,Louisiana,LA,Plaquemines Parish,39.8,38.41145234607199,-1.3885476539280077
22031,Louisiana,LA,De Soto Parish,40.0,43.02474841595332,3.0247484159533187
22111,Louisiana,LA,Union Parish,43.9,42.15191343169032,-1.748086568309681
22115,Louisiana,LA,Vernon Parish,39.5,40.46503524325413,0.9650352432541283
01087,Alabama,AL,Macon County,47.7,47.40359021656932,-0.2964097834306827
01041,Alabama,AL,Crenshaw County,40.3,41.82985631910013,1.5298563191001335
24005,Maryland,MD,Baltimore County,33.2,33.45372204126934,0.2537220412693344
24019,Maryland,MD,Dorchester County,41.8,38.96743853772678,-2.832561462273219
24017,Maryland,MD,Charles County,42.9,34.11011378747451,-8.789886212525488
24015,Maryland,MD,Cecil County,37.6,37.270522406871656,-0.32947759312834535
25001,Massachusetts,MA,Barnstable County,26.5,29.834972505466816,3.3349725054668156
25017,Massachusetts,MA,Middlesex County,22.1,27.584596304030807,5.484596304030806
26103,Michigan,MI,Marquette County,32.0,37.30190404796485,5.301904047964847
26053,Michigan,MI,Gogebic County,37.3,36.7120813099582,-0.5879186900417963
26115,Michigan,MI,Monroe County,38.0,37.59115678024825,-0.408843219751752
26141,Michigan,MI,Presque Isle County,35.9,37.45202478339381,1.5520247833938114
27075,Minnesota,MN,Lake County,34.7,34.10070277202602,-0.5992972279739845
27163,Minnesota,MN,Washington County,30.9,31.51837109346009,0.618371093460091
28001,Mississippi,MS,Adams County,43.6,44.71484344431196,1.1148434443119584
28087,Mississippi,MS,Lowndes County,44.1,42.81943949184319,-1.2805605081568103
28143,Mississippi,MS,Tunica County,50.1,48.22489692886809,-1.8751030711319103
28139,Mississippi,MS,Tippah County,42.2,40.73187852192037,-1.468121478079631
29099,Missouri,MO,Jefferson County,39.1,37.13721150236635,-1.9627884976336532
30001,Montana,MT,Beaverhead County,31.3,36.62285013934721,5.3228501393472065
30105,Montana,MT,Valley County,36.1,37.216116137976286,1.1161161379762845
30005,Montana,MT,Blaine County,41.4,41.14774376499533,-0.25225623500466554
30029,Montana,MT,Flathead County,30.2,35.806374485066605,5.606374485066606
33017,New Hampshire,NH,Strafford County,32.9,30.7201133236248,-2.1798866763751974
34001,New Jersey,NJ,Atlantic County,33.2,30.182781252619527,-3.0172187473804755
34009,New Jersey,NJ,Cape May County,31.7,29.319433516501434,-2.3805664834985656
34041,New Jersey,NJ,Warren County,29.1,30.60762454278366,1.5076245427836596
34019,New Jersey,NJ,Hunterdon County,26.5,23.83463247934493,-2.665367520655071
34025,New Jersey,NJ,Monmouth County,29.3,27.431613772391096,-1.8683862276089052
34023,New Jersey,NJ,Middlesex County,26.9,27.269083974813736,0.3690839748137371
35045,New Mexico,NM,San Juan County,38.1,39.92384241492361,1.823842414923611
36031,New York,NY,Essex County,36.0,33.71500171446989,-2.284998285530108
37047,North Carolina,NC,Columbus County,39.2,42.545419267798586,3.345419267798583
37039,North Carolina,NC,Cherokee County,31.5,36.6431917843248,5.143191784324799
37149,North Carolina,NC,Polk County,32.2,35.636024088590055,3.4360240885900524
37009,North Carolina,NC,Ashe County,33.9,35.581917085730616,1.6819170857306176
37055,North Carolina,NC,Dare County,29.5,30.92579003862818,1.425790038628179
37091,North Carolina,NC,Hertford County,43.4,44.01323898340702,0.6132389834070224
38097,North Dakota,ND,Traill County,38.2,38.43744338924863,0.23744338924862518
38053,North Dakota,ND,McKenzie County,35.5,34.59213788843051,-0.9078621115694929
39167,Ohio,OH,Washington County,44.7,37.719837873893496,-6.9801621261065065
40095,Oklahoma,OK,Marshall County,43.7,39.54948289503288,-4.150517104967122
02020,Alaska,AK,Anchorage Municipality,29.6,30.585163806732496,0.9851638067324942
02180,Alaska,AK,Nome Census Area,37.2,38.70801876625652,1.5080187662565194
02070,Alaska,AK,Dillingham Census Area,37.2,38.406221038587965,1.2062210385879624
41015,Oregon,OR,Curry County,31.7,33.069240435519816,1.3692404355198171
41007,Oregon,OR,Clatsop County,30.3,31.802407571190702,1.5024075711907017
41035,Oregon,OR,Klamath County,38.4,34.69770626676822,-3.7022937332317767
41033,Oregon,OR,Josephine County,32.8,35.12690951375525,2.326909513755254
02066,Alaska,AK,Copper River Census Area,32.6,36.58300398570077,3.983003985700769
41065,Oregon,OR,Wasco County,32.9,35.69970521441497,2.7997052144149706
48037,Texas,TX,Bowie County,40.9,40.17427875394861,-0.7257212460513855
42071,Pennsylvania,PA,Lancaster County,35.7,34.83387719695586,-0.8661228030441421
42095,Pennsylvania,PA,Northampton County,33.7,29.34332529645375,-4.356674703546254
44009,Rhode Island,RI,Washington County,25.0,26.797813931560817,1.7978139315608175
45013,South Carolina,SC,Beaufort County,27.9,33.09319816514682,5.193198165146825
45051,South Carolina,SC,Horry County,34.7,35.0778737129141,0.377873712914095
45091,South Carolina,SC,York County,31.2,38.36728319593597,7.167283195935969
46023,South Dakota,SD,Charles Mix County,38.5,41.19346429628315,2.693464296283153
04007,Arizona,AZ,Gila County,34.4,34.39438208978883,-0.005617910211171306
47157,Tennessee,TN,Shelby County,42.6,41.43831634722585,-1.1616836527741512
47165,Tennessee,TN,Sumner County,38.4,37.86354171515212,-0.5364582848478818
47019,Tennessee,TN,Carter County,41.3,39.8587050519528,-1.4412949480471937
47123,Tennessee,TN,Monroe County,36.1,39.78126380792916,3.681263807929156
47013,Tennessee,TN,Campbell County,39.2,40.9670059447154,1.7670059447154003
48273,Texas,TX,Kleberg County,41.5,38.032507554328475,-3.4674924456715246
48229,Texas,TX,Hudspeth County,42.8,37.9220038464716,-4.8779961535284
48419,Texas,TX,Shelby County,40.9,40.92830597444922,0.02830597444922489
48301,Texas,TX,Loving County,32.6,35.50400802367833,2.9040080236783297
49037,Utah,UT,San Juan County,37.3,41.44189276536201,4.141892765362016
49019,Utah,UT,Grand County,30.9,35.49993327552876,4.5999332755287625
49049,Utah,UT,Utah County,30.7,34.28510560405877,3.5851056040587714
49023,Utah,UT,Juab County,34.4,38.01506390191001,3.6150639019100126
51133,Virginia,VA,Northumberland County,38.8,37.40120641241975,-1.3987935875802506
51193,Virginia,VA,Westmoreland County,41.7,37.09555638584478,-4.6044436141552225
51073,Virginia,VA,Gloucester County,36.6,34.532809641813486,-2.067190358186515
51107,Virginia,VA,Loudoun County,28.6,27.104832870667636,-1.4951671293323656
51143,Virginia,VA,Pittsylvania County,43.9,39.8212467299571,-4.0787532700428955
51083,Virginia,VA,Halifax County,43.1,41.85402384389891,-1.2459761561010936
53053,Washington,WA,Pierce County,35.8,31.594106853468276,-4.2058931465317215
53067,Washington,WA,Thurston County,33.6,32.03371439813637,-1.5662856018636333
53005,Washington,WA,Benton County,40.0,35.4027437786209,-4.597256221379098
54047,West Virginia,WV,McDowell County,44.3,42.879856463566426,-1.4201435364335708
54099,West Virginia,WV,Wayne County,45.6,40.93299752332752,-4.667002476672479
54037,West Virginia,WV,Jefferson County,34.8,33.22471345750457,-1.5752865424954265
54003,West Virginia,WV,Berkeley County,40.3,37.78944708167193,-2.5105529183280666
55003,Wisconsin,WI,Ashland County,38.0,37.53749009227946,-0.4625099077205377
55051,Wisconsin,WI,Iron County,37.2,36.64904738159678,-0.5509526184032225
56039,Wyoming,WY,Teton County,22.2,25.96066301137086,3.760663011370859
05045,Arkansas,AR,Faulkner County,37.8,39.25357008360512,1.453570083605122
05011,Arkansas,AR,Bradley County,41.5,42.57600726526026,1.0760072652602588
05085,Arkansas,AR,Lonoke County,38.0,38.32937214422347,0.32937214422346983
05099,Arkansas,AR,Nevada County,41.5,43.15695348091467,1.656953480914673
05037,Arkansas,AR,Cross County,38.5,41.589516701347414,3.0895167013474136
06007,California,CA,Butte County,31.5,33.80193763000129,2.301937630001291
06047,California,CA,Merced County,34.5,37.82220812181723,3.3222081218172335
08059,Colorado,CO,Jefferson County,24.9,27.805200070221513,2.9052000702215146
08065,Colorado,CO,Lake County,26.2,34.986529120840615,8.786529120840616
08055,Colorado,CO,Huerfano County,28.7,34.27915613099788,5.579156130997884
12117,Florida,FL,Seminole County,31.4,33.17828098499615,1.778280984996151
12041,Florida,FL,Gilchrist County,36.9,38.81669148748459,1.9166914874845915
12013,Florida,FL,Calhoun County,43.6,40.88705343932423,-2.7129465606757748
13229,Georgia,GA,Pierce County,39.6,40.34817546182792,0.7481754618279197
13261,Georgia,GA,Sumter County,44.0,44.624990510429,0.6249905104290008
13021,Georgia,GA,Bibb County,48.5,43.88429153580726,-4.615708464192743
13151,Georgia,GA,Henry County,39.3,39.82705496815267,0.5270549681526759
13195,Georgia,GA,Madison County,39.0,38.72578779095429,-0.2742122090457073
13265,Georgia,GA,Taliaferro County,43.3,42.97134910000604,-0.3286508999939599
13267,Georgia,GA,Tattnall County,46.1,41.82887284410624,-4.271127155893758
13237,Georgia,GA,Putnam County,42.1,38.483832544623034,-3.616167455376967
13219,Georgia,GA,Oconee County,32.9,32.405727737161705,-0.49427226283829384
13205,Georgia,GA,Mitchell County,46.8,44.69154089143448,-2.108459108565519
13201,Georgia,GA,Miller County,41.7,41.92893586878895,0.22893586878894467
16085,Idaho,ID,Valley County,33.5,31.64458821687353,-1.8554117831264705
16005,Idaho,ID,Bannock County,36.8,37.931495020105125,1.1314950201051275
16039,Idaho,ID,Elmore County,36.5,39.76987956375981,3.269879563759808
17047,Illinois,IL,Edwards County,37.2,38.8133301194521,1.613330119452094
17027,Illinois,IL,Clinton County,35.3,36.99720673831522,1.6972067383152236
18041,Indiana,IN,Fayette County,41.1,39.76361594658967,-1.3363840534103346
18069,Indiana,IN,Huntington County,39.0,39.20398347542152,0.2039834754215235
19175,Iowa,IA,Union County,38.1,39.709471894723954,1.6094718947239528
20059,Kansas,KS,Franklin County,34.2,38.67143835945328,4.4714383594532805
20171,Kansas,KS,Scott County,41.2,34.642939184968185,-6.557060815031818
21123,Kentucky,KY,Larue County,42.3,40.19759537810717,-2.1024046218928305
21115,Kentucky,KY,Johnson County,42.4,41.69628512260469,-0.7037148773953064
21109,Kentucky,KY,Jackson County,41.9,43.02007151438584,1.1200715143858417
21175,Kentucky,KY,Morgan County,38.7,41.06196313690868,2.3619631369086775
21011,Kentucky,KY,Bath County,38.4,41.48666033890501,3.0866603389050127
21231,Kentucky,KY,Wayne County,42.1,42.28999815369867,0.18999815369866724
21061,Kentucky,KY,Edmonson County,42.7,41.004823895116914,-1.695176104883089
21165,Kentucky,KY,Menifee County,40.8,42.80033252209874,2.000332522098745
22001,Louisiana,LA,Acadia Parish,36.8,42.038304323185685,5.238304323185687
22071,Louisiana,LA,Orleans Parish,38.1,41.98255971642182,3.8825597164218166
22103,Louisiana,LA,St. Tammany Parish,35.1,37.49577866803589,2.395778668035888
22067,Louisiana,LA,Morehouse Parish,44.7,45.18600042387703,0.48600042387703013
22081,Louisiana,LA,Red River Parish,46.4,44.90518832920221,-1.4948116707977874
22039,Louisiana,LA,Evangeline Parish,46.3,43.827325916544375,-2.4726740834556225
22043,Louisiana,LA,Grant Parish,38.8,40.8013837855937,2.0013837855937027
22083,Louisiana,LA,Richland Parish,43.3,44.54445048671569,1.2444504867156923
26135,Michigan,MI,Oscoda County,36.9,38.70526518245054,1.8052651824505404
27015,Minnesota,MN,Brown County,39.9,38.455238476014486,-1.4447615239855125
28163,Mississippi,MS,Yazoo County,45.4,46.732134444322185,1.332134444322186
28089,Mississippi,MS,Madison County,37.2,38.05960079280955,0.8596007928095446
28101,Mississippi,MS,Newton County,44.3,42.10237620683876,-2.1976237931612346
29033,Missouri,MO,Carroll County,38.9,38.90564589797149,0.005645897971490399
29039,Missouri,MO,Cedar County,42.0,40.38527892918349,-1.6147210708165076
29197,Missouri,MO,Schuyler County,39.8,39.021926837900125,-0.7780731620998722
30063,Montana,MT,Missoula County,29.2,33.081540026977095,3.8815400269770954
30097,Montana,MT,Sweet Grass County,32.1,34.98524495039149,2.8852449503914883
30047,Montana,MT,Lake County,33.9,38.76981053981839,4.869810539818388
30069,Montana,MT,Petroleum County,32.8,36.34486013537647,3.5448601353764744
30023,Montana,MT,Deer Lodge County,32.9,35.41746737153014,2.517467371530138
31115,Nebraska,NE,Loup County,38.7,36.24373488409631,-2.4562651159036903
31005,Nebraska,NE,Arthur County,39.0,37.58091775495959,-1.419082245040407
32011,Nevada,NV,Eureka County,33.9,34.454799390894934,0.5547993908949351
35011,New Mexico,NM,De Baca County,33.1,35.56556213805242,2.4655621380524195
36113,New York,NY,Warren County,34.7,30.52926609373703,-4.170733906262974
36017,New York,NY,Chenango County,37.5,37.740334479793965,0.24033447979396527
36051,New York,NY,Livingston County,32.4,35.75597183358949,3.355971833589493
37193,North Carolina,NC,Wilkes County,35.2,38.722216683536395,3.522216683536392
37159,North Carolina,NC,Rowan County,33.9,38.21679829536884,4.316798295368841
37089,North Carolina,NC,Henderson County,33.9,34.55132298012688,0.6513229801268849
37163,North Carolina,NC,Sampson County,38.5,41.13872339869052,2.638723398690523
37121,North Carolina,NC,Mitchell County,34.1,35.05683500482057,0.9568350048205687
38069,North Dakota,ND,Pierce County,36.3,38.3989358579631,2.098935857963106
39067,Ohio,OH,Harrison County,41.4,39.73720554426783,-1.6627944557321683
40145,Oklahoma,OK,Wagoner County,43.5,37.40174470159202,-6.098255298407977
40133,Oklahoma,OK,Seminole County,43.0,42.37193099598154,-0.6280690040184567
41017,Oregon,OR,Deschutes County,27.0,25.191885426766444,-1.8081145732335564
41031,Oregon,OR,Jefferson County,34.9,36.37824668500525,1.478246685005253
41055,Oregon,OR,Sherman County,33.2,35.258061504761805,2.0580615047618025
42051,Pennsylvania,PA,Fayette County,34.8,39.648596764581605,4.8485967645816075
42129,Pennsylvania,PA,Westmoreland County,31.4,36.027825469422496,4.627825469422497
42023,Pennsylvania,PA,Cameron County,38.0,35.31066278703365,-2.6893372129663504
45055,South Carolina,SC,Kershaw County,36.5,39.89202006703104,3.3920200670310408
45027,South Carolina,SC,Clarendon County,45.6,44.0416535764239,-1.5583464235761042
45017,South Carolina,SC,Calhoun County,38.4,43.33082344570582,4.930823445705819
46079,South Dakota,SD,Lake County,35.8,35.84259906751834,0.042599067518345635
47001,Tennessee,TN,Anderson County,38.3,38.58501155840551,0.2850115584055146
47189,Tennessee,TN,Wilson County,36.8,36.291257612957665,-0.5087423870423322
47135,Tennessee,TN,Perry County,38.8,41.191986090223025,2.3919860902230283
47045,Tennessee,TN,Dyer County,41.3,40.32561060635307,-0.9743893936469306
47029,Tennessee,TN,Cocke County,41.5,41.179554579724595,-0.320445420275405
47049,Tennessee,TN,Fentress County,40.1,40.32373273090833,0.22373273090833123
47085,Tennessee,TN,Humphreys County,37.7,39.63805026990865,1.9380502699086506
47185,Tennessee,TN,White County,39.8,40.4085151185518,0.6085151185518001
47127,Tennessee,TN,Moore County,36.5,37.74600883172301,1.2460088317230102
48339,Texas,TX,Montgomery County,35.4,36.55424386602348,1.154243866023478
48029,Texas,TX,Bexar County,37.3,38.376397404073,1.0763974040730062
48245,Texas,TX,Jefferson County,38.1,39.08484876010844,0.9848487601084415
48457,Texas,TX,Tyler County,40.3,38.81350425282603,-1.4864957471739686
48157,Texas,TX,Fort Bend County,33.1,31.938532824576946,-1.1614671754230557
48139,Texas,TX,Ellis County,37.6,37.46580456227614,-0.13419543772386078
48499,Texas,TX,Wood County,35.9,36.132527528924825,0.23252752892482675
48041,Texas,TX,Brazos County,36.9,38.8345781125494,1.9345781125494028
48459,Texas,TX,Upshur County,40.5,40.093154918522245,-0.4068450814777549
48343,Texas,TX,Morris County,40.6,39.64552638897164,-0.9544736110283623
48393,Texas,TX,Roberts County,36.4,38.28797044584138,1.8879704458413826
48289,Texas,TX,Leon County,37.6,38.29392149167365,0.6939214916736489
48349,Texas,TX,Navarro County,42.3,40.59402861508425,-1.705971384915749
48185,Texas,TX,Grimes County,41.6,39.70353047155599,-1.8964695284440083
48467,Texas,TX,Van Zandt County,36.1,38.51267855815335,2.4126785581533454
48125,Texas,TX,Dickens County,37.4,40.53204700297261,3.1320470029726124
48105,Texas,TX,Crockett County,38.6,37.31660854820015,-1.2833914517998508
48415,Texas,TX,Scurry County,39.1,40.10066384385045,1.0006638438504467
48379,Texas,TX,Rains County,37.5,36.70545118856249,-0.7945488114375081
48261,Texas,TX,Kenedy County,47.3,39.67977284266441,-7.620227157335584
49011,Utah,UT,Davis County,30.2,33.692543138679426,3.4925431386794266
49015,Utah,UT,Emery County,34.5,37.75874521896325,3.2587452189632486
49051,Utah,UT,Wasatch County,25.8,30.394459085574507,4.594459085574506
49007,Utah,UT,Carbon County,35.0,39.43670075202213,4.4367007520221335
49013,Utah,UT,Duchesne County,33.0,37.55387756339718,4.5538775633971795
49055,Utah,UT,Wayne County,33.2,36.14798101525598,2.9479810152559764
51109,Virginia,VA,Louisa County,38.9,36.72977446793023,-2.1702255320697716
51023,Virginia,VA,Botetourt County,35.7,35.87878368875263,0.17878368875262396
51061,Virginia,VA,Fauquier County,33.4,33.17672326620134,-0.22327673379865587
51009,Virginia,VA,Amherst County,36.1,38.61664516600581,2.5166451660058087
51161,Virginia,VA,Roanoke County,34.2,36.04630939606192,1.846309396061919
51175,Virginia,VA,Southampton County,42.4,39.38445870009986,-3.0155412999001356
51113,Virginia,VA,Madison County,37.0,36.98626010701412,-0.013739892985881852
53017,Washington,WA,Douglas County,37.8,33.073779080379815,-4.726220919620182
54039,West Virginia,WV,Kanawha County,40.3,37.963350116836715,-2.3366498831632825
54109,West Virginia,WV,Wyoming County,46.0,42.122179222170686,-3.8778207778293137
54025,West Virginia,WV,Greenbrier County,42.8,39.728121543184386,-3.071878456815611
54041,West Virginia,WV,Lewis County,40.5,39.63577351463387,-0.8642264853661317
55057,Wisconsin,WI,Juneau County,39.6,37.645553885111525,-1.9544461148884764
55035,Wisconsin,WI,Eau Claire County,35.8,35.8350424404875,0.03504244048750138
56013,Wyoming,WY,Fremont County,37.9,38.82274293598611,0.9227429359861148
08033,Colorado,CO,Dolores County,27.4,34.88894316096871,7.488943160968709
01073,Alabama,AL,Jefferson County,39.7,40.66014560455184,0.9601456045518404
06109,California,CA,Tuolumne County,31.0,32.57194269321879,1.5719426932187872
12103,Florida,FL,Pinellas County,32.2,33.115923909706744,0.9159239097067413
12057,Florida,FL,Hillsborough County,31.4,36.23772562866188,4.837725628661879
12075,Florida,FL,Levy County,38.5,38.98569640926633,0.48569640926633184
12086,Florida,FL,Miami-Dade County,30.3,36.03478549452069,5.73478549452069
12071,Florida,FL,Lee County,31.1,31.99895380284761,0.8989538028476076
12113,Florida,FL,Santa Rosa County,31.1,35.729892249638326,4.629892249638324
01043,Alabama,AL,Cullman County,39.7,39.15338583315552,-0.5466141668444848
12037,Florida,FL,Franklin County,37.6,38.4996202298934,0.8996202298934008
12073,Florida,FL,Leon County,33.1,37.1849422539804,4.084942253980401
13051,Georgia,GA,Chatham County,36.1,35.955774393603356,-0.1442256063966454
13185,Georgia,GA,Lowndes County,39.5,41.93740935772403,2.437409357724029
13027,Georgia,GA,Brooks County,42.1,43.00467001360284,0.9046700136028392
13049,Georgia,GA,Charlton County,42.2,40.98114468823806,-1.218855311761942
17197,Illinois,IL,Will County,36.6,33.353823941359394,-3.246176058640607
13245,Georgia,GA,Richmond County,44.4,43.30470059585999,-1.0952994041400075
13241,Georgia,GA,Rabun County,36.7,33.564904080483004,-3.135095919516999
13153,Georgia,GA,Houston County,39.3,39.36705552966683,0.06705552966683115
16041,Idaho,ID,Franklin County,33.1,37.35970683010193,4.259706830101926
01033,Alabama,AL,Colbert County,40.9,39.1557065031722,-1.744293496827801
04001,Arizona,AZ,Apache County,39.1,42.53723884534899,3.437238845348986
05007,Arkansas,AR,Benton County,34.2,32.89754880489256,-1.3024511951074444
05139,Arkansas,AR,Union County,41.2,41.73355056205968,0.5335505620596805
05003,Arkansas,AR,Ashley County,42.1,42.5859115321228,0.4859115321227989
05133,Arkansas,AR,Sevier County,41.5,41.084672711288135,-0.41532728871186464
05131,Arkansas,AR,Sebastian County,35.9,39.48736363802857,3.5873636380285703
05015,Arkansas,AR,Carroll County,35.6,35.426241498135944,-0.17375850186405728
05021,Arkansas,AR,Clay County,38.1,41.35102295011419,3.2510229501141907
05041,Arkansas,AR,Desha County,45.2,45.50744411567567,0.3074441156756649
05063,Arkansas,AR,Independence County,39.6,40.32548407887619,0.7254840788761854
06059,California,CA,Orange County,25.7,24.423272572452372,-1.2767274275476268
05019,Arkansas,AR,Clark County,40.4,41.36908463256157,0.9690846325615681
06037,California,CA,Los Angeles County,26.2,27.944947714316505,1.7449477143165062
06087,California,CA,Santa Cruz County,29.4,24.8916346098132,-4.5083653901868
06097,California,CA,Sonoma County,28.3,27.468722251735585,-0.8312777482644158
06041,California,CA,Marin County,23.5,24.660505842616928,1.160505842616928
06001,California,CA,Alameda County,19.4,23.368299141457825,3.968299141457827
06003,California,CA,Alpine County,29.9,28.136685729427604,-1.763314270572394
06061,California,CA,Placer County,25.8,28.027765008563833,2.227765008563832
06057,California,CA,Nevada County,29.9,27.17710253640853,-2.722897463591469
08077,Colorado,CO,Mesa County,30.3,33.45978323651595,3.1597832365159526
08123,Colorado,CO,Weld County,31.2,35.66942427950021,4.469424279500213
08083,Colorado,CO,Montezuma County,30.2,35.10516798448958,4.905167984489584
21147,Kentucky,KY,McCreary County,43.2,43.5723519292558,0.3723519292557995
37167,North Carolina,NC,Stanly County,34.3,37.6790651941923,3.3790651941923002
37007,North Carolina,NC,Anson County,43.1,43.46473604869613,0.3647360486961304
37155,North Carolina,NC,Robeson County,41.9,43.32125426776458,1.4212542677645814
01099,Alabama,AL,Monroe County,42.7,44.750143533966,2.0501435339660006
21135,Kentucky,KY,Lewis County,46.3,42.44274481115376,-3.8572551888462385
22057,Louisiana,LA,Lafourche Parish,42.7,39.626178207565246,-3.0738217924347566
22117,Louisiana,LA,Washington Parish,43.3,43.41782609262888,0.11782609262888144
22029,Louisiana,LA,Concordia Parish,42.0,45.003103205240315,3.003103205240315
22035,Louisiana,LA,East Carroll Parish,51.3,49.103092280955195,-2.196907719044802
22011,Louisiana,LA,Beauregard Parish,36.8,39.43175424864997,2.631754248649976
23031,Maine,ME,York County,29.5,32.02162234196243,2.521622341962427
23029,Maine,ME,Washington County,37.7,37.88814855676598,0.18814855676597375
23003,Maine,ME,Aroostook County,41.7,38.06444441748701,-3.6355555825129926
24041,Maryland,MD,Talbot County,31.7,30.883625866800216,-0.8163741331997834
24037,Maryland,MD,St. Mary's County,35.2,35.06861894674134,-0.13138105325866434
24039,Maryland,MD,Somerset County,43.6,41.195270078480775,-2.404729921519227
01131,Alabama,AL,Wilcox County,48.5,49.13226185020148,0.6322618502014805
24011,Maryland,MD,Caroline County,38.6,38.73825528086551,0.13825528086550776
24033,Maryland,MD,Prince George's County,36.0,35.344956753571545,-0.6550432464284555
24001,Maryland,MD,Allegany County,37.3,38.52108701649121,1.2210870164912109
01065,Alabama,AL,Hale County,44.4,45.42226618363013,1.0222661836301299
36063,New York,NY,Niagara County,34.6,36.29726125352359,1.6972612535235854
37129,North Carolina,NC,New Hanover County,32.4,32.0580917550264,-0.3419082449735953
37141,North Carolina,NC,Pender County,31.3,37.24464666321687,5.944646663216869
37133,North Carolina,NC,Onslow County,32.1,39.24258300995455,7.142583009954549
37043,North Carolina,NC,Clay County,32.7,35.965842442647464,3.265842442647461
37113,North Carolina,NC,Macon County,31.3,33.47169102112264,2.171691021122637
37175,North Carolina,NC,Transylvania County,32.8,33.98996293932782,1.1899629393278204
37049,North Carolina,NC,Craven County,36.1,37.269867810354306,1.1698678103543045
37137,North Carolina,NC,Pamlico County,36.6,36.85570183367469,0.2557018336746921
37177,North Carolina,NC,Tyrrell County,37.0,41.73834478914726,4.738344789147263
37053,North Carolina,NC,Currituck County,33.2,33.49647630484913,0.29647630484912924
37131,North Carolina,NC,Northampton County,40.3,44.29844772394341,3.998447723943414
37075,North Carolina,NC,Graham County,34.0,38.86842408070679,4.868424080706788
38077,North Dakota,ND,Richland County,41.9,37.84421421734715,-4.055785782652848
38105,North Dakota,ND,Williams County,37.7,35.34354193812611,-2.3564580618738944
38099,North Dakota,ND,Walsh County,38.5,38.34332793697019,-0.1566720630298093
38067,North Dakota,ND,Pembina County,34.3,37.38390343196425,3.083903431964252
38085,North Dakota,ND,Sioux County,49.4,44.551742064605264,-4.848257935394734
39043,Ohio,OH,Erie County,36.7,36.551290268305145,-0.1487097316948578
40065,Oklahoma,OK,Jackson County,42.7,38.99248012497689,-3.7075198750231095
40141,Oklahoma,OK,Tillman County,42.4,42.118510224253505,-0.28148977574649336
40067,Oklahoma,OK,Jefferson County,45.2,42.03912025134271,-3.160879748657294
40023,Oklahoma,OK,Choctaw County,45.4,41.80334818037627,-3.5966518196237303
40135,Oklahoma,OK,Sequoyah County,41.2,41.27893027719133,0.07893027719132562
40089,Oklahoma,OK,McCurtain County,45.1,41.96427373642405,-3.135726263575954
02130,Alaska,AK,Ketchikan Gateway Borough,34.3,30.56881797697524,-3.7311820230247577
02185,Alaska,AK,North Slope Borough,40.7,34.3407097679496,-6.359290232050405
02290,Alaska,AK,Yukon-Koyukuk Census Area,39.5,41.62062063765457,2.120620637654568
02220,Alaska,AK,Sitka City and Borough,32.3,32.371091842281864,0.07109184228186649
41051,Oregon,OR,Multnomah County,28.9,28.047835499008144,-0.8521645009918544
41021,Oregon,OR,Gilliam County,31.8,33.90324534349689,2.1032453434968907
42133,Pennsylvania,PA,York County,35.3,35.65496207830512,0.35496207830512105
42017,Pennsylvania,PA,Bucks County,30.4,29.805650254739316,-0.5943497452606827
42049,Pennsylvania,PA,Erie County,36.9,36.85831057350337,-0.041689426496631654
42127,Pennsylvania,PA,Wayne County,35.2,34.661461119510406,-0.5385388804895967
42029,Pennsylvania,PA,Chester County,29.5,29.16374843705567,-0.3362515629443301
42089,Pennsylvania,PA,Monroe County,37.7,32.74856311807792,-4.951436881922085
02100,Alaska,AK,Haines Borough,32.6,31.893209339896856,-0.7067906601031453
45045,South Carolina,SC,Greenville County,30.0,36.392333103715536,6.392333103715536
45025,South Carolina,SC,Chesterfield County,39.8,42.418022037301185,2.6180220373011878
25025,Massachusetts,MA,Suffolk County,28.0,28.106467989425465,0.10646798942546454
25021,Massachusetts,MA,Norfolk County,27.0,28.578763739407343,1.5787637394073428
25013,Massachusetts,MA,Hampden County,35.9,35.31539860365646,-0.5846013963435368
26041,Michigan,MI,Delta County,35.6,36.82593381872325,1.2259338187232487
26003,Michigan,MI,Alger County,34.7,37.954151028239885,3.254151028239882
27167,Minnesota,MN,Wilkin County,41.1,38.306466291120216,-2.793533708879785
27137,Minnesota,MN,St. Louis County,36.7,35.34966143978283,-1.3503385602171747
27119,Minnesota,MN,Polk County,38.8,38.744893570385265,-0.05510642961473167
27073,Minnesota,MN,Lac qui Parle County,35.1,37.488545890781296,2.3885458907812946
28113,Mississippi,MS,Pike County,46.1,45.34981014017239,-0.7501898598276142
28151,Mississippi,MS,Washington County,44.6,48.09810953509181,3.4981095350918068
28055,Mississippi,MS,Issaquena County,46.1,45.80162635067356,-0.29837364932644306
28033,Mississippi,MS,DeSoto County,39.6,38.98189512475917,-0.6181048752408316
28021,Mississippi,MS,Claiborne County,51.2,50.99263080604872,-0.20736919395127984
29201,Missouri,MO,Scott County,43.4,40.83252966844808,-2.5674703315519167
29183,Missouri,MO,St. Charles County,36.1,35.10085956984593,-0.9991404301540712
29013,Missouri,MO,Bates County,38.3,39.757738560822105,1.4577385608221078
29087,Missouri,MO,Holt County,39.6,39.49987766689721,-0.10012233310278873
29171,Missouri,MO,Putnam County,40.7,39.579632518257306,-1.1203674817426972
30053,Montana,MT,Lincoln County,30.9,35.95847079125616,5.058470791256163
30051,Montana,MT,Liberty County,37.4,37.81810347882504,0.4181034788250386
30085,Montana,MT,Roosevelt County,40.6,42.275660395230865,1.6756603952308637
30075,Montana,MT,Powder River County,33.2,34.887118981317045,1.6871189813170417
30035,Montana,MT,Glacier County,36.2,42.141414971451795,5.941414971451792
30009,Montana,MT,Carbon County,29.0,32.07000460219095,3.0700046021909486
32033,Nevada,NV,White Pine County,33.4,35.77651189575064,2.376511895750639
32017,Nevada,NV,Lincoln County,32.1,39.23024039984737,7.1302403998473665
35029,New Mexico,NM,Luna County,38.7,40.6303475152392,1.9303475152391982
36045,New York,NY,Jefferson County,37.4,37.33438447634065,-0.06561552365934631
16043,Idaho,ID,Fremont County,33.7,36.707246889170605,3.0072468891706023
16083,Idaho,ID,Twin Falls County,36.5,38.32357704659763,1.8235770465976273
16003,Idaho,ID,Adams County,31.5,36.46771617851973,4.96771617851973
16069,Idaho,ID,Nez Perce County,35.5,36.676567282429644,1.1765672824296445
17153,Illinois,IL,Pulaski County,42.8,41.80230775546714,-0.9976922445328569
17045,Illinois,IL,Edgar County,37.4,37.267461200151075,-0.13253879984892336
18147,Indiana,IN,Spencer County,35.7,38.65608655279288,2.9560865527928755
18129,Indiana,IN,Posey County,36.4,38.18659876194604,1.7865987619460384
19111,Iowa,IA,Lee County,40.9,38.831915843526865,-2.068084156473134
27145,Minnesota,MN,Stearns County,38.4,37.70609004980978,-0.6939099501902177
29037,Missouri,MO,Cass County,35.1,37.02796546929113,1.9279654692911308
29019,Missouri,MO,Boone County,33.1,36.43929027831403,3.3392902783140315
29159,Missouri,MO,Pettis County,39.0,40.23395281749339,1.233952817493389
34031,New Jersey,NJ,Passaic County,31.7,32.25792154188808,0.5579215418880814
26163,Michigan,MI,Wayne County,36.7,39.035905853227895,2.3359058532278922
18161,Indiana,IN,Union County,40.3,38.512957678417315,-1.7870423215826818
06113,California,CA,Yolo County,28.5,29.549942452407223,1.0499424524072225
18035,Indiana,IN,Delaware County,39.8,39.346531666484786,-0.453468333515211
19063,Iowa,IA,Emmet County,38.5,39.04696352850897,0.546963528508968
26109,Michigan,MI,Menominee County,37.3,35.69536563331923,-1.60463436668077
19189,Iowa,IA,Winnebago County,39.0,37.097169263272235,-1.9028307367277648
36047,New York,NY,Kings County,26.9,31.439563461026793,4.539563461026795
20013,Kansas,KS,Brown County,41.2,40.2507349923702,-0.9492650076298048
01091,Alabama,AL,Marengo County,46.1,45.2010891200429,-0.8989108799571
01101,Alabama,AL,Montgomery County,44.6,42.91869444595184,-1.6813055540481585
01095,Alabama,AL,Marshall County,38.6,39.936386575271655,1.3363865752716535
36075,New York,NY,Oswego County,38.5,37.45617761912433,-1.0438223808756675
21027,Kentucky,KY,Breckinridge County,40.1,41.323977491673354,1.2239774916733523
40087,Oklahoma,OK,McClain County,37.9,37.57269781495913,-0.32730218504087105
40125,Oklahoma,OK,Pottawatomie County,42.6,39.93590449823736,-2.664095501762638
36071,New York,NY,Orange County,37.3,34.85489368513255,-2.445106314867445
21159,Kentucky,KY,Martin County,43.3,42.751584885302506,-0.5484151146974909
48213,Texas,TX,Henderson County,37.3,38.62975835476134,1.3297583547613456
55078,Wisconsin,WI,Menominee County,43.4,43.13478608895563,-0.26521391104436987
18139,Indiana,IN,Rush County,41.5,39.621028957209745,-1.8789710427902548
18065,Indiana,IN,Henry County,44.4,39.77044947581045,-4.629550524189547
18027,Indiana,IN,Daviess County,38.3,39.48264267137824,1.1826426713782396
18071,Indiana,IN,Jackson County,43.2,38.67392296858312,-4.526077031416882
18175,Indiana,IN,Washington County,41.7,39.34187844962691,-2.3581215503730917
19055,Iowa,IA,Delaware County,40.6,37.509470999925355,-3.090529000074646
19165,Iowa,IA,Shelby County,35.0,38.43072980096668,3.430729800966681
20069,Kansas,KS,Gray County,39.8,36.99829574746441,-2.801704252535586
20093,Kansas,KS,Kearny County,43.4,37.48736550076732,-5.912634499232681
20165,Kansas,KS,Rush County,37.4,38.74119061513982,1.3411906151398227
21179,Kentucky,KY,Nelson County,34.4,38.7956818621322,4.3956818621322
21183,Kentucky,KY,Ohio County,40.3,40.58001348693943,0.2800134869394313
21107,Kentucky,KY,Hopkins County,40.7,40.92003177504768,0.2200317750476799
21209,Kentucky,KY,Scott County,36.4,37.04819046441832,0.6481904644183203
21079,Kentucky,KY,Garrard County,39.5,39.61889295812485,0.11889295812485301
21025,Kentucky,KY,Breathitt County,43.1,43.020042089117005,-0.07995791088299598
21167,Kentucky,KY,Mercer County,38.4,39.51595315676993,1.1159531567699332
21013,Kentucky,KY,Bell County,44.2,42.9285071541944,-1.2714928458056036
21187,Kentucky,KY,Owen County,38.8,40.31264282012454,1.5126428201245403
04025,Arizona,AZ,Yavapai County,27.7,32.51710102794178,4.817101027941778
46103,South Dakota,SD,Pennington County,34.6,36.93860027068148,2.338600270681482
46089,South Dakota,SD,McPherson County,37.8,37.14927429980196,-0.6507257001980378
47167,Tennessee,TN,Tipton County,39.4,38.96119825914484,-0.4388017408551619
47055,Tennessee,TN,Giles County,38.2,39.4714722467461,1.2714722467461002
47065,Tennessee,TN,Hamilton County,33.3,36.17611015229235,2.8761101522923553
47155,Tennessee,TN,Sevier County,39.4,34.463271445503516,-4.936728554496483
47059,Tennessee,TN,Greene County,38.0,37.91148689142404,-0.08851310857595962
47147,Tennessee,TN,Robertson County,37.7,38.302674462591895,0.6026744625918923
47009,Tennessee,TN,Blount County,33.4,37.154441845560285,3.7544418455602866
48355,Texas,TX,Nueces County,44.0,37.314837545719776,-6.685162454280224
48427,Texas,TX,Starr County,47.8,44.9623067348745,-2.8376932651254947
48409,Texas,TX,San Patricio County,43.3,38.755392088072114,-4.5446079119278835
48039,Texas,TX,Brazoria County,39.6,33.78027992370498,-5.81972007629502
48443,Texas,TX,Terrell County,35.8,36.86941214054564,1.0694121405456443
48211,Texas,TX,Hemphill County,36.6,38.19727529938603,1.5972752993860269
48067,Texas,TX,Cass County,38.6,40.47338953715789,1.873389537157891
49043,Utah,UT,Summit County,23.1,24.707122045536305,1.607122045536304
50027,Vermont,VT,Windsor County,25.6,31.644951827671804,6.044951827671802
51185,Virginia,VA,Tazewell County,40.7,40.9342045792536,0.23420457925359983
51191,Virginia,VA,Washington County,37.2,37.52738019980447,0.3273801998044661
51051,Virginia,VA,Dickenson County,42.9,41.80753544646596,-1.092464553534036
51131,Virginia,VA,Northampton County,41.8,38.05893720634407,-3.741062793655928
51179,Virginia,VA,Stafford County,37.0,33.514969420841915,-3.485030579158085
51103,Virginia,VA,Lancaster County,40.6,37.215455859191934,-3.3845441408080674
51159,Virginia,VA,Richmond County,38.6,38.93100358105256,0.33100358105255623
51015,Virginia,VA,Augusta County,37.8,36.55153251818638,-1.2484674818136199
51181,Virginia,VA,Surry County,39.4,39.12709055962398,-0.2729094403760186
51059,Virginia,VA,Fairfax County,27.0,27.59392605216317,0.5939260521631695
51069,Virginia,VA,Frederick County,37.6,35.793129981660186,-1.806870018339815
53057,Washington,WA,Skagit County,36.8,33.738986934896545,-3.0610130651034524
53055,Washington,WA,San Juan County,25.9,26.737069630145054,0.8370696301450558
53027,Washington,WA,Grays Harbor County,36.5,35.31187088755635,-1.1881291124436473
53045,Washington,WA,Mason County,37.7,33.29165203331693,-4.408347966683074
53033,Washington,WA,King County,22.8,23.2279167821762,0.4279167821762009
53049,Washington,WA,Pacific County,36.5,31.5929483263328,-4.907051673667201
53029,Washington,WA,Island County,33.7,30.1561814908019,-3.543818509198104
54063,West Virginia,WV,Monroe County,40.8,40.06131255289752,-0.7386874471024782
54103,West Virginia,WV,Wetzel County,37.1,38.89449955619169,1.7944995561916883
54095,West Virginia,WV,Tyler County,41.7,39.18995342484962,-2.5100465751503833
54107,West Virginia,WV,Wood County,38.1,38.203607779550495,0.10360777955049372
54057,West Virginia,WV,Mineral County,43.1,37.79215038508259,-5.307849614917409
54031,West Virginia,WV,Hardy County,42.9,39.51634102740975,-3.383658972590247
54027,West Virginia,WV,Hampshire County,42.0,38.58804169363696,-3.41195830636304
55023,Wisconsin,WI,Crawford County,39.1,38.34210138984939,-0.7578986101506118
55011,Wisconsin,WI,Buffalo County,40.1,36.266062311148126,-3.8339376888518757
55121,Wisconsin,WI,Trempealeau County,39.1,37.85395690875807,-1.2460430912419298
56007,Wyoming,WY,Carbon County,36.2,35.33255478107758,-0.8674452189224198
56033,Wyoming,WY,Sheridan County,31.6,34.438779313936436,2.838779313936435
56029,Wyoming,WY,Park County,33.2,31.90795425343874,-1.2920457465612643
05097,Arkansas,AR,Montgomery County,39.8,37.10550803647157,-2.694491963528428
05025,Arkansas,AR,Cleveland County,41.0,39.64360471921538,-1.3563952807846178
06019,California,CA,Fresno County,39.0,34.51361463143967,-4.486385368560327
06105,California,CA,Trinity County,32.4,35.07190436500598,2.671904365005979
06089,California,CA,Shasta County,28.7,35.32363585232519,6.62363585232519
06115,California,CA,Yuba County,32.6,37.24745108503542,4.647451085035421
06011,California,CA,Colusa County,32.2,40.16481716811713,7.964817168117129
08035,Colorado,CO,Douglas County,20.9,29.748431525527597,8.848431525527598
08043,Colorado,CO,Fremont County,29.2,35.60037992390034,6.400379923900342
08027,Colorado,CO,Custer County,26.8,33.69387044654007,6.893870446540067
08117,Colorado,CO,Summit County,22.7,23.78498492110876,1.0849849211087594
08049,Colorado,CO,Grand County,24.9,24.8692084006242,-0.03079159937579945
08029,Colorado,CO,Delta County,29.0,33.34687387270235,4.3468738727023535
08091,Colorado,CO,Ouray County,24.8,27.22488065654508,2.424880656545078
08093,Colorado,CO,Park County,25.3,31.639538796433804,6.3395387964338035
12069,Florida,FL,Lake County,34.8,34.47240993046982,-0.32759006953017433
12083,Florida,FL,Marion County,39.1,35.82684410571766,-3.2731558942823398
12023,Florida,FL,Columbia County,38.3,39.56866872266388,1.2686687226638824
12119,Florida,FL,Sumter County,35.1,32.17626584282997,-2.9237341571700313
12097,Florida,FL,Osceola County,31.0,37.353888861997646,6.353888861997646
12121,Florida,FL,Suwannee County,44.8,40.06198123170507,-4.738018768294928
12125,Florida,FL,Union County,42.5,40.70497361609584,-1.7950263839041583
13121,Georgia,GA,Fulton County,30.0,31.78101500056492,1.7810150005649206
13013,Georgia,GA,Barrow County,39.9,38.37903109220585,-1.520968907794149
13163,Georgia,GA,Jefferson County,44.2,43.82394647346217,-0.37605352653783086
13009,Georgia,GA,Baldwin County,39.8,43.29522660770348,3.4952266077034864
13279,Georgia,GA,Toombs County,42.5,41.86914816456049,-0.6308518354395076
13001,Georgia,GA,Appling County,40.7,41.21707860475112,0.51707860475112
13023,Georgia,GA,Bleckley County,42.0,40.47661468325271,-1.5233853167472873
13133,Georgia,GA,Greene County,39.2,36.77846399367318,-2.421536006326825
13311,Georgia,GA,White County,35.5,36.0836342632914,0.5836342632914011
13301,Georgia,GA,Warren County,44.6,44.90892210642914,0.30892210642913653
13315,Georgia,GA,Wilcox County,41.5,43.04404557236438,1.5440455723643822
13305,Georgia,GA,Wayne County,41.3,42.43946819323348,1.1394681932334834
13289,Georgia,GA,Twiggs County,42.0,42.376344540665734,0.376344540665734
13249,Georgia,GA,Schley County,38.2,40.34826554418318,2.1482655441831753
15003,Hawaii,HI,Honolulu County,26.2,24.586656032377864,-1.6133439676221357
15001,Hawaii,HI,Hawaii County,26.0,28.17016497300902,2.170164973009019
16013,Idaho,ID,Blaine County,25.5,28.414314644146874,2.9143146441468737
16061,Idaho,ID,Lewis County,36.2,37.44198777394831,1.2419877739483098
16025,Idaho,ID,Camas County,32.8,34.65009675900819,1.8500967590081956
16015,Idaho,ID,Boise County,31.2,31.16957869207436,-0.03042130792563924
17039,Illinois,IL,De Witt County,36.5,37.594108914854544,1.0941089148545444
31075,Nebraska,NE,Grant County,36.6,37.44191978179351,0.8419197817935071
31091,Nebraska,NE,Hooker County,39.9,35.411889095655695,-4.488110904344303
32015,Nevada,NV,Lander County,33.8,34.284258212585456,0.4842582125854591
34035,New Jersey,NJ,Somerset County,26.9,24.915579700213083,-1.9844202997869154
35021,New Mexico,NM,Harding County,35.0,36.472158096931246,1.4721580969312456
35051,New Mexico,NM,Sierra County,33.7,33.72531092619124,0.025310926191238536
37085,North Carolina,NC,Harnett County,39.4,39.2566861100458,-0.14331388995420014
37125,North Carolina,NC,Moore County,32.1,37.17829596269089,5.078295962690888
37117,North Carolina,NC,Martin County,38.5,42.634178405799766,4.134178405799766
37051,North Carolina,NC,Cumberland County,39.6,39.900899504151774,0.30089950415177213
37059,North Carolina,NC,Davie County,34.0,35.008565162418805,1.0085651624188046
37083,North Carolina,NC,Halifax County,41.2,44.61038553535074,3.410385535350734
37027,North Carolina,NC,Caldwell County,35.0,39.45878562956782,4.458785629567821
37127,North Carolina,NC,Nash County,42.1,39.21786417080258,-2.8821358291974235
37015,North Carolina,NC,Bertie County,43.5,45.94579520431534,2.4457952043153384
37093,North Carolina,NC,Hoke County,35.6,41.21055169280843,5.6105516928084285
38103,North Dakota,ND,Wells County,37.9,36.40077735191152,-1.4992226480884767
47003,Tennessee,TN,Bedford County,41.3,39.57844839721645,-1.7215516027835491
47053,Tennessee,TN,Gibson County,40.0,41.009239419958824,1.0092394199588242
47033,Tennessee,TN,Crockett County,39.1,40.79381818253223,1.693818182532226
47173,Tennessee,TN,Union County,37.7,40.31096260743412,2.610962607434118
47031,Tennessee,TN,Coffee County,39.6,38.90606860651122,-0.6939313934887821
47119,Tennessee,TN,Maury County,40.7,37.76207070258344,-2.9379292974165594
47121,Tennessee,TN,Meigs County,38.0,39.43416009158324,1.4341600915832373
47107,Tennessee,TN,McMinn County,40.4,39.52245441752839,-0.8775455824716119
47105,Tennessee,TN,Loudon County,36.3,33.48096469853677,-2.8190353014632237
47141,Tennessee,TN,Putnam County,38.4,37.77857029790896,-0.6214297020910351
47081,Tennessee,TN,Hickman County,39.7,39.93758458420527,0.23758458420526551
47079,Tennessee,TN,Henry County,39.4,39.06962146673981,-0.3303785332601876
47057,Tennessee,TN,Grainger County,38.0,39.57328882656723,1.5732888265672287
47159,Tennessee,TN,Smith County,36.9,39.75878551207624,2.8587855120762384
48387,Texas,TX,Red River County,39.9,39.02982979148235,-0.8701702085176493
48219,Texas,TX,Hockley County,41.3,40.80733537887867,-0.49266462112132814
48127,Texas,TX,Dimmit County,49.9,44.40059807093518,-5.499401929064817
48471,Texas,TX,Walker County,42.2,39.800769222045005,-2.3992307779549975
48089,Texas,TX,Colorado County,39.7,38.25083736656188,-1.449162633438121
48131,Texas,TX,Duval County,42.6,43.61402965330049,1.01402965330049
48475,Texas,TX,Ward County,40.8,37.60000602212445,-3.1999939778755504
48225,Texas,TX,Houston County,40.4,40.8014872891232,0.4014872891232031
48347,Texas,TX,Nacogdoches County,40.6,40.565358407247864,-0.03464159275213774
48153,Texas,TX,Floyd County,41.1,40.50561259386062,-0.5943874061393828
48469,Texas,TX,Victoria County,39.1,38.64270626470445,-0.4572937352955506
48223,Texas,TX,Hopkins County,37.6,39.275441061553565,1.6754410615535633
48025,Texas,TX,Bee County,43.0,39.63831384457069,-3.361686155429311
48119,Texas,TX,Delta County,36.8,38.73396989144736,1.9339698914473615
48455,Texas,TX,Trinity County,38.9,38.44793475118865,-0.45206524881135124
48015,Texas,TX,Austin County,36.3,38.179543703403695,1.879543703403698
48151,Texas,TX,Fisher County,37.6,38.82048242631143,1.2204824263114276
48407,Texas,TX,San Jacinto County,38.2,38.00809085083608,-0.19190914916391932
48405,Texas,TX,San Augustine County,42.8,40.98069087608941,-1.8193091239105854
48477,Texas,TX,Washington County,37.1,35.80686722246429,-1.2931327775357104
48435,Texas,TX,Sutton County,41.6,37.90646608867869,-3.6935339113213104
38071,North Dakota,ND,Ramsey County,36.0,37.612883366526034,1.6128833665260345
39077,Ohio,OH,Huron County,41.9,38.7495578521251,-3.150442147874898
39065,Ohio,OH,Hardin County,45.3,39.70557400448138,-5.59442599551862
40101,Oklahoma,OK,Muskogee County,44.6,40.83779800415609,-3.7622019958439097
40035,Oklahoma,OK,Craig County,43.6,40.5556938886543,-3.044306111345705
40075,Oklahoma,OK,Kiowa County,45.4,41.396200726682146,-4.003799273317853
42091,Pennsylvania,PA,Montgomery County,31.2,28.29782797430175,-2.902172025698249
42043,Pennsylvania,PA,Dauphin County,34.3,34.58776587740343,0.2877658774034302
42027,Pennsylvania,PA,Centre County,34.7,32.39369946878538,-2.3063005312146245
42033,Pennsylvania,PA,Clearfield County,36.9,36.97705739535887,0.0770573953588709
42063,Pennsylvania,PA,Indiana County,40.1,37.85347982360945,-2.246520176390554
42031,Pennsylvania,PA,Clarion County,35.7,38.62645183270784,2.9264518327078406
42035,Pennsylvania,PA,Clinton County,35.3,38.14200475737708,2.842004757377083
42061,Pennsylvania,PA,Huntingdon County,35.8,37.44304022539975,1.6430402253997514
42113,Pennsylvania,PA,Sullivan County,36.6,37.00811262309317,0.4081126230931673
45079,South Carolina,SC,Richland County,33.9,39.86928729500833,5.969287295008328
45047,South Carolina,SC,Greenwood County,40.5,40.12472700718096,-0.3752729928190419
45087,South Carolina,SC,Union County,42.9,42.74882717120952,-0.15117282879047877
45071,South Carolina,SC,Newberry County,38.7,39.39549067660623,0.6954906766062265
45049,South Carolina,SC,Hampton County,43.7,44.55069917924832,0.8506991792483163
45005,South Carolina,SC,Allendale County,44.5,48.45775725275959,3.957757252759592
46093,South Dakota,SD,Meade County,33.3,38.44658846343481,5.14658846343481
46073,South Dakota,SD,Jerauld County,36.6,36.21589507250021,-0.3841049274997914
46117,South Dakota,SD,Stanley County,33.7,37.691972827625264,3.9919728276252613
47143,Tennessee,TN,Rhea County,39.3,40.06981905810884,0.769819058108844
47093,Tennessee,TN,Knox County,37.5,36.7163614531645,-0.7836385468354976
21119,Kentucky,KY,Knott County,42.5,43.80351175377625,1.3035117537762488
21003,Kentucky,KY,Allen County,41.8,41.25786039008724,-0.5421396099127591
21139,Kentucky,KY,Livingston County,41.1,39.917885351572295,-1.1821146484277065
21055,Kentucky,KY,Crittenden County,41.0,41.14245792295424,0.1424579229542431
21239,Kentucky,KY,Woodford County,35.1,36.1845855818004,1.0845855818003969
21193,Kentucky,KY,Perry County,41.0,42.42047509292713,1.420475092927127
21181,Kentucky,KY,Nicholas County,40.2,41.00706782535775,0.8070678253577483
21189,Kentucky,KY,Owsley County,41.2,42.43448157961808,1.2344815796180768
21097,Kentucky,KY,Harrison County,40.0,39.75302974202644,-0.2469702579735582
21063,Kentucky,KY,Elliott County,42.2,41.55304029485273,-0.6469597051472746
22015,Louisiana,LA,Bossier Parish,44.7,39.00620316876275,-5.6937968312372504
22077,Louisiana,LA,Pointe Coupee Parish,42.3,41.62840929280644,-0.671590707193559
22125,Louisiana,LA,West Feliciana Parish,40.4,36.95239522315869,-3.4476047768413096
22091,Louisiana,LA,St. Helena Parish,46.3,44.84606301527456,-1.4539369847254378
22025,Louisiana,LA,Catahoula Parish,42.7,43.319983590931386,0.6199835909313833
24027,Maryland,MD,Howard County,26.9,27.704618664289963,0.8046186642899649
26051,Michigan,MI,Gladwin County,38.1,38.01515532576453,-0.0848446742354696
27061,Minnesota,MN,Itasca County,34.6,38.00578978223203,3.405789782232027
27171,Minnesota,MN,Wright County,37.2,34.801738390231286,-2.398261609768717
27127,Minnesota,MN,Redwood County,39.0,37.48120810516145,-1.5187918948385501
27097,Minnesota,MN,Morrison County,39.8,39.49256599636041,-0.3074340036395853
27139,Minnesota,MN,Scott County,33.6,31.927055894796027,-1.6729441052039746
27129,Minnesota,MN,Renville County,38.4,37.827199253845826,-0.5728007461541722
27107,Minnesota,MN,Norman County,37.9,38.22921538932331,0.3292153893233092
27065,Minnesota,MN,Kanabec County,37.8,38.18730477865156,0.3873047786515613
28083,Mississippi,MS,Leflore County,45.8,47.95615928915545,2.156159289155454
28131,Mississippi,MS,Stone County,41.4,40.73138786056946,-0.668612139430536
28051,Mississippi,MS,Holmes County,53.0,50.31670379353269,-2.683296206467311
28157,Mississippi,MS,Wilkinson County,49.3,49.32477972810152,0.02477972810152096
28013,Mississippi,MS,Calhoun County,41.9,42.91394623002817,1.013946230028175
29027,Missouri,MO,Callaway County,41.7,38.22460529080789,-3.4753947091921162
29113,Missouri,MO,Lincoln County,41.3,38.2273443173324,-3.0726556826675946
29123,Missouri,MO,Madison County,38.0,40.327924243234904,2.3279242432349037
29207,Missouri,MO,Stoddard County,45.2,40.579394919345525,-4.620605080654478
30045,Montana,MT,Judith Basin County,33.4,36.83976717142657,3.439767171426574
30013,Montana,MT,Cascade County,35.6,38.249705386911934,2.6497053869119327
30007,Montana,MT,Broadwater County,32.0,37.753880843784096,5.753880843784096
30049,Montana,MT,Lewis and Clark County,30.1,35.36759131871845,5.267591318718452
30027,Montana,MT,Fergus County,32.1,37.196372101816166,5.096372101816165
30037,Montana,MT,Golden Valley County,34.1,38.44037984410052,4.340379844100518
30039,Montana,MT,Granite County,32.4,36.609208605518866,4.209208605518867
31185,Nebraska,NE,York County,38.9,37.634454711326555,-1.2655452886734437
37019,North Carolina,NC,Brunswick County,30.9,33.675348759883846,2.7753487598838475
37119,North Carolina,NC,Mecklenburg County,34.1,33.09826889522122,-1.0017311047787842
37145,North Carolina,NC,Person County,40.5,39.651919706570126,-0.8480802934298737
39171,Ohio,OH,Williams County,41.5,39.136729517412114,-2.363270482587886
40079,Oklahoma,OK,Le Flore County,42.7,42.64978101410011,-0.05021898589989604
02170,Alaska,AK,Matanuska-Susitna Borough,31.4,36.37794296315547,4.977942963155471
02122,Alaska,AK,Kenai Peninsula Borough,32.0,34.26085142086666,2.2608514208666577
41045,Oregon,OR,Malheur County,38.3,36.90042759295464,-1.3995724070453548
02240,Alaska,AK,Southeast Fairbanks Census Area,37.3,37.73291293709968,0.4329129370996796
41039,Oregon,OR,Lane County,32.5,33.06374383528562,0.5637438352856208
41001,Oregon,OR,Baker County,34.3,34.78386988235394,0.4838698823539431
42125,Pennsylvania,PA,Washington County,38.2,35.31202162028935,-2.8879783797106526
44005,Rhode Island,RI,Newport County,27.6,27.788838836512863,0.18883883651286126
45007,South Carolina,SC,Anderson County,38.5,39.738696433667016,1.238696433667016
45083,South Carolina,SC,Spartanburg County,36.4,37.75020247948598,1.3502024794859793
46127,South Dakota,SD,Union County,32.6,35.76714436335073,3.1671443633507295
04009,Arizona,AZ,Graham County,40.4,40.647258655330674,0.24725865533067548
47183,Tennessee,TN,Weakley County,40.0,40.25401813485415,0.2540181348541495
48071,Texas,TX,Chambers County,38.7,36.683794335027294,-2.016205664972709
48377,Texas,TX,Presidio County,44.2,38.880726496223645,-5.319273503776358
48087,Texas,TX,Collingsworth County,39.4,39.8955939766982,0.4955939766982027
49025,Utah,UT,Kane County,36.3,36.22958947194353,-0.07041052805647041
49005,Utah,UT,Cache County,35.0,36.2895614834805,1.2895614834804974
49003,Utah,UT,Box Elder County,32.0,36.69274016803668,4.6927401680366785
50009,Vermont,VT,Essex County,32.7,37.02661865499706,4.326618654997056
51141,Virginia,VA,Patrick County,40.8,37.574212690200675,-3.2257873097993226
51027,Virginia,VA,Buchanan County,44.6,41.95408803621472,-2.645911963785281
51093,Virginia,VA,Isle of Wight County,38.9,35.26304089689948,-3.6369591031005157
51095,Virginia,VA,James City County,33.8,32.50725770822841,-1.2927422917715887
54065,West Virginia,WV,Morgan County,38.5,36.019732261036005,-2.4802677389639953
54023,West Virginia,WV,Grant County,41.1,39.92782899559382,-1.1721710044061808
55075,Wisconsin,WI,Marinette County,41.3,37.24574342094777,-4.054256579052229
56005,Wyoming,WY,Campbell County,35.0,33.775694910145795,-1.2243050898542052
05039,Arkansas,AR,Dallas County,44.0,43.61217998526271,-0.38782001473728656
05117,Arkansas,AR,Prairie County,38.3,39.416779780712766,1.1167797807127684
05067,Arkansas,AR,Jackson County,40.6,42.46504901905712,1.8650490190571176
05075,Arkansas,AR,Lawrence County,41.5,41.05767379546051,-0.4423262045394907
48269,Texas,TX,King County,40.8,36.0616538959844,-4.738346104015598
48345,Texas,TX,Motley County,36.5,37.8525399215741,1.352539921574099
51111,Virginia,VA,Lunenburg County,42.7,39.95285977255661,-2.7471402274433956
51177,Virginia,VA,Spotsylvania County,38.3,35.4490491423201,-2.850950857679898
51087,Virginia,VA,Henrico County,35.1,32.48238725588114,-2.6176127441188584
51101,Virginia,VA,King William County,38.5,35.2266967471697,-3.2733032528303028
51155,Virginia,VA,Pulaski County,35.6,37.64007566915255,2.04007566915255
51187,Virginia,VA,Warren County,38.1,37.2892066791536,-0.8107933208464004
51137,Virginia,VA,Orange County,36.8,34.26110368425172,-2.538896315748275
51067,Virginia,VA,Franklin County,33.5,37.17965552057831,3.679655520578308
51139,Virginia,VA,Page County,40.2,37.632931919435194,-2.567068080564809
51127,Virginia,VA,New Kent County,37.2,33.01857103978386,-4.181428960216145
51125,Virginia,VA,Nelson County,34.8,37.261672174317134,2.461672174317137
51145,Virginia,VA,Powhatan County,35.8,34.864061525837435,-0.9359384741625618
51075,Virginia,VA,Goochland County,31.7,31.51107575576382,-0.18892424423617982
51037,Virginia,VA,Charlotte County,40.7,41.32345273087026,0.6234527308702553
51063,Virginia,VA,Floyd County,36.8,38.12361573431944,1.3236157343194463
51097,Virginia,VA,King and Queen County,41.8,38.34109231919919,-3.458907680800806
53007,Washington,WA,Chelan County,28.8,33.59702716895245,4.79702716895245
53037,Washington,WA,Kittitas County,31.0,33.18710327391101,2.1871032739110134
53041,Washington,WA,Lewis County,40.6,36.10628727605298,-4.49371272394702
53025,Washington,WA,Grant County,42.0,37.23974010761582,-4.760259892384177
54021,West Virginia,WV,Gilmer County,40.3,40.33585087212463,0.03585087212463378
54033,West Virginia,WV,Harrison County,40.4,38.70143846390999,-1.6985615360900113
54017,West Virginia,WV,Doddridge County,43.3,39.568040986109054,-3.7319590138909433
54085,West Virginia,WV,Ritchie County,40.8,38.453763183834454,-2.3462368161655434
54005,West Virginia,WV,Boone County,41.5,42.96774083846728,1.4677408384672788
54093,West Virginia,WV,Tucker County,37.9,39.0618032833808,1.1618032833807987
54087,West Virginia,WV,Roane County,39.8,41.131327837327746,1.3313278373277484
54001,West Virginia,WV,Barbour County,40.8,41.09547786844441,0.29547786844441504
54013,West Virginia,WV,Calhoun County,44.7,41.54543793488386,-3.1545620651161457
55111,Wisconsin,WI,Sauk County,39.6,36.51442524752231,-3.08557475247769
55113,Wisconsin,WI,Sawyer County,41.1,36.383124175746424,-4.716875824253577
55001,Wisconsin,WI,Adams County,38.6,35.49870058123552,-3.1012994187644836
01003,Alabama,AL,Baldwin County,36.8,36.26272138665577,-0.5372786133442276
01005,Alabama,AL,Barbour County,43.8,43.903289675310056,0.10328967531005873
01129,Alabama,AL,Washington County,41.5,41.71907425919281,0.21907425919280854
01107,Alabama,AL,Pickens County,43.8,42.67324882275227,-1.1267511772477263
01049,Alabama,AL,DeKalb County,38.9,40.146519359264815,1.2465193592648163
21089,Kentucky,KY,Greenup County,43.8,39.38010096173326,-4.419899038266735
04027,Arizona,AZ,Yuma County,42.3,38.2566145965466,-4.043385403453399
05091,Arkansas,AR,Miller County,43.7,42.50899815850382,-1.1910018414961812
05081,Arkansas,AR,Little River County,38.9,40.40836391617685,1.5083639161768545
06065,California,CA,Riverside County,34.0,33.69398929979938,-0.3060107002006234
06013,California,CA,Contra Costa County,28.4,27.25383909048523,-1.1461609095147693
06023,California,CA,Humboldt County,33.1,35.37008613735416,2.2700861373541557
08023,Colorado,CO,Costilla County,33.7,35.763314153082185,2.0633141530821817
08069,Colorado,CO,Larimer County,21.1,27.728197427778607,6.6281974277786055
08107,Colorado,CO,Routt County,24.4,26.450946709695668,2.050946709695669
12123,Florida,FL,Taylor County,42.8,40.468278089010695,-2.3317219109893017
12101,Florida,FL,Pasco County,34.7,35.539151106599505,0.8391511065995019
12033,Florida,FL,Escambia County,32.6,38.482317502259626,5.882317502259625
12089,Florida,FL,Nassau County,32.5,35.1103908291715,2.6103908291715
13039,Georgia,GA,Camden County,38.1,38.14459085345402,0.04459085345401803
13181,Georgia,GA,Lincoln County,37.5,40.86905185505615,3.3690518550561492
13313,Georgia,GA,Whitfield County,36.9,39.3987035106551,2.4987035106551048
13033,Georgia,GA,Burke County,44.8,44.07501095738742,-0.7249890426125774
16029,Idaho,ID,Caribou County,32.8,38.69421243905059,5.894212439050591
16007,Idaho,ID,Bear Lake County,33.6,37.71748395497941,4.117483954979406
17003,Illinois,IL,Alexander County,43.0,41.636672147802194,-1.3633278521978056
18123,Indiana,IN,Perry County,40.6,38.917222463300874,-1.6827775366991276
20075,Kansas,KS,Hamilton County,40.0,37.32045088579091,-2.679549114209088
32003,Nevada,NV,Clark County,32.8,33.990926095169385,1.190926095169388
22051,Louisiana,LA,Jefferson Parish,39.7,36.93733604282957,-2.7626639571704317
04021,Arizona,AZ,Pinal County,38.9,35.39229717191983,-3.50770282808017
26099,Michigan,MI,Macomb County,36.7,35.23612633993773,-1.4638736600622764
26147,Michigan,MI,St. Clair County,40.8,37.33167275223097,-3.4683272477690252
12105,Florida,FL,Polk County,41.6,37.25027349957798,-4.3497265004220225
19149,Iowa,IA,Plymouth County,37.5,38.25724880520373,0.7572488052037301
36061,New York,NY,New York County,21.2,23.89362028613188,2.693620286131882
20131,Kansas,KS,Nemaha County,34.6,37.154733675356916,2.554733675356914
01001,Alabama,AL,Autauga County,38.4,38.20923430363983,-0.19076569636016671
01025,Alabama,AL,Clarke County,44.4,44.29224384087542,-0.10775615912457681
40113,Oklahoma,OK,Osage County,40.3,39.910230646666754,-0.3897693533332429
36059,New York,NY,Nassau County,26.9,27.73739083594753,0.8373908359475308
21095,Kentucky,KY,Harlan County,44.7,43.18054617161141,-1.5194538283885919
36111,New York,NY,Ulster County,32.2,30.533204247550714,-1.6667957524492891
48061,Texas,TX,Cameron County,47.6,41.99024029357772,-5.609759706422281
21127,Kentucky,KY,Lawrence County,39.7,42.385427232208016,2.6854272322080135
22087,Louisiana,LA,St. Bernard Parish,44.1,41.4404972039874,-2.659502796012603
01047,Alabama,AL,Dallas County,50.5,49.154849789141615,-1.3451502108583853
22085,Louisiana,LA,Sabine Parish,46.4,41.3442828230641,-5.0557171769359
22119,Louisiana,LA,Webster Parish,45.7,43.45852084089042,-2.2414791591095806
23015,Maine,ME,Lincoln County,31.8,33.25340680990341,1.4534068099034094
01035,Alabama,AL,Conecuh County,44.7,45.05360560811151,0.35360560811150776
24009,Maryland,MD,Calvert County,33.9,34.67076931074824,0.7707693107482427
24043,Maryland,MD,Washington County,42.3,36.19369763941177,-6.106302360588224
26055,Michigan,MI,Grand Traverse County,30.8,32.957032555203895,2.1570325552038945
26013,Michigan,MI,Baraga County,38.3,39.01457515675974,0.7145751567597429
26071,Michigan,MI,Iron County,37.1,38.41628944741807,1.3162894474180717
27069,Minnesota,MN,Kittson County,39.3,37.51719020949884,-1.7828097905011546
27089,Minnesota,MN,Marshall County,42.2,37.40856321914027,-4.791436780859733
28103,Mississippi,MS,Noxubee County,47.0,49.14379070536597,2.143790705365973
29143,Missouri,MO,New Madrid County,41.7,42.439324335400734,0.7393243354007311
29095,Missouri,MO,Jackson County,38.8,36.735318395634366,-2.0646816043656315
29157,Missouri,MO,Perry County,37.3,39.026751832241786,1.7267518322417885
30061,Montana,MT,Mineral County,35.1,37.62218871159245,2.522188711592449
30083,Montana,MT,Richland County,35.7,34.711051932265825,-0.988948067734178
30057,Montana,MT,Madison County,26.5,31.93525678641692,5.435256786416922
32009,Nevada,NV,Esmeralda County,35.5,34.84307644154554,-0.6569235584544586
34033,New Jersey,NJ,Salem County,36.3,37.82224622272041,1.5222462227204119
34007,New Jersey,NJ,Camden County,32.8,33.13856966591017,0.3385696659101711
34015,New Jersey,NJ,Gloucester County,36.3,33.861358068857164,-2.4386419311428327
37087,North Carolina,NC,Haywood County,31.5,34.72860144067458,3.2286014406745807
37021,North Carolina,NC,Buncombe County,26.2,34.25447019361317,8.054470193613174
37065,North Carolina,NC,Edgecombe County,40.5,45.50613922373303,5.0061392237330296
38059,North Dakota,ND,Morton County,35.8,38.62900040034575,2.8290004003457554
38055,North Dakota,ND,McLean County,36.4,36.67475048722071,0.2747504872207145
38007,North Dakota,ND,Billings County,35.9,33.34816362114683,-2.5518363788531673
40111,Oklahoma,OK,Okmulgee County,44.2,41.381182340064115,-2.8188176599358883
41005,Oregon,OR,Clackamas County,29.0,30.310595512850465,1.3105955128504654
41003,Oregon,OR,Benton County,26.4,29.395303193160363,2.995303193160364
41023,Oregon,OR,Grant County,30.9,35.67165475518141,4.771654755181409
42003,Pennsylvania,PA,Allegheny County,32.0,32.90103346405436,0.9010334640543576
42041,Pennsylvania,PA,Cumberland County,33.0,32.950255470369,-0.04974452963099907
42067,Pennsylvania,PA,Juniata County,36.1,38.73950818279077,2.6395081827907703
45075,South Carolina,SC,Orangeburg County,47.1,45.87762149805334,-1.2223785019466646
45067,South Carolina,SC,Marion County,42.4,44.9423532615539,2.542353261553899
45009,South Carolina,SC,Bamberg County,44.3,45.07245983114391,0.7724598311439124
46137,South Dakota,SD,Ziebach County,44.9,44.06755736167058,-0.8324426383294181
12045,Florida,FL,Gulf County,38.4,37.45412027603181,-0.94587972396819
12029,Florida,FL,Dixie County,43.6,40.43656833864752,-3.163431661352483
12129,Florida,FL,Wakulla County,37.3,37.4303192297749,0.13031922977490495
17097,Illinois,IL,Lake County,31.9,31.292744073043252,-0.6072559269567464
16087,Idaho,ID,Washington County,38.5,36.187667754889866,-2.3123322451101345
05009,Arkansas,AR,Boone County,39.4,37.51871120520691,-1.881288794793086
06073,California,CA,San Diego County,25.4,27.43999850859099,2.0399985085909904
06053,California,CA,Monterey County,32.8,32.89162697430697,0.0916269743069762
06045,California,CA,Mendocino County,29.4,33.17959655380096,3.779596553800964
06017,California,CA,El Dorado County,24.8,28.23110107304044,3.4311010730404377
06093,California,CA,Siskiyou County,32.9,34.964076278095824,2.0640762780958255
08113,Colorado,CO,San Miguel County,24.7,24.042653129718204,-0.6573468702817955
08071,Colorado,CO,Las Animas County,31.6,34.74797638740753,3.1479763874075317
08057,Colorado,CO,Jackson County,28.4,32.38809491600592,3.9880949160059203
22107,Louisiana,LA,Tensas Parish,46.6,45.5925391440553,-1.0074608559447
22017,Louisiana,LA,Caddo Parish,45.9,44.10798753576,-1.7920124642399955
23027,Maine,ME,Waldo County,33.5,36.7554783293906,3.2554783293905984
23017,Maine,ME,Oxford County,36.7,38.11356047834983,1.4135604783498295
24025,Maryland,MD,Harford County,34.8,34.58744912237384,-0.21255087762615688
24047,Maryland,MD,Worcester County,36.2,32.301138926439435,-3.8988610735605675
24003,Maryland,MD,Anne Arundel County,34.7,31.946741338447666,-2.753258661552337
24023,Maryland,MD,Garrett County,37.3,37.94419301588165,0.6441930158816547
37029,North Carolina,NC,Camden County,34.3,37.63814435710255,3.33814435710255
37161,North Carolina,NC,Rutherford County,36.7,39.749465984176325,3.0494659841763223
38035,North Dakota,ND,Grand Forks County,37.4,36.37514613843406,-1.024853861565937
39161,Ohio,OH,Van Wert County,42.3,39.65763997063003,-2.642360029369968
02050,Alaska,AK,Bethel Census Area,41.5,39.12921310776437,-2.3707868922356283
41019,Oregon,OR,Douglas County,35.1,34.866832303598144,-0.23316769640185697
42111,Pennsylvania,PA,Somerset County,36.6,37.787953774047246,1.1879537740472443
42045,Pennsylvania,PA,Delaware County,31.4,33.69369147650583,2.2936914765058347
42103,Pennsylvania,PA,Pike County,33.9,32.65194405935679,-1.2480559406432121
45019,South Carolina,SC,Charleston County,28.8,33.460893264190645,4.660893264190644
45003,South Carolina,SC,Aiken County,37.0,39.18518678002576,2.1851867800257594
45021,South Carolina,SC,Cherokee County,32.3,41.58064202006491,9.28064202006491
45057,South Carolina,SC,Lancaster County,36.0,38.07277719006961,2.0727771900696084
28109,Mississippi,MS,Pearl River County,40.3,41.11337867985736,0.8133786798573652
29023,Missouri,MO,Butler County,41.2,41.069923625275415,-0.1300763747245881
47063,Tennessee,TN,Hamblen County,38.7,39.705262070651415,1.005262070651412
47187,Tennessee,TN,Williamson County,28.7,30.00950959472062,1.3095095947206197
47117,Tennessee,TN,Marshall County,40.1,38.45629156186646,-1.6437084381335438
48473,Texas,TX,Waller County,41.5,39.25518656347471,-2.244813436525291
48161,Texas,TX,Freestone County,39.3,40.1316529745185,0.8316529745185051
48453,Texas,TX,Travis County,29.4,29.447540092041574,0.04754009204157583
48495,Texas,TX,Winkler County,39.5,38.85700648794569,-0.6429935120543107
48491,Texas,TX,Williamson County,29.6,33.511593726935395,3.9115937269353935
48423,Texas,TX,Smith County,39.7,38.97550357958357,-0.7244964204164361
48461,Texas,TX,Upton County,41.6,41.66138312954785,0.06138312954784908
48373,Texas,TX,Polk County,40.4,38.58952274802055,-1.8104772519794494
48241,Texas,TX,Jasper County,40.7,40.516886128439424,-0.1831138715605789
48449,Texas,TX,Titus County,40.2,40.553476425934214,0.35347642593421114
48389,Texas,TX,Reeves County,42.7,42.3628999031692,-0.33710009683080244
48437,Texas,TX,Swisher County,42.8,41.70938029451643,-1.0906197054835687
48173,Texas,TX,Glasscock County,34.2,32.639723993637006,-1.5602760063629972
49057,Utah,UT,Weber County,34.4,37.498256111324515,3.098256111324517
49047,Utah,UT,Uintah County,34.5,36.76770256809174,2.2677025680917424
49029,Utah,UT,Morgan County,31.8,31.669070393616487,-0.13092960638351414
49017,Utah,UT,Garfield County,36.3,34.86144694042051,-1.4385530595794904
51003,Virginia,VA,Albemarle County,31.7,31.22658633058223,-0.47341366941776997
51840,Virginia,VA,Winchester city,37.9,35.86198617583319,-2.0380138241668107
51163,Virginia,VA,Rockbridge County,31.8,37.07789237873015,5.277892378730147
54081,West Virginia,WV,Raleigh County,39.6,40.83165133975393,1.231651339753931
54083,West Virginia,WV,Randolph County,41.3,39.29301644739501,-2.0069835526049857
54007,West Virginia,WV,Braxton County,39.5,41.24626012075748,1.7462601207574835
55099,Wisconsin,WI,Price County,42.1,36.26767438126928,-5.832325618730721
56035,Wyoming,WY,Sublette County,29.9,33.779228733367816,3.8792287333678175
06039,California,CA,Madera County,35.2,39.33691836453873,4.1369183645387295
06033,California,CA,Lake County,30.7,35.12007550731198,4.4200755073119815
08037,Colorado,CO,Eagle County,22.6,25.329086569298955,2.7290865692989534
08109,Colorado,CO,Saguache County,30.3,36.13753714894244,5.837537148942442
12001,Florida,FL,Alachua County,33.0,35.04471263383,2.0447126338300023
13303,Georgia,GA,Washington County,43.0,44.58842513308392,1.5884251330839234
13157,Georgia,GA,Jackson County,41.5,37.60208788089694,-3.8979121191030615
13309,Georgia,GA,Wheeler County,47.5,42.88260318783309,-4.617396812166909
13171,Georgia,GA,Lamar County,41.5,40.39934921835952,-1.100650781640482
13221,Georgia,GA,Oglethorpe County,36.0,38.010606351463224,2.010606351463224
13317,Georgia,GA,Wilkes County,43.9,42.865553009416445,-1.0344469905835538
13079,Georgia,GA,Crawford County,41.1,39.23118903346673,-1.8688109665332746
13141,Georgia,GA,Hancock County,47.5,47.21734864479107,-0.2826513552089267
13025,Georgia,GA,Brantley County,39.2,41.31936032431917,2.1193603243191674
16035,Idaho,ID,Clearwater County,32.8,32.98120558523206,0.18120558523206398
17175,Illinois,IL,Stark County,37.7,38.30516501191606,0.605165011916057
18125,Indiana,IN,Pike County,41.7,40.28466858512227,-1.415331414877734
19107,Iowa,IA,Keokuk County,40.1,39.322599208319645,-0.7774007916803569
19017,Iowa,IA,Bremer County,39.5,37.33010435667433,-2.169895643325667
19081,Iowa,IA,Hancock County,36.2,37.3448481264892,1.1448481264891939
20149,Kansas,KS,Pottawatomie County,31.2,36.85901736876311,5.659017368763113
21067,Kentucky,KY,Fayette County,34.9,35.30845776850143,0.4084577685014281
21049,Kentucky,KY,Clark County,40.0,39.03137568307039,-0.9686243169296134
21051,Kentucky,KY,Clay County,43.2,43.92533791199019,0.7253379119901879
21043,Kentucky,KY,Carter County,42.9,41.82084075180252,-1.0791592481974774
21229,Kentucky,KY,Washington County,37.4,39.09432779225078,1.6943277922507818
21033,Kentucky,KY,Caldwell County,38.0,39.85327646901225,1.8532764690122505
22099,Louisiana,LA,St. Martin Parish,40.9,42.07668151640898,1.1766815164089834
22063,Louisiana,LA,Livingston Parish,37.2,38.25451646250131,1.0545164625013044
22033,Louisiana,LA,East Baton Rouge Parish,37.9,40.83086523505518,2.9308652350551796
22059,Louisiana,LA,LaSalle Parish,39.9,39.93738055812068,0.03738055812068097
22021,Louisiana,LA,Caldwell Parish,39.1,42.68984085578944,3.58984085578944
25015,Massachusetts,MA,Hampshire County,27.7,30.323334989804657,2.6233349898046576
26079,Michigan,MI,Kalkaska County,35.7,37.0678550084492,1.3678550084491974
27023,Minnesota,MN,Chippewa County,41.6,38.40458138762055,-3.1954186123794486
27125,Minnesota,MN,Red Lake County,36.8,38.94926881280143,2.149268812801431
28049,Mississippi,MS,Hinds County,47.0,46.11000290368897,-0.8899970963110277
28053,Mississippi,MS,Humphreys County,51.0,50.23653880649055,-0.7634611935094497
29195,Missouri,MO,Saline County,39.1,39.008701322954664,-0.09129867704533723
29169,Missouri,MO,Pulaski County,35.4,38.77176763116059,3.371767631160594
30015,Montana,MT,Chouteau County,34.5,38.41962538154469,3.919625381544691
30073,Montana,MT,Pondera County,34.4,39.37153910594373,4.971539105943734
31093,Nebraska,NE,Howard County,38.1,37.949411541601584,-0.15058845839841695
31113,Nebraska,NE,Logan County,37.9,37.769887077036614,-0.1301129229633844
31103,Nebraska,NE,Keya Paha County,39.8,36.99331277313173,-2.80668722686827
35043,New Mexico,NM,Sandoval County,31.1,36.26485979796869,5.164859797968688
36077,New York,NY,Otsego County,35.5,34.59058591946733,-0.9094140805326703
36067,New York,NY,Onondaga County,35.1,35.90196775080977,0.8019677508097658
28007,Mississippi,MS,Attala County,44.4,44.36770290385108,-0.03229709614891618
28029,Mississippi,MS,Copiah County,46.3,43.77169353714283,-2.5283064628571665
29015,Missouri,MO,Benton County,38.4,38.70194174488685,0.30194174488685377
29041,Missouri,MO,Chariton County,36.2,39.49145319694413,3.2914531969441256
30087,Montana,MT,Rosebud County,39.7,38.03605703997449,-1.6639429600255156
30055,Montana,MT,McCone County,34.2,36.30608184696646,2.106081846966454
31077,Nebraska,NE,Greeley County,38.1,37.42010462245259,-0.6798953775474104
51041,Virginia,VA,Chesterfield County,37.7,36.406517504930015,-1.2934824950699877
51005,Virginia,VA,Alleghany County,40.9,38.69566698461018,-2.204333015389821
51017,Virginia,VA,Bath County,40.8,36.59908917570265,-4.200910824297345
53065,Washington,WA,Stevens County,32.2,36.05125231453941,3.8512523145394084
13307,Georgia,GA,Webster County,43.5,43.352642057131874,-0.1473579428681262
56003,Wyoming,WY,Big Horn County,34.7,38.25506743889145,3.5550674388914487
01097,Alabama,AL,Mobile County,42.2,40.9280324925941,-1.271967507405904
04005,Arizona,AZ,Coconino County,27.0,33.87511773581775,6.875117735817753
06111,California,CA,Ventura County,28.9,29.401525919312064,0.5015259193120656
13127,Georgia,GA,Glynn County,35.9,37.793609235888106,1.893609235888107
01115,Alabama,AL,St. Clair County,33.0,38.52085299108919,5.520852991089193
18061,Indiana,IN,Harrison County,36.5,37.94375379540703,1.4437537954070265
22105,Louisiana,LA,Tangipahoa Parish,42.3,41.6632328629222,-0.636767137077797
06101,California,CA,Sutter County,32.0,35.98101567297483,3.981015672974827
36013,New York,NY,Chautauqua County,34.7,37.83640288420772,3.136402884207719
46095,South Dakota,SD,Mellette County,42.8,43.51248270509552,0.7124827050955247
23013,Maine,ME,Knox County,27.9,31.353684598101097,3.4536845981010984
24013,Maryland,MD,Carroll County,31.5,34.018217549783884,2.518217549783884
21093,Kentucky,KY,Hardin County,38.9,38.83823285046258,-0.0617671495374168
27031,Minnesota,MN,Cook County,34.8,32.229552803162925,-2.5704471968370726
34011,New Jersey,NJ,Cumberland County,36.8,37.190761016313466,0.39076101631346916
34021,New Jersey,NJ,Mercer County,30.7,29.293551767947008,-1.4064482320529912
39123,Ohio,OH,Ottawa County,41.2,32.07205994021188,-9.127940059788124
02275,Alaska,AK,Wrangell City and Borough,34.4,33.440290386187655,-0.9597096138123433
02282,Alaska,AK,Yakutat City and Borough,32.6,32.72825895795452,0.1282589579545217
02195,Alaska,AK,Petersburg Borough,30.4,35.64644012027679,5.2464401202767945
45069,South Carolina,SC,Marlboro County,46.0,45.134129642126375,-0.8658703578736251
30089,Montana,MT,Sanders County,35.3,36.03260696782581,0.7326069678258094
32031,Nevada,NV,Washoe County,29.8,31.748085410698053,1.9480854106980523
33009,New Hampshire,NH,Grafton County,28.8,27.329741066246093,-1.4702589337539074
35039,New Mexico,NM,Rio Arriba County,38.8,36.694853216551294,-2.1051467834487028
35055,New Mexico,NM,Taos County,29.0,32.53336554536909,3.5333655453690866
36009,New York,NY,Cattaraugus County,36.5,37.92719659104801,1.4271965910480091
36105,New York,NY,Sullivan County,34.8,37.47628235709861,2.6762823570986143
17043,Illinois,IL,DuPage County,29.4,28.59094211113695,-0.8090578888630482
27051,Minnesota,MN,Grant County,38.0,38.34474702873175,0.3447470287317529
18083,Indiana,IN,Knox County,38.2,38.851443415531406,0.6514434155314035
19195,Iowa,IA,Worth County,39.9,38.600644773839086,-1.2993552261609125
12095,Florida,FL,Orange County,32.8,34.68333290803595,1.8833329080359533
26089,Michigan,MI,Leelanau County,31.2,27.580301319010115,-3.6196986809898846
19125,Iowa,IA,Marion County,38.3,37.985809281696675,-0.31419071830332257
01055,Alabama,AL,Etowah County,41.3,40.21149674204344,-1.0885032579565603
36065,New York,NY,Oneida County,38.2,36.34265805400335,-1.8573419459966516
21101,Kentucky,KY,Henderson County,40.3,39.777484613656,-0.5225153863439971
21195,Kentucky,KY,Pike County,41.2,41.61217035804402,0.4121703580440155
48361,Texas,TX,Orange County,41.6,38.19303033435468,-3.4069696656453203
01109,Alabama,AL,Pike County,40.6,42.46916988404204,1.8691698840420372
19147,Iowa,IA,Palo Alto County,41.6,39.11481440044371,-2.4851855995562886
19161,Iowa,IA,Sac County,41.1,38.66690315566058,-2.433096844339424
21029,Kentucky,KY,Bullitt County,38.1,38.37022517288105,0.2702251728810481
21155,Kentucky,KY,Marion County,41.1,40.6876756323067,-0.4123243676933015
21121,Kentucky,KY,Knox County,40.6,43.84734503376104,3.247345033761036
21005,Kentucky,KY,Anderson County,38.1,38.35660053851267,0.2566005385126715
21099,Kentucky,KY,Hart County,38.2,40.929008190026224,2.729008190026221
47163,Tennessee,TN,Sullivan County,40.7,39.22174105468335,-1.4782589453166537
47091,Tennessee,TN,Johnson County,39.1,39.889762635819835,0.7897626358198337
48167,Texas,TX,Galveston County,39.8,36.63960042784837,-3.1603995721516256
48007,Texas,TX,Aransas County,40.3,33.355846520692126,-6.944153479307872
48465,Texas,TX,Val Verde County,42.1,41.00495892637913,-1.0950410736208696
48403,Texas,TX,Sabine County,38.6,37.78911658562673,-0.8108834143732722
48315,Texas,TX,Marion County,41.1,39.67027527567818,-1.4297247243218223
49033,Utah,UT,Rich County,33.1,37.13294497229485,4.03294497229485
51153,Virginia,VA,Prince William County,33.1,31.63188641561962,-1.468113584380383
51171,Virginia,VA,Shenandoah County,37.9,36.22876386207152,-1.6712361379284815
53031,Washington,WA,Jefferson County,26.1,31.32566542248857,5.225665422488568
53011,Washington,WA,Clark County,32.6,34.23960273084886,1.639602730848857
53071,Washington,WA,Walla Walla County,32.7,32.958254398394175,0.25825439839417186
53035,Washington,WA,Kitsap County,31.4,30.7932081555957,-0.6067918444042988
53019,Washington,WA,Ferry County,36.1,37.59317906634109,1.493179066341085
54011,West Virginia,WV,Cabell County,41.8,38.37026634870012,-3.429733651299877
54073,West Virginia,WV,Pleasants County,41.3,39.00671445444869,-2.2932855455513064
05103,Arkansas,AR,Ouachita County,42.5,44.145630306824394,1.645630306824394
05061,Arkansas,AR,Howard County,39.7,41.82822898856374,2.128228988563734
05013,Arkansas,AR,Calhoun County,38.7,40.85924879520771,2.1592487952077093
05095,Arkansas,AR,Monroe County,43.4,44.39957379849103,0.9995737984910349
06021,California,CA,Glenn County,34.1,37.75232203222196,3.65232203222196
06043,California,CA,Mariposa County,32.3,30.264392281604135,-2.0356077183958625
08031,Colorado,CO,Denver County,23.8,28.056339744465777,4.256339744465777
08015,Colorado,CO,Chaffee County,25.3,31.81137205836699,6.511372058366991
13067,Georgia,GA,Cobb County,28.9,32.614763646885265,3.7147636468852667
13029,Georgia,GA,Bryan County,37.1,36.64925923559179,-0.4507407644082093
13113,Georgia,GA,Fayette County,31.3,32.45930140050003,1.1593014005000306
13217,Georgia,GA,Newton County,42.3,39.35346631805247,-2.9465336819475283
13319,Georgia,GA,Wilkinson County,43.6,42.71303532119569,-0.8869646788043113
13107,Georgia,GA,Emanuel County,42.7,42.805459866886565,0.10545986688656228
15009,Hawaii,HI,Maui County,24.1,28.27684425242532,4.176844252425319
17017,Illinois,IL,Cass County,38.5,39.12775281824725,0.6277528182472523
17129,Illinois,IL,Menard County,35.3,38.20724014411944,2.9072401441194415
35033,New Mexico,NM,Mora County,37.0,36.12802721020157,-0.8719727897984271
37101,North Carolina,NC,Johnston County,36.2,38.473040814271585,2.2730408142715817
37079,North Carolina,NC,Greene County,41.2,41.834826292765186,0.6348262927651831
37057,North Carolina,NC,Davidson County,34.5,37.85919485330361,3.359194853303613
37123,North Carolina,NC,Montgomery County,37.5,38.02921845511673,0.5292184551167267
37199,North Carolina,NC,Yancey County,32.3,36.18150580004816,3.88150580004816
38031,North Dakota,ND,Foster County,39.9,36.46573469989061,-3.434265300109388
47021,Tennessee,TN,Cheatham County,37.4,36.79852467806157,-0.6014753219384303
48257,Texas,TX,Kaufman County,37.5,37.75287143191927,0.2528714319192673
48277,Texas,TX,Lamar County,38.6,40.1346293149907,1.5346293149906955
48005,Texas,TX,Angelina County,41.1,40.0961972649453,-1.0038027350546983
48507,Texas,TX,Zavala County,47.7,45.834759551129665,-1.8652404488703382
48401,Texas,TX,Rusk County,39.6,39.55162113677681,-0.04837886322319207
48003,Texas,TX,Andrews County,39.0,37.80362717004272,-1.1963728299572765
48395,Texas,TX,Robertson County,37.9,40.89572598429347,2.995725984293472
48371,Texas,TX,Pecos County,42.0,41.22078772690423,-0.7792122730957729
48051,Texas,TX,Burleson County,38.4,38.26354580013129,-0.13645419986870877
48239,Texas,TX,Jackson County,39.5,39.09562398336427,-0.4043760166357302
40117,Oklahoma,OK,Pawnee County,40.7,39.01125246806451,-1.6887475319354905
40027,Oklahoma,OK,Cleveland County,36.9,35.42221927949354,-1.477780720506459
40077,Oklahoma,OK,Latimer County,46.4,40.53128078269157,-5.868719217308431
42099,Pennsylvania,PA,Perry County,34.9,37.06488245630726,2.164882456307261
45077,South Carolina,SC,Pickens County,36.8,37.0023722088563,0.20237220885630336
45059,South Carolina,SC,Laurens County,41.0,40.62144789059407,-0.37855210940593054
45085,South Carolina,SC,Sumter County,40.9,43.34789585450779,2.4478958545077916
45061,South Carolina,SC,Lee County,49.1,45.65947587279008,-3.440524127209919
46041,South Dakota,SD,Dewey County,40.8,43.60659307196969,2.8065930719696937
46069,South Dakota,SD,Hyde County,35.2,36.39482685460433,1.1948268546043295
47149,Tennessee,TN,Rutherford County,33.8,36.63817936558838,2.838179365588381
22123,Louisiana,LA,West Carroll Parish,41.0,41.58751332504397,0.5875133250439717
23023,Maine,ME,Sagadahoc County,30.7,33.08677939134977,2.386779391349773
28137,Mississippi,MS,Tate County,40.4,40.140849377506385,-0.259150622493614
28161,Mississippi,MS,Yalobusha County,43.1,42.913010539425834,-0.18698946057416777
48351,Texas,TX,Newton County,42.1,41.21849837330501,-0.8815016266949911
51001,Virginia,VA,Accomack County,44.0,38.14802149371659,-5.851978506283409
53009,Washington,WA,Clallam County,34.5,32.02391010496351,-2.4760898950364876
53047,Washington,WA,Okanogan County,38.6,35.51634636011817,-3.083653639881831
55007,Wisconsin,WI,Bayfield County,37.5,34.276740744675436,-3.223259255324564
08019,Colorado,CO,Clear Creek County,25.7,27.46417536881407,1.7641753688140724
12093,Florida,FL,Okeechobee County,40.1,40.50892047919505,0.4089204791950465
13031,Georgia,GA,Bulloch County,39.1,39.13650707069331,0.03650707069331105
13183,Georgia,GA,Long County,41.3,39.50502841863896,-1.7949715813610396
17155,Illinois,IL,Putnam County,34.7,33.21021652285649,-1.4897834771435114
47145,Tennessee,TN,Roane County,39.4,37.47255017767202,-1.9274498223279792
47097,Tennessee,TN,Lauderdale County,44.5,42.949809200151286,-1.550190799848714
48103,Texas,TX,Crane County,40.3,40.14446112961718,-0.15553887038282
48237,Texas,TX,Jack County,38.1,39.203604078120826,1.1036040781208243
48327,Texas,TX,Menard County,38.3,38.125968575993014,-0.17403142400698357
45041,South Carolina,SC,Florence County,38.8,41.64623486557393,2.8462348655739333
21131,Kentucky,KY,Leslie County,43.7,43.43716110168713,-0.26283889831287155
22047,Louisiana,LA,Iberville Parish,45.7,43.239662994853475,-2.4603370051465276
27103,Minnesota,MN,Nicollet County,36.5,36.600650821543965,0.10065082154396521
39003,Ohio,OH,Allen County,47.1,39.57236103114563,-7.527638968854369
41047,Oregon,OR,Marion County,39.4,37.39032965660691,-2.00967034339309
45015,South Carolina,SC,Berkeley County,36.6,38.37835820751674,1.7783582075167388
48053,Texas,TX,Burnet County,41.7,33.59825534948685,-8.101744650513155
48463,Texas,TX,Uvalde County,41.6,39.32737243923286,-2.272627560767141
48311,Texas,TX,McMullen County,42.7,34.23728044891792,-8.462719551082081
51085,Virginia,VA,Hanover County,38.1,34.35242396609881,-3.74757603390119
51047,Virginia,VA,Culpeper County,38.2,36.132644325951595,-2.0673556740484074
10001,Delaware,DE,Kent County,39.3,36.56061002086728,-2.739389979132717
13179,Georgia,GA,Liberty County,45.9,41.52336772857965,-4.376632271420348
04012,Arizona,AZ,La Paz County,35.9,37.32168837209036,1.4216883720903581
06071,California,CA,San Bernardino County,35.1,32.726845597758924,-2.3731544022410773
39021,Ohio,OH,Champaign County,39.7,38.52905934506311,-1.1709406549368921
24045,Maryland,MD,Wicomico County,36.7,38.088577123038185,1.388577123038182
37165,North Carolina,NC,Scotland County,41.1,42.64093951396633,1.5409395139663289
02090,Alaska,AK,Fairbanks North Star Borough,32.1,36.96651784891007,4.866517848910071
45043,South Carolina,SC,Georgetown County,33.9,38.81047376657712,4.91047376657712
26007,Michigan,MI,Alpena County,38.7,37.83769182118725,-0.8623081788127536
30081,Montana,MT,Ravalli County,32.7,33.716705964145724,1.0167059641457215
36025,New York,NY,Delaware County,35.9,35.20545968130432,-0.6945403186956796
16027,Idaho,ID,Canyon County,37.7,35.73912273148543,-1.9608772685145723
27013,Minnesota,MN,Blue Earth County,42.1,34.10226858695147,-7.997731413048534
06099,California,CA,Stanislaus County,34.7,35.51822765992703,0.8182276599270253
19101,Iowa,IA,Jefferson County,37.4,36.17157558930866,-1.2284244106913391
01009,Alabama,AL,Blount County,37.3,39.47455085762314,2.174550857623146
21059,Kentucky,KY,Daviess County,35.6,38.66613334586643,3.066133345866426
48187,Texas,TX,Guadalupe County,39.4,38.20463516481477,-1.1953648351852308
22041,Louisiana,LA,Franklin Parish,45.1,44.83593156442931,-0.2640684355706924
22127,Louisiana,LA,Winn Parish,43.6,41.398792117357175,-2.2012078826428265
28119,Mississippi,MS,Quitman County,50.3,49.368748359886865,-0.9312516401131319
30099,Montana,MT,Teton County,31.3,38.05394415090107,6.7539441509010665
30059,Montana,MT,Meagher County,33.7,37.29821734221726,3.5982173422172536
51029,Virginia,VA,Buckingham County,41.3,40.08932179722418,-1.2106782027758172
51147,Virginia,VA,Prince Edward County,43.0,40.51631878282191,-2.4836812171780878
51031,Virginia,VA,Campbell County,42.5,37.82564747175735,-4.67435252824265
54019,West Virginia,WV,Fayette County,39.4,41.229331741839346,1.829331741839347
54043,West Virginia,WV,Lincoln County,44.7,42.18184471265403,-2.5181552873459694
06025,California,CA,Imperial County,38.5,41.266039464120425,2.766039464120425
01119,Alabama,AL,Sumter County,45.2,48.60575806933112,3.405758069331114
05107,Arkansas,AR,Phillips County,51.3,49.7029466907838,-1.5970533092162
06085,California,CA,Santa Clara County,22.0,21.9979242147067,-0.002075785293300214
06009,California,CA,Calaveras County,29.4,30.43046876024453,1.0304687602445313
13191,Georgia,GA,McIntosh County,41.8,41.49107950468263,-0.3089204953173663
13215,Georgia,GA,Muscogee County,41.7,41.68648306591839,-0.013516934081614806
16059,Idaho,ID,Lemhi County,32.9,36.42434857081485,3.524348570814851
22005,Louisiana,LA,Ascension Parish,36.8,38.86088067877553,2.0608806787755327
01051,Alabama,AL,Elmore County,36.4,38.330954499074885,1.9309544990748861
46123,South Dakota,SD,Tripp County,41.2,40.007894134842374,-1.1921058651576288
22065,Louisiana,LA,Madison Parish,47.4,49.51552416786537,2.115524167865374
24031,Maryland,MD,Montgomery County,24.2,27.830859948232316,3.6308599482323167
28149,Mississippi,MS,Warren County,41.8,43.6547051100699,1.8547051100699008
37013,North Carolina,NC,Beaufort County,38.3,40.10008576653919,1.8000857665391905
38087,North Dakota,ND,Slope County,37.4,36.65936083484884,-0.7406391651511584
48203,Texas,TX,Harrison County,39.9,39.91642928714709,0.016429287147090577
02110,Alaska,AK,Juneau City and Borough,32.8,25.716968947897463,-7.083031052102534
48391,Texas,TX,Refugio County,40.7,39.51051083491039,-1.1894891650896113
49045,Utah,UT,Tooele County,39.0,34.775184904964235,-4.2248150950357655
51057,Virginia,VA,Essex County,39.0,38.51818081515582,-0.4818191848441771
54071,West Virginia,WV,Pendleton County,38.5,38.99362413499051,0.4936241349905117
06103,California,CA,Tehama County,32.5,39.21007980011982,6.710079800119821
13089,Georgia,GA,DeKalb County,33.5,34.996254365541105,1.4962543655411054
13123,Georgia,GA,Gilmer County,36.7,34.703342339251776,-1.9966576607482267
13075,Georgia,GA,Cook County,40.7,41.906364912351286,1.2063649123512832
19069,Iowa,IA,Franklin County,41.0,37.89826524346169,-3.1017347565383133
21017,Kentucky,KY,Bourbon County,40.5,39.20492550024785,-1.2950744997521468
21069,Kentucky,KY,Fleming County,41.0,41.79618417019806,0.7961841701980603
48057,Texas,TX,Calhoun County,36.7,35.33267545428361,-1.367324545716393
51195,Virginia,VA,Wise County,41.7,40.825172560815176,-0.874827439184827
53061,Washington,WA,Snohomish County,32.9,28.488960861573883,-4.411039138426116
05001,Arkansas,AR,Arkansas County,40.9,40.84844787143362,-0.05155212856637803
05147,Arkansas,AR,Woodruff County,41.3,43.41719232514737,2.1171923251473714
08013,Colorado,CO,Boulder County,18.6,25.325396827789,6.725396827788998
12107,Florida,FL,Putnam County,39.8,40.55402410880137,0.7540241088013744
13189,Georgia,GA,McDuffie County,43.7,43.42682554417492,-0.27317445582508526
13269,Georgia,GA,Taylor County,42.7,43.75880005954809,1.0588000595480906
16033,Idaho,ID,Clark County,35.7,39.04134387393576,3.341343873935756
19083,Iowa,IA,Hardin County,39.2,38.45658787790743,-0.7434121220925718
21007,Kentucky,KY,Ballard County,39.5,39.05832860447021,-0.44167139552978796
22055,Louisiana,LA,Lafayette Parish,34.7,39.59688826844893,4.896888268448926
26119,Michigan,MI,Montmorency County,38.0,37.03315003208169,-0.9668499679183071
29029,Missouri,MO,Camden County,33.5,36.45819002169262,2.958190021692623
30077,Montana,MT,Powell County,32.7,37.325491558722646,4.6254915587226435
37147,North Carolina,NC,Pitt County,37.3,41.17688909264211,3.8768890926421093
37099,North Carolina,NC,Jackson County,32.4,36.54691895941051,4.146918959410513
38037,North Dakota,ND,Grant County,40.5,38.30193271285306,-2.198067287146941
41043,Oregon,OR,Linn County,34.8,35.90652935479974,1.10652935479974
42005,Pennsylvania,PA,Armstrong County,37.9,37.35574769147836,-0.5442523085216351
47005,Tennessee,TN,Benton County,39.8,39.33625599155395,-0.46374400844604935
48133,Texas,TX,Eastland County,37.2,39.317157913953054,2.1171579139530508
48155,Texas,TX,Foard County,40.4,37.46919360949498,-2.930806390505019
51149,Virginia,VA,Prince George County,41.2,33.29349468048652,-7.906505319513485
54045,West Virginia,WV,Logan County,41.0,42.933831076889135,1.9338310768891347
08005,Colorado,CO,Arapahoe County,25.7,31.15281594528109,5.452815945281092
13103,Georgia,GA,Effingham County,38.6,37.692397481324754,-0.9076025186752474
04003,Arizona,AZ,Cochise County,32.9,35.645954094225694,2.745954094225695
06083,California,CA,Santa Barbara County,31.6,27.828645587527284,-3.771354412472718
06051,California,CA,Mono County,29.1,29.89566789678522,0.7956678967852184
22101,Louisiana,LA,St. Mary Parish,44.6,42.32243921216509,-2.277560787834915
22037,Louisiana,LA,East Feliciana Parish,40.3,41.05994247509508,0.7599424750950803
24035,Maryland,MD,Queen Anne's County,32.7,35.14511865216368,2.4451186521636785
37095,North Carolina,NC,Hyde County,39.2,39.71597292403737,0.5159729240373636
37173,North Carolina,NC,Swain County,36.8,38.77849701337471,1.9784970133747137
02013,Alaska,AK,Aleutians East Borough,30.9,30.496550949407705,-0.4034490505922932
42101,Pennsylvania,PA,Philadelphia County,34.5,35.17207774680823,0.6720777468082275
26029,Michigan,MI,Charlevoix County,36.6,34.01093298350417,-2.5890670164958323
29031,Missouri,MO,Cape Girardeau County,40.7,38.221693556842666,-2.4783064431573365
30031,Montana,MT,Gallatin County,23.7,27.16246584413381,3.46246584413381
33007,New Hampshire,NH,Coos County,35.9,36.601208280191166,0.7012082801911674
16031,Idaho,ID,Cassia County,38.6,37.5165356597774,-1.083464340222605
17185,Illinois,IL,Wabash County,37.6,35.8080927207373,-1.791907279262702
26063,Michigan,MI,Huron County,38.8,37.80638144210126,-0.9936185578987349
27077,Minnesota,MN,Lake of the Woods County,38.3,35.71509891424755,-2.584901085752449
36103,New York,NY,Suffolk County,29.8,29.7791331029408,-0.020866897059200085
46085,South Dakota,SD,Lyman County,39.9,41.39562053674373,1.4956205367437292
18145,Indiana,IN,Shelby County,39.7,37.33226701237352,-2.367732987626482
20097,Kansas,KS,Kiowa County,35.4,38.61324214675506,3.2132421467550643
21125,Kentucky,KY,Laurel County,41.1,40.72473016848331,-0.3752698315166896
49035,Utah,UT,Salt Lake County,32.8,34.05981763393497,1.259817633934972
51790,Virginia,VA,Staunton city,39.9,36.21051688665111,-3.689483113348892
11001,District of Columbia,DC,District of Columbia,25.1,27.05160714612403,1.9516071461240294
12039,Florida,FL,Gadsden County,44.3,44.795827767394925,0.4958277673949283
17031,Illinois,IL,Cook County,32.8,29.941172075097604,-2.8588279249023927
06015,California,CA,Del Norte County,33.8,37.74652900611999,3.946529006119995
23025,Maine,ME,Somerset County,37.3,38.79460206766119,1.4946020676611909
37031,North Carolina,NC,Carteret County,31.6,33.105992431325475,1.505992431325474
39095,Ohio,OH,Lucas County,42.4,38.56978563913232,-3.8302143608676786
02188,Alaska,AK,Northwest Arctic Borough,38.0,38.11594063312355,0.11594063312355019
25011,Massachusetts,MA,Franklin County,25.8,33.06241197254854,7.262411972548538
01063,Alabama,AL,Greene County,51.0,49.41278264534199,-1.5872173546580086
30071,Montana,MT,Phillips County,39.4,38.218621805625205,-1.181378194374794
35007,New Mexico,NM,Colfax County,35.6,33.223636994184616,-2.376363005815385
19089,Iowa,IA,Howard County,37.3,39.42856377310244,2.1285637731024423
19045,Iowa,IA,Clinton County,40.9,38.424914155934104,-2.4750858440658945
01117,Alabama,AL,Shelby County,32.1,36.401619316526826,4.301619316526825
47037,Tennessee,TN,Davidson County,32.3,33.39842715288305,1.0984271528830547
18107,Indiana,IN,Montgomery County,42.6,38.44191018497019,-4.158089815029811
20161,Kansas,KS,Riley County,35.2,33.7460687901117,-1.453931209888303
21205,Kentucky,KY,Rowan County,41.5,39.09237016037681,-2.4076298396231905
51119,Virginia,VA,Middlesex County,40.1,36.01495384857674,-4.085046151423263
51199,Virginia,VA,York County,33.7,32.601723824332524,-1.098276175667479
53075,Washington,WA,Whitman County,31.2,33.70443931987801,2.5044393198780135
55029,Wisconsin,WI,Door County,37.2,30.63028758699227,-6.569712413007732
55037,Wisconsin,WI,Florence County,40.1,34.50079074516126,-5.59920925483874
06055,California,CA,Napa County,28.7,27.533051042374023,-1.1669489576259764
13139,Georgia,GA,Hall County,35.0,38.22118039027182,3.221180390271819
16077,Idaho,ID,Power County,37.7,38.560913630017865,0.8609136300178619
17035,Illinois,IL,Cumberland County,37.2,37.91230822474815,0.7123082247481491
37153,North Carolina,NC,Richmond County,39.8,42.907074987624085,3.107074987624088
37103,North Carolina,NC,Jones County,38.2,39.18054020814635,0.9805402081463441
48073,Texas,TX,Cherokee County,39.1,40.9192053490682,1.8192053490681985
48063,Texas,TX,Camp County,39.9,40.77300380269459,0.8730038026945905
19021,Iowa,IA,Buena Vista County,41.0,37.29509874633924,-3.7049012536607577
21151,Kentucky,KY,Madison County,35.9,38.18159331697547,2.2815933169754743
45029,South Carolina,SC,Colleton County,44.8,42.027638973362045,-2.7723610266379524
47151,Tennessee,TN,Scott County,41.2,42.142707570740875,0.9427075707408719
48141,Texas,TX,El Paso County,39.3,41.07515113497631,1.775151134976312
51091,Virginia,VA,Highland County,33.8,37.92600260183132,4.126002601831324
51165,Virginia,VA,Rockingham County,34.9,37.67946873921468,2.7794687392146784
53015,Washington,WA,Cowlitz County,39.0,35.70897359494059,-3.2910264050594122
08111,Colorado,CO,San Juan County,27.4,29.41619479001624,2.016194790016243
13135,Georgia,GA,Gwinnett County,33.3,35.28832563355285,1.9883256335528543
13077,Georgia,GA,Coweta County,44.1,36.471472031901065,-7.628527968098936
13271,Georgia,GA,Telfair County,45.6,42.248548820599304,-3.351451179400698
13283,Georgia,GA,Treutlen County,43.4,44.04411177697354,0.6441117769735385
16023,Idaho,ID,Butte County,35.7,39.77548200013563,4.075482000135629
31171,Nebraska,NE,Thomas County,36.9,37.21681573914964,0.31681573914963934
34013,New Jersey,NJ,Essex County,29.1,33.77149406575383,4.671494065753826
36043,New York,NY,Herkimer County,37.8,36.90377435443293,-0.8962256455670641
37017,North Carolina,NC,Bladen County,38.6,42.517226260967895,3.917226260967894
38005,North Dakota,ND,Benson County,42.1,42.55116086707969,0.45116086707968606
48001,Texas,TX,Anderson County,39.5,38.12228470404286,-1.3777152959571382
48199,Texas,TX,Hardin County,37.5,38.781279265798624,1.2812792657986236
48243,Texas,TX,Jeff Davis County,39.6,32.93261768616484,-6.667382313835162
45035,South Carolina,SC,Dorchester County,36.4,38.3792419649198,1.979241964919801
46055,South Dakota,SD,Haakon County,35.9,36.123291872266215,0.22329187226621627
21065,Kentucky,KY,Estill County,42.2,42.363683179811474,0.1636831798114713
22079,Louisiana,LA,Rapides Parish,42.0,42.11275599384358,0.11275599384357804
23007,Maine,ME,Franklin County,33.4,35.980678748394766,2.5806787483947673
27149,Minnesota,MN,Stevens County,37.9,37.720436357912675,-0.17956364208732367
28121,Mississippi,MS,Rankin County,36.3,38.21071106774516,1.9107110677451615
30043,Montana,MT,Jefferson County,29.4,34.54637443349446,5.146374433494458
40013,Oklahoma,OK,Bryan County,41.2,40.2995516528316,-0.9004483471683997
51105,Virginia,VA,Lee County,40.5,42.01534027625666,1.5153402762566586
05069,Arkansas,AR,Jefferson County,44.5,43.905192298138125,-0.5948077018618747
51053,Virginia,VA,Dinwiddie County,38.2,40.0230604422212,1.8230604422211982
51830,Virginia,VA,Williamsburg city,37.7,34.11550774891121,-3.5844922510887898
54075,West Virginia,WV,Pocahontas County,44.1,37.78665960369781,-6.313340396302195
05093,Arkansas,AR,Mississippi County,43.2,43.69598445058471,0.4959844505847073
45063,South Carolina,SC,Lexington County,39.0,37.95843851354568,-1.0415614864543201
27027,Minnesota,MN,Clay County,35.1,38.14680817622864,3.0468081762286374
33015,New Hampshire,NH,Rockingham County,31.7,29.142520800586443,-2.5574791994135566
41013,Oregon,OR,Crook County,33.0,34.1609148359652,1.160914835965201
45031,South Carolina,SC,Darlington County,41.4,43.47175413484403,2.071754134844035
13251,Georgia,GA,Screven County,42.3,43.44207002811507,1.1420700281150715
05145,Arkansas,AR,White County,40.4,40.401775941119574,0.0017759411195754637
29069,Missouri,MO,Dunklin County,43.1,40.96540037881098,-2.134599621189018
48329,Texas,TX,Midland County,38.4,36.24109465120643,-2.158905348793567
51167,Virginia,VA,Russell County,39.4,40.47482514145062,1.0748251414506242
12055,Florida,FL,Highlands County,36.2,37.558515596453475,1.358515596453472
18183,Indiana,IN,Whitley County,34.6,38.15039678686585,3.5503967868658464
21197,Kentucky,KY,Powell County,39.7,41.808058185786344,2.1080581857863407
22053,Louisiana,LA,Jefferson Davis Parish,42.3,41.48002578098039,-0.8199742190196062
51117,Virginia,VA,Mecklenburg County,41.4,40.179447355412485,-1.2205526445875137
19143,Iowa,IA,Osceola County,40.1,37.5181862028269,-2.5818137971731048
21071,Kentucky,KY,Floyd County,39.9,43.41233381676011,3.512333816760112
48323,Texas,TX,Maverick County,45.2,42.34573157418713,-2.854268425812876
12133,Florida,FL,Washington County,41.1,40.70027349889666,-0.39972650110334484
37111,North Carolina,NC,McDowell County,33.3,38.23838227421964,4.9383822742196415
48503,Texas,TX,Young County,38.7,38.75186004114303,0.05186004114302989
46075,South Dakota,SD,Jones County,35.5,37.19887216083769,1.6988721608376878
06095,California,CA,Solano County,32.8,29.907605985122093,-2.8923940148779046
12017,Florida,FL,Citrus County,34.5,35.10453777842191,0.604537778421907
13137,Georgia,GA,Habersham County,36.8,38.07079369238298,1.2707936923829806
01085,Alabama,AL,Lowndes County,49.6,48.00151442096704,-1.5984855790329604
22113,Louisiana,LA,Vermilion Parish,39.1,40.175451041346214,1.0754510413462128
25023,Massachusetts,MA,Plymouth County,30.2,33.89875364688243,3.698753646882434
27043,Minnesota,MN,Faribault County,37.2,38.340302656181365,1.1403026561813618
29189,Missouri,MO,St. Louis County,33.4,35.71698427455243,2.316984274552432
35017,New Mexico,NM,Grant County,35.0,34.08179094808572,-0.9182090519142818
37139,North Carolina,NC,Pasquotank County,36.0,40.8481280349971,4.848128034997103
42055,Pennsylvania,PA,Franklin County,39.2,36.36213861424587,-2.837861385754131
48043,Texas,TX,Brewster County,35.9,37.15679271908309,1.2567927190830943
53073,Washington,WA,Whatcom County,28.2,32.34712477003903,4.1471247700390315
55043,Wisconsin,WI,Grant County,40.5,38.793369157053746,-1.7066308429462538
05023,Arkansas,AR,Cleburne County,36.6,38.61955535459544,2.0195553545954397
13019,Georgia,GA,Berrien County,38.7,41.188074432549,2.4880744325489985
18051,Indiana,IN,Gibson County,40.2,38.88285628625516,-1.3171437137448407
21177,Kentucky,KY,Muhlenberg County,41.4,41.437103755721886,0.037103755721886955
22097,Louisiana,LA,St. Landry Parish,48.4,44.479800859739235,-3.920199140260763
23021,Maine,ME,Piscataquis County,35.8,36.676362970026034,0.8763629700260367
27021,Minnesota,MN,Cass County,38.1,36.03165426778892,-2.0683457322110783
35037,New Mexico,NM,Quay County,36.0,36.97580802432381,0.9758080243238112
37023,North Carolina,NC,Burke County,32.0,36.39922878383453,4.3992287838345305
41061,Oregon,OR,Union County,35.6,37.4736150158989,1.8736150158988991
42097,Pennsylvania,PA,Northumberland County,37.7,38.16951650575896,0.46951650575896053
47035,Tennessee,TN,Cumberland County,37.4,36.57647903811453,-0.8235209618854711
48333,Texas,TX,Mills County,34.9,36.99088686666697,2.0908868666669704
01061,Alabama,AL,Geneva County,38.2,40.90209462183588,2.702094621835876
01039,Alabama,AL,Covington County,44.6,40.4904354203419,-4.109564579658098
01111,Alabama,AL,Randolph County,40.9,42.16708886615564,1.267088866155639
01059,Alabama,AL,Franklin County,39.6,40.89759951602403,1.2975995160240288
01093,Alabama,AL,Marion County,39.5,40.00734789588741,0.5073478958874134
05127,Arkansas,AR,Scott County,38.4,38.692145872275304,0.29214587227530586
05077,Arkansas,AR,Lee County,44.9,46.21562594396744,1.31562594396744
05005,Arkansas,AR,Baxter County,41.3,35.339568122404366,-5.9604318775956315
05105,Arkansas,AR,Perry County,37.6,40.42414060801409,2.8241406080140905
06049,California,CA,Modoc County,30.0,34.434851778612746,4.434851778612746
08063,Colorado,CO,Kit Carson County,30.2,38.575562087281035,8.375562087281036
08125,Colorado,CO,Yuma County,27.9,38.05188776332877,10.151887763328773
08099,Colorado,CO,Prowers County,31.6,39.80844813821375,8.208448138213747
12087,Florida,FL,Monroe County,29.7,29.92676618063618,0.22676618063617937
12021,Florida,FL,Collier County,27.4,29.999048021212182,2.599048021212184
45089,South Carolina,SC,Williamsburg County,47.2,45.35353238368195,-1.8464676163180513
21203,Kentucky,KY,Rockcastle County,40.5,41.14549085110807,0.6454908511080717
22013,Louisiana,LA,Bienville Parish,46.6,44.83594403905609,-1.7640559609439137
26137,Michigan,MI,Otsego County,34.4,37.81813908840798,3.418139088407983
30093,Montana,MT,Silver Bow County,29.8,36.85679199374973,7.05679199374973
36115,New York,NY,Washington County,36.0,37.17109277728728,1.171092777287278
42059,Pennsylvania,PA,Greene County,36.0,38.56236172625311,2.5623617262531084
47025,Tennessee,TN,Claiborne County,41.1,40.94961287388247,-0.15038712611752914
48215,Texas,TX,Hidalgo County,47.6,42.96309114920696,-4.636908850793041
05029,Arkansas,AR,Conway County,41.3,40.79592266775056,-0.5040773322494374
51019,Virginia,VA,Bedford County,35.2,36.38693437781634,1.1869343778163355
51685,Virginia,VA,Manassas Park city,37.4,34.703994066003006,-2.696005933996993
54067,West Virginia,WV,Nicholas County,39.4,39.01023407445849,-0.3897659255415107
16079,Idaho,ID,Shoshone County,34.8,37.6945406245443,2.8945406245443053
06077,California,CA,San Joaquin County,33.8,32.17368718178525,-1.6263128182147497
24029,Maryland,MD,Kent County,38.9,31.93607107892116,-6.963928921078839
34003,New Jersey,NJ,Bergen County,25.8,24.72821800988208,-1.0717819901179197
39073,Ohio,OH,Hocking County,42.7,39.734454135222485,-2.9655458647775177
06027,California,CA,Inyo County,29.9,31.860719503712257,1.9607195037122587
37115,North Carolina,NC,Madison County,31.9,37.211231329016385,5.311231329016387
02158,Alaska,AK,Kusilvak Census Area,46.0,44.55001548368027,-1.4499845163197307
27173,Minnesota,MN,Yellow Medicine County,39.6,38.021236439656775,-1.5787635603432264
48481,Texas,TX,Wharton County,41.4,39.556079753447825,-1.8439202465521731
48169,Texas,TX,Garza County,41.2,39.20473249223937,-1.99526750776063
13209,Georgia,GA,Montgomery County,42.7,41.42754119763015,-1.2724588023698544
17189,Illinois,IL,Washington County,35.8,38.2586555629729,2.4586555629729006
21031,Kentucky,KY,Butler County,42.8,40.3642032606984,-2.435796739301594
51530,Virginia,VA,Buena Vista city,40.1,39.6511016816155,-0.4488983183845008
30003,Montana,MT,Big Horn County,41.4,41.14628204887614,-0.25371795112386053
36095,New York,NY,Schoharie County,37.6,33.624012387825566,-3.9759876121744355
21217,Kentucky,KY,Taylor County,38.2,39.84693155018458,1.6469315501845756
12027,Florida,FL,DeSoto County,44.2,40.484712526641765,-3.715287473358238
47041,Tennessee,TN,DeKalb County,41.7,40.56284953626184,-1.1371504637381662
45065,South Carolina,SC,McCormick County,38.3,41.98202476760622,3.6820247676062223
08053,Colorado,CO,Hinsdale County,25.9,33.83706915463507,7.9370691546350685
21085,Kentucky,KY,Grayson County,42.2,41.57292260968483,-0.6270773903151721
34027,New Jersey,NJ,Morris County,25.9,24.21826880192436,-1.6817311980756386
51007,Virginia,VA,Amelia County,43.0,37.74245140634735,-5.2575485936526505
20203,Kansas,KS,Wichita County,40.9,38.33138116080771,-2.5686188391922897
17071,Illinois,IL,Henderson County,37.2,37.518560299212865,0.3185602992128622
16071,Idaho,ID,Oneida County,32.2,37.490954074392086,5.290954074392083
16055,Idaho,ID,Kootenai County,34.3,36.43701881189977,2.1370188118997717
17127,Illinois,IL,Massac County,38.0,39.41199465566274,1.4119946556627383
17157,Illinois,IL,Randolph County,37.7,38.08330027991568,0.38330027991568016
12015,Florida,FL,Charlotte County,34.4,33.13576901947191,-1.2642309805280902
12059,Florida,FL,Holmes County,36.3,41.11768006036765,4.81768006036765
12079,Florida,FL,Madison County,36.5,42.842214613528064,6.342214613528064
12003,Florida,FL,Baker County,37.6,39.29309353546977,1.693093535469771
13285,Georgia,GA,Troup County,41.5,40.89492350415341,-0.6050764958465891
13233,Georgia,GA,Polk County,41.7,40.99588621267334,-0.7041137873266621
17163,Illinois,IL,St. Clair County,38.2,38.83859224483864,0.6385922448386339
13047,Georgia,GA,Catoosa County,36.6,37.719467136572746,1.1194671365727444
13295,Georgia,GA,Walker County,41.8,40.413682853379946,-1.3863171466200512
13131,Georgia,GA,Grady County,41.8,42.91153133876092,1.1115313387609262
13253,Georgia,GA,Seminole County,42.4,43.26945234902253,0.8694523490225308
13061,Georgia,GA,Clay County,44.8,44.15716779024631,-0.6428322097536849
17117,Illinois,IL,Macoupin County,38.1,38.70361520144888,0.603615201448882
13045,Georgia,GA,Carroll County,36.9,39.50496988753658,2.6049698875365834
17093,Illinois,IL,Kendall County,36.4,33.47512417239152,-2.9248758276084814
18029,Indiana,IN,Dearborn County,35.1,38.10719380083769,3.0071938008376904
18001,Indiana,IN,Adams County,40.0,38.85814301012155,-1.1418569898784483
18151,Indiana,IN,Steuben County,34.1,34.90547588906028,0.8054758890602756
18007,Indiana,IN,Benton County,40.3,39.19080638173978,-1.109193618260214
26017,Michigan,MI,Bay County,37.2,36.59680786163004,-0.6031921383699625
26049,Michigan,MI,Genesee County,39.1,40.28625063194898,1.1862506319489796
26021,Michigan,MI,Berrien County,40.0,37.82379482727299,-2.176205172727009
17149,Illinois,IL,Pike County,37.3,39.11069425373939,1.810694253739392
17013,Illinois,IL,Calhoun County,34.6,36.024528022118304,1.4245280221183023
17201,Illinois,IL,Winnebago County,38.5,37.15258263145304,-1.3474173685469566
18043,Indiana,IN,Floyd County,36.4,36.79670676147587,0.39670676147586903
19139,Iowa,IA,Muscatine County,37.8,38.357038496746775,0.5570384967467774
27035,Minnesota,MN,Crow Wing County,38.6,37.18222082744791,-1.4177791725520947
17057,Illinois,IL,Fulton County,39.3,39.60611640433677,0.3061164043367697
17025,Illinois,IL,Clay County,38.3,38.862865930113024,0.562865930113027
18167,Indiana,IN,Vigo County,41.0,39.45716624605674,-1.5428337539432633
20209,Kansas,KS,Wyandotte County,41.5,38.30257456763868,-3.197425432361321
17099,Illinois,IL,LaSalle County,36.6,35.91231173829103,-0.6876882617089706
20005,Kansas,KS,Atchison County,40.5,39.09977741991114,-1.4002225800888581
36003,New York,NY,Allegany County,34.3,38.54922487123555,4.249224871235555
21111,Kentucky,KY,Jefferson County,37.2,37.12144223598656,-0.07855776401344627
40049,Oklahoma,OK,Garvin County,42.4,40.54215890009138,-1.8578410999086188
45053,South Carolina,SC,Jasper County,37.5,37.67712778250941,0.17712778250940886
26145,Michigan,MI,Saginaw County,43.0,39.817619188484386,-3.182380811515614
19145,Iowa,IA,Page County,43.9,37.63662888674305,-6.263371113256952
18057,Indiana,IN,Hamilton County,27.9,29.6552596422217,1.7552596422217022
19085,Iowa,IA,Harrison County,40.1,38.79186791586834,-1.308132084131664
26117,Michigan,MI,Montcalm County,39.2,39.037593559116175,-0.16240644088382794
19177,Iowa,IA,Van Buren County,41.0,39.6934705181139,-1.306529481886102
26121,Michigan,MI,Muskegon County,43.0,39.38122925116589,-3.618770748834109
19119,Iowa,IA,Lyon County,38.5,36.99040718139928,-1.5095928186007228
26105,Michigan,MI,Mason County,39.4,36.37615099667123,-3.0238490033287704
27047,Minnesota,MN,Freeborn County,40.6,35.10300884090216,-5.496991159097838
20011,Kansas,KS,Bourbon County,42.5,40.49318526120904,-2.0068147387909576
20043,Kansas,KS,Doniphan County,39.0,39.40286117063609,0.4028611706360934
20137,Kansas,KS,Norton County,40.1,37.58089404650191,-2.519105953498091
20117,Kansas,KS,Marshall County,41.5,39.22574877058003,-2.274251229419967
20129,Kansas,KS,Morton County,38.6,37.73254420256531,-0.8674557974346939
20175,Kansas,KS,Seward County,45.5,36.85055029858687,-8.649449701413133
26043,Michigan,MI,Dickinson County,32.3,37.26009769500438,4.960097695004386
26157,Michigan,MI,Tuscola County,39.4,39.524755765232,0.1247557652320026
26011,Michigan,MI,Arenac County,38.3,37.84698735275834,-0.4530126472416569
26127,Michigan,MI,Oceana County,37.9,37.39719969448281,-0.5028003055171908
26061,Michigan,MI,Houghton County,34.2,35.91050732528731,1.7105073252873098
27133,Minnesota,MN,Rock County,37.8,36.79779199135186,-1.0022080086481395
46083,South Dakota,SD,Lincoln County,32.6,35.68996783945671,3.089967839456712
46099,South Dakota,SD,Minnehaha County,33.9,37.29272894546095,3.392728945460952
46091,South Dakota,SD,Marshall County,32.9,36.67153735784924,3.7715373578492404
01103,Alabama,AL,Morgan County,38.7,38.717155579643254,0.01715557964325143
21161,Kentucky,KY,Mason County,40.0,40.13321257518876,0.1332125751887574
21141,Kentucky,KY,Logan County,40.2,40.26902861437481,0.06902861437480823
25005,Massachusetts,MA,Bristol County,33.0,34.11321017212037,1.1132101721203682
21185,Kentucky,KY,Oldham County,34.2,33.86057500248431,-0.33942499751569244
36011,New York,NY,Cayuga County,41.0,36.827529777134195,-4.172470222865805
26033,Michigan,MI,Chippewa County,39.3,40.583042089121534,1.2830420891215368
01105,Alabama,AL,Perry County,50.0,48.51931584492697,-1.4806841550730283
40143,Oklahoma,OK,Tulsa County,37.0,37.56220306254187,0.5622030625418688
01013,Alabama,AL,Butler County,45.5,44.46252575461629,-1.037474245383713
26027,Michigan,MI,Cass County,35.1,38.03528158394455,2.935281583944551
32019,Nevada,NV,Lyon County,35.9,35.5683990433079,-0.33160095669209966
33013,New Hampshire,NH,Merrimack County,30.7,32.09526172064959,1.3952617206495894
46065,South Dakota,SD,Hughes County,34.8,37.08941615440653,2.2894161544065312
46049,South Dakota,SD,Faulk County,37.2,36.04029022822293,-1.1597097717770737
46125,South Dakota,SD,Turner County,34.2,38.841177329914565,4.641177329914562
46111,South Dakota,SD,Sanborn County,35.0,37.780037447606546,2.7800374476065457
12081,Florida,FL,Manatee County,33.9,33.57433435402756,-0.3256656459724354
35049,New Mexico,NM,Santa Fe County,23.1,27.85261387959123,4.75261387959123
36069,New York,NY,Ontario County,34.1,33.018862948599725,-1.081137051400276
46071,South Dakota,SD,Jackson County,39.7,43.022871300122624,3.322871300122621
46063,South Dakota,SD,Harding County,33.7,37.955460206536905,4.2554602065369025
12115,Florida,FL,Sarasota County,28.8,30.774033102126836,1.9740331021268354
12111,Florida,FL,St. Lucie County,34.7,35.57746619540863,0.8774661954086298
13073,Georgia,GA,Columbia County,36.0,36.087424981912115,0.08742498191211467
13291,Georgia,GA,Union County,37.1,36.1812188862243,-0.9187811137757009
12099,Florida,FL,Palm Beach County,30.5,33.158310198806205,2.6583101988062054
36039,New York,NY,Greene County,32.4,33.93118535028048,1.5311853502804809
36037,New York,NY,Genesee County,35.3,36.3415934038655,1.0415934038655053
36049,New York,NY,Lewis County,35.9,39.20881605969285,3.3088160596928518
49041,Utah,UT,Sevier County,35.1,37.41592363579517,2.3159236357951656
50015,Vermont,VT,Lamoille County,25.4,34.59540220955808,9.195402209558083
51033,Virginia,VA,Caroline County,41.6,37.25766665143349,-4.3423333485665125
51065,Virginia,VA,Fluvanna County,38.7,32.69379848115717,-6.006201518842836
12005,Florida,FL,Bay County,35.3,34.74660400085799,-0.5533959991420048
13087,Georgia,GA,Decatur County,39.8,44.46990334377181,4.669903343771814
21225,Kentucky,KY,Union County,38.9,41.04742858914502,2.147428589145022
39059,Ohio,OH,Guernsey County,41.5,41.04394889214961,-0.45605110785039216
39147,Ohio,OH,Seneca County,47.1,38.62683275949155,-8.473167240508452
37183,North Carolina,NC,Wake County,25.6,31.665721580491237,6.065721580491235
37081,North Carolina,NC,Guilford County,33.5,35.835047309803976,2.3350473098039757
51680,Virginia,VA,Lynchburg city,39.5,37.29356817517224,-2.20643182482776
51183,Virginia,VA,Sussex County,44.0,41.76715551272292,-2.2328444872770774
51730,Virginia,VA,Petersburg city,46.5,45.72019981102635,-0.7798001889736526
13281,Georgia,GA,Towns County,37.0,33.685949293634124,-3.314050706365876
13119,Georgia,GA,Franklin County,36.7,39.325866594536976,2.625866594536973
13149,Georgia,GA,Heard County,41.0,39.93342509371505,-1.0665749062849486
39049,Ohio,OH,Franklin County,36.1,35.914085161804024,-0.18591483819597698
39153,Ohio,OH,Summit County,39.5,36.154298763951395,-3.3457012360486047
37191,North Carolina,NC,Wayne County,39.1,40.458630366873614,1.3586303668736122
37151,North Carolina,NC,Randolph County,32.5,37.52274761230047,5.022747612300471
37169,North Carolina,NC,Stokes County,33.1,38.24324653688101,5.1432465368810085
51690,Virginia,VA,Martinsville city,44.5,43.026595341843766,-1.473404658156234
51660,Virginia,VA,Harrisonburg city,40.4,37.093033278925496,-3.3069667210745024
51620,Virginia,VA,Franklin city,46.9,43.537216401438975,-3.3627835985610233
54015,West Virginia,WV,Clay County,42.5,42.05738680966062,-0.4426131903393795
01075,Alabama,AL,Lamar County,38.3,39.85200329695418,1.552003296954183
01019,Alabama,AL,Cherokee County,40.2,39.61430196998216,-0.5856980300178449
39173,Ohio,OH,Wood County,35.7,35.944835125328034,0.24483512532803076
39013,Ohio,OH,Belmont County,43.0,39.95639728213485,-3.0436027178651486
37197,North Carolina,NC,Yadkin County,36.1,37.57591621557243,1.4759162155724255
38003,North Dakota,ND,Barnes County,37.8,36.59838259336979,-1.2016174066302057
38101,North Dakota,ND,Ward County,37.4,37.28146817319386,-0.11853182680614083
54097,West Virginia,WV,Upshur County,41.2,39.44392219671624,-1.756077803283766
55055,Wisconsin,WI,Jefferson County,39.6,36.32652634315867,-3.2734736568413325
55141,Wisconsin,WI,Wood County,40.9,36.456684231347545,-4.443315768652454
01077,Alabama,AL,Lauderdale County,36.5,38.71313441920165,2.2131344192016513
01083,Alabama,AL,Limestone County,35.8,38.35471524345515,2.5547152434551563
47061,Tennessee,TN,Grundy County,37.6,40.98755926616128,3.3875592661612757
47077,Tennessee,TN,Henderson County,43.0,40.073717306800965,-2.9262826931990347
38061,North Dakota,ND,Mountrail County,39.7,37.8095349917435,-1.8904650082565055
38049,North Dakota,ND,McHenry County,37.0,37.793694659663096,0.793694659663096
55133,Wisconsin,WI,Waukesha County,32.0,33.41056604903525,1.4105660490352534
55119,Wisconsin,WI,Taylor County,40.7,39.78145134882142,-0.9185486511785825
56031,Wyoming,WY,Platte County,32.4,36.21900519526693,3.819005195266932
56043,Wyoming,WY,Washakie County,39.1,35.0485116949274,-4.051488305072603
01015,Alabama,AL,Calhoun County,38.3,40.75415693563219,2.4541569356321915
04019,Arizona,AZ,Pima County,32.8,34.93618197741533,2.136181977415333
47087,Tennessee,TN,Jackson County,35.5,40.638104327881344,5.138104327881344
48135,Texas,TX,Ector County,40.3,37.94194987576336,-2.358050124236634
48055,Texas,TX,Caldwell County,39.0,40.62016781979772,1.6201678197977216
48445,Texas,TX,Terry County,42.8,41.61757157153773,-1.1824284284622664
39089,Ohio,OH,Licking County,36.0,37.30750313059805,1.3075031305980502
39165,Ohio,OH,Warren County,34.1,33.393131434604214,-0.7068685653957871
39119,Ohio,OH,Muskingum County,41.2,40.17617595177678,-1.0238240482232257
56019,Wyoming,WY,Johnson County,31.2,34.40486339377107,3.204863393771074
04017,Arizona,AZ,Navajo County,38.5,40.564818992232354,2.064818992232354
05113,Arkansas,AR,Polk County,37.0,39.32334668569139,2.3233466856913907
05031,Arkansas,AR,Craighead County,37.5,39.64713485067405,2.1471348506740497
48497,Texas,TX,Wise County,40.4,37.6341537840458,-2.7658462159541983
48069,Texas,TX,Castro County,40.4,40.68144494696862,0.28144494696861955
48309,Texas,TX,McLennan County,39.0,39.071954406686075,0.07195440668607489
39139,Ohio,OH,Richland County,39.8,39.648670614085326,-0.15132938591467138
39163,Ohio,OH,Vinton County,41.2,42.62555622648834,1.4255562264883395
39027,Ohio,OH,Clinton County,41.6,38.53321777520298,-3.0667822247970236
39115,Ohio,OH,Morgan County,41.8,40.132956357001355,-1.6670436429986424
05027,Arkansas,AR,Columbia County,41.1,42.69986419903342,1.5998641990334193
08007,Colorado,CO,Archuleta County,24.9,30.631191174080097,5.731191174080099
08081,Colorado,CO,Moffat County,29.6,38.20201769461052,8.602017694610517
08009,Colorado,CO,Baca County,31.0,39.88006589834182,8.880065898341819
48331,Texas,TX,Milam County,37.5,38.88107095088855,1.3810709508885495
48091,Texas,TX,Comal County,39.1,32.47665065215208,-6.62334934784792
48183,Texas,TX,Gregg County,39.9,39.73246195704242,-0.167538042957581
39131,Ohio,OH,Pike County,40.6,41.88177182692312,1.2817718269231193
40063,Oklahoma,OK,Hughes County,47.6,41.76154008256473,-5.838459917435273
40019,Oklahoma,OK,Carter County,40.7,39.317404314982426,-1.3825956850175771
40137,Oklahoma,OK,Stephens County,42.3,40.003897465891825,-2.296102534108172
08115,Colorado,CO,Sedgwick County,29.8,37.54111815748983,7.741118157489826
01021,Alabama,AL,Chilton County,36.3,39.824624164252235,3.524624164252238
21163,Kentucky,KY,Meade County,37.8,39.75795212134074,1.957952121340746
48195,Texas,TX,Hansford County,36.8,38.9648629098266,2.164862909826603
48353,Texas,TX,Nolan County,41.8,40.549499211885184,-1.2505007881148131
48031,Texas,TX,Blanco County,34.8,31.29641929332461,-3.503580706675386
48297,Texas,TX,Live Oak County,40.9,36.19792958274335,-4.70207041725665
48179,Texas,TX,Gray County,40.5,39.996791602231475,-0.5032083977685247
48123,Texas,TX,DeWitt County,41.0,37.51431731526455,-3.485682684735451
40099,Oklahoma,OK,Murray County,44.4,39.00297688949081,-5.397023110509188
40057,Oklahoma,OK,Harmon County,43.5,40.42007912814671,-3.0799208718532896
40029,Oklahoma,OK,Coal County,43.2,40.77534621769915,-2.424653782300851
48285,Texas,TX,Lavaca County,37.7,38.89359320201432,1.1935932020143198
48247,Texas,TX,Jim Hogg County,44.9,44.379278488389005,-0.5207215116109936
48045,Texas,TX,Briscoe County,43.3,39.00909398648555,-4.290906013514444
48383,Texas,TX,Reagan County,39.4,38.53919041128924,-0.8608095887107581
48283,Texas,TX,La Salle County,44.2,41.88403780122997,-2.3159621987700305
48205,Texas,TX,Hartley County,35.2,37.745823563907194,2.5458235639071916
48033,Texas,TX,Borden County,33.2,37.94912232765427,4.74912232765427
41067,Oregon,OR,Washington County,29.6,28.32247052822375,-1.2775294717762513
41071,Oregon,OR,Yamhill County,34.5,34.46721639626282,-0.03278360373717959
29017,Missouri,MO,Bollinger County,41.2,39.45705801750015,-1.7429419824998504
29139,Missouri,MO,Montgomery County,41.2,39.787788257485936,-1.4122117425140672
29179,Missouri,MO,Reynolds County,40.6,40.31995320473757,-0.2800467952624288
30019,Montana,MT,Daniels County,31.9,36.03373213498821,4.133732134988215
41069,Oregon,OR,Wheeler County,35.3,35.24347857066302,-0.056521429336974904
42019,Pennsylvania,PA,Butler County,32.7,34.19407592480734,1.4940759248073405
31037,Nebraska,NE,Colfax County,38.8,39.21023455151419,0.4102345515141934
31155,Nebraska,NE,Saunders County,36.2,37.548846623105504,1.3488466231055014
42025,Pennsylvania,PA,Carbon County,34.4,36.43217277555865,2.0321727755586494
42079,Pennsylvania,PA,Luzerne County,38.7,35.27576306759076,-3.4242369324092436
31047,Nebraska,NE,Dawson County,41.4,38.339740822808906,-3.0602591771910923
31059,Nebraska,NE,Fillmore County,38.9,38.18384883547803,-0.7161511645219676
31123,Nebraska,NE,Morrill County,38.9,37.12705132046496,-1.772948679535041
31181,Nebraska,NE,Webster County,39.5,39.51733368202594,0.01733368202594221
42087,Pennsylvania,PA,Mifflin County,38.7,39.76341916824633,1.0634191682463268
42053,Pennsylvania,PA,Forest County,40.4,38.90707904097957,-1.4929209590204309
38065,North Dakota,ND,Oliver County,40.0,36.136035115976505,-3.8639648840234955
08103,Colorado,CO,Rio Blanco County,27.9,37.92153677814023,10.02153677814023
08075,Colorado,CO,Logan County,30.0,36.19730565114102,6.197305651141022
31179,Nebraska,NE,Wayne County,37.3,34.548612714026,-2.7513872859739976
31073,Nebraska,NE,Gosper County,38.7,36.34445980280077,-2.3555401971992325
31069,Nebraska,NE,Garden County,42.3,37.47848615975865,-4.821513840241344
45037,South Carolina,SC,Edgefield County,39.1,39.27054661723678,0.17054661723678066
45039,South Carolina,SC,Fairfield County,41.1,44.35262292447562,3.2526229244756166
19019,Iowa,IA,Buchanan County,40.6,39.36061816612236,-1.2393818338776441
19073,Iowa,IA,Greene County,41.5,38.61546717114678,-2.8845328288532173
19077,Iowa,IA,Guthrie County,39.8,38.446441058279326,-1.3535589417206708
19029,Iowa,IA,Cass County,44.9,38.978983695801865,-5.921016304198133
19047,Iowa,IA,Crawford County,44.5,38.95489580070218,-5.545104199297818
19117,Iowa,IA,Lucas County,41.1,38.371593433253665,-2.7284065667463366
29067,Missouri,MO,Douglas County,38.7,39.97488669741931,1.274886697419305
29151,Missouri,MO,Osage County,36.6,37.656334213980834,1.0563342139808327
29121,Missouri,MO,Macon County,36.9,40.116506368287176,3.2165063682871775
39099,Ohio,OH,Mahoning County,39.7,39.35157701117192,-0.34842298882808365
40001,Oklahoma,OK,Adair County,43.6,39.88962824070803,-3.7103717592919736
05125,Arkansas,AR,Saline County,37.2,37.95921537091355,0.7592153709135445
05137,Arkansas,AR,Stone County,37.2,40.06709850781237,2.867098507812365
19091,Iowa,IA,Humboldt County,43.4,38.748152779247995,-4.651847220752003
19099,Iowa,IA,Jasper County,39.2,38.05060311589755,-1.149396884102451
19009,Iowa,IA,Audubon County,41.7,37.98674495568493,-3.7132550443150762
19003,Iowa,IA,Adams County,38.6,38.70522619573078,0.10522619573077918
19093,Iowa,IA,Ida County,37.3,39.31695410481151,2.0169541048115107
29061,Missouri,MO,Daviess County,37.4,39.85885198542649,2.4588519854264916
29049,Missouri,MO,Clinton County,38.2,38.229049562082146,0.029049562082143154
29063,Missouri,MO,DeKalb County,42.3,38.95808053192538,-3.3419194680746145
40041,Oklahoma,OK,Delaware County,43.0,36.67716994097904,-6.3228300590209585
40115,Oklahoma,OK,Ottawa County,44.0,41.11220806394777,-2.8877919360522313
41025,Oregon,OR,Harney County,34.8,36.897327800928586,2.097327800928589
05051,Arkansas,AR,Garland County,37.8,38.148548427010745,0.34854842701074773
05101,Arkansas,AR,Newton County,39.5,38.355530366394134,-1.1444696336058655
05109,Arkansas,AR,Pike County,37.1,40.639190091312464,3.539190091312463
06063,California,CA,Plumas County,29.1,32.339540521821114,3.2395405218211124
08001,Colorado,CO,Adams County,34.0,35.75589353963917,1.7558935396391675
08047,Colorado,CO,Gilpin County,25.2,30.48296514705448,5.28296514705448
20087,Kansas,KS,Jefferson County,41.5,37.34339251342989,-4.15660748657011
20205,Kansas,KS,Wilson County,40.5,39.757110754673654,-0.7428892453263458
20111,Kansas,KS,Lyon County,39.1,38.13647988157723,-0.9635201184227711
20167,Kansas,KS,Russell County,37.0,39.751886409241074,2.7518864092410737
20057,Kansas,KS,Ford County,38.7,38.56124516089304,-0.13875483910696573
29071,Missouri,MO,Franklin County,38.8,38.426256893898795,-0.37374310610120176
29167,Missouri,MO,Polk County,42.0,39.35547193509966,-2.644528064900342
29055,Missouri,MO,Crawford County,38.7,40.12327636730359,1.4232763673035862
41041,Oregon,OR,Lincoln County,32.0,30.419686112184543,-1.580313887815457
41057,Oregon,OR,Tillamook County,30.8,33.177758428787065,2.3777584287870646
08095,Colorado,CO,Phillips County,30.6,38.08420427737734,7.484204277377337
08121,Colorado,CO,Washington County,26.8,38.583319529829666,11.783319529829665
12019,Florida,FL,Clay County,35.6,36.01480690339744,0.41480690339744086
20197,Kansas,KS,Wabaunsee County,41.2,38.45820126859865,-2.741798731401353
20061,Kansas,KS,Geary County,37.0,39.62522762519215,2.625227625192153
20105,Kansas,KS,Lincoln County,41.2,39.15301650598878,-2.046983494011222
27011,Minnesota,MN,Big Stone County,42.6,38.10535230405608,-4.494647695943918
27017,Minnesota,MN,Carlton County,41.2,37.987235380862536,-3.2127646191374666
41027,Oregon,OR,Hood River County,30.5,34.2407703437871,3.740770343787098
42117,Pennsylvania,PA,Tioga County,38.8,37.51645759390919,-1.2835424060908096
42123,Pennsylvania,PA,Warren County,34.6,37.16348111267413,2.5634811126741255
45073,South Carolina,SC,Oconee County,31.6,37.74918705545634,6.149187055456338
12067,Florida,FL,Lafayette County,40.4,39.70071962204628,-0.6992803779537198
13057,Georgia,GA,Cherokee County,35.1,34.478525847643056,-0.6214741523569458
20017,Kansas,KS,Chase County,38.8,35.43950851986282,-3.3604914801371777
20083,Kansas,KS,Hodgeman County,37.1,37.46088116067392,0.3608811606739195
21157,Kentucky,KY,Marshall County,38.5,37.9501625853832,-0.5498374146168032
21211,Kentucky,KY,Shelby County,36.1,36.32670267188528,0.2267026718852776
28059,Mississippi,MS,Jackson County,38.4,38.99333665310082,0.5933366531008204
28057,Mississippi,MS,Itawamba County,37.8,40.60085567092993,2.800855670929934
46101,South Dakota,SD,Moody County,32.8,37.815833318898704,5.015833318898707
47131,Tennessee,TN,Obion County,40.9,39.8664170929894,-1.0335829070105973
13129,Georgia,GA,Gordon County,40.0,39.63462935176799,-0.36537064823200893
13231,Georgia,GA,Pike County,34.2,38.20591228829781,4.005912288297807
21073,Kentucky,KY,Franklin County,37.6,37.72010104775726,0.1201010477572595
21199,Kentucky,KY,Pulaski County,39.3,40.73313072709209,1.4331307270920917
21215,Kentucky,KY,Spencer County,36.9,36.787969412982136,-0.11203058701786262
28093,Mississippi,MS,Marshall County,44.4,44.541100217062,0.1411002170620037
29145,Missouri,MO,Newton County,36.9,38.809342255622475,1.9093422556224766
47067,Tennessee,TN,Hancock County,42.6,42.43487180176452,-0.16512819823547886
47103,Tennessee,TN,Lincoln County,40.5,40.05674676744832,-0.44325323255168314
48321,Texas,TX,Matagorda County,41.2,41.369542506298714,0.16954250629871126
13011,Georgia,GA,Banks County,36.7,38.1861855309839,1.4861855309838958
13167,Georgia,GA,Johnson County,42.8,43.73383470166033,0.9338347016603308
21077,Kentucky,KY,Gallatin County,40.3,39.40086048279807,-0.8991395172019239
21201,Kentucky,KY,Robertson County,40.8,40.22654825926707,-0.5734517407329278
29133,Missouri,MO,Mississippi County,44.5,42.582877055189,-1.9171229448109983
29163,Missouri,MO,Pike County,43.3,40.69069639092981,-2.6093036090701887
48337,Texas,TX,Montague County,37.2,37.38852845368013,0.18852845368012794
48077,Texas,TX,Clay County,34.5,36.312687964756776,1.8126879647567762
48295,Texas,TX,Lipscomb County,37.7,38.49773726845571,0.7977372684557054
13299,Georgia,GA,Ware County,39.5,42.32205037094463,2.8220503709446305
13085,Georgia,GA,Dawson County,34.7,31.79859757005078,-2.901402429949222
13227,Georgia,GA,Pickens County,36.7,35.37626754041455,-1.3237324595854503
21087,Kentucky,KY,Green County,42.0,41.43935227387232,-0.5606477261276765
21045,Kentucky,KY,Casey County,41.4,42.36911487492528,0.9691148749252818
29081,Missouri,MO,Harrison County,42.5,40.42290683559024,-2.07709316440976
29217,Missouri,MO,Vernon County,41.3,40.83990604691507,-0.46009395308492884
30041,Montana,MT,Hill County,34.9,38.45451849992107,3.5545184999210733
48079,Texas,TX,Cochran County,43.6,42.94280011772197,-0.6571998822780287
48487,Texas,TX,Wilbarger County,41.4,38.20113573327721,-3.1988642667227865
48117,Texas,TX,Deaf Smith County,43.6,41.17361824690986,-2.4263817530901406
49053,Utah,UT,Washington County,29.1,35.808174991616085,6.708174991616083
13125,Georgia,GA,Glascock County,37.0,40.30746119931655,3.307461199316549
13273,Georgia,GA,Terrell County,47.1,45.969544746646285,-1.1304552533537162
21039,Kentucky,KY,Carlisle County,40.8,39.32347797230303,-1.4765220276969657
22089,Louisiana,LA,St. Charles Parish,37.3,39.17268869648704,1.872688696487046
31135,Nebraska,NE,Perkins County,39.3,37.87493085728499,-1.4250691427150102
31083,Nebraska,NE,Harlan County,36.6,37.37640389698128,0.7764038969812788
31055,Nebraska,NE,Douglas County,35.8,35.41394564717652,-0.38605435282347855
49021,Utah,UT,Iron County,33.3,37.48197763700826,4.181977637008259
50005,Vermont,VT,Caledonia County,29.7,35.070473529946504,5.370473529946505
50001,Vermont,VT,Addison County,26.4,30.938503412436532,4.538503412436533
13173,Georgia,GA,Lanier County,41.1,41.20231564234422,0.10231564234421597
13169,Georgia,GA,Jones County,39.9,40.36301001546797,0.4630100154679724
22049,Louisiana,LA,Jackson Parish,40.6,42.39337647147212,1.793376471472122
23001,Maine,ME,Androscoggin County,36.4,37.34028086388203,0.9402808638820304
26067,Michigan,MI,Ionia County,38.7,38.26543385732627,-0.43456614267373084
31065,Nebraska,NE,Furnas County,41.4,39.59919091277504,-1.8008090872249554
31051,Nebraska,NE,Dixon County,40.5,36.80296132776322,-3.697038672236779
32007,Nevada,NV,Elko County,35.5,35.85568963116927,0.35568963116926966
51650,Virginia,VA,Hampton city,42.2,38.27173223675857,-3.9282677632414362
51169,Virginia,VA,Scott County,38.6,40.50398036995638,1.903980369956379
13199,Georgia,GA,Meriwether County,40.7,42.52838750799187,1.82838750799187
26025,Michigan,MI,Calhoun County,38.9,38.85884199158629,-0.04115800841370998
26015,Michigan,MI,Barry County,33.8,37.57124887255216,3.771248872552164
26075,Michigan,MI,Jackson County,39.7,38.2791886366985,-1.4208113633015031
27147,Minnesota,MN,Steele County,36.9,37.520053120098325,0.6200531200983264
32013,Nevada,NV,Humboldt County,33.8,35.05443790201173,1.2544379020117304
33005,New Hampshire,NH,Cheshire County,31.2,33.97883617928689,2.7788361792868876
34005,New Jersey,NJ,Burlington County,32.6,31.23568584760347,-1.3643141523965312
35003,New Mexico,NM,Catron County,33.0,37.56612766141882,4.566127661418818
51740,Virginia,VA,Portsmouth city,45.2,41.05989242639601,-4.140107573603991
51735,Virginia,VA,Poquoson city,33.2,31.556892518333584,-1.6431074816664193
13177,Georgia,GA,Lee County,36.7,38.52129800212577,1.821298002125765
15007,Hawaii,HI,Kauai County,22.8,25.158781546925585,2.3587815469255844
27003,Minnesota,MN,Anoka County,35.9,35.32902744695695,-0.570972553043049
27143,Minnesota,MN,Sibley County,40.7,37.60527005047312,-3.0947299495268794
27041,Minnesota,MN,Douglas County,38.6,36.89659446803345,-1.7034055319665526
35025,New Mexico,NM,Lea County,35.5,40.89237020060436,5.392370200604361
35035,New Mexico,NM,Otero County,38.8,38.44399157736209,-0.3560084226379061
36015,New York,NY,Chemung County,34.2,37.92213020217945,3.72213020217945
53063,Washington,WA,Spokane County,34.0,36.46641114788171,2.4664111478817077
54061,West Virginia,WV,Monongalia County,36.7,35.91450869344228,-0.7854913065577236
16065,Idaho,ID,Madison County,36.6,37.155483938128675,0.555483938128674
17109,Illinois,IL,McDonough County,39.3,36.44612796126859,-2.85387203873141
27059,Minnesota,MN,Isanti County,38.6,38.02344894701296,-0.5765510529870426
27093,Minnesota,MN,Meeker County,41.1,38.73727481998029,-2.3627251800197087
27083,Minnesota,MN,Lyon County,45.5,35.89022532274068,-9.609774677259317
28081,Mississippi,MS,Lee County,40.6,39.66990832950875,-0.930091670491251
28133,Mississippi,MS,Sunflower County,47.5,48.21556580664132,0.7155658066413224
36007,New York,NY,Broome County,33.3,36.17240341331417,2.8724034133141743
36055,New York,NY,Monroe County,36.1,33.88268137899692,-2.2173186210030806
54029,West Virginia,WV,Hancock County,45.1,37.32452141461953,-7.775478585380469
55093,Wisconsin,WI,Pierce County,34.7,33.87346962829978,-0.8265303717002226
17021,Illinois,IL,Christian County,36.4,37.316443847736814,0.9164438477368151
17135,Illinois,IL,Montgomery County,36.2,38.37773020810865,2.177730208108649
17191,Illinois,IL,Wayne County,37.1,39.92212877295819,2.8221287729581874
28015,Mississippi,MS,Carroll County,42.1,40.86705053267438,-1.232949467325625
28125,Mississippi,MS,Sharkey County,49.8,48.65837299536176,-1.141627004638238
28069,Mississippi,MS,Kemper County,47.2,48.70673939343256,1.5067393934325537
37171,North Carolina,NC,Surry County,35.3,37.3404943028631,2.0404943028631024
37045,North Carolina,NC,Cleveland County,37.8,40.55215155540793,2.7521515554079343
55061,Wisconsin,WI,Kewaunee County,39.6,37.999914069717015,-1.6000859302829866
55045,Wisconsin,WI,Green County,40.2,37.28720438121899,-2.9127956187810113
55091,Wisconsin,WI,Pepin County,39.3,38.375801527401855,-0.9241984725981425
18053,Indiana,IN,Grant County,43.0,39.4260898142312,-3.5739101857688027
18085,Indiana,IN,Kosciusko County,39.5,36.54730653965178,-2.9526934603482218
18045,Indiana,IN,Fountain County,39.0,39.3414770559539,0.3414770559539022
18103,Indiana,IN,Miami County,42.1,39.2278432015567,-2.8721567984432994
28077,Mississippi,MS,Lawrence County,43.3,43.120279537055914,-0.17972046294408273
28129,Mississippi,MS,Smith County,42.0,41.55992718896575,-0.44007281103424845
29083,Missouri,MO,Henry County,40.1,39.56839653384379,-0.5316034661562128
29187,Missouri,MO,St. Francois County,40.0,40.22555626056586,0.22555626056585965
38081,North Dakota,ND,Sargent County,36.0,36.27279230600461,0.2727923060046109
38023,North Dakota,ND,Divide County,36.7,37.17414354885449,0.4741435488544852
38009,North Dakota,ND,Bottineau County,39.3,35.706890221855545,-3.593109778144452
56037,Wyoming,WY,Sweetwater County,36.3,36.59938883432593,0.29938883432593144
56015,Wyoming,WY,Goshen County,34.7,35.81343062317612,1.1134306231761144
05115,Arkansas,AR,Pope County,36.1,39.69776315476047,3.5977631547604716
18131,Indiana,IN,Pulaski County,41.4,39.00990924096722,-2.3900907590327805
18095,Indiana,IN,Madison County,39.6,39.3823041522582,-0.21769584774180117
18055,Indiana,IN,Greene County,40.5,38.83851804911502,-1.6614819508849834
18073,Indiana,IN,Jasper County,38.0,38.118035020025026,0.11803502002502597
29089,Missouri,MO,Howard County,40.0,39.830402701472494,-0.16959729852750627
29077,Missouri,MO,Greene County,34.5,37.43653657680197,2.93653657680197
29223,Missouri,MO,Wayne County,41.4,40.20279877064928,-1.1972012293507177
39001,Ohio,OH,Adams County,45.2,41.96377551428712,-3.2362244857128815
39081,Ohio,OH,Jefferson County,40.1,39.7938485146105,-0.3061514853894991
05149,Arkansas,AR,Yell County,38.7,40.41361109268448,1.7136110926844736
05059,Arkansas,AR,Hot Spring County,38.6,40.65757452097876,2.0575745209787613
18121,Indiana,IN,Parke County,38.3,40.4901001763141,2.190100176314104
18117,Indiana,IN,Orange County,41.7,39.60290820322936,-2.0970917967706413
19031,Iowa,IA,Cedar County,38.3,38.00022973323106,-0.29977026676893814
19049,Iowa,IA,Dallas County,32.2,33.87773210320591,1.677732103205905
18105,Indiana,IN,Monroe County,37.6,35.531859788199355,-2.068140211800646
19001,Iowa,IA,Adair County,41.9,39.3152341613743,-2.5847658386256995
19037,Iowa,IA,Chickasaw County,37.7,39.590533889001605,1.8905338890016026
20179,Kansas,KS,Sheridan County,37.8,36.54779850244324,-1.2522014975567544
20051,Kansas,KS,Ellis County,41.4,36.83805014449954,-4.561949855500458
50017,Vermont,VT,Orange County,26.7,35.116801738497365,8.416801738497366
50007,Vermont,VT,Chittenden County,24.5,30.68032461583424,6.180324615834241
54059,West Virginia,WV,Mingo County,41.1,44.46050177175692,3.3605017717569154
13071,Georgia,GA,Colquitt County,40.4,41.88882699227519,1.488826992275193
13235,Georgia,GA,Pulaski County,43.5,41.467689745402936,-2.032310254597064
13243,Georgia,GA,Randolph County,48.6,47.89850035377511,-0.7014996462248888
17063,Illinois,IL,Grundy County,35.1,34.09806075046135,-1.0019392495386512
17139,Illinois,IL,Moultrie County,35.6,38.45272508813489,2.852725088134889
18113,Indiana,IN,Noble County,36.5,37.648779136893154,1.148779136893154
18015,Indiana,IN,Carroll County,38.8,39.47843437591519,0.6784343759151952
20139,Kansas,KS,Osage County,39.7,37.7061502419015,-1.9938497580985057
20065,Kansas,KS,Graham County,38.3,39.12970593186533,0.8297059318653339
20123,Kansas,KS,Mitchell County,40.1,38.83980007770839,-1.260199922291612
20145,Kansas,KS,Pawnee County,41.5,37.90202738313083,-3.5979726168691712
20055,Kansas,KS,Finney County,43.5,37.94436459443858,-5.555635405561418
20187,Kansas,KS,Stanton County,43.2,39.275152621330705,-3.9248473786692983
50021,Vermont,VT,Rutland County,30.7,32.63941327137075,1.93941327137075
13091,Georgia,GA,Dodge County,44.6,42.367306851753824,-2.2326931482461774
13165,Georgia,GA,Jenkins County,44.5,43.811920507565745,-0.6880794924342553
18011,Indiana,IN,Boone County,35.5,35.64253188348753,0.14253188348752843
18149,Indiana,IN,Starke County,40.1,39.31005471798813,-0.7899452820118711
47179,Tennessee,TN,Washington County,37.1,36.13935888190171,-0.9606411180982946
20031,Kansas,KS,Coffey County,39.5,37.59642244162277,-1.9035775583772292
20041,Kansas,KS,Dickinson County,38.7,38.82054868285032,0.12054868285031972
20193,Kansas,KS,Thomas County,34.3,37.55534891845623,3.255348918456235
20067,Kansas,KS,Grant County,40.8,39.141901228327285,-1.6580987716727122
20049,Kansas,KS,Elk County,42.4,37.90348406441013,-4.496515935589869
51035,Virginia,VA,Carroll County,38.9,38.73625451178005,-0.16374548821995205
51810,Virginia,VA,Virginia Beach city,32.9,30.4102627610257,-2.4897372389742998
31071,Nebraska,NE,Garfield County,37.9,37.788329956155295,-0.11167004384470403
31009,Nebraska,NE,Blaine County,39.4,37.46966529661312,-1.930334703386876
31007,Nebraska,NE,Banner County,39.0,36.06128612769309,-2.938713872306913
31149,Nebraska,NE,Rock County,41.0,38.31030636057444,-2.6896936394255633
32001,Nevada,NV,Churchill County,33.6,36.5848765030024,2.984876503002397
47017,Tennessee,TN,Carroll County,40.6,39.9959618340886,-0.6040381659114047
47113,Tennessee,TN,Madison County,39.5,39.87885903713283,0.37885903713282687
47071,Tennessee,TN,Hardin County,37.5,39.121650025045064,1.6216500250450636
20159,Kansas,KS,Rice County,36.9,39.054446861754094,2.1544468617540957
20025,Kansas,KS,Clark County,38.9,35.82340207925376,-3.076597920746238
20141,Kansas,KS,Osborne County,38.5,38.85724336437469,0.35724336437468907
21227,Kentucky,KY,Warren County,36.3,37.074948692066755,0.7749486920667579
51590,Virginia,VA,Danville city,45.7,43.86865393779006,-1.8313460622099456
51115,Virginia,VA,Mathews County,33.3,34.21429778415144,0.9142977841514437
32510,Nevada,NV,Carson City,32.6,31.31470674313951,-1.2852932568604913
32029,Nevada,NV,Storey County,31.3,26.0883099545346,-5.211690045465399
35061,New Mexico,NM,Valencia County,35.5,39.41237634793538,3.9123763479353784
47043,Tennessee,TN,Dickson County,35.1,38.646593145634014,3.546593145634013
21149,Kentucky,KY,McLean County,39.8,39.760080889488755,-0.039919110511242195
21001,Kentucky,KY,Adair County,37.3,41.92366511504243,4.623665115042435
51800,Virginia,VA,Suffolk city,41.5,38.0698637003112,-3.4301362996887974
51025,Virginia,VA,Brunswick County,45.3,43.190223611082104,-2.1097763889178935
35057,New Mexico,NM,Torrance County,34.8,39.72779675758051,4.927796757580516
35047,New Mexico,NM,San Miguel County,35.1,39.73066676283139,4.630666762831389
35005,New Mexico,NM,Chaves County,42.0,40.02386520139357,-1.9761347986064308
47007,Tennessee,TN,Bledsoe County,42.8,40.29029941554481,-2.5097005844551887
47153,Tennessee,TN,Sequatchie County,38.9,37.669841636260955,-1.2301583637390436
21137,Kentucky,KY,Lincoln County,40.2,41.47175726056456,1.2717572605645557
21021,Kentucky,KY,Boyle County,38.0,38.290319153457354,0.2903191534573537
51043,Virginia,VA,Clarke County,34.1,32.61669195671773,-1.4833080432822712
53013,Washington,WA,Columbia County,38.3,32.54147854126873,-5.758521458731266
35028,New Mexico,NM,Los Alamos County,22.4,29.74684569023843,7.346845690238432
36001,New York,NY,Albany County,33.5,33.24260654592996,-0.25739345407004066
54009,West Virginia,WV,Brooke County,39.8,38.52866812851123,-1.2713318714887691
54089,West Virginia,WV,Summers County,42.8,40.23271717819604,-2.567282821803957
21129,Kentucky,KY,Lee County,43.3,43.25874660550999,-0.0412533944900062
21233,Kentucky,KY,Webster County,38.2,40.27327823544712,2.0732782354471198
54055,West Virginia,WV,Mercer County,42.5,39.93490189279383,-2.5650981072061683
54077,West Virginia,WV,Preston County,41.0,38.40803614118375,-2.59196385881625
37001,North Carolina,NC,Alamance County,38.0,37.485702588451026,-0.5142974115489736
37063,North Carolina,NC,Durham County,32.5,32.149337987377706,-0.35066201262229413
54035,West Virginia,WV,Jackson County,37.1,39.190394996572955,2.090394996572954
55127,Wisconsin,WI,Walworth County,33.3,32.36191408028129,-0.9380859197187092
21171,Kentucky,KY,Monroe County,39.4,42.36025254403108,2.9602525440310785
21091,Kentucky,KY,Hancock County,38.4,39.79259682620488,1.3925968262048798
54069,West Virginia,WV,Ohio County,38.1,36.54571765548352,-1.55428234451648
05053,Arkansas,AR,Grant County,35.5,38.741529913077166,3.2415299130771658
37035,North Carolina,NC,Catawba County,34.1,35.65280614446591,1.5528061444659116
37109,North Carolina,NC,Lincoln County,33.2,36.95758361954717,3.7575836195471695
55089,Wisconsin,WI,Ozaukee County,34.0,33.19206612950214,-0.8079338704978625
55009,Wisconsin,WI,Brown County,36.6,36.51687002465648,-0.08312997534352462
46135,South Dakota,SD,Yankton County,35.3,36.98519954115431,1.6851995411543115
46053,South Dakota,SD,Gregory County,36.8,38.34436494753676,1.5443649475367636
05083,Arkansas,AR,Logan County,37.7,40.09684851157035,2.3968485115703473
05129,Arkansas,AR,Searcy County,40.8,39.464547563230155,-1.3354524367698417
06005,California,CA,Amador County,27.3,31.319120934630043,4.019120934630042
08089,Colorado,CO,Otero County,31.6,39.348150719872045,7.748150719872044
38015,North Dakota,ND,Burleigh County,39.2,36.736781111109686,-2.4632188888903173
55083,Wisconsin,WI,Oconto County,39.9,36.05517095775428,-3.8448290422457205
55071,Wisconsin,WI,Manitowoc County,43.5,36.32530682095222,-7.174693179047779
46121,South Dakota,SD,Todd County,44.3,44.69275850671889,0.39275850671889145
46039,South Dakota,SD,Deuel County,34.9,38.46318697884271,3.563186978842708
46011,South Dakota,SD,Brookings County,37.8,35.69251266299222,-2.1074873370077754
08101,Colorado,CO,Pueblo County,31.4,37.33602499035632,5.936024990356323
08003,Colorado,CO,Alamosa County,31.9,38.002351084325205,6.102351084325207
08011,Colorado,CO,Bent County,33.1,40.313575923300355,7.213575923300354
38057,North Dakota,ND,Mercer County,36.3,36.62027828879832,0.32027828879832043
38091,North Dakota,ND,Steele County,37.2,35.889470471893816,-1.310529528106187
38083,North Dakota,ND,Sheridan County,37.4,39.11628496880175,1.7162849688017516
55065,Wisconsin,WI,Lafayette County,39.5,37.91232657721487,-1.5876734227851301
55125,Wisconsin,WI,Vilas County,35.1,33.54926435850845,-1.5507356414915492
55109,Wisconsin,WI,St. Croix County,33.6,33.70589922063801,0.10589922063800827
46081,South Dakota,SD,Lawrence County,35.0,32.72615373621732,-2.27384626378268
46031,South Dakota,SD,Corson County,46.2,42.792426684662246,-3.407573315337757
08014,Colorado,CO,Broomfield County,24.6,25.980928160556363,1.380928160556362
12049,Florida,FL,Hardee County,40.3,41.78589631387982,1.4858963138798202
12077,Florida,FL,Liberty County,40.8,40.870870249422985,0.07087024942298825
13161,Georgia,GA,Jeff Davis County,41.3,42.38796250541716,1.0879625054171598
13197,Georgia,GA,Marion County,39.9,42.29241075825264,2.3924107582526446
56045,Wyoming,WY,Weston County,35.0,36.62232643776254,1.6223264377625384
05047,Arkansas,AR,Franklin County,40.1,39.6239800553769,-0.47601994462310415
05123,Arkansas,AR,St. Francis County,44.5,45.346623737913994,0.846623737913994
47181,Tennessee,TN,Wayne County,40.3,40.621211760655555,0.321211760655558
13175,Georgia,GA,Laurens County,41.5,42.16859026296691,0.6685902629669087
13081,Georgia,GA,Crisp County,44.8,44.60630981740976,-0.19369018259023818
13003,Georgia,GA,Atkinson County,42.1,42.71290223472812,0.6129022347281179
01007,Alabama,AL,Bibb County,41.4,40.79335045123285,-0.6066495487671517
38011,North Dakota,ND,Bowman County,37.2,36.7947155804981,-0.4052844195019034
27117,Minnesota,MN,Pipestone County,39.5,38.74391599023416,-0.7560840097658428
29091,Missouri,MO,Howell County,40.5,40.51583918389512,0.015839183895117515
47115,Tennessee,TN,Marion County,40.8,39.286395715385915,-1.5136042846140825
47095,Tennessee,TN,Lake County,44.8,41.88393550680169,-2.9160644931983057
13247,Georgia,GA,Rockdale County,44.9,40.39830053496347,-4.5016994650365305
13015,Georgia,GA,Bartow County,37.8,38.42020948913056,0.6202094891305663
17169,Illinois,IL,Schuyler County,39.3,37.623861292264515,-1.6761387077354826
16047,Idaho,ID,Gooding County,37.4,36.20631944644368,-1.1936805535563195
29209,Missouri,MO,Stone County,40.0,36.6151561804955,-3.3848438195045034
31061,Nebraska,NE,Franklin County,42.3,38.88009484095701,-3.4199051590429903
17015,Illinois,IL,Carroll County,36.0,37.26035023384669,1.2603502338466868
47125,Tennessee,TN,Montgomery County,42.6,38.64730284523901,-3.9526971547609904
47161,Tennessee,TN,Stewart County,36.6,38.75451935426911,2.1545193542691052
13097,Georgia,GA,Douglas County,42.8,40.57410528473568,-2.2258947152643174
13321,Georgia,GA,Worth County,39.1,41.239028991042034,2.139028991042032
16037,Idaho,ID,Custer County,32.8,34.10977273049812,1.3097727304981248
17005,Illinois,IL,Bond County,37.6,37.190574125343325,-0.40942587465667657
17187,Illinois,IL,Warren County,37.7,36.28001058882493,-1.4199894111750737
17145,Illinois,IL,Perry County,39.5,38.38902668845131,-1.1109733115486904
17065,Illinois,IL,Hamilton County,37.8,39.209836291850515,1.4098362918505174
20015,Kansas,KS,Butler County,40.1,37.23482848598496,-2.8651715140150387
18047,Indiana,IN,Franklin County,37.7,38.0458526783198,0.34585267831979394
19173,Iowa,IA,Taylor County,40.3,37.3449702595543,-2.9550297404456956
19109,Iowa,IA,Kossuth County,37.6,38.778821612697755,1.178821612697753
48489,Texas,TX,Willacy County,48.8,44.165956781655105,-4.6340432183448925
48479,Texas,TX,Webb County,41.5,42.46315157757381,0.9631515775738109
48201,Texas,TX,Harris County,35.2,36.24080417004687,1.0408041700468686
48165,Texas,TX,Gaines County,40.3,40.268446306455445,-0.031553693544552175
48369,Texas,TX,Parmer County,40.0,40.3055696093519,0.3055696093518989
13063,Georgia,GA,Clayton County,45.4,43.011282659760994,-2.3887173402390047
13211,Georgia,GA,Morgan County,36.1,38.30725870921269,2.207258709212688
17159,Illinois,IL,Richland County,37.4,36.788585213798555,-0.6114147862014434
17079,Illinois,IL,Jasper County,35.0,38.952782168760336,3.9527821687603364
17049,Illinois,IL,Effingham County,35.5,36.79897555644504,1.2989755564450434
20125,Kansas,KS,Montgomery County,45.1,40.092437021020594,-5.007562978979408
20039,Kansas,KS,Decatur County,38.6,38.389418567539735,-0.21058143246026617
20089,Kansas,KS,Jewell County,40.5,39.031069279423505,-1.4689307205764948
18059,Indiana,IN,Hancock County,35.8,37.02847140672747,1.228471406727472
48147,Texas,TX,Fannin County,37.8,38.41392835498083,0.6139283549808354
48111,Texas,TX,Dallam County,40.1,38.57885180666894,-1.521148193331058
50019,Vermont,VT,Orleans County,32.9,37.24208176612524,4.34208176612524
13005,Georgia,GA,Bacon County,41.3,42.185625143276816,0.885625143276819
13187,Georgia,GA,Lumpkin County,35.1,32.842848060662455,-2.2571519393375468
18099,Indiana,IN,Marshall County,35.9,35.82762496589443,-0.07237503410556911
19133,Iowa,IA,Monona County,40.9,39.23128435319,-1.66871564681
19051,Iowa,IA,Davis County,40.3,35.586141821172205,-4.713858178827792
19065,Iowa,IA,Fayette County,39.7,39.51898826188746,-0.18101173811254512
19015,Iowa,IA,Boone County,38.6,38.31364649387423,-0.2863535061257707
19183,Iowa,IA,Washington County,40.7,38.74945551933162,-1.950544480668384
19113,Iowa,IA,Linn County,37.3,36.88624028244152,-0.4137597175584773
19039,Iowa,IA,Clarke County,42.5,38.8302934661564,-3.669706533843602
41063,Oregon,OR,Wallowa County,30.4,32.804721702876876,2.404721702876877
41059,Oregon,OR,Umatilla County,37.8,38.04949484891824,0.24949484891824625
33003,New Hampshire,NH,Carroll County,28.5,31.46484713050984,2.9648471305098383
33019,New Hampshire,NH,Sullivan County,32.3,34.600114731564794,2.300114731564797
35009,New Mexico,NM,Curry County,34.9,39.91811255158208,5.018112551582078
19097,Iowa,IA,Jackson County,41.8,39.058520870625834,-2.741479129374163
26073,Michigan,MI,Isabella County,38.5,38.48224191158297,-0.017758088417032525
19059,Iowa,IA,Dickinson County,36.9,34.90623784585119,-1.9937621541488113
19095,Iowa,IA,Iowa County,35.7,37.65225257440953,1.9522525744095276
19135,Iowa,IA,Monroe County,37.5,39.480694570342784,1.9806945703427843
19197,Iowa,IA,Wright County,41.8,37.806739402964226,-3.9932605970357713
20095,Kansas,KS,Kingman County,40.7,37.642024569193026,-3.0579754308069766
20113,Kansas,KS,McPherson County,35.3,36.69135883703106,1.3913588370310634
20151,Kansas,KS,Pratt County,38.7,38.46303328372838,-0.23696671627162402
41029,Oregon,OR,Jackson County,35.9,31.251780891766806,-4.648219108233192
02230,Alaska,AK,Skagway Municipality,33.0,29.824582086528245,-3.1754179134717546
42039,Pennsylvania,PA,Crawford County,37.8,38.12369273565488,0.32369273565488044
35015,New Mexico,NM,Eddy County,39.1,37.99143824434725,-1.108561755652751
36101,New York,NY,Steuben County,36.6,38.16820747416894,1.5682074741689362
17067,Illinois,IL,Hancock County,35.1,38.36974642220467,3.269746422204669
16021,Idaho,ID,Boundary County,30.9,37.53805705442446,6.638057054424465
26125,Michigan,MI,Oakland County,29.7,30.939021580754783,1.239021580754784
26047,Michigan,MI,Emmet County,31.4,32.689641582013856,1.2896415820138571
17179,Illinois,IL,Tazewell County,35.2,37.717376058872695,2.517376058872692
20045,Kansas,KS,Douglas County,37.7,35.61651422071006,-2.083485779289944
20101,Kansas,KS,Lane County,40.3,36.84725004669847,-3.4527499533015273
20003,Kansas,KS,Anderson County,36.4,38.20333085475543,1.8033308547554299
20073,Kansas,KS,Greenwood County,39.7,38.206872823368265,-1.493127176631738
42015,Pennsylvania,PA,Bradford County,34.9,38.048733227466485,3.1487332274664865
44001,Rhode Island,RI,Bristol County,25.6,27.951986552488982,2.351986552488981
45033,South Carolina,SC,Dillon County,42.3,45.74408925003928,3.4440892500392835
25027,Massachusetts,MA,Worcester County,32.7,31.52716483567734,-1.172835164322663
26097,Michigan,MI,Mackinac County,38.1,35.29554047062358,-2.804459529376423
16081,Idaho,ID,Teton County,28.8,29.030282027126223,0.23028202712622203
16057,Idaho,ID,Latah County,29.1,34.28876636156016,5.188766361560155
26035,Michigan,MI,Clare County,42.3,38.94919730602399,-3.350802693976007
19167,Iowa,IA,Sioux County,34.0,34.502526259194,0.5025262591939992
27033,Minnesota,MN,Cottonwood County,39.3,37.26203510211132,-2.0379648978886777
39143,Ohio,OH,Sandusky County,42.2,38.62323082843741,-3.5767691715625958
22023,Louisiana,LA,Cameron Parish,39.8,39.24821335917901,-0.5517866408209855
26083,Michigan,MI,Keweenaw County,34.3,37.01461384435369,2.7146138443536927
26159,Michigan,MI,Van Buren County,39.5,38.66397098741242,-0.8360290125875807
26149,Michigan,MI,St. Joseph County,37.4,39.24540116495057,1.845401164950573
16017,Idaho,ID,Bonner County,26.7,35.622258734364166,8.922258734364167
17085,Illinois,IL,Jo Daviess County,34.2,34.99050242100152,0.7905024210015199
19103,Iowa,IA,Johnson County,30.9,32.67580924726983,1.7758092472698337
27001,Minnesota,MN,Aitkin County,36.2,37.51420879132208,1.3142087913220806
20007,Kansas,KS,Barber County,41.9,38.06531441207567,-3.8346855879243265
20121,Kansas,KS,Miami County,35.4,38.01417312627815,2.6141731262781533
22027,Louisiana,LA,Claiborne Parish,45.1,44.12479030188069,-0.9752096981193148
22019,Louisiana,LA,Calcasieu Parish,43.0,40.154545337705805,-2.8454546622941947
24021,Maryland,MD,Frederick County,31.2,31.307302455016604,0.10730245501660463
26153,Michigan,MI,Schoolcraft County,37.5,36.27416611760705,-1.2258338823929478
26009,Michigan,MI,Antrim County,34.8,36.59037607204964,1.7903760720496393
17167,Illinois,IL,Sangamon County,38.3,36.878724996995814,-1.4212750030041832
16009,Idaho,ID,Benewah County,34.0,37.47975302866076,3.4797530286607596
40109,Oklahoma,OK,Oklahoma County,39.4,38.16157530986437,-1.2384246901356306
40017,Oklahoma,OK,Canadian County,42.4,36.018634201396274,-6.381365798603724
25009,Massachusetts,MA,Essex County,30.8,31.10689672352123,0.30689672352123054
25019,Massachusetts,MA,Nantucket County,28.3,25.970240198812036,-2.329759801187965
36073,New York,NY,Orleans County,36.2,37.488461760866606,1.2884617608666034
36079,New York,NY,Putnam County,30.1,29.375345484088836,-0.7246545159111655
27063,Minnesota,MN,Jackson County,40.0,38.416758858767615,-1.583241141232385
27169,Minnesota,MN,Winona County,34.8,34.70950491779789,-0.09049508220211067
27155,Minnesota,MN,Traverse County,38.3,38.028535274076674,-0.27146472592332316
17133,Illinois,IL,Monroe County,32.6,31.86885571539942,-0.7311442846005818
17059,Illinois,IL,Gallatin County,38.4,39.087592899771,0.6875928997710048
40015,Oklahoma,OK,Caddo County,41.0,40.03695376725486,-0.9630462327451426
01011,Alabama,AL,Bullock County,49.4,47.634333127305354,-1.765666872694645
20147,Kansas,KS,Phillips County,37.6,38.46701154426158,0.8670115442615796
36081,New York,NY,Queens County,24.7,28.255164699005658,3.5551646990056582
36033,New York,NY,Franklin County,36.6,38.948996615530085,2.3489966155300834
36083,New York,NY,Rensselaer County,34.6,34.40432915091166,-0.1956708490883443
27099,Minnesota,MN,Mower County,40.7,37.79475671636562,-2.905243283634384
28047,Mississippi,MS,Harrison County,34.7,39.927142277930685,5.227142277930682
17181,Illinois,IL,Union County,37.6,38.39255805785452,0.7925580578545208
17193,Illinois,IL,White County,38.1,39.46085140084279,1.3608514008427903
20201,Kansas,KS,Washington County,40.3,38.792092997159294,-1.5079070028407031
20019,Kansas,KS,Chautauqua County,40.3,38.51754735460298,-1.782452645397015
20119,Kansas,KS,Meade County,40.4,36.93292219961715,-3.467077800382846
20077,Kansas,KS,Harper County,42.3,39.14658821521152,-3.1534117847884744
20199,Kansas,KS,Wallace County,40.6,38.068040141108945,-2.5319598588910566
36021,New York,NY,Columbia County,33.0,30.60357920352839,-2.3964207964716095
36107,New York,NY,Tioga County,35.2,36.812071187188586,1.612071187188583
28045,Mississippi,MS,Hancock County,36.3,38.89227457240509,2.5922745724050955
28153,Mississippi,MS,Wayne County,45.5,44.774284459976734,-0.7257155400232662
28039,Mississippi,MS,George County,40.4,40.01561446039071,-0.38438553960929056
17101,Illinois,IL,Lawrence County,37.8,40.13405075740777,2.3340507574077733
17131,Illinois,IL,Mercer County,36.8,38.51002497831861,1.7100249783186143
17177,Illinois,IL,Stephenson County,42.1,37.890913455836454,-4.209086544163547
36057,New York,NY,Montgomery County,36.0,38.53468188419942,2.534681884199422
01027,Alabama,AL,Clay County,39.6,40.303956152103694,0.703956152103693
21145,Kentucky,KY,McCracken County,41.6,37.791562386086085,-3.8084376139139167
37179,North Carolina,NC,Union County,31.1,36.36711556059831,5.267115560598306
29119,Missouri,MO,McDonald County,41.2,40.20374061164158,-0.9962593883584248
29213,Missouri,MO,Taney County,39.2,37.391764386255886,-1.8082356137441167
29011,Missouri,MO,Barton County,42.7,39.849818065998235,-2.8501819340017676
17203,Illinois,IL,Woodford County,34.2,37.21643590023078,3.016435900230775
20107,Kansas,KS,Linn County,38.6,39.47607183792026,0.8760718379202572
29051,Missouri,MO,Cole County,36.7,38.410360493496256,1.7103604934962533
36099,New York,NY,Seneca County,37.4,36.90171732177258,-0.4982826782274188
21117,Kentucky,KY,Kenton County,34.7,37.9671366712671,3.267136671267096
37011,North Carolina,NC,Avery County,33.1,36.56772040604405,3.4677204060440516
37073,North Carolina,NC,Gates County,37.3,39.10344503729422,1.8034450372942246
29021,Missouri,MO,Buchanan County,40.1,39.496144482191745,-0.6038555178082561
29165,Missouri,MO,Platte County,39.5,32.78020342650327,-6.71979657349673
17113,Illinois,IL,McLean County,35.4,36.0308699146613,0.6308699146613037
17115,Illinois,IL,Macon County,37.1,39.86534475955202,2.765344759552022
36109,New York,NY,Tompkins County,33.0,31.384297107584047,-1.6157028924159533
21037,Kentucky,KY,Campbell County,35.5,36.914396142211736,1.4143961422117357
37185,North Carolina,NC,Warren County,42.0,43.139545484353974,1.1395454843539738
38051,North Dakota,ND,McIntosh County,40.9,36.107560677815435,-4.792439322184563
39135,Ohio,OH,Preble County,38.5,39.378350309784466,0.8783503097844658
29147,Missouri,MO,Nodaway County,42.3,38.688561853164295,-3.6114381468357024
29111,Missouri,MO,Lewis County,39.9,40.89786348300062,0.9978634830006214
29097,Missouri,MO,Jasper County,35.8,39.80674663631616,4.006746636316166
20091,Kansas,KS,Johnson County,31.6,30.943704834776803,-0.6562951652231988
21041,Kentucky,KY,Carroll County,40.4,40.32691309671648,-0.0730869032835173
48085,Texas,TX,Collin County,28.6,29.671292657187447,1.0712926571874455
39015,Ohio,OH,Brown County,42.6,39.792925497043505,-2.807074502956496
39105,Ohio,OH,Meigs County,48.7,41.94841799348424,-6.751582006515761
29009,Missouri,MO,Barry County,38.4,38.79605955247997,0.3960595524799686
29173,Missouri,MO,Ralls County,40.0,39.162845041151634,-0.837154958848366
29129,Missouri,MO,Mercer County,42.4,39.349885365289246,-3.050114634710752
34017,New Jersey,NJ,Hudson County,30.7,25.556696271157897,-5.143303728842103
18171,Indiana,IN,Warren County,36.5,37.24395199132728,0.743951991327279
55101,Wisconsin,WI,Racine County,40.0,37.053720631726755,-2.9462793682732453
18181,Indiana,IN,White County,39.3,38.36115714638578,-0.9388428536142186
18017,Indiana,IN,Cass County,40.3,38.27173974897677,-2.0282602510232266
18081,Indiana,IN,Johnson County,42.1,35.63159925185068,-6.468400748149321
39111,Ohio,OH,Monroe County,43.0,38.71809909096862,-4.281900909031378
39029,Ohio,OH,Columbiana County,47.0,39.781158487670275,-7.218841512329725
30067,Montana,MT,Park County,27.7,32.62838264745784,4.928382647457841
30091,Montana,MT,Sheridan County,32.7,35.3928732026333,2.6928732026332938
31105,Nebraska,NE,Kimball County,43.8,36.29821870996151,-7.501781290038487
31029,Nebraska,NE,Chase County,38.5,37.83650240130797,-0.6634975986920324
17019,Illinois,IL,Champaign County,35.5,33.0425663975928,-2.4574336024071997
20173,Kansas,KS,Sedgwick County,33.5,37.053902405790446,3.5539024057904456
18039,Indiana,IN,Elkhart County,42.5,38.532854829360765,-3.9671451706392347
18067,Indiana,IN,Howard County,41.9,38.90612489678062,-2.9938751032193807
18013,Indiana,IN,Brown County,36.9,33.88463342972713,-3.0153665702728674
18109,Indiana,IN,Morgan County,37.8,38.26718696201928,0.46718696201928367
18003,Indiana,IN,Allen County,38.3,37.85391226282635,-0.4460877371736487
18169,Indiana,IN,Wabash County,36.9,38.36798606664197,1.46798606664197
39093,Ohio,OH,Lorain County,39.6,36.97458537680143,-2.625414623198573
39155,Ohio,OH,Trumbull County,44.6,38.96955035145333,-5.630449648546673
40003,Oklahoma,OK,Alfalfa County,37.7,38.19257214993725,0.49257214993724574
31169,Nebraska,NE,Thayer County,40.2,36.76829857527108,-3.431701424728921
31157,Nebraska,NE,Scotts Bluff County,42.0,37.272128445659426,-4.727871554340574
31027,Nebraska,NE,Cedar County,40.4,38.382859166108965,-2.017140833891034
18115,Indiana,IN,Ohio County,38.1,36.29304937142354,-1.806950628576459
18177,Indiana,IN,Wayne County,39.4,39.858144188399166,0.45814418839916726
18135,Indiana,IN,Randolph County,38.9,40.08575728888915,1.1857572888891497
18137,Indiana,IN,Ripley County,37.4,37.59750930553923,0.19750930553923496
18023,Indiana,IN,Clinton County,39.1,38.647836796341565,-0.45216320365843643
18133,Indiana,IN,Putnam County,39.4,36.86022685096742,-2.539773149032577
40139,Oklahoma,OK,Texas County,41.3,39.67829180280804,-1.621708197191957
40147,Oklahoma,OK,Washington County,41.6,38.22053193387409,-3.3794680661259093
40085,Oklahoma,OK,Love County,43.5,38.78684684559729,-4.713153154402711
02105,Alaska,AK,Hoonah-Angoon Census Area,31.7,36.12823916709311,4.428239167093114
31015,Nebraska,NE,Boyd County,40.7,36.45150463416664,-4.248495365833364
31025,Nebraska,NE,Cass County,38.1,38.67929409344671,0.5792940934467055
26081,Michigan,MI,Kent County,33.5,35.74201984888598,2.242019848885981
17073,Illinois,IL,Henry County,34.7,39.047598879506914,4.347598879506911
19185,Iowa,IA,Wayne County,39.3,38.54709044980101,-0.7529095501989858
18025,Indiana,IN,Crawford County,41.0,39.90865603596445,-1.091343964035552
18119,Indiana,IN,Owen County,39.9,38.60227102049237,-1.2977289795076317
19033,Iowa,IA,Cerro Gordo County,38.4,37.16465030081568,-1.2353496991843187
02150,Alaska,AK,Kodiak Island Borough,30.3,33.24328425976454,2.9432842597645426
40129,Oklahoma,OK,Roger Mills County,40.3,38.733285325587694,-1.566714674412303
31165,Nebraska,NE,Sioux County,40.9,37.0312943119424,-3.868705688057595
31131,Nebraska,NE,Otoe County,37.2,38.312241423318696,1.112241423318693
32023,Nevada,NV,Nye County,32.0,34.965576938863464,2.965576938863464
26155,Michigan,MI,Shiawassee County,36.1,38.06943582493567,1.9694358249356654
19053,Iowa,IA,Decatur County,38.1,40.7851116027236,2.6851116027236017
19057,Iowa,IA,Des Moines County,36.6,39.069891083131054,2.4698910831310528
55137,Wisconsin,WI,Waushara County,41.8,36.70170433324922,-5.098295666750779
56009,Wyoming,WY,Converse County,37.0,38.35916970907047,1.3591697090704713
56027,Wyoming,WY,Niobrara County,36.9,36.058149646613245,-0.8418503533867536
05135,Arkansas,AR,Sharp County,38.0,39.82418584458097,1.8241858445809669
21023,Kentucky,KY,Bracken County,37.2,39.59285443832225,2.392854438322246
25007,Massachusetts,MA,Dukes County,28.6,27.946590851652115,-0.6534091483478868
25003,Massachusetts,MA,Berkshire County,28.9,32.179442110352085,3.279442110352086
17137,Illinois,IL,Morgan County,37.3,37.448341469613915,0.1483414696139178
05035,Arkansas,AR,Crittenden County,41.5,45.6106328692572,4.110632869257202
39007,Ohio,OH,Ashtabula County,43.1,40.20526389675285,-2.894736103247155
02068,Alaska,AK,Denali Borough,30.8,28.517566696972505,-2.2824333030274957
41049,Oregon,OR,Morrow County,37.4,37.988353753440606,0.5883537534406074
05055,Arkansas,AR,Greene County,37.6,39.97248800809078,2.3724880080907766
08085,Colorado,CO,Montrose County,33.6,32.93379770348165,-0.6662022965183496
26023,Michigan,MI,Branch County,39.6,38.84729235555948,-0.7527076444405196
34037,New Jersey,NJ,Sussex County,29.3,30.020590118728805,0.7205901187288042
36023,New York,NY,Cortland County,34.0,35.97822138730498,1.978221387304977
05089,Arkansas,AR,Marion County,36.8,38.359620088175504,1.5596200881755067
42105,Pennsylvania,PA,Potter County,38.2,38.41560197108402,0.2156019710840198
42085,Pennsylvania,PA,Mercer County,35.7,37.86217891590264,2.1621789159026363
48431,Texas,TX,Sterling County,36.7,38.20293511467424,1.5029351146742371
51770,Virginia,VA,Roanoke city,36.4,38.2238249508382,1.8238249508382012
12011,Florida,FL,Broward County,31.8,33.83857168339994,2.0385716833999403
12127,Florida,FL,Volusia County,33.9,34.84169328640704,0.9416932864070446
36097,New York,NY,Schuyler County,37.6,36.00658206690271,-1.5934179330972924
36041,New York,NY,Hamilton County,37.3,34.595203399066165,-2.7047966009338325
37195,North Carolina,NC,Wilson County,39.2,40.354893317225496,1.1548933172254934
27025,Minnesota,MN,Chisago County,38.3,36.20361112879729,-2.0963888712027057
27091,Minnesota,MN,Martin County,38.0,38.227975247423686,0.2279752474236858
26001,Michigan,MI,Alcona County,36.6,37.31804808418302,0.7180480841830175
51011,Virginia,VA,Appomattox County,42.4,39.12718628740817,-3.2728137125918266
51173,Virginia,VA,Smyth County,40.7,39.96336912831408,-0.7366308716859251
13145,Georgia,GA,Harris County,32.7,36.28630255688834,3.5863025568883344
13143,Georgia,GA,Haralson County,33.8,38.88963978967975,5.089639789679751
13083,Georgia,GA,Dade County,36.0,35.26162465984447,-0.7383753401555282
37003,North Carolina,NC,Alexander County,33.8,37.51638317505456,3.7163831750545597
37189,North Carolina,NC,Watauga County,33.7,33.51428125639795,-0.18571874360205243
28075,Mississippi,MS,Lauderdale County,39.3,44.36696953644957,5.0669695364495695
28003,Mississippi,MS,Alcorn County,42.4,40.58110130386199,-1.8188986961380067
28011,Mississippi,MS,Bolivar County,45.6,47.43111342846273,1.8311134284627286
51750,Virginia,VA,Radford city,38.1,39.25311474276937,1.1531147427693682
51630,Virginia,VA,Fredericksburg city,38.2,31.133560041460058,-7.066439958539945
51157,Virginia,VA,Rappahannock County,36.1,30.241012856463392,-5.858987143536609
51670,Virginia,VA,Hopewell city,45.9,44.04567873727103,-1.8543212627289662
51640,Virginia,VA,Galax city,41.1,38.89799590576359,-2.2020040942364147
13275,Georgia,GA,Thomas County,38.7,41.9531311893256,3.2531311893256003
13259,Georgia,GA,Stewart County,43.2,40.119751749090696,-3.0802482509093068
38063,North Dakota,ND,Nelson County,39.2,35.936372102380545,-3.2636278976194575
38047,North Dakota,ND,Logan County,38.2,38.124213788631984,-0.075786211368019
39023,Ohio,OH,Clark County,41.8,39.029953401222095,-2.7700465987779026
39041,Ohio,OH,Delaware County,32.2,30.076042716079744,-2.1239572839202587
28095,Mississippi,MS,Monroe County,40.9,41.40160502758832,0.5016050275883188
46017,South Dakota,SD,Buffalo County,44.4,46.324326063322275,1.924326063322276
55053,Wisconsin,WI,Jackson County,44.5,38.88630316995565,-5.613696830044347
55015,Wisconsin,WI,Calumet County,39.7,36.58896909777027,-3.1110309022297358
55005,Wisconsin,WI,Barron County,39.4,38.119716898118014,-1.2802831018819845
55067,Wisconsin,WI,Langlade County,39.7,37.25732966056737,-2.442670339432631
13065,Georgia,GA,Clinch County,44.9,43.188375535847214,-1.7116244641527842
17151,Illinois,IL,Pope County,37.7,37.84937549787693,0.1493754978769246
17023,Illinois,IL,Clark County,35.0,39.00710145567457,4.007101455674572
39109,Ohio,OH,Miami County,39.8,38.09544162155629,-1.704558378443707
39159,Ohio,OH,Union County,37.4,33.68183140623277,-3.7181685937672313
39019,Ohio,OH,Carroll County,40.7,38.633810625294046,-2.0661893747059565
47075,Tennessee,TN,Haywood County,44.3,45.013357033195355,0.7133570331953578
47023,Tennessee,TN,Chester County,39.2,40.437875792368025,1.2378757923680226
26091,Michigan,MI,Lenawee County,42.4,37.837648908746296,-4.562351091253703
26151,Michigan,MI,Sanilac County,38.5,39.33744261843517,0.8374426184351691
17195,Illinois,IL,Whiteside County,35.3,37.98125560032967,2.6812556003296706
18019,Indiana,IN,Clark County,41.2,37.34934742499275,-3.8506525750072527
40083,Oklahoma,OK,Logan County,42.2,39.077377444015546,-3.1226225559844565
40091,Oklahoma,OK,McIntosh County,42.1,38.71341538989016,-3.3865846101098427
47101,Tennessee,TN,Lewis County,39.0,40.16628313276172,1.1662831327617198
47133,Tennessee,TN,Overton County,38.0,39.88958201570837,1.8895820157083705
26031,Michigan,MI,Cheboygan County,36.8,35.85985397363248,-0.9401460263675148
26069,Michigan,MI,Iosco County,38.2,36.649626068880735,-1.5503739311192675
18153,Indiana,IN,Sullivan County,38.1,40.680920578768045,2.580920578768044
18077,Indiana,IN,Jefferson County,38.4,37.05827791440721,-1.3417220855927852
18127,Indiana,IN,Porter County,37.0,34.13423828081688,-2.8657617191831193
40107,Oklahoma,OK,Okfuskee County,44.6,42.53435617336434,-2.0656438266356645
40043,Oklahoma,OK,Dewey County,40.8,38.3148086381325,-2.4851913618675
48209,Texas,TX,Hays County,34.4,34.290582933510436,-0.10941706648956284
48121,Texas,TX,Denton County,30.7,32.74568339557392,2.0456833955739206
48303,Texas,TX,Lubbock County,36.3,37.636373267924384,1.3363732679243867
48399,Texas,TX,Runnels County,38.1,39.65347887698437,1.5534788769843715
27157,Minnesota,MN,Wabasha County,33.1,38.469876395224766,5.369876395224765
28005,Mississippi,MS,Amite County,45.0,42.95042276466396,-2.049577235336038
18075,Indiana,IN,Jay County,42.1,39.98353954417271,-2.116460455827294
18163,Indiana,IN,Vanderburgh County,39.3,39.15964337846478,-0.14035662153521855
18155,Indiana,IN,Switzerland County,39.5,38.79263569988851,-0.7073643001114931
41053,Oregon,OR,Polk County,34.4,34.22475401880908,-0.17524598119091905
42077,Pennsylvania,PA,Lehigh County,34.3,35.26320195691391,0.9632019569139132
48259,Texas,TX,Kendall County,32.8,30.800050608651325,-1.9999493913486717
48325,Texas,TX,Medina County,40.3,38.84517278566267,-1.4548272143373282
48249,Texas,TX,Jim Wells County,42.6,41.369875782978376,-1.2301242170216256
48193,Texas,TX,Hamilton County,37.5,36.1489045773635,-1.3510954226364973
28027,Mississippi,MS,Coahoma County,48.4,48.331781759808514,-0.06821824019148437
28147,Mississippi,MS,Walthall County,41.4,45.39878562147532,3.998785621475321
29153,Missouri,MO,Ozark County,44.2,39.595022862113446,-4.604977137886557
26139,Michigan,MI,Ottawa County,35.9,34.15693634772701,-1.743063652272987
26093,Michigan,MI,Livingston County,35.4,32.885137554260204,-2.5148624457397943
17095,Illinois,IL,Knox County,38.8,38.27033712050068,-0.5296628794993197
42069,Pennsylvania,PA,Lackawanna County,33.2,34.57340879849722,1.3734087984972163
42093,Pennsylvania,PA,Montour County,35.3,34.56163065523132,-0.7383693447686781
46087,South Dakota,SD,McCook County,34.7,38.37918003968101,3.6791800396810075
48293,Texas,TX,Limestone County,40.1,39.959505485338745,-0.14049451466125618
48191,Texas,TX,Hall County,41.1,39.61680473957416,-1.4831952604258447
48305,Texas,TX,Lynn County,40.5,40.72624224439356,0.22624224439356055
48107,Texas,TX,Crosby County,41.3,41.02099959660002,-0.27900040339997645
48137,Texas,TX,Edwards County,42.3,36.530008772379624,-5.769991227620373
31129,Nebraska,NE,Nuckolls County,38.2,36.97907510576788,-1.2209248942321196
31153,Nebraska,NE,Sarpy County,38.4,35.669102322103114,-2.730897677896884
31049,Nebraska,NE,Deuel County,38.5,38.35314852510382,-0.1468514748961809
26101,Michigan,MI,Manistee County,38.0,36.321999205330656,-1.6780007946693445
19131,Iowa,IA,Mitchell County,44.9,38.58416766549211,-6.315832334507888
26161,Michigan,MI,Washtenaw County,30.1,31.01562105576471,0.91562105576471
19129,Iowa,IA,Mills County,40.7,38.21584151677338,-2.484158483226622
46067,South Dakota,SD,Hutchinson County,34.1,36.730608050629655,2.630608050629654
46033,South Dakota,SD,Custer County,37.5,31.048100131527328,-6.4518998684726725
06075,California,CA,San Francisco County,17.7,20.708089242536143,3.008089242536144
08017,Colorado,CO,Cheyenne County,27.6,37.96418461533769,10.364184615337692
01037,Alabama,AL,Coosa County,42.8,40.49704132400189,-2.3029586759981058
22009,Louisiana,LA,Avoyelles Parish,45.8,43.07235818495519,-2.727641815044805
31177,Nebraska,NE,Washington County,37.8,35.60670919004411,-2.19329080995589
34029,New Jersey,NJ,Ocean County,33.2,36.36449859270608,3.1644985927060745
17011,Illinois,IL,Bureau County,37.8,36.86050202946132,-0.9394979705386746
20191,Kansas,KS,Sumner County,39.8,39.4314342145062,-0.36856578549380004
01133,Alabama,AL,Winston County,36.3,39.37078437603484,3.070784376034844
24510,Maryland,MD,Baltimore city,38.5,37.99585032887243,-0.5041496711275713
48027,Texas,TX,Bell County,39.0,38.26637225139943,-0.7336277486005685
48021,Texas,TX,Bastrop County,40.2,38.62283954472214,-1.5771604552778626
48441,Texas,TX,Taylor County,36.5,39.46290285045659,2.9629028504565866
38039,North Dakota,ND,Griggs County,37.0,38.03112673133543,1.0311267313354335
39149,Ohio,OH,Shelby County,37.9,38.910712563462106,1.010712563462107
27071,Minnesota,MN,Koochiching County,36.9,37.25481966129674,0.35481966129674447
20181,Kansas,KS,Sherman County,40.5,38.22512521950028,-2.2748747804997222
21083,Kentucky,KY,Graves County,40.5,40.96203739176917,0.46203739176917225
30079,Montana,MT,Prairie County,36.5,35.646595491127236,-0.8534045088727638
12061,Florida,FL,Indian River County,33.0,32.27898986120108,-0.721010138798917
37041,North Carolina,NC,Chowan County,39.4,40.40800319920555,1.0080031992055538
39075,Ohio,OH,Holmes County,42.7,38.226769857184706,-4.4732301428152965
26095,Michigan,MI,Luce County,39.0,38.10022807683749,-0.8997719231625112
27067,Minnesota,MN,Kandiyohi County,36.6,38.300776232337824,1.700776232337823
27121,Minnesota,MN,Pope County,38.1,37.930962830845566,-0.16903716915443567
28099,Mississippi,MS,Neshoba County,42.4,42.37539661974688,-0.0246033802531187
01045,Alabama,AL,Dale County,44.3,40.04834628504509,-4.251653714954905
40071,Oklahoma,OK,Kay County,44.0,40.21414088044364,-3.7858591195563633
12091,Florida,FL,Okaloosa County,33.6,35.895279209117156,2.2952792091171546
13099,Georgia,GA,Early County,45.1,45.212693225425326,0.11269322542532478
37143,North Carolina,NC,Perquimans County,33.8,38.20312754759896,4.403127547598963
38033,North Dakota,ND,Golden Valley County,40.9,36.04628143511059,-4.853718564889405
38013,North Dakota,ND,Burke County,35.1,36.68358065690099,1.5835806569009918
28009,Mississippi,MS,Benton County,43.6,43.285993696749294,-0.3140063032507072
29085,Missouri,MO,Hickory County,43.9,37.91984424364484,-5.98015575635516
29065,Missouri,MO,Dent County,38.9,39.93607755099169,1.036077550991692
31111,Nebraska,NE,Lincoln County,39.4,38.46473790760331,-0.935262092396691
31081,Nebraska,NE,Hamilton County,41.7,38.38145984087016,-3.318540159129846
46105,South Dakota,SD,Perkins County,33.5,38.24339408337465,4.743394083374653
21019,Kentucky,KY,Boyd County,40.8,40.88112539137742,0.08112539137741948
46043,South Dakota,SD,Douglas County,36.2,37.541485069472266,1.341485069472263
23005,Maine,ME,Cumberland County,29.4,30.48524050153955,1.0852405015395519
13101,Georgia,GA,Echols County,41.5,42.59159011285293,1.091590112852927
13239,Georgia,GA,Quitman County,44.1,43.12863066270975,-0.9713693372902483
39087,Ohio,OH,Lawrence County,44.9,40.67172815216737,-4.22827184783263
39053,Ohio,OH,Gallia County,40.1,41.92795159097703,1.8279515909770296
39039,Ohio,OH,Defiance County,42.2,37.92445483055032,-4.2755451694496855
38095,North Dakota,ND,Towner County,36.6,37.184621048514515,0.5846210485145136
56023,Wyoming,WY,Lincoln County,31.6,34.4706479133171,2.8706479133171
55131,Wisconsin,WI,Washington County,37.1,34.84947323830593,-2.2505267616940685
55077,Wisconsin,WI,Marquette County,40.9,37.31827113636322,-3.5817288636367763
48291,Texas,TX,Liberty County,39.8,39.52721124925049,-0.2727887507495055
37025,North Carolina,NC,Cabarrus County,34.6,35.46881664919086,0.8688166491908618
13111,Georgia,GA,Fannin County,38.9,35.74947687296164,-3.150523127038362
13115,Georgia,GA,Floyd County,40.1,38.20344579264235,-1.896554207357653
02198,Alaska,AK,Prince of Wales-Hyder Census Area,37.6,39.516802887080686,1.916802887080685
40025,Oklahoma,OK,Cimarron County,39.5,37.9982732420206,-1.501726757979398
41037,Oregon,OR,Lake County,34.1,34.45314045132698,0.35314045132697913
02016,Alaska,AK,Aleutians West Census Area,28.9,28.6495167637326,-0.25048323626739943
42083,Pennsylvania,PA,McKean County,36.3,38.53086756513506,2.230867565135064
54105,West Virginia,WV,Wirt County,41.5,38.938954253416064,-2.561045746583936
55097,Wisconsin,WI,Portage County,36.0,33.34989954038583,-2.6501004596141726
55047,Wisconsin,WI,Green Lake County,41.3,36.059529801366814,-5.240470198633183
40123,Oklahoma,OK,Pontotoc County,43.3,40.13757059124571,-3.162429408754285
40097,Oklahoma,OK,Mayes County,43.1,38.78034663839032,-4.3196533616096815
27161,Minnesota,MN,Waseca County,41.2,37.648210665895995,-3.551789334104008
27101,Minnesota,MN,Murray County,40.5,35.734384151418446,-4.765615848581554
27039,Minnesota,MN,Dodge County,37.6,37.38435138788433,-0.21564861211567177
27113,Minnesota,MN,Pennington County,30.5,38.77275449196194,8.27275449196194
28085,Mississippi,MS,Lincoln County,42.9,41.97833276377286,-0.9216672362271368
42115,Pennsylvania,PA,Susquehanna County,33.2,36.75855274161336,3.5585527416133544
46009,South Dakota,SD,Bon Homme County,36.0,38.25749953849959,2.2574995384995873
47109,Tennessee,TN,McNairy County,43.1,40.38822648579342,-2.711773514206584
47027,Tennessee,TN,Clay County,39.4,41.15053383555331,1.7505338355533127
55107,Wisconsin,WI,Rusk County,36.8,38.725396574326936,1.925396574326939
55021,Wisconsin,WI,Columbia County,38.7,36.11231668998055,-2.5876833100194503
40149,Oklahoma,OK,Washita County,40.7,40.05903072588776,-0.6409692741122441
40131,Oklahoma,OK,Rogers County,40.9,37.877477993639175,-3.0225220063608234
40127,Oklahoma,OK,Pushmataha County,43.5,40.03365511939682,-3.466344880603181
28079,Mississippi,MS,Leake County,45.1,44.22467255923015,-0.8753274407698513
28105,Mississippi,MS,Oktibbeha County,41.1,40.12619074071995,-0.9738092592800527
28067,Mississippi,MS,Jones County,43.4,42.34495572813967,-1.0550442718603321
28135,Mississippi,MS,Tallahatchie County,45.3,46.34331259284986,1.0433125928498654
05119,Arkansas,AR,Pulaski County,38.4,39.55604289037079,1.1560428903707916
55103,Wisconsin,WI,Richland County,41.8,37.926833739300314,-3.8731662606996835
55135,Wisconsin,WI,Waupaca County,36.7,35.27828021707449,-1.4217197829255142
55087,Wisconsin,WI,Outagamie County,39.5,36.33392693369867,-3.1660730663013297
40153,Oklahoma,OK,Woodward County,42.0,38.53156586252328,-3.46843413747672
40069,Oklahoma,OK,Johnston County,43.7,41.456323691497175,-2.2436763085028275
42075,Pennsylvania,PA,Lebanon County,37.3,36.12304122162608,-1.1769587783739155
28115,Mississippi,MS,Pontotoc County,43.4,40.76839044588183,-2.631609554118171
28123,Mississippi,MS,Scott County,45.8,42.30567382246647,-3.49432617753353
28159,Mississippi,MS,Winston County,45.3,44.183789946634306,-1.1162100533656911
28043,Mississippi,MS,Grenada County,45.0,44.30534422985839,-0.6946557701416083
48197,Texas,TX,Hardeman County,37.1,40.01576216038124,2.9157621603812416
48483,Texas,TX,Wheeler County,39.8,39.516141375404146,-0.283858624595851
48017,Texas,TX,Bailey County,37.9,41.53469251525202,3.63469251525202
47175,Tennessee,TN,Van Buren County,39.2,39.59844268105716,0.39844268105715486
48439,Texas,TX,Tarrant County,37.7,35.72772109100996,-1.9722789089900417
42021,Pennsylvania,PA,Cambria County,37.1,37.51045482080642,0.4104548208064216
42081,Pennsylvania,PA,Lycoming County,35.6,37.168054488913135,1.568054488913134
28019,Mississippi,MS,Choctaw County,41.6,42.85038950877243,1.2503895087724288
29101,Missouri,MO,Johnson County,40.0,37.92847399828797,-2.07152600171203
29203,Missouri,MO,Shannon County,41.4,41.281430860232334,-0.11856913976766492
48485,Texas,TX,Wichita County,38.9,38.433067851241745,-0.4669321487582536
49027,Utah,UT,Millard County,35.4,35.26511783290564,-0.13488216709436074
51099,Virginia,VA,King George County,35.2,36.0543010684942,0.8543010684941947
48307,Texas,TX,McCulloch County,39.3,38.068084447712714,-1.2319155522872833
48177,Texas,TX,Gonzales County,39.5,40.54755931258996,1.0475593125899607
48221,Texas,TX,Hood County,33.5,33.33427684478022,-0.16572315521977998
42065,Pennsylvania,PA,Jefferson County,35.8,39.40757216866576,3.6075721686657616
42009,Pennsylvania,PA,Bedford County,35.3,37.46920999468801,2.1692099946880106
29073,Missouri,MO,Gasconade County,38.6,37.85582944573976,-0.7441705542602435
29109,Missouri,MO,Lawrence County,41.9,39.45861767230165,-2.4413823276983493
29079,Missouri,MO,Grundy County,39.7,40.21914613003789,0.519146130037889
29215,Missouri,MO,Texas County,41.3,41.89566801004876,0.5956680100487617
51089,Virginia,VA,Henry County,43.4,39.399596021214,-4.000403978785997
48501,Texas,TX,Yoakum County,40.7,38.527439814669194,-2.172560185330809
48227,Texas,TX,Howard County,41.6,38.76987715984944,-2.8301228401505583
48099,Texas,TX,Coryell County,37.7,38.22484703305682,0.5248470330568153
48451,Texas,TX,Tom Green County,37.6,38.70647402830341,1.1064740283034098
48149,Texas,TX,Fayette County,36.0,35.89409637809597,-0.10590362190402658
48447,Texas,TX,Throckmorton County,37.9,37.29978880592867,-0.6002111940713277
48009,Texas,TX,Archer County,36.1,37.989983076628654,1.8899830766286527
42109,Pennsylvania,PA,Snyder County,36.5,37.98457742956834,1.4845774295683398
42131,Pennsylvania,PA,Wyoming County,35.8,36.60571289243497,0.8057128924349755
29175,Missouri,MO,Randolph County,41.6,40.33224230137509,-1.2677576986249122
29117,Missouri,MO,Livingston County,38.6,39.55142613557099,0.9514261355709905
29125,Missouri,MO,Maries County,38.8,39.555510008639125,0.7555100086391278
29205,Missouri,MO,Shelby County,41.4,40.03532515194247,-1.3646748480575255
51077,Virginia,VA,Grayson County,42.4,37.98194294685724,-4.4180570531427605
53059,Washington,WA,Skamania County,35.8,33.853560945705794,-1.9464390542942027
48013,Texas,TX,Atascosa County,43.0,40.384969912553295,-2.615030087446705
48143,Texas,TX,Erath County,39.7,37.39092047947175,-2.3090795205282504
48375,Texas,TX,Potter County,38.6,39.51439265321061,0.914392653210605
48341,Texas,TX,Moore County,39.0,39.82243806200624,0.8224380620062419
48233,Texas,TX,Hutchinson County,37.7,39.53054485145811,1.8305448514581073
48319,Texas,TX,Mason County,36.3,36.408777018330966,0.10877701833096864
45011,South Carolina,SC,Barnwell County,43.4,43.68471476633722,0.28471476633722403
29057,Missouri,MO,Dade County,44.5,38.89434292966971,-5.605657070330288
29185,Missouri,MO,St. Clair County,41.1,40.32719865255278,-0.7728013474472206
29199,Missouri,MO,Scotland County,39.2,40.34232972795783,1.1423297279578293
30107,Montana,MT,Wheatland County,35.4,38.96627026848158,3.5662702684815812
53003,Washington,WA,Asotin County,34.8,35.48101270513724,0.6810127051372419
53023,Washington,WA,Garfield County,36.6,35.8451201822819,-0.7548798177180984
48019,Texas,TX,Bandera County,36.0,34.439707408133806,-1.5602925918661938
48279,Texas,TX,Lamb County,41.7,40.51245978743679,-1.1875402125632135
48175,Texas,TX,Goliad County,38.9,38.68910486355854,-0.21089513644145796
48023,Texas,TX,Baylor County,35.9,39.38572143356017,3.4857214335601725
48317,Texas,TX,Martin County,39.0,39.46273377474391,0.46273377474391
45081,South Carolina,SC,Saluda County,38.9,40.08443196049605,1.184431960496049
45023,South Carolina,SC,Chester County,42.0,42.38754629870543,0.38754629870543056
30017,Montana,MT,Custer County,35.8,38.60638357633077,2.8063835763307736
30033,Montana,MT,Garfield County,32.0,37.90178557133503,5.901785571335033
30011,Montana,MT,Carter County,33.4,37.67006156560724,4.270061565607243
30109,Montana,MT,Wibaux County,34.5,35.90404120910843,1.4040412091084278
54053,West Virginia,WV,Mason County,44.3,41.29998469262201,-3.0000153073779856
55079,Wisconsin,WI,Milwaukee County,39.4,36.33018810779432,-3.069811892205678
48275,Texas,TX,Knox County,39.9,39.84897573920098,-0.051024260799017895
48425,Texas,TX,Somervell County,33.2,34.17196078895569,0.971960788955684
48163,Texas,TX,Frio County,41.6,42.43079080648107,0.830790806481069
48313,Texas,TX,Madison County,40.4,38.87511163971325,-1.5248883602867451
48411,Texas,TX,San Saba County,39.4,38.2239401724222,-1.1760598275777951
48263,Texas,TX,Kent County,34.9,36.933900180475504,2.0339001804755057
46107,South Dakota,SD,Potter County,34.1,33.7077403274169,-0.39225967258310135
46037,South Dakota,SD,Day County,37.8,37.0844469270495,-0.7155530729504989
46035,South Dakota,SD,Davison County,36.9,36.75343806603412,-0.14656193396587724
46077,South Dakota,SD,Kingsbury County,34.2,36.52601036859857,2.326010368598567
46057,South Dakota,SD,Hamlin County,34.2,36.367276640720135,2.1672766407201323
31089,Nebraska,NE,Holt County,39.2,39.461426758734994,0.26142675873499144
31079,Nebraska,NE,Hall County,38.0,38.715539743961656,0.7155397439616564
31119,Nebraska,NE,Madison County,40.3,38.18509642036457,-2.114903579635424
55063,Wisconsin,WI,La Crosse County,34.6,35.86869492587188,1.268694925871877
55123,Wisconsin,WI,Vernon County,40.4,38.21233430550761,-2.187665694492388
48075,Texas,TX,Childress County,41.1,39.90911586729237,-1.1908841327076303
48433,Texas,TX,Stonewall County,38.6,37.08742842176262,-1.5125715782373845
38089,North Dakota,ND,Stark County,39.3,38.302677245601586,-0.9973227543984109
38093,North Dakota,ND,Stutsman County,40.2,35.80769012850117,-4.392309871498831
38043,North Dakota,ND,Kidder County,38.1,37.77845111587064,-0.32154888412936344
46007,South Dakota,SD,Bennett County,43.0,43.82725880703292,0.8272588070329192
46019,South Dakota,SD,Butte County,34.9,38.23924387728191,3.339243877281909
31019,Nebraska,NE,Buffalo County,43.4,37.935766669159186,-5.464233330840813
31159,Nebraska,NE,Seward County,41.7,38.01495042553576,-3.6850495744642444
31001,Nebraska,NE,Adams County,40.7,37.62752654296892,-3.07247345703108
05111,Arkansas,AR,Poinsett County,40.8,42.248244824302,1.4482448243020016
05141,Arkansas,AR,Van Buren County,37.0,38.644514847416424,1.6445148474164242
05079,Arkansas,AR,Lincoln County,39.8,42.22252114102589,2.4225211410258893
48109,Texas,TX,Culberson County,43.1,39.556297098055495,-3.5437029019445063
48413,Texas,TX,Schleicher County,39.7,40.19532037522697,0.49532037522696726
38045,North Dakota,ND,LaMoure County,37.6,36.16115358570406,-1.438846414295945
39011,Ohio,OH,Auglaize County,42.6,38.653556301421986,-3.9464436985780154
39045,Ohio,OH,Fairfield County,39.0,35.34225389731982,-3.6577461026801785
46102,South Dakota,SD,Oglala Lakota County,43.9,44.709680542544234,0.8096805425442355
47039,Tennessee,TN,Decatur County,41.5,38.98006463883708,-2.519935361162922
21237,Kentucky,KY,Wolfe County,44.7,42.25470636051476,-2.445293639485243
21153,Kentucky,KY,Magoffin County,44.8,43.271550662591935,-1.5284493374080625
31101,Nebraska,NE,Keith County,37.0,37.90398423029033,0.9039842302903267
31003,Nebraska,NE,Antelope County,40.8,38.647160252709035,-2.1528397472909617
31141,Nebraska,NE,Platte County,36.4,37.20500219190694,0.8050021919069437
48011,Texas,TX,Armstrong County,34.4,36.57864727529427,2.1786472752942743
48095,Texas,TX,Concho County,39.4,35.554365027080735,-3.845634972919264
49001,Utah,UT,Beaver County,32.5,38.32571227559117,5.825712275591172
51121,Virginia,VA,Montgomery County,35.8,36.01675974067583,0.21675974067583326
39151,Ohio,OH,Stark County,38.3,38.80206408660138,0.5020640866013864
39071,Ohio,OH,Highland County,43.1,39.676095714387,-3.4239042856129984
39063,Ohio,OH,Hancock County,37.0,37.41702544459341,0.4170254445934134
21223,Kentucky,KY,Trimble County,38.6,37.90272055088733,-0.6972794491126706
21103,Kentucky,KY,Henry County,40.6,39.36303764794468,-1.236962352055322
22045,Louisiana,LA,Iberia Parish,43.4,41.48240114474134,-1.9175988552586603
22073,Louisiana,LA,Ouachita Parish,42.1,42.65052010148657,0.550520101486569
31143,Nebraska,NE,Polk County,40.2,37.70151217567084,-2.4984878243291604
31173,Nebraska,NE,Thurston County,48.8,40.60951987816078,-8.190480121839215
31085,Nebraska,NE,Hayes County,40.5,34.944410312256565,-5.555589687743435
51683,Virginia,VA,Manassas city,35.1,31.19691902219868,-3.90308097780132
51049,Virginia,VA,Cumberland County,38.6,40.759316364759314,2.159316364759313
51540,Virginia,VA,Charlottesville city,35.2,34.97420539219007,-0.22579460780993088
39069,Ohio,OH,Henry County,42.8,37.20474160828088,-5.5952583917191205
39083,Ohio,OH,Knox County,35.8,39.119970934930194,3.319970934930197
39101,Ohio,OH,Marion County,45.2,38.99137746515564,-6.208622534844366
39117,Ohio,OH,Morrow County,42.6,39.00541736447864,-3.5945826355213626
39055,Ohio,OH,Geauga County,36.3,35.225338086536844,-1.074661913463153
22121,Louisiana,LA,West Baton Rouge Parish,40.6,40.3759474803439,-0.22405251965609807
23011,Maine,ME,Kennebec County,33.6,34.703295600770446,1.1032956007704442
35006,New Mexico,NM,Cibola County,38.3,40.72638659916892,2.4263865991689215
35041,New Mexico,NM,Roosevelt County,34.3,39.96061311078813,5.660613110788134
35059,New Mexico,NM,Union County,35.4,39.12268229462202,3.722682294622018
51036,Virginia,VA,Charles City County,41.9,37.7985126963528,-4.101487303647197
51045,Virginia,VA,Craig County,36.2,37.429471153324606,1.229471153324603
51595,Virginia,VA,Emporia city,47.1,46.453607073648584,-0.6463929263514174
51600,Virginia,VA,Fairfax city,32.2,26.04776978791083,-6.152230212089172
51678,Virginia,VA,Lexington city,35.1,35.07732051217697,-0.02267948782303364
39097,Ohio,OH,Madison County,41.7,36.85744836210808,-4.842551637891923
39005,Ohio,OH,Ashland County,40.5,38.72816829941166,-1.7718317005883435
39031,Ohio,OH,Coshocton County,40.5,40.89893498196059,0.3989349819605934
39047,Ohio,OH,Fayette County,40.6,38.991256960313265,-1.6087430396867362
26123,Michigan,MI,Newaygo County,39.2,38.71085446194046,-0.48914553805954597
26107,Michigan,MI,Mecosta County,33.4,38.54816937897631,5.148169378976313
26057,Michigan,MI,Gratiot County,35.6,38.884195939846165,3.284195939846164
26037,Michigan,MI,Clinton County,35.9,35.6770831783204,-0.22291682167959692
36117,New York,NY,Wayne County,37.2,37.89295137229875,0.6929513722987437
36089,New York,NY,St. Lawrence County,37.1,38.34569982559338,1.2456998255933769
51580,Virginia,VA,Covington city,38.8,40.36399946250407,1.5639994625040714
51720,Virginia,VA,Norton city,41.8,40.976612250062765,-0.8233877499372326
54049,West Virginia,WV,Marion County,39.8,40.03085703495892,0.23085703495892318
40103,Oklahoma,OK,Noble County,40.5,39.57105611249311,-0.9289438875068896
40055,Oklahoma,OK,Greer County,41.5,41.43089369586329,-0.06910630413671015
26133,Michigan,MI,Osceola County,38.7,39.5297124302127,0.8297124302126946
26039,Michigan,MI,Crawford County,38.2,37.38031893520628,-0.8196810647937198
27037,Minnesota,MN,Dakota County,32.9,33.456628759923795,0.5566287599237967
37181,North Carolina,NC,Vance County,41.2,43.385105492213,2.1851054922129975
37157,North Carolina,NC,Rockingham County,37.8,40.6152485260412,2.815248526041202
38001,North Dakota,ND,Adams County,38.2,35.80883641297767,-2.3911635870223336
38075,North Dakota,ND,Renville County,37.4,36.805344823283576,-0.5946551767164223
54101,West Virginia,WV,Webster County,37.9,42.312576133446576,4.412576133446578
54079,West Virginia,WV,Putnam County,38.1,38.05554002542954,-0.044459974570457916
40051,Oklahoma,OK,Grady County,41.0,39.07959370528487,-1.9204062947151286
27111,Minnesota,MN,Otter Tail County,38.2,37.79348296079569,-0.40651703920431004
27109,Minnesota,MN,Olmsted County,35.4,34.32415841395052,-1.0758415860494779
27085,Minnesota,MN,McLeod County,40.3,37.831639521526405,-2.468360478473592
27095,Minnesota,MN,Mille Lacs County,42.6,36.87938326543619,-5.720616734563812
39025,Ohio,OH,Clermont County,40.1,37.45447291513928,-2.645527084860724
39037,Ohio,OH,Darke County,40.1,39.53388036154054,-0.5661196384594618
40053,Oklahoma,OK,Grant County,44.8,39.64320686069467,-5.156793139305329
19025,Iowa,IA,Calhoun County,38.9,39.18555370925014,0.2855537092501379
47111,Tennessee,TN,Macon County,40.4,40.67082074436577,0.2708207443657713
48421,Texas,TX,Sherman County,37.9,39.77689142653875,1.876891426538748
06031,California,CA,Kings County,31.9,38.81024168111972,6.910241681119722
27153,Minnesota,MN,Todd County,40.5,38.65094018248711,-1.849059817512888
27009,Minnesota,MN,Benton County,37.2,38.27632452671387,1.0763245267138686
46047,South Dakota,SD,Fall River County,36.5,35.78852627700809,-0.7114737229919115
36085,New York,NY,Richmond County,29.4,28.280908432900063,-1.119091567099936
01123,Alabama,AL,Tallapoosa County,41.9,40.7306458325643,-1.1693541674356993
18021,Indiana,IN,Clay County,42.3,38.69740623580998,-3.6025937641900185
46061,South Dakota,SD,Hanson County,33.1,34.649069065036926,1.5490690650369245
46045,South Dakota,SD,Edmunds County,35.6,36.41425759438067,0.8142575943806705
21057,Kentucky,KY,Cumberland County,42.8,41.02429463749465,-1.7757053625053487
26111,Michigan,MI,Midland County,31.1,36.7594362209181,5.659436220918096
12051,Florida,FL,Hendry County,38.6,41.217896814340435,2.6178968143404333
13297,Georgia,GA,Walton County,35.8,38.430237348765274,2.6302373487652773
13263,Georgia,GA,Talbot County,43.9,43.56620395224979,-0.3337960477502051
13277,Georgia,GA,Tift County,41.9,40.35067158130642,-1.5493284186935767
48365,Texas,TX,Panola County,38.3,39.520868686919826,1.2208686869198289
47047,Tennessee,TN,Fayette County,36.8,37.78181866329513,0.9818186632951296
37005,North Carolina,NC,Alleghany County,36.6,35.85464704841509,-0.7453529515849127
38021,North Dakota,ND,Dickey County,38.4,39.14545373828581,0.7454537382858106
27123,Minnesota,MN,Ramsey County,32.6,32.46187556261578,-0.13812443738422076
27079,Minnesota,MN,Le Sueur County,38.7,36.57008095104617,-2.1299190489538304
16019,Idaho,ID,Bonneville County,35.2,36.154609672067096,0.9546096720670931
16051,Idaho,ID,Jefferson County,37.2,37.11324419123962,-0.0867558087603797
17051,Illinois,IL,Fayette County,37.2,38.46680193579558,1.266801935795577
51071,Virginia,VA,Giles County,36.9,38.288918379768155,1.3889183797681568
51710,Virginia,VA,Norfolk city,40.0,35.79391198139419,-4.206088018605811
29105,Missouri,MO,Laclede County,44.1,40.39362102609064,-3.7063789739093593
50013,Vermont,VT,Grand Isle County,27.1,31.939304490234058,4.839304490234056
28073,Mississippi,MS,Lamar County,39.5,39.61086111612775,0.11086111612775085
05065,Arkansas,AR,Izard County,36.9,38.38789161159304,1.4878916115930423
08025,Colorado,CO,Crowley County,33.3,40.327052508424224,7.027052508424227
17147,Illinois,IL,Piatt County,33.8,35.492200243540836,1.6922002435408388
17103,Illinois,IL,Lee County,37.5,36.2684155616387,-1.2315844383613026
17171,Illinois,IL,Scott County,35.0,37.74473701430251,2.7447370143025083
55105,Wisconsin,WI,Rock County,38.1,37.07542827811415,-1.0245717218858488
56021,Wyoming,WY,Laramie County,34.3,36.85417031717781,2.554170317177814
42119,Pennsylvania,PA,Union County,35.3,35.36542422669695,0.06542422669695469
53001,Washington,WA,Adams County,38.3,38.65450246865137,0.3545024686513756
55139,Wisconsin,WI,Winnebago County,39.6,36.093733087995886,-3.506266912004115
55019,Wisconsin,WI,Clark County,43.1,39.3265930624524,-3.7734069375475983
13159,Georgia,GA,Jasper County,39.5,39.518961797853066,0.018961797853066287
17165,Illinois,IL,Saline County,39.6,40.079782188618104,0.4797821886181026
18031,Indiana,IN,Decatur County,41.6,37.41891857357166,-4.181081426428342
19011,Iowa,IA,Benton County,41.7,37.84835684352944,-3.8516431564705655
17009,Illinois,IL,Brown County,40.6,39.50555551175232,-1.0944444882476816
18097,Indiana,IN,Marion County,39.3,37.83601624862574,-1.4639837513742577
42047,Pennsylvania,PA,Elk County,37.8,35.85476328457297,-1.9452367154270291
26085,Michigan,MI,Lake County,42.0,37.23081487581202,-4.7691851241879775
28017,Mississippi,MS,Chickasaw County,47.3,44.41491793308405,-2.885082066915949
29131,Missouri,MO,Miller County,39.7,40.770987542918384,1.070987542918381
01017,Alabama,AL,Chambers County,45.4,42.53043626840938,-2.869563731590617
17007,Illinois,IL,Boone County,39.5,38.580775803111415,-0.9192241968885853
18091,Indiana,IN,LaPorte County,39.7,38.23182015836042,-1.4681798416395822
29115,Missouri,MO,Linn County,41.4,41.03084386559137,-0.3691561344086267
29103,Missouri,MO,Knox County,38.9,40.38003206879313,1.480032068793129
31023,Nebraska,NE,Butler County,39.4,38.382649305221435,-1.017350694778564
31163,Nebraska,NE,Sherman County,40.0,38.172914081246155,-1.8270859187538449
37105,North Carolina,NC,Lee County,38.4,39.01829616458648,0.6182961645864822
29135,Missouri,MO,Moniteau County,39.8,39.88650419830838,0.08650419830838274
30065,Montana,MT,Musselshell County,33.3,37.32100116707452,4.021001167074523
31125,Nebraska,NE,Nance County,40.5,38.27830404155632,-2.221695958443682
19191,Iowa,IA,Winneshiek County,36.5,33.03266389387984,-3.4673361061201575
20103,Kansas,KS,Leavenworth County,40.1,37.221433876751455,-2.8785661232485467
05087,Arkansas,AR,Madison County,36.0,39.25518097674505,3.255180976745052
08119,Colorado,CO,Teller County,26.9,30.3723200692521,3.4723200692521026
13223,Georgia,GA,Paulding County,38.5,37.51073202283356,-0.9892679771664419
37107,North Carolina,NC,Lenoir County,40.4,42.1656793816535,1.7656793816534986
35053,New Mexico,NM,Socorro County,35.0,36.62425767900758,1.6242576790075773
36093,New York,NY,Schenectady County,34.3,34.50601420085306,0.20601420085306188
37135,North Carolina,NC,Orange County,26.3,28.483349474920907,2.183349474920906
36087,New York,NY,Rockland County,32.0,32.818606745867875,0.818606745867875
01057,Alabama,AL,Fayette County,39.2,40.48499350923202,1.2849935092320166
26019,Michigan,MI,Benzie County,35.0,33.19909689393637,-1.800903106063629
13193,Georgia,GA,Macon County,48.3,44.52304039227858,-3.776959607721416
16001,Idaho,ID,Ada County,28.7,34.12659454489353,5.426594544893529
37061,North Carolina,NC,Duplin County,39.4,41.93042867236099,2.5304286723609906
38073,North Dakota,ND,Ransom County,38.3,37.62605871843208,-0.6739412815679202
38027,North Dakota,ND,Eddy County,39.7,38.47863283831983,-1.2213671616801705
38029,North Dakota,ND,Emmons County,36.8,38.24869026922889,1.4486902692288908
40021,Oklahoma,OK,Cherokee County,44.3,41.48880524686773,-2.81119475313227
27049,Minnesota,MN,Goodhue County,36.4,36.528764378504725,0.12876437850472655
29181,Missouri,MO,Ripley County,42.8,42.22229219547023,-0.5777078045297657
31031,Nebraska,NE,Cherry County,42.0,39.09183965484822,-2.908160345151778
17055,Illinois,IL,Franklin County,39.6,39.49473328064467,-0.10526671935533471
32027,Nevada,NV,Pershing County,34.8,37.37854839700641,2.578548397006415
35027,New Mexico,NM,Lincoln County,30.5,32.6040924443899,2.1040924443898987
47015,Tennessee,TN,Cannon County,36.2,39.27693290477641,3.076932904776406
48265,Texas,TX,Kerr County,34.9,34.57278864409021,-0.3272113559097889
48251,Texas,TX,Johnson County,41.6,37.27197368574521,-4.328026314254792
48035,Texas,TX,Bosque County,37.0,37.01334127151424,0.013341271514242692
42107,Pennsylvania,PA,Schuylkill County,39.0,36.42217334132303,-2.577826658676969
46029,South Dakota,SD,Codington County,39.8,36.99675769334969,-2.8032423066503043
47083,Tennessee,TN,Houston County,38.1,40.009207506753306,1.9092075067533045
48081,Texas,TX,Coke County,39.6,37.80664424567456,-1.7933557543254395
34039,New Jersey,NJ,Union County,28.0,31.06133614477828,3.0613361447782808
39085,Ohio,OH,Lake County,40.9,33.65835840549909,-7.241641594500912
37037,North Carolina,NC,Chatham County,30.7,34.898068116890265,4.198068116890266
38025,North Dakota,ND,Dunn County,37.8,36.052229421917616,-1.7477705780823811
48217,Texas,TX,Hill County,37.1,39.19747239702827,2.0974723970282696
48363,Texas,TX,Palo Pinto County,36.9,38.05905628812608,1.1590562881260809
48335,Texas,TX,Mitchell County,41.1,39.63800041724907,-1.4619995827509342
48189,Texas,TX,Hale County,42.7,40.9655366382273,-1.734463361772704
48159,Texas,TX,Franklin County,34.5,38.667745817070305,4.167745817070305
48101,Texas,TX,Cottle County,42.4,39.7688235475755,-2.631176452424498
53043,Washington,WA,Lincoln County,34.9,35.39967370289192,0.4996737028919185
55081,Wisconsin,WI,Monroe County,38.7,38.95905106921291,0.25905106921290866
02164,Alaska,AK,Lake and Peninsula Borough,38.2,40.03194756086671,1.831947560866709
40059,Oklahoma,OK,Harper County,43.2,39.1224084910133,-4.0775915089867
47069,Tennessee,TN,Hardeman County,47.5,43.3188828454412,-4.181117154558798
53039,Washington,WA,Klickitat County,32.5,32.611838960389555,0.1118389603895551
48171,Texas,TX,Gillespie County,34.2,30.94682542037858,-3.2531745796214224
48093,Texas,TX,Comanche County,39.1,37.885368249940896,-1.2146317500591053
48049,Texas,TX,Brown County,38.3,39.012489419940366,0.7124894199403684
48267,Texas,TX,Kimble County,37.6,34.226454885028836,-3.373545114971165
48429,Texas,TX,Stephens County,38.8,39.98332487453499,1.1833248745349962
48235,Texas,TX,Irion County,35.7,37.38059832069165,1.6805983206916437
48065,Texas,TX,Carson County,34.2,38.77127808657712,4.5712780865771165
48129,Texas,TX,Donley County,37.3,38.245444134892416,0.9454441348924192
39103,Ohio,OH,Medina County,36.0,35.22283689342762,-0.777163106572381
39091,Ohio,OH,Logan County,38.7,37.84387615684447,-0.8561238431555296
39175,Ohio,OH,Wyandot County,40.0,38.24514717188961,-1.754852828110387
39107,Ohio,OH,Mercer County,37.8,38.76389928248918,0.9638992824891801
40009,Oklahoma,OK,Beckham County,42.7,40.043343122714376,-2.656656877285627
42007,Pennsylvania,PA,Beaver County,37.2,36.10088543436142,-1.0991145656385797
27081,Minnesota,MN,Lincoln County,38.2,38.73857486672216,0.5385748667221577
39129,Ohio,OH,Pickaway County,42.9,37.83486319972283,-5.065136800277166
39121,Ohio,OH,Noble County,44.8,40.408660763695,-4.391339236304994
40039,Oklahoma,OK,Custer County,38.8,39.55232988985741,0.752329889857414
39057,Ohio,OH,Greene County,39.2,34.61059040112502,-4.58940959887498
39127,Ohio,OH,Perry County,42.9,39.1461270025286,-3.7538729974713974
40121,Oklahoma,OK,Pittsburg County,41.4,40.43304375873278,-0.9669562412672192
28023,Mississippi,MS,Clarke County,44.7,43.60182783303715,-1.0981721669628541
29149,Missouri,MO,Oregon County,44.3,41.469714039886966,-2.830285960113031
29005,Missouri,MO,Atchison County,39.4,39.204120685728455,-0.1958793142715436
31095,Nebraska,NE,Jefferson County,39.9,38.38306076503218,-1.516939234967822
56025,Wyoming,WY,Natrona County,37.8,37.43078732115758,-0.36921267884241615
18101,Indiana,IN,Martin County,39.6,38.94153922734648,-0.6584607726535197
40119,Oklahoma,OK,Payne County,38.5,38.236725086570026,-0.26327491342997433
40011,Oklahoma,OK,Blaine County,43.6,39.45430447354083,-4.145695526459171
40005,Oklahoma,OK,Atoka County,42.8,40.8016655311672,-1.9983344688327946
46115,South Dakota,SD,Spink County,36.8,38.181816058766344,1.381816058766347
12085,Florida,FL,Martin County,27.6,31.48253725680888,3.8825372568088774
32005,Nevada,NV,Douglas County,30.5,29.944832703798305,-0.5551672962016951
17089,Illinois,IL,Kane County,37.3,34.340037428282756,-2.9599625717172415
21207,Kentucky,KY,Russell County,40.0,41.87719242758856,1.877192427588561
27151,Minnesota,MN,Swift County,39.7,38.48932954948346,-1.2106704505165453
29229,Missouri,MO,Wright County,40.9,41.96973314744624,1.069733147446243
31151,Nebraska,NE,Saline County,40.8,38.185541495209584,-2.614458504790413
46059,South Dakota,SD,Hand County,34.5,37.05142861958167,2.551428619581671
46025,South Dakota,SD,Clark County,38.0,37.562318257104906,-0.4376817428950943
46097,South Dakota,SD,Miner County,36.3,37.625606501109225,1.3256065011092275
46021,South Dakota,SD,Campbell County,35.0,35.22067014508379,0.2206701450837869
13053,Georgia,GA,Chattahoochee County,43.1,38.50169623691679,-4.598303763083209
17033,Illinois,IL,Crawford County,36.8,37.6482193771613,0.8482193771612998
18141,Indiana,IN,St. Joseph County,37.8,37.9070695732478,0.10706957324780575
17107,Illinois,IL,Logan County,38.8,37.41632090102947,-1.383679098970525
29059,Missouri,MO,Dallas County,40.6,40.99982145816065,0.39982145816065184
31063,Nebraska,NE,Frontier County,40.6,37.70781296070148,-2.89218703929852
51775,Virginia,VA,Salem city,35.2,35.674775253611784,0.4747752536117815
18087,Indiana,IN,LaGrange County,42.1,37.60908061129573,-4.49091938870427
22003,Louisiana,LA,Allen Parish,40.9,41.915424544259395,1.015424544259396
23019,Maine,ME,Penobscot County,38.8,35.88295882829017,-2.917041171709826
26045,Michigan,MI,Eaton County,34.9,36.32443091571976,1.4244309157197605
05033,Arkansas,AR,Crawford County,39.5,38.98382402716257,-0.5161759728374307
19193,Iowa,IA,Woodbury County,38.5,38.57960156915413,0.07960156915412853
01125,Alabama,AL,Tuscaloosa County,41.4,38.69466883362963,-2.705331166370371
31145,Nebraska,NE,Red Willow County,39.5,37.75455123790489,-1.7454487620951085
31033,Nebraska,NE,Cheyenne County,41.2,36.53102773094171,-4.668972269058294
26059,Michigan,MI,Hillsdale County,36.8,39.09534387713536,2.295343877135366
19157,Iowa,IA,Poweshiek County,42.3,36.0963213139313,-6.203678686068699
26087,Michigan,MI,Lapeer County,35.5,36.4264131824463,0.9264131824463036
26077,Michigan,MI,Kalamazoo County,35.7,36.81511733435082,1.1151173343508205
26165,Michigan,MI,Wexford County,38.2,38.474849826474255,0.27484982647425227
27005,Minnesota,MN,Becker County,39.3,38.30740168068379,-0.9925983193162082
08021,Colorado,CO,Conejos County,30.5,38.9234035677519,8.423403567751897
29155,Missouri,MO,Pemiscot County,43.8,44.17406205285406,0.3740620528540646
36019,New York,NY,Clinton County,41.8,35.56921718703728,-6.230782812962715
48181,Texas,TX,Grayson County,37.2,38.10236526216739,0.9023652621673861
51700,Virginia,VA,Newport News city,40.6,38.53827226766422,-2.0617277323357825
16011,Idaho,ID,Bingham County,41.1,37.54013130630527,-3.5598686936947317
17087,Illinois,IL,Johnson County,36.5,37.256907057866,0.7569070578660018
17123,Illinois,IL,Marshall County,37.0,36.92298389306079,-0.07701610693921168
35019,New Mexico,NM,Guadalupe County,35.6,38.120574438952694,2.5205744389526927
36123,New York,NY,Yates County,35.3,37.618976344982094,2.3189763449820973
28097,Mississippi,MS,Montgomery County,45.5,44.71773285796417,-0.7822671420358276
37077,North Carolina,NC,Granville County,37.5,38.38550377008411,0.8855037700841066
40151,Oklahoma,OK,Woods County,40.7,38.27854605423346,-2.421453945766544
51550,Virginia,VA,Chesapeake city,41.2,35.129943009682805,-6.070056990317198
51510,Virginia,VA,Alexandria city,29.5,25.101420033135533,-4.398579966864467
53051,Washington,WA,Pend Oreille County,32.8,36.4661696333072,3.666169633307206
56041,Wyoming,WY,Uinta County,35.5,36.4608385653865,0.9608385653865028
17141,Illinois,IL,Ogle County,35.9,37.08232094036589,1.1823209403658907
18063,Indiana,IN,Hendricks County,38.9,33.81846850572818,-5.081531494271822
18159,Indiana,IN,Tipton County,36.1,36.82296442285594,0.722964422855938
18049,Indiana,IN,Fulton County,41.8,38.73606949111062,-3.063930508889378
28127,Mississippi,MS,Simpson County,41.7,43.5318015285081,1.8318015285080946
28117,Mississippi,MS,Prentiss County,40.4,40.527050252164365,0.12705025216436638
28107,Mississippi,MS,Panola County,46.0,45.55283966599632,-0.4471603340036765
42073,Pennsylvania,PA,Lawrence County,35.8,37.51972125608832,1.7197212560883202
29186,Missouri,MO,Ste. Genevieve County,36.7,38.97165305136581,2.27165305136581
29510,Missouri,MO,St. Louis city,36.7,39.64491365493868,2.9449136549386736
55031,Wisconsin,WI,Douglas County,40.4,37.29910006935933,-3.100899930640665
05071,Arkansas,AR,Johnson County,39.1,40.302570725819486,1.2025707258194842
18033,Indiana,IN,DeKalb County,37.5,38.061924274112584,0.5619242741125845
19151,Iowa,IA,Pocahontas County,37.2,39.22972197465022,2.029721974650215
19169,Iowa,IA,Story County,35.5,33.43191651173753,-2.0680834882624666
19013,Iowa,IA,Black Hawk County,39.1,37.79625333039084,-1.3037466696091613
19123,Iowa,IA,Mahaska County,42.4,39.0433495575265,-3.3566504424735015
28037,Mississippi,MS,Franklin County,42.3,43.2788656105455,0.9788656105455047
28063,Mississippi,MS,Jefferson County,52.2,49.427618241341655,-2.772381758658348
31087,Nebraska,NE,Hitchcock County,43.4,39.00549352125357,-4.394506478746429
31107,Nebraska,NE,Knox County,43.8,38.01037463745209,-5.789625362547909
31043,Nebraska,NE,Dakota County,45.8,38.283013676732025,-7.516986323267972
55049,Wisconsin,WI,Iowa County,39.4,37.33144305354254,-2.0685569464574556
19181,Iowa,IA,Warren County,42.1,36.5996462370135,-5.500353762986499
19087,Iowa,IA,Henry County,40.9,37.197283538386415,-3.7027164616135835
19027,Iowa,IA,Carroll County,42.0,38.64096469374185,-3.35903530625815
19121,Iowa,IA,Madison County,38.2,37.28790075913519,-0.9120992408648121
19035,Iowa,IA,Cherokee County,40.2,38.729492471016314,-1.4705075289836884
29141,Missouri,MO,Morgan County,43.1,39.779214316535175,-3.320785683464827
30021,Montana,MT,Dawson County,35.7,35.50022025552454,-0.19977974447546387
30025,Montana,MT,Fallon County,33.5,36.22148867603608,2.7214886760360812
31127,Nebraska,NE,Nemaha County,40.9,39.51596245903529,-1.3840375409647052
33011,New Hampshire,NH,Hillsborough County,29.8,30.96370601752939,1.163706017529389
20155,Kansas,KS,Reno County,38.0,38.70864227314728,0.7086422731472766
20109,Kansas,KS,Logan County,38.5,36.47289109144784,-2.027108908552158
20133,Kansas,KS,Neosho County,42.8,39.723887069924885,-3.076112930075112
20079,Kansas,KS,Harvey County,37.3,36.23266093506837,-1.0673390649316303
20001,Kansas,KS,Allen County,41.3,39.16329481565173,-2.1367051843482656
31053,Nebraska,NE,Dodge County,38.7,38.811002770969154,0.11100277096915079
31021,Nebraska,NE,Burt County,40.6,38.46873571567209,-2.131264284327912
17183,Illinois,IL,Vermilion County,41.0,40.74740177667287,-0.25259822332712645
17091,Illinois,IL,Kankakee County,40.3,38.023970835291365,-2.276029164708632
20021,Kansas,KS,Cherokee County,42.0,39.66649059049845,-2.333509409501552
20153,Kansas,KS,Rawlins County,41.5,37.698213870827175,-3.801786129172825
21009,Kentucky,KY,Barren County,40.7,40.71242691491167,0.012426914911664255
31041,Nebraska,NE,Custer County,38.7,39.13944046632959,0.4394404663295859
31045,Nebraska,NE,Dawes County,39.5,38.77101182243446,-0.7289881775655402
31183,Nebraska,NE,Wheeler County,38.6,36.1974066713376,-2.402593328662398
31117,Nebraska,NE,McPherson County,40.8,36.98552385778827,-3.814476142211724
20037,Kansas,KS,Crawford County,42.6,40.15721196922414,-2.4427880307758585
18165,Indiana,IN,Vermillion County,40.8,38.85188726104246,-1.9481127389575406
20029,Kansas,KS,Cloud County,41.5,39.66035934493616,-1.839640655063839
21143,Kentucky,KY,Lyon County,38.3,36.52591635993919,-1.7740836400608089
21173,Kentucky,KY,Montgomery County,42.3,40.783468205768735,-1.5165317942312626
51021,Virginia,VA,Bland County,39.5,37.54442609327763,-1.9555739067223712
51197,Virginia,VA,Wythe County,38.4,39.83804140948988,1.438041409489884
31067,Nebraska,NE,Gage County,42.6,38.73821485673459,-3.861785143265415
17121,Illinois,IL,Marion County,38.5,38.59810353654824,0.098103536548237
19071,Iowa,IA,Fremont County,36.3,37.040655245904304,0.740655245904307
21105,Kentucky,KY,Hickman County,40.8,39.58875265933568,-1.2112473406643147
22007,Louisiana,LA,Assumption Parish,41.2,42.04625700041415,0.8462570004141483
51079,Virginia,VA,Greene County,36.8,37.0178879891866,0.21788798918660035
19155,Iowa,IA,Pottawattamie County,42.6,38.29235307032837,-4.307646929671634
19043,Iowa,IA,Clayton County,40.6,38.75950629932042,-1.8404937006795805
22061,Louisiana,LA,Lincoln Parish,42.0,43.11021450070161,1.110214500701609
22093,Louisiana,LA,St. James Parish,43.9,41.204771626127666,-2.6952283738723324
26143,Michigan,MI,Roscommon County,35.4,36.65292580983559,1.2529258098355882
27029,Minnesota,MN,Clearwater County,39.2,37.3228635703632,-1.8771364296368063
51760,Virginia,VA,Richmond city,35.8,37.95663151440213,2.156631514402136
51135,Virginia,VA,Nottoway County,44.4,41.176576433557734,-3.223423566442264
17037,Illinois,IL,DeKalb County,35.7,36.85950352656,1.1595035265599947
27105,Minnesota,MN,Nobles County,40.7,38.0813368952954,-2.618663104704602
17199,Illinois,IL,Williamson County,38.4,38.830650025361734,0.4306500253617358
17053,Illinois,IL,Ford County,38.0,38.54046003416655,0.54046003416655
27057,Minnesota,MN,Hubbard County,40.0,37.663858353495,-2.3361416465049984
27141,Minnesota,MN,Sherburne County,37.7,36.6689423826718,-1.0310576173282016
51570,Virginia,VA,Colonial Heights city,39.1,37.87231506881042,-1.2276849311895788
55027,Wisconsin,WI,Dodge County,40.5,36.35639923846722,-4.143600761532781
55017,Wisconsin,WI,Chippewa County,40.0,38.26515574375865,-1.7348442562413524
21053,Kentucky,KY,Clinton County,39.6,42.05358355333047,2.4535835533304677
01127,Alabama,AL,Walker County,42.9,40.46088051770783,-2.4391194822921705
08051,Colorado,CO,Gunnison County,23.7,28.43608113536054,4.736081135360539
08039,Colorado,CO,Elbert County,25.0,32.83381738500032,7.833817385000323
27007,Minnesota,MN,Beltrami County,41.1,38.59818930679218,-2.5018106932078226
28145,Mississippi,MS,Union County,39.8,40.50997617443608,0.7099761744360862
28035,Mississippi,MS,Forrest County,43.9,41.7796251354385,-2.120374864561498
28031,Mississippi,MS,Covington County,41.4,42.761962368271725,1.3619623682717261
55041,Wisconsin,WI,Forest County,42.3,37.12842485797072,-5.171575142029276
55033,Wisconsin,WI,Dunn County,41.0,34.37015543492319,-6.629844565076809
40033,Oklahoma,OK,Cotton County,42.4,40.37412407428121,-2.025875925718786
36027,New York,NY,Dutchess County,34.3,29.64485462150359,-4.655145378496407
13069,Georgia,GA,Coffee County,41.4,43.59643115659205,2.1964311565920482
28061,Mississippi,MS,Jasper County,44.1,44.28712981840807,0.1871298184080672
29047,Missouri,MO,Clay County,35.2,36.33134110251836,1.1313411025183555
29225,Missouri,MO,Webster County,38.6,39.851549204198655,1.2515492041986533
29075,Missouri,MO,Gentry County,37.6,40.38666768082324,2.7866676808232356
01081,Alabama,AL,Lee County,35.2,37.7921791675999,2.5921791675998946
08045,Colorado,CO,Garfield County,26.7,31.310345934778695,4.610345934778696
48493,Texas,TX,Wilson County,42.1,37.255369212377786,-4.844630787622215
55115,Wisconsin,WI,Shawano County,45.0,35.968189851530305,-9.031810148469695
18157,Indiana,IN,Tippecanoe County,35.1,35.026067541008054,-0.07393245899194767
19171,Iowa,IA,Tama County,41.3,38.91234429463323,-2.387655705366768
13035,Georgia,GA,Butts County,40.2,38.93325470302611,-1.2667452969738946
13117,Georgia,GA,Forsyth County,31.3,29.89693219759757,-1.403067802402429
29043,Missouri,MO,Christian County,36.7,37.53307157722031,0.8330715772203092
29003,Missouri,MO,Andrew County,42.1,39.12243189132874,-2.9775681086712638
12063,Florida,FL,Jackson County,42.7,41.52618155380807,-1.1738184461919303
17077,Illinois,IL,Jackson County,39.0,38.87829111137948,-0.12170888862051754
19023,Iowa,IA,Butler County,39.5,37.69025910349789,-1.8097408965021131
19067,Iowa,IA,Floyd County,42.8,38.46157254645721,-4.338427453542785
19105,Iowa,IA,Jones County,39.4,38.16969544343685,-1.2303045565631479
20085,Kansas,KS,Jackson County,43.3,39.00393708065897,-4.296062919341026
20081,Kansas,KS,Haskell County,40.5,36.040564208421024,-4.459435791578976
20195,Kansas,KS,Trego County,36.2,37.11630559501796,0.9163055950179597
13255,Georgia,GA,Spalding County,40.2,41.023976391198616,0.8239763911986131
13043,Georgia,GA,Candler County,44.0,42.93971629613219,-1.0602837038678103
29219,Missouri,MO,Warren County,37.6,38.33557408172082,0.7355740817208201
29053,Missouri,MO,Cooper County,41.1,39.277570564154,-1.8224294358460043
29093,Missouri,MO,Iron County,39.4,40.70657117527563,1.3065711752756286
17001,Illinois,IL,Adams County,39.5,38.462276611176144,-1.0377233888238564
30111,Montana,MT,Yellowstone County,34.6,36.6414657736973,2.041465773697297
20033,Kansas,KS,Comanche County,38.7,39.67490554243865,0.9749055424386484
21113,Kentucky,KY,Jessamine County,36.7,38.75621635928474,2.05621635928474
21191,Kentucky,KY,Pendleton County,39.9,39.7756859733406,-0.12431402665939828
13155,Georgia,GA,Irwin County,40.3,41.087652288499115,0.7876522884991175
13287,Georgia,GA,Turner County,43.7,44.962466672347496,1.262466672347493
30095,Montana,MT,Stillwater County,31.9,32.468923398931565,0.5689233989315667
30103,Montana,MT,Treasure County,31.0,36.44711771647717,5.447117716477173
30101,Montana,MT,Toole County,35.1,36.8147264749022,1.7147264749022
19005,Iowa,IA,Allamakee County,38.3,38.393730286088385,0.09373028608838752
21213,Kentucky,KY,Simpson County,41.0,39.35812903476401,-1.641870965235988
55025,Wisconsin,WI,Dane County,31.6,29.780149418665513,-1.8198505813344887
21221,Kentucky,KY,Trigg County,40.3,39.53674615228356,-0.7632538477164346
47139,Tennessee,TN,Polk County,37.6,39.42397086665821,1.8239708666582075
47137,Tennessee,TN,Pickett County,39.8,38.61037958144097,-1.1896204185590307
13109,Georgia,GA,Evans County,44.8,42.35307979233132,-2.4469202076686756
13007,Georgia,GA,Baker County,41.9,43.07388721049654,1.173887210496538
15005,Hawaii,HI,Kalawao County,29.1,31.783953155320653,2.6839531553206513
31035,Nebraska,NE,Clay County,44.2,37.62923728302914,-6.570762716970862
31167,Nebraska,NE,Stanton County,37.9,36.38236281712573,-1.5176371828742674
31017,Nebraska,NE,Brown County,40.6,37.07841175763249,-3.521588242367514
32021,Nevada,NV,Mineral County,35.0,35.643813451468645,0.6438134514686453
39017,Ohio,OH,Butler County,36.5,36.52298406642735,0.022984066427348182
27055,Minnesota,MN,Houston County,38.4,36.39752410039726,-2.002475899602736
16063,Idaho,ID,Lincoln County,36.5,38.30323497436126,1.80323497436126
19075,Iowa,IA,Grundy County,38.7,37.31109361074014,-1.3889063892598656
19141,Iowa,IA,O'Brien County,38.8,38.61581055639856,-0.18418944360143996
20135,Kansas,KS,Ness County,37.8,34.768486187921624,-3.031513812078373
28111,Mississippi,MS,Perry County,41.7,41.85740271402474,0.15740271402473383
29137,Missouri,MO,Monroe County,41.4,39.994728094086554,-1.4052719059134446
29107,Missouri,MO,Lafayette County,38.9,38.86438682426891,-0.035613175731086244
31039,Nebraska,NE,Cuming County,39.7,36.79061224636016,-2.909387753639841
20023,Kansas,KS,Cheyenne County,39.9,35.98614200555479,-3.913857994445209
29001,Missouri,MO,Adair County,42.0,39.682478585792886,-2.317521414207114
31137,Nebraska,NE,Phelps County,43.2,37.01988966319402,-6.180110336805981
36035,New York,NY,Fulton County,36.3,36.74183981369626,0.44183981369626224
47099,Tennessee,TN,Lawrence County,41.0,40.97275193089022,-0.02724806910978117
31147,Nebraska,NE,Richardson County,44.2,38.25061503826707,-5.949384961732932
17069,Illinois,IL,Hardin County,37.8,38.20655933284301,0.4065593328430097
39033,Ohio,OH,Crawford County,44.0,40.07486572869915,-3.9251342713008484
40081,Oklahoma,OK,Lincoln County,42.3,40.8679166584367,-1.432083341563299
46129,South Dakota,SD,Walworth County,34.8,38.41897677134875,3.6189767713487555
48253,Texas,TX,Jones County,42.6,37.69592642759926,-4.9040735724007405
48417,Texas,TX,Shackelford County,38.1,38.673109728762526,0.5731097287625246
42037,Pennsylvania,PA,Columbia County,37.2,36.13131372674737,-1.0686862732526308
46015,South Dakota,SD,Brule County,36.8,37.616774461214575,0.8167744612145782
27019,Minnesota,MN,Carver County,33.1,34.743380093510005,1.6433800935100038
28091,Mississippi,MS,Marion County,44.1,43.70446347885378,-0.3955365211462194
28025,Mississippi,MS,Clay County,42.6,45.38215419949701,2.7821541994970076
29035,Missouri,MO,Carter County,40.0,40.97763497055283,0.9776349705528276
31013,Nebraska,NE,Box Butte County,40.5,37.65197682323228,-2.848023176767718
19007,Iowa,IA,Appanoose County,43.3,39.380546507803714,-3.9194534921962827
21075,Kentucky,KY,Fulton County,45.4,41.564460297568075,-3.835539702431923
20169,Kansas,KS,Saline County,37.9,36.89200241757366,-1.0079975824263414
51520,Virginia,VA,Bristol city,41.3,40.10468578367546,-1.1953142163245403
40007,Oklahoma,OK,Beaver County,39.2,37.69158934061233,-1.5084106593876712
50011,Vermont,VT,Franklin County,31.1,36.68425971161638,5.584259711616376
54051,West Virginia,WV,Marshall County,42.3,39.51826703445563,-2.7817329655443643
55013,Wisconsin,WI,Burnett County,43.1,35.562530197683365,-7.537469802316636
16053,Idaho,ID,Jerome County,40.1,37.83321764183001,-2.2667823581699906
51820,Virginia,VA,Waynesboro city,38.1,38.5335331165015,0.4335331165015006
55069,Wisconsin,WI,Lincoln County,40.3,36.827941078457506,-3.472058921542491
01029,Alabama,AL,Cleburne County,39.4,40.09276485376859,0.692764853768594
16045,Idaho,ID,Gem County,31.4,36.20484500750237,4.804845007502372
37067,North Carolina,NC,Forsyth County,31.8,38.11841422665362,6.318414226653619
06035,California,CA,Lassen County,32.8,35.46592009476635,2.6659200947663564
12109,Florida,FL,St. Johns County,26.5,32.32458956080888,5.824589560808882
48385,Texas,TX,Real County,41.3,35.76826929781874,-5.531730702181257
40073,Oklahoma,OK,Kingfisher County,41.3,38.72965354645783,-2.5703464535421645
26113,Michigan,MI,Missaukee County,38.3,39.19682475321888,0.8968247532188798
35031,New Mexico,NM,McKinley County,37.4,42.63806401916261,5.238064019162614
40037,Oklahoma,OK,Creek County,39.4,39.75035122176308,0.3503512217630842
37069,North Carolina,NC,Franklin County,38.0,38.59888894987846,0.5988889498784573
39141,Ohio,OH,Ross County,42.2,39.8075276864772,-2.392472313522802
46051,South Dakota,SD,Grant County,33.1,36.3849381323834,3.2849381323833953
27045,Minnesota,MN,Fillmore County,37.2,38.01669623080189,0.8166962308018881
29127,Missouri,MO,Marion County,36.1,39.71373866180486,3.6137386618048595
46003,South Dakota,SD,Aurora County,33.4,37.887453896115645,4.487453896115646
18111,Indiana,IN,Newton County,41.5,38.17368597827402,-3.3263140217259775
26005,Michigan,MI,Allegan County,31.6,37.36152201357791,5.76152201357791
47073,Tennessee,TN,Hawkins County,37.5,40.07349194199492,2.5734919419949165
51081,Virginia,VA,Greensville County,46.2,43.866706450488365,-2.3332935495116374
08097,Colorado,CO,Pitkin County,21.1,22.9586797127881,1.8586797127880992
37097,North Carolina,NC,Iredell County,33.5,36.87173097560222,3.371730975602219
42013,Pennsylvania,PA,Blair County,36.2,37.50932349268149,1.3093234926814858
20189,Kansas,KS,Stevens County,40.3,38.08083086701987,-2.2191691329801273
20071,Kansas,KS,Greeley County,36.5,37.11034586409604,0.6103458640960397
56011,Wyoming,WY,Crook County,31.2,35.20887034762315,4.008870347623148
18079,Indiana,IN,Jennings County,41.8,39.87785719158664,-1.922142808413355
40093,Oklahoma,OK,Major County,41.6,37.33361963766296,-4.266380362337038
13257,Georgia,GA,Stephens County,37.5,39.50276125892239,2.0027612589223907
23009,Maine,ME,Hancock County,28.3,33.834127543729856,5.534127543729856
48255,Texas,TX,Karnes County,40.5,39.64295486138878,-0.8570451386112197
26065,Michigan,MI,Ingham County,34.0,35.078422891663024,1.078422891663024
40031,Oklahoma,OK,Comanche County,43.8,39.71811626383091,-4.08188373616909
18005,Indiana,IN,Bartholomew County,34.0,35.91501645757343,1.9150164575734294
47171,Tennessee,TN,Unicoi County,36.8,37.87734638476978,1.0773463847697826
53077,Washington,WA,Yakima County,42.0,37.445498582926525,-4.554501417073475
08041,Colorado,CO,El Paso County,28.1,34.86327028183553,6.763270281835531
42121,Pennsylvania,PA,Venango County,35.5,37.572490126472864,2.0724901264728643
46027,South Dakota,SD,Clay County,39.9,36.10590920975025,-3.794090790249747
39137,Ohio,OH,Putnam County,40.0,39.002557416447125,-0.9974425835528749
08073,Colorado,CO,Lincoln County,30.3,38.30674536927203,8.006745369272029
19137,Iowa,IA,Montgomery County,39.8,38.864209986771755,-0.9357900132282424
20047,Kansas,KS,Edwards County,42.2,38.733307797835195,-3.4666922021648077
26129,Michigan,MI,Ogemaw County,38.3,38.22376365883836,-0.07623634116163913
35023,New Mexico,NM,Hidalgo County,34.9,39.19888740128331,4.298887401283309
19115,Iowa,IA,Louisa County,44.8,35.57239680403092,-9.227603195969074
13293,Georgia,GA,Upson County,41.7,42.061636671426186,0.36163667142618294
28071,Mississippi,MS,Lafayette County,40.0,37.13774099706434,-2.8622590029356587
29211,Missouri,MO,Sullivan County,40.0,40.17183659825396,0.17183659825396091
31139,Nebraska,NE,Pierce County,41.4,37.657079542074534,-3.7429204579254645
31109,Nebraska,NE,Lancaster County,33.1,35.999259101026055,2.899259101026054
31175,Nebraska,NE,Valley County,40.2,39.18650647559584,-1.0134935244041614
37187,North Carolina,NC,Washington County,41.0,42.54384823093326,1.543848230933257
21015,Kentucky,KY,Boone County,38.5,36.19100061109203,-2.3089993889079707
31133,Nebraska,NE,Pawnee County,39.2,39.87750255711352,0.6775025571135203
39009,Ohio,OH,Athens County,38.3,39.24639118288114,0.9463911828811433
17083,Illinois,IL,Jersey County,37.8,36.017511804297854,-1.7824881957021432
17081,Illinois,IL,Jefferson County,38.8,39.075719543009605,0.27571954300960755
17041,Illinois,IL,Douglas County,36.7,37.11891210214281,0.41891210214280505
41009,Oregon,OR,Columbia County,36.9,32.336508416345644,-4.563491583654354
53069,Washington,WA,Wahkiakum County,40.3,33.862520275874424,-6.4374797241255735
50023,Vermont,VT,Washington County,26.8,33.36795203430612,6.567952034306121
51610,Virginia,VA,Falls Church city,30.1,29.721898883961455,-0.3781011160385468
41011,Oregon,OR,Coos County,31.1,32.65875965230716,1.5587596523071596
46109,South Dakota,SD,Roberts County,42.8,38.996931526092446,-3.803068473907551
12035,Florida,FL,Flagler County,33.4,32.042318774967555,-1.3576812250324437
13147,Georgia,GA,Hart County,36.1,37.50732793795393,1.40732793795393
20183,Kansas,KS,Smith County,41.0,38.692996887836784,-2.3070031121632155
18037,Indiana,IN,Dubois County,38.4,35.833687972895596,-2.566312027104402
19127,Iowa,IA,Marshall County,40.7,38.0580143000422,-2.6419856999578
20127,Kansas,KS,Morris County,40.4,37.60811265360721,-2.791887346392791
20185,Kansas,KS,Stafford County,38.6,39.01813518092678,0.41813518092677526
55073,Wisconsin,WI,Marathon County,35.9,34.89219607005986,-1.0078039299401382
01067,Alabama,AL,Henry County,38.3,39.307319873478775,1.007319873478778
17173,Illinois,IL,Shelby County,37.2,38.84265834364469,1.6426583436446904
48505,Texas,TX,Zapata County,46.1,46.15276882227538,0.05276882227537527
50025,Vermont,VT,Windham County,26.0,32.00361132573011,6.0036113257301125
08105,Colorado,CO,Rio Grande County,26.4,37.42212345504461,11.022123455044614
05143,Arkansas,AR,Washington County,33.5,36.275637266616805,2.7756372666168048
08061,Colorado,CO,Kiowa County,30.0,36.94512627969342,6.945126279693419
35001,New Mexico,NM,Bernalillo County,28.1,35.7791371012732,7.679137101273199
46013,South Dakota,SD,Brown County,35.9,38.46440508606573,2.564405086065733
47011,Tennessee,TN,Bradley County,39.2,38.25661254623243,-0.9433874537675706
16075,Idaho,ID,Payette County,37.4,36.74990379121176,-0.6500962087882414
29177,Missouri,MO,Ray County,40.4,38.29553502456732,-2.104464975432677
01031,Alabama,AL,Coffee County,34.1,39.69682242872452,5.596822428724522
22109,Louisiana,LA,Terrebonne Parish,40.5,39.99130742038362,-0.5086925796163797
19153,Iowa,IA,Polk County,38.9,35.78679212301418,-3.1132078769858182
48357,Texas,TX,Ochiltree County,38.7,37.630164375869,-1.0698356241310023
39113,Ohio,OH,Montgomery County,41.5,37.89584170063764,-3.6041582993623607
37071,North Carolina,NC,Gaston County,36.5,38.31493352425595,1.8149335242559488
38079,North Dakota,ND,Rolette County,45.4,42.56180749515645,-2.8381925048435477
48097,Texas,TX,Cooke County,37.3,38.72857116601473,1.4285711660147342
08087,Colorado,CO,Morgan County,31.3,37.96520746839281,6.665207468392811
12043,Florida,FL,Glades County,39.7,38.35798700720603,-1.3420129927939755
47129,Tennessee,TN,Morgan County,40.2,41.23348701502528,1.0334870150252797
48115,Texas,TX,Dawson County,42.6,42.253745297104615,-0.3462547028953864
39145,Ohio,OH,Scioto County,43.7,41.71514050402104,-1.9848594959789594
29045,Missouri,MO,Clark County,40.4,40.175034484666625,-0.2249655153333734
38019,North Dakota,ND,Cavalier County,36.6,36.889208353222735,0.2892083532227332
49009,Utah,UT,Daggett County,33.8,38.479359848922506,4.679359848922509
51013,Virginia,VA,Arlington County,25.9,22.662371670545276,-3.237628329454722
39051,Ohio,OH,Fulton County,42.4,37.63251259420585,-4.767487405794149
40045,Oklahoma,OK,Ellis County,41.2,38.421509855688505,-2.7784901443114975
02063,Alaska,AK,Chugach Census Area,30.4,32.39649690912157,1.996496909121575
13095,Georgia,GA,Dougherty County,44.4,46.58268242868304,2.1826824286830444
13059,Georgia,GA,Clarke County,37.0,37.3064043216356,0.30640432163559694
42001,Pennsylvania,PA,Adams County,37.3,34.30076746017415,-2.9992325398258473
27115,Minnesota,MN,Pine County,38.9,36.33693063980027,-2.5630693601997265
55117,Wisconsin,WI,Sheboygan County,40.5,35.50727479162271,-4.992725208377287
13017,Georgia,GA,Ben Hill County,41.9,43.24681169067448,1.3468116906744783
02060,Alaska,AK,Bristol Bay Borough,32.0,35.91161136577167,3.9116113657716696
26131,Michigan,MI,Ontonagon County,38.1,37.40118064594343,-0.6988193540565746
13037,Georgia,GA,Calhoun County,46.6,47.714362893165195,1.1143628931651932
33001,New Hampshire,NH,Belknap County,30.3,30.38060342639513,0.08060342639512896
48381,Texas,TX,Randall County,33.9,36.54923885977586,2.6492388597758634
48207,Texas,TX,Haskell County,39.7,39.521298291033546,-0.17870170896645732
48281,Texas,TX,Lampasas County,38.3,37.03013885021949,-1.2698611497805103
48271,Texas,TX,Kinney County,41.5,37.1328516416356,-4.367148358364403
49039,Utah,UT,Sanpete County,32.9,38.96399080166016,6.063990801660161
13225,Georgia,GA,Peach County,42.7,39.75391583851255,-2.9460841614874553
17061,Illinois,IL,Greene County,37.5,39.518626038469634,2.018626038469634
19079,Iowa,IA,Hamilton County,35.4,36.95089408002202,1.5508940800220188
27135,Minnesota,MN,Roseau County,33.3,37.297075473037545,3.9970754730375475
28141,Mississippi,MS,Tishomingo County,39.9,39.39614238441376,-0.5038576155862415
29227,Missouri,MO,Worth County,39.7,39.25650079605114,-0.44349920394886055
31057,Nebraska,NE,Dundy County,41.2,36.704577239388634,-4.495422760611369
39157,Ohio,OH,Tuscarawas County,43.7,39.18787740996802,-4.512122590031986
39125,Ohio,OH,Paulding County,39.4,39.41272503590732,0.01272503590732299
40061,Oklahoma,OK,Haskell County,43.7,42.133002224732635,-1.5669977752673674
54091,West Virginia,WV,Taylor County,40.3,39.43077538053668,-0.8692246194633171
19179,Iowa,IA,Wapello County,42.0,38.782389380157746,-3.2176106198422545
20115,Kansas,KS,Marion County,38.7,39.093142511198856,0.39314251119885313
20163,Kansas,KS,Rooks County,38.3,39.93741997832849,1.637419978328495
21169,Kentucky,KY,Metcalfe County,41.7,41.06874110915039,-0.6312588908496153
18173,Indiana,IN,Warrick County,39.8,37.242311402764805,-2.5576885972351917
17143,Illinois,IL,Peoria County,35.6,37.8468410620063,2.246841062006297
19187,Iowa,IA,Webster County,38.7,38.69375783097124,-0.006242169028759292
20207,Kansas,KS,Woodson County,38.4,39.80010962542728,1.4001096254272838
20053,Kansas,KS,Ellsworth County,39.8,37.16092515332111,-2.639074846678888
21035,Kentucky,KY,Calloway County,40.6,38.54674662713539,-2.05325337286461
13093,Georgia,GA,Dooly County,44.0,43.428788915872914,-0.5712110841270857
16067,Idaho,ID,Minidoka County,34.8,38.30520630374792,3.5052063037479257
20063,Kansas,KS,Gove County,40.2,34.38145594704283,-5.818544052957172
22095,Louisiana,LA,St. John the Baptist Parish,43.8,41.6601791373491,-2.1398208626509003
27165,Minnesota,MN,Watonwan County,39.3,37.17765534385255,-2.1223446561474475
28065,Mississippi,MS,Jefferson Davis County,43.8,45.84288369036158,2.0428836903615846
29025,Missouri,MO,Caldwell County,40.0,40.29004782373933,0.2900478237393287
19061,Iowa,IA,Dubuque County,41.5,37.56160336517067,-3.9383966348293313
20157,Kansas,KS,Republic County,38.2,38.78189696730546,0.5818969673054539
21219,Kentucky,KY,Todd County,39.6,41.4499735464912,1.8499735464911993
47051,Tennessee,TN,Franklin County,39.0,37.44147647401381,-1.558523525986189
48359,Texas,TX,Oldham County,36.7,37.55644493846671,0.8564449384667085
50003,Vermont,VT,Bennington County,28.3,32.24030793574528,3.9403079357452775
29221,Missouri,MO,Washington County,39.0,42.0457230327953,3.0457230327953013
31121,Nebraska,NE,Merrick County,40.1,37.43681258307392,-2.6631874169260783
31099,Nebraska,NE,Kearney County,38.3,36.49081693953015,-1.8091830604698487
31097,Nebraska,NE,Johnson County,40.3,38.17765562988176,-2.1223443701182347
31011,Nebraska,NE,Boone County,35.3,38.40464573532108,3.1046457353210855
36121,New York,NY,Wyoming County,35.8,36.03401757531655,0.23401757531654965
21047,Kentucky,KY,Christian County,41.8,40.84801006791375,-0.9519899320862493
18093,Indiana,IN,Lawrence County,39.8,39.68733158403298,-0.11266841596701482
18179,Indiana,IN,Wells County,40.7,37.96641000074956,-2.733589999250441
19041,Iowa,IA,Clay County,40.6,37.43590015279573,-3.1640998472042696
55059,Wisconsin,WI,Kenosha County,43.2,36.26380552417974,-6.936194475820265
55095,Wisconsin,WI,Polk County,40.0,36.430397463337655,-3.5696025366623445
55129,Wisconsin,WI,Washburn County,35.7,37.0638918701862,1.363891870186194
17111,Illinois,IL,McHenry County,34.2,32.99884938289242,-1.2011506171075794
20035,Kansas,KS,Cowley County,41.8,38.83998827459485,-2.9600117254051455
18009,Indiana,IN,Blackford County,37.5,40.28227832062643,2.782278320626432
39079,Ohio,OH,Jackson County,43.7,40.654906166950575,-3.045093833049428
42057,Pennsylvania,PA,Fulton County,36.0,38.716006398174585,2.716006398174585
45001,South Carolina,SC,Abbeville County,38.7,40.772677014156976,2.072677014156973
20143,Kansas,KS,Ottawa County,36.9,39.53631188459767,2.6363118845976743
20027,Kansas,KS,Clay County,40.1,37.25515171491908,-2.8448482850809214
21081,Kentucky,KY,Grant County,37.8,39.372776957911846,1.5727769579118487
53021,Washington,WA,Franklin County,39.7,38.01874069228082,-1.6812593077191806
55085,Wisconsin,WI,Oneida County,38.5,35.77205723426745,-2.72794276573255
05043,Arkansas,AR,Drew County,41.6,42.00014173353398,0.4001417335339781
08079,Colorado,CO,Mineral County,26.6,29.699055088429237,3.0990550884292354
17029,Illinois,IL,Coles County,38.5,38.77459660907456,0.27459660907455685
47089,Tennessee,TN,Jefferson County,38.8,39.052291057478214,0.25229105747821734
20177,Kansas,KS,Shawnee County,40.0,37.49296399793757,-2.507036002062428
56001,Wyoming,WY,Albany County,35.0,31.88206406898271,-3.117935931017289
13207,Georgia,GA,Monroe County,37.7,38.35509094514161,0.6550909451416089
46119,South Dakota,SD,Sully County,37.4,34.543011028431934,-2.8569889715680645
48113,Texas,TX,Dallas County,34.8,35.92162280363252,1.1216228036325262
48083,Texas,TX,Coleman County,38.2,38.278058204886726,0.0780582048867231
47177,Tennessee,TN,Warren County,39.2,40.1073549173904,0.9073549173903999
47169,Tennessee,TN,Trousdale County,38.6,40.385622356550336,1.7856223565503342
48367,Texas,TX,Parker County,36.8,36.28389579306978,-0.5161042069302155
22069,Louisiana,LA,Natchitoches Parish,45.0,43.35371090747709,-1.6462890925229132
27131,Minnesota,MN,Rice County,35.0,36.630733674940146,1.6307336749401458
01053,Alabama,AL,Escambia County,43.5,43.72173005044601,0.22173005044601268
48299,Texas,TX,Llano County,38.5,33.2484150207833,-5.251584979216702
48047,Texas,TX,Brooks County,45.0,43.82833584408645,-1.1716641559135468
04011,Arizona,AZ,Greenlee County,32.5,38.00231729502044,5.50231729502044
48397,Texas,TX,Rockwall County,34.9,32.30874049418715,-2.5912595058128503
48059,Texas,TX,Callahan County,36.4,38.09003830546241,1.6900383054624086
48145,Texas,TX,Falls County,42.7,40.86941337269861,-1.8305866273013933
38041,North Dakota,ND,Hettinger County,37.5,38.27479307527564,0.7747930752756389
04023,Arizona,AZ,Santa Cruz County,32.4,40.64738421330912,8.247384213309118
13055,Georgia,GA,Chattooga County,39.0,41.71498870610079,2.7149887061007902
17075,Illinois,IL,Iroquois County,38.3,37.43991684213162,-0.8600831578683739
20009,Kansas,KS,Barton County,41.3,38.432718047721615,-2.8672819522783826
49031,Utah,UT,Piute County,35.5,38.54440054768193,3.0444005476819314
55039,Wisconsin,WI,Fond du Lac County,41.7,36.9559578137608,-4.744042186239206
05049,Arkansas,AR,Fulton County,39.0,39.60961064916758,0.6096106491675783
35013,New Mexico,NM,Doña Ana County,36.0,39.445089125742115,3.445089125742115
37033,North Carolina,NC,Caswell County,35.5,40.94879900728995,5.448799007289949
39169,Ohio,OH,Wayne County,40.1,39.26045700832443,-0.8395429916755717
39133,Ohio,OH,Portage County,38.5,35.08504951293811,-3.414950487061887
40047,Oklahoma,OK,Garfield County,42.3,38.82679667856684,-3.4732033214331537
06029,California,CA,Kern County,35.9,38.32980817756569,2.4298081775656897
18143,Indiana,IN,Scott County,39.5,39.585313473378086,0.08531347337808626
56017,Wyoming,WY,Hot Springs County,38.8,36.09313888469635,-2.7068611153036457
40105,Oklahoma,OK,Nowata County,41.2,40.8371320176515,-0.36286798234850437
44003,Rhode Island,RI,Kent County,32.9,33.21914546521675,0.31914546521674936
28041,Mississippi,MS,Greene County,42.6,42.08995448346833,-0.5100455165316689
42011,Pennsylvania,PA,Berks County,35.0,36.399069171598704,1.399069171598704
46005,South Dakota,SD,Beadle County,34.7,38.15935716237422,3.459357162374218
27159,Minnesota,MN,Wadena County,42.9,38.52977419959749,-4.370225800402508
01079,Alabama,AL,Lawrence County,40.7,39.394628858182834,-1.3053711418171687
48231,Texas,TX,Hunt County,41.8,39.40079317080973,-2.3992068291902697
31161,Nebraska,NE,Sheridan County,36.3,39.07906474485123,2.779064744851233
17119,Illinois,IL,Madison County,35.8,37.52655337038267,1.7265533703826748
28155,Mississippi,MS,Webster County,39.8,41.2515666178157,1.4515666178157005
29161,Missouri,MO,Phelps County,39.2,38.82943325364914,-0.3705667463508604
29007,Missouri,MO,Audrain County,40.2,40.36808397032995,0.1680839703299455
