FIPS,State_Name,State_Abbreviation,County_Name,CDC_Obesity_AdjPrev,Predicted_Obesity_AdjPrev,Prediction_Difference,Outer_Fold
01069,Alabama,AL,Houston County,37.5,41.59498596655224,4.094985966552237,5
01023,Alabama,AL,Choctaw County,45.8,44.33355297888332,-1.4664470211166787,5
01113,Alabama,AL,Russell County,46.9,44.355104568423755,-2.5448954315762435,1
10005,Delaware,DE,Sussex County,38.6,30.43725754659607,-8.162742453403933,3
01071,Alabama,AL,Jackson County,38.6,39.82263929780432,1.2226392978043208,5
01089,Alabama,AL,Madison County,35.7,36.39637076571718,0.6963707657171767,1
04015,Arizona,AZ,Mohave County,36.6,34.98469409173092,-1.6153059082690788,3
05017,Arkansas,AR,Chicot County,44.6,45.571348380249546,0.9713483802495446,1
05121,Arkansas,AR,Randolph County,37.4,41.34020815299717,3.9402081529971724,5
05073,Arkansas,AR,Lafayette County,42.9,42.73725941734939,-0.1627405826506063,4
05057,Arkansas,AR,Hempstead County,41.2,43.04340164073802,1.8434016407380156,2
06079,California,CA,San Luis Obispo County,28.2,26.470650556157302,-1.7293494438426968,2
06081,California,CA,San Mateo County,21.4,21.47201690256097,0.07201690256097137,2
06091,California,CA,Sierra County,31.3,33.793701370642694,2.493701370642693,4
08067,Colorado,CO,La Plata County,24.8,29.023168129553532,4.223168129553532,1
12007,Florida,FL,Bradford County,38.8,39.486605657067926,0.6866056570679291,3
10003,Delaware,DE,New Castle County,37.6,32.918094885774,-4.681905114225998,3
12009,Florida,FL,Brevard County,32.9,33.52511953437504,0.6251195343750382,5
12131,Florida,FL,Walton County,31.1,33.92422597354965,2.8242259735496518,5
12053,Florida,FL,Hernando County,33.4,34.72954621511808,1.3295462151180786,3
12047,Florida,FL,Hamilton County,39.5,43.62625004093867,4.126250040938672,5
12065,Florida,FL,Jefferson County,37.9,40.297547472005526,2.3975474720055274,2
12031,Florida,FL,Duval County,33.1,35.83508549033068,2.7350854903306754,4
13105,Georgia,GA,Elbert County,42.4,41.42711896432733,-0.9728810356726711,3
13213,Georgia,GA,Murray County,38.0,39.40104731515811,1.4010473151581095,4
16073,Idaho,ID,Owyhee County,34.6,37.34451484350097,2.7445148435009656,5
16049,Idaho,ID,Idaho County,32.6,36.481420106545784,3.8814201065457823,1
17105,Illinois,IL,Livingston County,38.2,38.875195070243514,0.675195070243511,5
17161,Illinois,IL,Rock Island County,37.4,37.13460527086173,-0.2653947291382721,2
27087,Minnesota,MN,Mahnomen County,44.3,40.24201299873047,-4.057987001269524,1
18089,Indiana,IN,Lake County,38.1,38.848522344631704,0.7485223446317022,4
04013,Arizona,AZ,Maricopa County,32.7,34.10981384376161,1.4098138437616043,2
06067,California,CA,Sacramento County,33.9,30.475390391552324,-3.4246096084476747,2
19159,Iowa,IA,Ringgold County,41.2,39.143681446023095,-2.056318553976908,3
06107,California,CA,Tulare County,38.0,37.98479548754388,-0.015204512456122643,1
06069,California,CA,San Benito County,29.1,32.447945329271874,3.347945329271873,2
19163,Iowa,IA,Scott County,39.2,36.603878866421965,-2.5961211335780376,5
27053,Minnesota,MN,Hennepin County,27.4,31.25044402465552,3.85044402465552,4
17125,Illinois,IL,Mason County,35.2,37.68852912939357,2.4885291293935694,2
36005,New York,NY,Bronx County,37.2,39.9971856365838,2.797185636583798,5
20099,Kansas,KS,Labette County,43.6,40.56353437685525,-3.0364656231447498,2
36119,New York,NY,Westchester County,26.6,29.422744755933955,2.822744755933954,3
36053,New York,NY,Madison County,34.4,36.24279747851638,1.8427974785163812,3
21235,Kentucky,KY,Whitley County,41.4,42.05500762337592,0.6550076233759228,1
44007,Rhode Island,RI,Providence County,32.4,31.581787880671556,-0.8182121193284431,3
36029,New York,NY,Erie County,32.7,35.359297729467194,2.659297729467191,2
48287,Texas,TX,Lee County,38.6,39.72531069620135,1.1253106962013462,4
36091,New York,NY,Saratoga County,32.1,31.136789122205627,-0.9632108777943742,1
01121,Alabama,AL,Talladega County,42.6,42.313796902358746,-0.2862030976412555,4
21133,Kentucky,KY,Letcher County,40.6,42.74061379585154,2.140613795851536,1
38017,North Dakota,ND,Cass County,34.1,37.64414180713018,3.544141807130181,2
39035,Ohio,OH,Cuyahoga County,37.8,37.153219285221184,-0.6467807147788136,2
39061,Ohio,OH,Hamilton County,38.6,36.86772784957152,-1.7322721504284786,1
22075,Louisiana,LA,Plaquemines Parish,39.8,37.87638624435977,-1.9236137556402255,4
22031,Louisiana,LA,De Soto Parish,40.0,42.965173713448344,2.965173713448344,3
22111,Louisiana,LA,Union Parish,43.9,42.21368076209119,-1.6863192379088119,1
22115,Louisiana,LA,Vernon Parish,39.5,40.43705462441717,0.937054624417172,3
01087,Alabama,AL,Macon County,47.7,47.33240713865306,-0.36759286134694236,1
01041,Alabama,AL,Crenshaw County,40.3,41.374628056634805,1.0746280566348076,3
24005,Maryland,MD,Baltimore County,33.2,33.64971695591291,0.44971695591290484,2
24019,Maryland,MD,Dorchester County,41.8,38.2706946833167,-3.529305316683299,3
24017,Maryland,MD,Charles County,42.9,34.43858317971719,-8.461416820282807,3
24015,Maryland,MD,Cecil County,37.6,37.18728706540004,-0.41271293459995917,2
25001,Massachusetts,MA,Barnstable County,26.5,30.265436113217863,3.765436113217863,2
25017,Massachusetts,MA,Middlesex County,22.1,27.19538004262227,5.095380042622267,5
26103,Michigan,MI,Marquette County,32.0,37.08200939721669,5.082009397216687,5
26053,Michigan,MI,Gogebic County,37.3,36.539395417634374,-0.7606045823656231,4
26115,Michigan,MI,Monroe County,38.0,37.097726384345805,-0.9022736156541953,3
26141,Michigan,MI,Presque Isle County,35.9,38.22301107045534,2.323011070455344,5
27075,Minnesota,MN,Lake County,34.7,34.44539502525134,-0.2546049747486663,3
27163,Minnesota,MN,Washington County,30.9,32.519372803910606,1.6193728039106077,5
28001,Mississippi,MS,Adams County,43.6,45.31732285078195,1.7173228507819474,4
28087,Mississippi,MS,Lowndes County,44.1,42.88313952738171,-1.2168604726182934,1
28143,Mississippi,MS,Tunica County,50.1,47.548255384720285,-2.5517446152797163,2
28139,Mississippi,MS,Tippah County,42.2,40.77544017452765,-1.4245598254723504,3
29099,Missouri,MO,Jefferson County,39.1,36.85244237077486,-2.247557629225142,1
30001,Montana,MT,Beaverhead County,31.3,36.48138470317217,5.181384703172167,3
30105,Montana,MT,Valley County,36.1,36.78841300596757,0.6884130059675684,5
30005,Montana,MT,Blaine County,41.4,40.80365799226185,-0.5963420077381514,1
30029,Montana,MT,Flathead County,30.2,35.50037667224675,5.3003766722467525,4
33017,New Hampshire,NH,Strafford County,32.9,30.43828968285831,-2.461710317141687,2
34001,New Jersey,NJ,Atlantic County,33.2,30.428305264267394,-2.771694735732609,3
34009,New Jersey,NJ,Cape May County,31.7,28.16322655125907,-3.536773448740931,2
34041,New Jersey,NJ,Warren County,29.1,30.942741770311088,1.8427417703110862,5
34019,New Jersey,NJ,Hunterdon County,26.5,25.753365358630145,-0.7466346413698552,2
34025,New Jersey,NJ,Monmouth County,29.3,27.18342819749348,-2.1165718025065203,1
34023,New Jersey,NJ,Middlesex County,26.9,26.56519537742335,-0.3348046225766481,2
35045,New Mexico,NM,San Juan County,38.1,40.37816518350608,2.2781651835060757,2
36031,New York,NY,Essex County,36.0,33.45939794677043,-2.54060205322957,4
37047,North Carolina,NC,Columbus County,39.2,42.432827003046455,3.2328270030464523,5
37039,North Carolina,NC,Cherokee County,31.5,35.702730142886956,4.202730142886956,3
37149,North Carolina,NC,Polk County,32.2,35.56192659465214,3.3619265946521395,1
37009,North Carolina,NC,Ashe County,33.9,35.56202738460265,1.662027384602652,4
37055,North Carolina,NC,Dare County,29.5,31.1625657217738,1.6625657217737988,3
37091,North Carolina,NC,Hertford County,43.4,44.012088280185026,0.6120882801850271,4
38097,North Dakota,ND,Traill County,38.2,38.315331192845754,0.11533119284575122,3
38053,North Dakota,ND,McKenzie County,35.5,33.864442838903535,-1.6355571610964645,3
39167,Ohio,OH,Washington County,44.7,37.66295075968742,-7.037049240312584,1
40095,Oklahoma,OK,Marshall County,43.7,39.32716891939111,-4.37283108060889,3
02020,Alaska,AK,Anchorage Municipality,29.6,30.034741034890367,0.4347410348903651,1
02180,Alaska,AK,Nome Census Area,37.2,38.151847733860336,0.9518477338603333,3
02070,Alaska,AK,Dillingham Census Area,37.2,37.66962233288705,0.4696223328870488,5
41015,Oregon,OR,Curry County,31.7,32.30606078926396,0.6060607892639602,2
41007,Oregon,OR,Clatsop County,30.3,30.983942848889612,0.6839428488896111,3
41035,Oregon,OR,Klamath County,38.4,35.21423864923405,-3.185761350765951,2
41033,Oregon,OR,Josephine County,32.8,34.63138257542722,1.8313825754272202,5
02066,Alaska,AK,Copper River Census Area,32.6,36.31199637674492,3.7119963767449207,1
41065,Oregon,OR,Wasco County,32.9,35.01499025038135,2.1149902503813536,1
48037,Texas,TX,Bowie County,40.9,40.2140597860947,-0.6859402139052975,3
42071,Pennsylvania,PA,Lancaster County,35.7,35.034511415609344,-0.6654885843906584,1
42095,Pennsylvania,PA,Northampton County,33.7,30.08345836702904,-3.6165416329709643,1
44009,Rhode Island,RI,Washington County,25.0,27.12054075210308,2.1205407521030786,3
45013,South Carolina,SC,Beaufort County,27.9,33.240751133880764,5.340751133880765,1
45051,South Carolina,SC,Horry County,34.7,34.44132482213653,-0.2586751778634735,2
45091,South Carolina,SC,York County,31.2,38.14401211564974,6.944012115649738,3
46023,South Dakota,SD,Charles Mix County,38.5,40.795873854643034,2.295873854643034,1
04007,Arizona,AZ,Gila County,34.4,35.01316619336479,0.6131661933647905,2
47157,Tennessee,TN,Shelby County,42.6,41.638842834222466,-0.9611571657775357,4
47165,Tennessee,TN,Sumner County,38.4,37.71999580821455,-0.68000419178545,2
47019,Tennessee,TN,Carter County,41.3,39.64016817664102,-1.659831823358978,3
47123,Tennessee,TN,Monroe County,36.1,39.69882228747284,3.598822287472835,1
47013,Tennessee,TN,Campbell County,39.2,40.374878618942304,1.1748786189423015,5
48273,Texas,TX,Kleberg County,41.5,38.51364400321398,-2.986355996786017,3
48229,Texas,TX,Hudspeth County,42.8,38.76457620144396,-4.035423798556039,4
48419,Texas,TX,Shelby County,40.9,40.77837244088229,-0.12162755911770518,4
48301,Texas,TX,Loving County,32.6,35.341873551044145,2.7418735510441437,4
49037,Utah,UT,San Juan County,37.3,41.276226959643004,3.9762269596430073,2
49019,Utah,UT,Grand County,30.9,35.18265235166204,4.282652351662044,4
49049,Utah,UT,Utah County,30.7,33.81394921255627,3.1139492125562676,1
49023,Utah,UT,Juab County,34.4,37.60302645059693,3.20302645059693,4
51133,Virginia,VA,Northumberland County,38.8,37.66402003308146,-1.1359799669185406,2
51193,Virginia,VA,Westmoreland County,41.7,37.954110732427345,-3.7458892675726574,5
51073,Virginia,VA,Gloucester County,36.6,34.14043040827474,-2.4595695917252627,1
51107,Virginia,VA,Loudoun County,28.6,27.95292999820507,-0.6470700017949298,4
51143,Virginia,VA,Pittsylvania County,43.9,39.55267167478578,-4.347328325214221,1
51083,Virginia,VA,Halifax County,43.1,41.65761285051301,-1.44238714948699,5
53053,Washington,WA,Pierce County,35.8,31.67409738474461,-4.125902615255388,5
53067,Washington,WA,Thurston County,33.6,32.55033166934871,-1.0496683306512935,2
53005,Washington,WA,Benton County,40.0,36.06451866151283,-3.935481338487172,3
54047,West Virginia,WV,McDowell County,44.3,42.68879531247165,-1.6112046875283497,4
54099,West Virginia,WV,Wayne County,45.6,40.97673042138633,-4.623269578613673,2
54037,West Virginia,WV,Jefferson County,34.8,33.92405773403827,-0.8759422659617258,5
54003,West Virginia,WV,Berkeley County,40.3,37.750654375396905,-2.5493456246030917,1
55003,Wisconsin,WI,Ashland County,38.0,37.16232991020297,-0.8376700897970295,5
55051,Wisconsin,WI,Iron County,37.2,36.58735469549739,-0.6126453045026139,2
56039,Wyoming,WY,Teton County,22.2,26.52767862428749,4.32767862428749,1
05045,Arkansas,AR,Faulkner County,37.8,39.48971350604694,1.6897135060469424,1
05011,Arkansas,AR,Bradley County,41.5,42.42613874069598,0.9261387406959827,4
05085,Arkansas,AR,Lonoke County,38.0,38.61892024180459,0.618920241804588,5
05099,Arkansas,AR,Nevada County,41.5,42.86740819040071,1.3674081904007096,5
05037,Arkansas,AR,Cross County,38.5,41.76781662279345,3.267816622793447,5
06007,California,CA,Butte County,31.5,32.892225598772285,1.392225598772285,5
06047,California,CA,Merced County,34.5,38.387623074073915,3.8876230740739146,2
08059,Colorado,CO,Jefferson County,24.9,27.691847894441395,2.7918478944413962,2
08065,Colorado,CO,Lake County,26.2,34.4990684391648,8.299068439164802,2
08055,Colorado,CO,Huerfano County,28.7,33.914709985377485,5.214709985377485,3
12117,Florida,FL,Seminole County,31.4,33.01182002532512,1.6118200253251231,3
12041,Florida,FL,Gilchrist County,36.9,38.720615778378296,1.820615778378297,1
12013,Florida,FL,Calhoun County,43.6,40.728485875392,-2.871514124607998,4
13229,Georgia,GA,Pierce County,39.6,39.88686670089081,0.2868667008908119,5
13261,Georgia,GA,Sumter County,44.0,43.61308344664785,-0.386916553352151,2
13021,Georgia,GA,Bibb County,48.5,43.984045605007026,-4.515954394992974,3
13151,Georgia,GA,Henry County,39.3,39.93216472485663,0.6321647248566293,4
13195,Georgia,GA,Madison County,39.0,38.93964006337866,-0.06035993662133876,3
13265,Georgia,GA,Taliaferro County,43.3,42.90347379583803,-0.39652620416196527,5
13267,Georgia,GA,Tattnall County,46.1,41.90775150271488,-4.192248497285121,1
13237,Georgia,GA,Putnam County,42.1,38.75429407624718,-3.345705923752824,5
13219,Georgia,GA,Oconee County,32.9,32.37358007961684,-0.5264199203831552,5
13205,Georgia,GA,Mitchell County,46.8,44.82351295447726,-1.9764870455227381,2
13201,Georgia,GA,Miller County,41.7,41.983755568596344,0.2837555685963409,1
16085,Idaho,ID,Valley County,33.5,30.985258679386625,-2.514741320613375,5
16005,Idaho,ID,Bannock County,36.8,37.821249754337856,1.021249754337859,5
16039,Idaho,ID,Elmore County,36.5,39.97785948229249,3.4778594822924873,5
17047,Illinois,IL,Edwards County,37.2,39.24098268349672,2.040982683496715,1
17027,Illinois,IL,Clinton County,35.3,36.87394085140632,1.57394085140632,1
18041,Indiana,IN,Fayette County,41.1,39.745556089463825,-1.354443910536176,3
18069,Indiana,IN,Huntington County,39.0,39.346398885755875,0.34639888575587463,4
19175,Iowa,IA,Union County,38.1,39.705997332536676,1.605997332536674,1
20059,Kansas,KS,Franklin County,34.2,38.65791767299291,4.457917672992906,3
20171,Kansas,KS,Scott County,41.2,34.60358837253186,-6.596411627468143,4
21123,Kentucky,KY,Larue County,42.3,40.25002736589774,-2.0499726341022537,2
21115,Kentucky,KY,Johnson County,42.4,41.19117333803324,-1.2088266619667607,3
21109,Kentucky,KY,Jackson County,41.9,42.69812722511576,0.7981272251157634,4
21175,Kentucky,KY,Morgan County,38.7,41.11311450954328,2.413114509543277,2
21011,Kentucky,KY,Bath County,38.4,41.61865423311787,3.2186542331178742,5
21231,Kentucky,KY,Wayne County,42.1,42.200353272211046,0.10035327221104495,4
21061,Kentucky,KY,Edmonson County,42.7,40.84998337770802,-1.8500166222919816,5
21165,Kentucky,KY,Menifee County,40.8,42.653420449934295,1.8534204499342977,2
22001,Louisiana,LA,Acadia Parish,36.8,42.159294678806575,5.359294678806577,1
22071,Louisiana,LA,Orleans Parish,38.1,41.50619020965788,3.406190209657879,5
22103,Louisiana,LA,St. Tammany Parish,35.1,37.692762825617294,2.5927628256172923,2
22067,Louisiana,LA,Morehouse Parish,44.7,45.272933585604314,0.5729335856043107,5
22081,Louisiana,LA,Red River Parish,46.4,44.66313601640397,-1.736863983596031,1
22039,Louisiana,LA,Evangeline Parish,46.3,44.09854594389881,-2.201454056101184,2
22043,Louisiana,LA,Grant Parish,38.8,40.7792991671983,1.979299167198306,2
22083,Louisiana,LA,Richland Parish,43.3,44.75661976682081,1.4566197668208147,5
26135,Michigan,MI,Oscoda County,36.9,38.58716568990375,1.6871656899037504,5
27015,Minnesota,MN,Brown County,39.9,37.96740317289649,-1.9325968271035094,4
28163,Mississippi,MS,Yazoo County,45.4,46.9940133932058,1.594013393205799,3
28089,Mississippi,MS,Madison County,37.2,39.655345902350575,2.4553459023505724,5
28101,Mississippi,MS,Newton County,44.3,42.60128742170853,-1.6987125782914703,1
29033,Missouri,MO,Carroll County,38.9,38.900224689059506,0.00022468905950745466,5
29039,Missouri,MO,Cedar County,42.0,40.57165462215277,-1.4283453778472293,5
29197,Missouri,MO,Schuyler County,39.8,38.821349742883065,-0.9786502571169322,4
30063,Montana,MT,Missoula County,29.2,32.40061205271889,3.200612052718892,4
30097,Montana,MT,Sweet Grass County,32.1,34.78742480285095,2.6874248028509484,4
30047,Montana,MT,Lake County,33.9,38.39021585478645,4.490215854786449,3
30069,Montana,MT,Petroleum County,32.8,37.06443031888326,4.264430318883264,5
30023,Montana,MT,Deer Lodge County,32.9,35.22249849422568,2.322498494225684,3
31115,Nebraska,NE,Loup County,38.7,35.80894725742191,-2.89105274257809,5
31005,Nebraska,NE,Arthur County,39.0,37.85012759256065,-1.1498724074393465,5
32011,Nevada,NV,Eureka County,33.9,34.830874430662206,0.9308744306622074,2
35011,New Mexico,NM,De Baca County,33.1,36.19191338566016,3.091913385660156,5
36113,New York,NY,Warren County,34.7,29.965825610221767,-4.734174389778236,3
36017,New York,NY,Chenango County,37.5,37.85767994177206,0.3576799417720622,2
36051,New York,NY,Livingston County,32.4,35.69212806823782,3.2921280682378224,3
37193,North Carolina,NC,Wilkes County,35.2,38.924420368374186,3.724420368374183,2
37159,North Carolina,NC,Rowan County,33.9,38.432143059505826,4.532143059505827,4
37089,North Carolina,NC,Henderson County,33.9,34.86767209705551,0.9676720970555124,3
37163,North Carolina,NC,Sampson County,38.5,40.84433417636618,2.344334176366182,2
37121,North Carolina,NC,Mitchell County,34.1,34.75719866230088,0.6571986623008783,4
38069,North Dakota,ND,Pierce County,36.3,38.57562017229222,2.2756201722922214,4
39067,Ohio,OH,Harrison County,41.4,39.634378705342016,-1.7656212946579828,4
40145,Oklahoma,OK,Wagoner County,43.5,37.3067274199258,-6.193272580074201,1
40133,Oklahoma,OK,Seminole County,43.0,42.73842594515083,-0.26157405484917007,1
41017,Oregon,OR,Deschutes County,27.0,26.13068641964685,-0.8693135803531504,2
41031,Oregon,OR,Jefferson County,34.9,37.57764555676325,2.6776455567632524,2
41055,Oregon,OR,Sherman County,33.2,35.03390365258477,1.833903652584766,3
42051,Pennsylvania,PA,Fayette County,34.8,39.87287487940778,5.0728748794077845,1
42129,Pennsylvania,PA,Westmoreland County,31.4,35.80626573707057,4.406265737070569,5
42023,Pennsylvania,PA,Cameron County,38.0,36.28308988250454,-1.716910117495459,1
45055,South Carolina,SC,Kershaw County,36.5,40.036558222286345,3.536558222286345,5
45027,South Carolina,SC,Clarendon County,45.6,43.60117539495167,-1.998824605048334,4
45017,South Carolina,SC,Calhoun County,38.4,43.038880933562346,4.638880933562348,5
46079,South Dakota,SD,Lake County,35.8,35.7210462200671,-0.07895377993289543,5
47001,Tennessee,TN,Anderson County,38.3,38.042440146247394,-0.2575598537526034,2
47189,Tennessee,TN,Wilson County,36.8,36.51231045048535,-0.28768954951464565,4
47135,Tennessee,TN,Perry County,38.8,41.29448893151029,2.49448893151029,2
47045,Tennessee,TN,Dyer County,41.3,40.64394562047722,-0.6560543795227787,2
47029,Tennessee,TN,Cocke County,41.5,40.59362955423361,-0.9063704457663917,5
47049,Tennessee,TN,Fentress County,40.1,39.632389394925845,-0.46761060507415664,5
47085,Tennessee,TN,Humphreys County,37.7,39.71024530701338,2.0102453070133777,2
47185,Tennessee,TN,White County,39.8,40.50930387355938,0.7093038735593851,4
47127,Tennessee,TN,Moore County,36.5,37.89019384997078,1.3901938499707782,2
48339,Texas,TX,Montgomery County,35.4,35.96810212549025,0.568102125490249,1
48029,Texas,TX,Bexar County,37.3,38.2003736566264,0.9003736566263996,1
48245,Texas,TX,Jefferson County,38.1,38.54920792004067,0.44920792004067067,3
48457,Texas,TX,Tyler County,40.3,39.35378121489463,-0.9462187851053656,4
48157,Texas,TX,Fort Bend County,33.1,33.25360605735148,0.1536060573514817,3
48139,Texas,TX,Ellis County,37.6,37.21330117741287,-0.3866988225871282,3
48499,Texas,TX,Wood County,35.9,36.002703666027784,0.1027036660277858,1
48041,Texas,TX,Brazos County,36.9,38.00040319575565,1.1004031957556535,4
48459,Texas,TX,Upshur County,40.5,40.322737201872734,-0.1772627981272663,2
48343,Texas,TX,Morris County,40.6,39.39840352108023,-1.2015964789197682,4
48393,Texas,TX,Roberts County,36.4,37.76381197472281,1.3638119747228146,2
48289,Texas,TX,Leon County,37.6,38.482762371166,0.8827623711659953,5
48349,Texas,TX,Navarro County,42.3,40.28911392587784,-2.010886074122155,5
48185,Texas,TX,Grimes County,41.6,39.66322572524647,-1.9367742747535317,4
48467,Texas,TX,Van Zandt County,36.1,38.67392224871054,2.573922248710538,3
48125,Texas,TX,Dickens County,37.4,40.27513711994225,2.875137119942252,4
48105,Texas,TX,Crockett County,38.6,37.362629244336105,-1.2373707556638962,5
48415,Texas,TX,Scurry County,39.1,39.81488241606221,0.7148824160622098,2
48379,Texas,TX,Rains County,37.5,36.92308498030597,-0.5769150196940274,4
48261,Texas,TX,Kenedy County,47.3,39.107167404668104,-8.192832595331893,4
49011,Utah,UT,Davis County,30.2,33.49074922446693,3.290749224466932,3
49015,Utah,UT,Emery County,34.5,36.820317732128615,2.320317732128615,5
49051,Utah,UT,Wasatch County,25.8,29.99186048236905,4.191860482369048,3
49007,Utah,UT,Carbon County,35.0,38.760452762153214,3.7604527621532142,5
49013,Utah,UT,Duchesne County,33.0,37.88535484172469,4.885354841724691,4
49055,Utah,UT,Wayne County,33.2,36.31959077896314,3.1195907789631363,5
51109,Virginia,VA,Louisa County,38.9,37.08997123524628,-1.8100287647537172,3
51023,Virginia,VA,Botetourt County,35.7,36.18611319758792,0.48611319758791893,5
51061,Virginia,VA,Fauquier County,33.4,33.060014503388395,-0.3399854966116038,5
51009,Virginia,VA,Amherst County,36.1,38.43448732185581,2.3344873218558106,3
51161,Virginia,VA,Roanoke County,34.2,35.898591953794295,1.698591953794292,5
51175,Virginia,VA,Southampton County,42.4,39.74914758932289,-2.6508524106771105,4
51113,Virginia,VA,Madison County,37.0,36.786018411679706,-0.21398158832029424,3
53017,Washington,WA,Douglas County,37.8,31.92390199848665,-5.876098001513348,1
54039,West Virginia,WV,Kanawha County,40.3,37.46320622847081,-2.8367937715291873,2
54109,West Virginia,WV,Wyoming County,46.0,42.26369311513641,-3.7363068848635876,1
54025,West Virginia,WV,Greenbrier County,42.8,39.85432102158757,-2.945678978412424,4
54041,West Virginia,WV,Lewis County,40.5,39.59414053704398,-0.9058594629560233,5
55057,Wisconsin,WI,Juneau County,39.6,38.135007579061295,-1.4649924209387066,3
55035,Wisconsin,WI,Eau Claire County,35.8,35.69317604535108,-0.1068239546489167,3
56013,Wyoming,WY,Fremont County,37.9,38.601516260008296,0.7015162600082974,4
08033,Colorado,CO,Dolores County,27.4,34.718788930418285,7.318788930418286,5
01073,Alabama,AL,Jefferson County,39.7,40.49169419257842,0.7916941925784187,5
06109,California,CA,Tuolumne County,31.0,32.3690202876957,1.3690202876956974,5
12103,Florida,FL,Pinellas County,32.2,32.97540678914117,0.7754067891411651,4
12057,Florida,FL,Hillsborough County,31.4,36.597801910417765,5.197801910417766,2
12075,Florida,FL,Levy County,38.5,39.24103767048544,0.74103767048544,2
12086,Florida,FL,Miami-Dade County,30.3,36.27165245351428,5.971652453514277,4
12071,Florida,FL,Lee County,31.1,32.49549801680398,1.3954980168039768,2
12113,Florida,FL,Santa Rosa County,31.1,35.45875821131497,4.358758211314971,5
01043,Alabama,AL,Cullman County,39.7,39.089472041315126,-0.6105279586848766,5
12037,Florida,FL,Franklin County,37.6,38.46408214578468,0.8640821457846783,5
12073,Florida,FL,Leon County,33.1,37.48014100710583,4.380141007105827,3
13051,Georgia,GA,Chatham County,36.1,36.3170544230137,0.2170544230136997,4
13185,Georgia,GA,Lowndes County,39.5,42.31689440493333,2.816894404933329,1
13027,Georgia,GA,Brooks County,42.1,43.10456142717713,1.00456142717713,1
13049,Georgia,GA,Charlton County,42.2,41.385185060074186,-0.8148149399258173,5
17197,Illinois,IL,Will County,36.6,33.31719249778996,-3.2828075022100407,3
13245,Georgia,GA,Richmond County,44.4,43.9984129895389,-0.4015870104610997,3
13241,Georgia,GA,Rabun County,36.7,33.50560899274426,-3.1943910072557458,2
13153,Georgia,GA,Houston County,39.3,39.09160978230159,-0.20839021769840826,5
16041,Idaho,ID,Franklin County,33.1,37.33496875838328,4.234968758383282,1
01033,Alabama,AL,Colbert County,40.9,38.97926726042152,-1.920732739578476,5
04001,Arizona,AZ,Apache County,39.1,42.24671353441025,3.146713534410246,4
05007,Arkansas,AR,Benton County,34.2,32.52597794400867,-1.6740220559913297,3
05139,Arkansas,AR,Union County,41.2,42.05788625185935,0.8578862518593482,4
05003,Arkansas,AR,Ashley County,42.1,42.7075710000003,0.6075710000002985,2
05133,Arkansas,AR,Sevier County,41.5,41.11312307920248,-0.3868769207975191,1
05131,Arkansas,AR,Sebastian County,35.9,39.09125980304358,3.191259803043579,1
05015,Arkansas,AR,Carroll County,35.6,34.36250191081745,-1.2374980891825516,5
05021,Arkansas,AR,Clay County,38.1,40.86014775124588,2.7601477512458814,5
05041,Arkansas,AR,Desha County,45.2,45.507632151034414,0.30763215103441155,3
05063,Arkansas,AR,Independence County,39.6,40.397076968728726,0.7970769687287245,5
06059,California,CA,Orange County,25.7,23.76497207205969,-1.9350279279403075,5
05019,Arkansas,AR,Clark County,40.4,41.464871729262704,1.0648717292627055,3
06037,California,CA,Los Angeles County,26.2,28.574249000222142,2.374249000222143,3
06087,California,CA,Santa Cruz County,29.4,25.62957577205136,-3.770424227948638,3
06097,California,CA,Sonoma County,28.3,26.736898216820308,-1.5631017831796932,4
06041,California,CA,Marin County,23.5,24.41392928276121,0.9139292827612095,3
06001,California,CA,Alameda County,19.4,23.72879742619681,4.328797426196811,3
06003,California,CA,Alpine County,29.9,28.734477859792342,-1.1655221402076563,1
06061,California,CA,Placer County,25.8,28.528487997613936,2.728487997613936,3
06057,California,CA,Nevada County,29.9,27.78154367980098,-2.1184563201990194,3
08077,Colorado,CO,Mesa County,30.3,33.50369905645855,3.20369905645855,5
08123,Colorado,CO,Weld County,31.2,35.11881258489084,3.9188125848908406,2
08083,Colorado,CO,Montezuma County,30.2,34.80044615473508,4.600446154735078,3
21147,Kentucky,KY,McCreary County,43.2,43.13962117156979,-0.06037882843020981,5
37167,North Carolina,NC,Stanly County,34.3,37.618155304986885,3.318155304986888,2
37007,North Carolina,NC,Anson County,43.1,43.4898647688976,0.3898647688975956,2
37155,North Carolina,NC,Robeson County,41.9,43.71830520284345,1.8183052028434545,4
01099,Alabama,AL,Monroe County,42.7,44.748591210004626,2.0485912100046235,2
21135,Kentucky,KY,Lewis County,46.3,42.81316292735911,-3.4868370726408884,2
22057,Louisiana,LA,Lafourche Parish,42.7,39.50720401797528,-3.1927959820247196,1
22117,Louisiana,LA,Washington Parish,43.3,43.49720384375445,0.1972038437544512,3
22029,Louisiana,LA,Concordia Parish,42.0,45.4305547365482,3.4305547365482028,4
22035,Louisiana,LA,East Carroll Parish,51.3,48.469703533292375,-2.8302964667076225,1
22011,Louisiana,LA,Beauregard Parish,36.8,39.71335555033494,2.9133555503349413,4
23031,Maine,ME,York County,29.5,30.96789106532404,1.4678910653240393,3
23029,Maine,ME,Washington County,37.7,37.88222814506071,0.18222814506070506,5
23003,Maine,ME,Aroostook County,41.7,38.05331379368727,-3.6466862063127294,4
24041,Maryland,MD,Talbot County,31.7,31.137319649212237,-0.5626803507877618,5
24037,Maryland,MD,St. Mary's County,35.2,35.30338613752213,0.10338613752212922,4
24039,Maryland,MD,Somerset County,43.6,41.31248276437155,-2.2875172356284494,1
01131,Alabama,AL,Wilcox County,48.5,48.926306847458214,0.4263068474582141,3
24011,Maryland,MD,Caroline County,38.6,38.94550338466947,0.3455033846694704,2
24033,Maryland,MD,Prince George's County,36.0,35.67487321354526,-0.3251267864547387,4
24001,Maryland,MD,Allegany County,37.3,38.49986926283307,1.1998692628330758,3
01065,Alabama,AL,Hale County,44.4,45.76144922256009,1.3614492225600898,1
36063,New York,NY,Niagara County,34.6,36.259467565398495,1.6594675653984936,4
37129,North Carolina,NC,New Hanover County,32.4,31.750049887843257,-0.6499501121567413,3
37141,North Carolina,NC,Pender County,31.3,37.24302094182423,5.943020941824226,2
37133,North Carolina,NC,Onslow County,32.1,38.90835439961561,6.8083543996156095,3
37043,North Carolina,NC,Clay County,32.7,34.67217758408344,1.9721775840834397,2
37113,North Carolina,NC,Macon County,31.3,32.81806092090775,1.5180609209077467,4
37175,North Carolina,NC,Transylvania County,32.8,33.79428495802303,0.9942849580230302,4
37049,North Carolina,NC,Craven County,36.1,37.163275701551534,1.0632757015515324,3
37137,North Carolina,NC,Pamlico County,36.6,36.50477300496488,-0.09522699503511944,3
37177,North Carolina,NC,Tyrrell County,37.0,41.97023057216314,4.970230572163139,3
37053,North Carolina,NC,Currituck County,33.2,33.429323546364,0.2293235463640002,2
37131,North Carolina,NC,Northampton County,40.3,43.64746080302386,3.347460803023864,1
37075,North Carolina,NC,Graham County,34.0,38.81419008928019,4.8141900892801885,4
38077,North Dakota,ND,Richland County,41.9,37.7745134626855,-4.125486537314501,4
38105,North Dakota,ND,Williams County,37.7,35.496746494535515,-2.203253505464488,4
38099,North Dakota,ND,Walsh County,38.5,38.2908437342613,-0.20915626573869872,4
38067,North Dakota,ND,Pembina County,34.3,37.414726492496094,3.1147264924960965,2
38085,North Dakota,ND,Sioux County,49.4,44.20087687390093,-5.199123126099067,1
39043,Ohio,OH,Erie County,36.7,36.48806953138081,-0.21193046861919385,2
40065,Oklahoma,OK,Jackson County,42.7,39.344850356244585,-3.355149643755418,5
40141,Oklahoma,OK,Tillman County,42.4,41.93461397154323,-0.4653860284567699,1
40067,Oklahoma,OK,Jefferson County,45.2,41.66094580629012,-3.5390541937098803,1
40023,Oklahoma,OK,Choctaw County,45.4,42.33183733949387,-3.0681626605061254,5
40135,Oklahoma,OK,Sequoyah County,41.2,41.76642350436354,0.5664235043635344,5
40089,Oklahoma,OK,McCurtain County,45.1,42.097268996179864,-3.002731003820138,3
02130,Alaska,AK,Ketchikan Gateway Borough,34.3,30.235036287935472,-4.064963712064525,4
02185,Alaska,AK,North Slope Borough,40.7,35.16057669699294,-5.539423303007062,1
02290,Alaska,AK,Yukon-Koyukuk Census Area,39.5,42.35729234152914,2.8572923415291385,2
02220,Alaska,AK,Sitka City and Borough,32.3,32.36104764786712,0.06104764786712025,3
41051,Oregon,OR,Multnomah County,28.9,26.896567291871083,-2.0034327081289156,2
41021,Oregon,OR,Gilliam County,31.8,35.017970318991054,3.2179703189910533,2
42133,Pennsylvania,PA,York County,35.3,36.047087095711014,0.7470870957110165,2
42017,Pennsylvania,PA,Bucks County,30.4,29.965575928361226,-0.43442407163877306,2
42049,Pennsylvania,PA,Erie County,36.9,36.89842045983848,-0.0015795401615150695,4
42127,Pennsylvania,PA,Wayne County,35.2,34.36558069777732,-0.8344193022226847,5
42029,Pennsylvania,PA,Chester County,29.5,29.706204252990982,0.20620425299098244,2
42089,Pennsylvania,PA,Monroe County,37.7,32.543315813804455,-5.156684186195548,3
02100,Alaska,AK,Haines Borough,32.6,30.45888728009672,-2.14111271990328,4
45045,South Carolina,SC,Greenville County,30.0,36.3758241656732,6.375824165673201,5
45025,South Carolina,SC,Chesterfield County,39.8,41.97202859557487,2.172028595574872,3
25025,Massachusetts,MA,Suffolk County,28.0,29.214376793239666,1.2143767932396656,1
25021,Massachusetts,MA,Norfolk County,27.0,28.55960123408987,1.5596012340898717,2
25013,Massachusetts,MA,Hampden County,35.9,35.40769159663743,-0.4923084033625713,1
26041,Michigan,MI,Delta County,35.6,36.773827158458126,1.1738271584581241,2
26003,Michigan,MI,Alger County,34.7,37.954776415533075,3.2547764155330725,1
27167,Minnesota,MN,Wilkin County,41.1,38.65006433449487,-2.44993566550513,5
27137,Minnesota,MN,St. Louis County,36.7,35.33186630383886,-1.368133696161145,2
27119,Minnesota,MN,Polk County,38.8,38.9454365072018,0.14543650720180068,3
27073,Minnesota,MN,Lac qui Parle County,35.1,37.82655535441105,2.7265553544110475,3
28113,Mississippi,MS,Pike County,46.1,45.07224632450273,-1.027753675497273,1
28151,Mississippi,MS,Washington County,44.6,48.01193645639168,3.411936456391679,4
28055,Mississippi,MS,Issaquena County,46.1,46.04236745352523,-0.05763254647477112,2
28033,Mississippi,MS,DeSoto County,39.6,39.20024925132623,-0.3997507486737746,3
28021,Mississippi,MS,Claiborne County,51.2,49.87636273987894,-1.3236372601210604,4
29201,Missouri,MO,Scott County,43.4,40.788707003548005,-2.6112929964519935,3
29183,Missouri,MO,St. Charles County,36.1,34.74767311014297,-1.3523268898570322,1
29013,Missouri,MO,Bates County,38.3,40.73031360783786,2.43031360783786,5
29087,Missouri,MO,Holt County,39.6,39.77415770054528,0.17415770054527968,5
29171,Missouri,MO,Putnam County,40.7,39.94385358737065,-0.7561464126293558,3
30053,Montana,MT,Lincoln County,30.9,36.0518468812438,5.151846881243799,4
30051,Montana,MT,Liberty County,37.4,37.77647785968676,0.3764778596867586,1
30085,Montana,MT,Roosevelt County,40.6,42.1042096123383,1.5042096123383004,4
30075,Montana,MT,Powder River County,33.2,34.34683766167363,1.1468376616736293,2
30035,Montana,MT,Glacier County,36.2,42.79436451122003,6.594364511220029,1
30009,Montana,MT,Carbon County,29.0,31.308976558643877,2.3089765586438773,5
32033,Nevada,NV,White Pine County,33.4,35.200683972690726,1.8006839726907273,4
32017,Nevada,NV,Lincoln County,32.1,39.16757831617445,7.067578316174448,2
35029,New Mexico,NM,Luna County,38.7,40.60128114829204,1.9012811482920355,2
36045,New York,NY,Jefferson County,37.4,37.82330808464956,0.4233080846495625,5
16043,Idaho,ID,Fremont County,33.7,35.86840430467835,2.168404304678347,1
16083,Idaho,ID,Twin Falls County,36.5,38.83638299661348,2.33638299661348,3
16003,Idaho,ID,Adams County,31.5,35.916081929853185,4.416081929853185,3
16069,Idaho,ID,Nez Perce County,35.5,36.27546118637313,0.7754611863731284,1
17153,Illinois,IL,Pulaski County,42.8,41.71521094385053,-1.084789056149468,2
17045,Illinois,IL,Edgar County,37.4,37.14682441084869,-0.25317558915131144,1
18147,Indiana,IN,Spencer County,35.7,38.77201618209078,3.0720161820907776,5
18129,Indiana,IN,Posey County,36.4,38.17247353230238,1.772473532302378,3
19111,Iowa,IA,Lee County,40.9,38.743020289364715,-2.1569797106352837,5
27145,Minnesota,MN,Stearns County,38.4,37.82189401289921,-0.5781059871007912,4
29037,Missouri,MO,Cass County,35.1,37.053867665065646,1.9538676650656441,2
29019,Missouri,MO,Boone County,33.1,36.5925854613108,3.492585461310796,5
29159,Missouri,MO,Pettis County,39.0,40.32205241546908,1.3220524154690807,4
34031,New Jersey,NJ,Passaic County,31.7,32.372551084628014,0.6725510846280152,5
26163,Michigan,MI,Wayne County,36.7,39.09979537479651,2.399795374796504,4
18161,Indiana,IN,Union County,40.3,38.40649892763415,-1.8935010723658436,4
06113,California,CA,Yolo County,28.5,29.14218166168998,0.6421816616899783,2
18035,Indiana,IN,Delaware County,39.8,39.48290040747884,-0.31709959252115993,2
19063,Iowa,IA,Emmet County,38.5,38.62003554341037,0.12003554341036704,4
26109,Michigan,MI,Menominee County,37.3,34.796403308047395,-2.503596691952602,2
19189,Iowa,IA,Winnebago County,39.0,37.00955943901444,-1.9904405609855615,5
36047,New York,NY,Kings County,26.9,31.47302697531681,4.573026975316811,1
20013,Kansas,KS,Brown County,41.2,40.287417453249624,-0.9125825467503788,1
01091,Alabama,AL,Marengo County,46.1,45.39448706560274,-0.7055129343972624,1
01101,Alabama,AL,Montgomery County,44.6,43.474731407404114,-1.1252685925958872,5
01095,Alabama,AL,Marshall County,38.6,40.01187674605742,1.4118767460574162,4
36075,New York,NY,Oswego County,38.5,37.74528493076192,-0.7547150692380811,4
21027,Kentucky,KY,Breckinridge County,40.1,41.11051811845528,1.0105181184552805,1
40087,Oklahoma,OK,McClain County,37.9,37.687860424925915,-0.2121395750740831,1
40125,Oklahoma,OK,Pottawatomie County,42.6,40.21952150418261,-2.3804784958173926,2
36071,New York,NY,Orange County,37.3,35.59400218885363,-1.7059978111463678,5
21159,Kentucky,KY,Martin County,43.3,42.7719872149431,-0.5280127850568945,5
48213,Texas,TX,Henderson County,37.3,38.492517546372035,1.1925175463720379,2
55078,Wisconsin,WI,Menominee County,43.4,43.288776270490374,-0.111223729509625,1
18139,Indiana,IN,Rush County,41.5,39.345670729808134,-2.154329270191866,1
18065,Indiana,IN,Henry County,44.4,39.95922040472999,-4.440779595270008,4
18027,Indiana,IN,Daviess County,38.3,39.65762426308779,1.3576242630877928,5
18071,Indiana,IN,Jackson County,43.2,38.56474601898381,-4.6352539810161915,4
18175,Indiana,IN,Washington County,41.7,39.190936675116994,-2.5090633248830088,4
19055,Iowa,IA,Delaware County,40.6,37.786250852303034,-2.813749147696967,1
19165,Iowa,IA,Shelby County,35.0,38.502121501937665,3.5021215019376655,1
20069,Kansas,KS,Gray County,39.8,36.917128003566525,-2.8828719964334724,3
20093,Kansas,KS,Kearny County,43.4,38.54261672206468,-4.85738327793532,1
20165,Kansas,KS,Rush County,37.4,38.47184499019046,1.0718449901904634,3
21179,Kentucky,KY,Nelson County,34.4,38.75908304342611,4.359083043426111,2
21183,Kentucky,KY,Ohio County,40.3,40.62369343046572,0.32369343046572396,5
21107,Kentucky,KY,Hopkins County,40.7,41.06568217212062,0.36568217212061427,3
21209,Kentucky,KY,Scott County,36.4,36.63661342654759,0.2366134265475921,1
21079,Kentucky,KY,Garrard County,39.5,39.64080884598807,0.14080884598806875,2
21025,Kentucky,KY,Breathitt County,43.1,43.110586510771256,0.01058651077125461,2
21167,Kentucky,KY,Mercer County,38.4,39.58764932987105,1.18764932987105,5
21013,Kentucky,KY,Bell County,44.2,43.280983172200585,-0.9190168277994175,5
21187,Kentucky,KY,Owen County,38.8,40.66406442230145,1.8640644223014533,4
04025,Arizona,AZ,Yavapai County,27.7,32.61632574117952,4.916325741179524,4
46103,South Dakota,SD,Pennington County,34.6,37.32086743822163,2.7208674382216316,4
46089,South Dakota,SD,McPherson County,37.8,36.86734638655837,-0.9326536134416301,4
47167,Tennessee,TN,Tipton County,39.4,39.00808504165683,-0.3919149583431718,5
47055,Tennessee,TN,Giles County,38.2,39.2062647202624,1.0062647202624007,2
47065,Tennessee,TN,Hamilton County,33.3,36.166608363207345,2.866608363207348,4
47155,Tennessee,TN,Sevier County,39.4,34.385988514146284,-5.014011485853715,2
47059,Tennessee,TN,Greene County,38.0,37.554715068596465,-0.44528493140353476,5
47147,Tennessee,TN,Robertson County,37.7,37.97773238773835,0.27773238773834663,3
47009,Tennessee,TN,Blount County,33.4,37.38234817406849,3.982348174068491,2
48355,Texas,TX,Nueces County,44.0,37.468472252646635,-6.5315277473533655,5
48427,Texas,TX,Starr County,47.8,44.987249305961505,-2.812750694038492,5
48409,Texas,TX,San Patricio County,43.3,39.13733268099136,-4.162667319008634,3
48039,Texas,TX,Brazoria County,39.6,33.865559528471536,-5.734440471528465,1
48443,Texas,TX,Terrell County,35.8,37.01597622381258,1.2159762238125822,4
48211,Texas,TX,Hemphill County,36.6,38.12180811436622,1.521808114366216,3
48067,Texas,TX,Cass County,38.6,40.858261598725726,2.258261598725724,1
49043,Utah,UT,Summit County,23.1,25.01394071444457,1.9139407144445677,2
50027,Vermont,VT,Windsor County,25.6,31.475013463309185,5.875013463309184,2
51185,Virginia,VA,Tazewell County,40.7,41.265413540692855,0.5654135406928518,1
51191,Virginia,VA,Washington County,37.2,38.08153782904171,0.8815378290417044,5
51051,Virginia,VA,Dickenson County,42.9,41.70349270206597,-1.1965072979340263,2
51131,Virginia,VA,Northampton County,41.8,37.92472351175448,-3.875276488245518,4
51179,Virginia,VA,Stafford County,37.0,33.39557632409016,-3.6044236759098425,2
51103,Virginia,VA,Lancaster County,40.6,37.34891991982719,-3.2510800801728124,1
51159,Virginia,VA,Richmond County,38.6,39.53569423979793,0.9356942397979253,5
51015,Virginia,VA,Augusta County,37.8,36.353593786163906,-1.4464062138360916,4
51181,Virginia,VA,Surry County,39.4,39.572012113509714,0.1720121135097159,5
51059,Virginia,VA,Fairfax County,27.0,26.81630354111393,-0.18369645888607167,2
51069,Virginia,VA,Frederick County,37.6,35.20088953511673,-2.3991104648832717,2
53057,Washington,WA,Skagit County,36.8,33.64677908731893,-3.153220912681064,2
53055,Washington,WA,San Juan County,25.9,27.309442943703672,1.4094429437036737,2
53027,Washington,WA,Grays Harbor County,36.5,35.08607918396051,-1.413920816039493,2
53045,Washington,WA,Mason County,37.7,33.48790142346374,-4.212098576536263,4
53033,Washington,WA,King County,22.8,22.892288982862045,0.09228898286204412,2
53049,Washington,WA,Pacific County,36.5,31.13225493989323,-5.36774506010677,5
53029,Washington,WA,Island County,33.7,30.904781798682876,-2.7952182013171267,2
54063,West Virginia,WV,Monroe County,40.8,40.289020885049105,-0.5109791149508922,4
54103,West Virginia,WV,Wetzel County,37.1,39.10549231883304,2.005492318833042,1
54095,West Virginia,WV,Tyler County,41.7,38.80957898827137,-2.890421011728634,3
54107,West Virginia,WV,Wood County,38.1,38.26855930440278,0.1685593044027769,2
54057,West Virginia,WV,Mineral County,43.1,37.84202898449367,-5.257971015506328,1
54031,West Virginia,WV,Hardy County,42.9,39.13977509899403,-3.7602249010059694,2
54027,West Virginia,WV,Hampshire County,42.0,38.477730544107,-3.522269455893003,4
55023,Wisconsin,WI,Crawford County,39.1,38.32601355445739,-0.7739864455426115,5
55011,Wisconsin,WI,Buffalo County,40.1,36.81644960800329,-3.2835503919967124,5
55121,Wisconsin,WI,Trempealeau County,39.1,38.11344228720971,-0.9865577127902938,2
56007,Wyoming,WY,Carbon County,36.2,35.63024729586561,-0.5697527041343946,4
56033,Wyoming,WY,Sheridan County,31.6,33.69113778473972,2.091137784739722,2
56029,Wyoming,WY,Park County,33.2,31.617494901138343,-1.5825050988616596,5
05097,Arkansas,AR,Montgomery County,39.8,37.47530060624699,-2.324699393753008,5
05025,Arkansas,AR,Cleveland County,41.0,39.67000656697672,-1.329993433023283,1
06019,California,CA,Fresno County,39.0,33.782505613058525,-5.217494386941475,1
06105,California,CA,Trinity County,32.4,35.457879071500926,3.0578790715009276,1
06089,California,CA,Shasta County,28.7,35.56923496722158,6.869234967221583,2
06115,California,CA,Yuba County,32.6,37.399346633913545,4.799346633913544,3
06011,California,CA,Colusa County,32.2,40.07769096493203,7.877690964932029,1
08035,Colorado,CO,Douglas County,20.9,29.6023192182102,8.702319218210203,2
08043,Colorado,CO,Fremont County,29.2,35.58484357376232,6.384843573762321,4
08027,Colorado,CO,Custer County,26.8,34.279902997071524,7.479902997071523,2
08117,Colorado,CO,Summit County,22.7,23.846236568178217,1.1462365681782174,2
08049,Colorado,CO,Grand County,24.9,24.939926155484653,0.03992615548465395,1
08029,Colorado,CO,Delta County,29.0,33.2565414028124,4.2565414028124025,4
08091,Colorado,CO,Ouray County,24.8,28.59159639723403,3.7915963972340307,1
08093,Colorado,CO,Park County,25.3,32.188461101483526,6.888461101483525,3
12069,Florida,FL,Lake County,34.8,34.58494722569463,-0.21505277430537006,1
12083,Florida,FL,Marion County,39.1,35.87763873763375,-3.222361262366249,2
12023,Florida,FL,Columbia County,38.3,39.44238665087953,1.14238665087953,1
12119,Florida,FL,Sumter County,35.1,31.800652390556067,-3.2993476094439345,4
12097,Florida,FL,Osceola County,31.0,37.40886939347217,6.408869393472173,1
12121,Florida,FL,Suwannee County,44.8,40.062423063487834,-4.737576936512163,4
12125,Florida,FL,Union County,42.5,40.65317198194454,-1.8468280180554615,4
13121,Georgia,GA,Fulton County,30.0,32.80021848384925,2.8002184838492497,1
13013,Georgia,GA,Barrow County,39.9,38.29392575568671,-1.606074244313291,3
13163,Georgia,GA,Jefferson County,44.2,43.81021431632711,-0.38978568367289057,1
13009,Georgia,GA,Baldwin County,39.8,43.575518979068654,3.775518979068657,4
13279,Georgia,GA,Toombs County,42.5,42.18689395637911,-0.31310604362089123,4
13001,Georgia,GA,Appling County,40.7,41.39896002430829,0.6989600243082847,3
13023,Georgia,GA,Bleckley County,42.0,40.57894035054824,-1.421059649451763,5
13133,Georgia,GA,Greene County,39.2,37.50315087020599,-1.6968491297940105,2
13311,Georgia,GA,White County,35.5,36.07274852593142,0.5727485259314165,1
13301,Georgia,GA,Warren County,44.6,44.89269611716221,0.2926961171622082,1
13315,Georgia,GA,Wilcox County,41.5,42.99170332259147,1.4917033225914693,1
13305,Georgia,GA,Wayne County,41.3,42.47577089386341,1.1757708938634153,2
13289,Georgia,GA,Twiggs County,42.0,42.318650322893006,0.31865032289300643,2
13249,Georgia,GA,Schley County,38.2,40.31833198816837,2.1183319881683644,5
15003,Hawaii,HI,Honolulu County,26.2,24.02272378908475,-2.177276210915249,5
15001,Hawaii,HI,Hawaii County,26.0,27.96258407048693,1.9625840704869297,4
16013,Idaho,ID,Blaine County,25.5,28.534521673984788,3.034521673984788,5
16061,Idaho,ID,Lewis County,36.2,37.215502602783374,1.0155026027833713,5
16025,Idaho,ID,Camas County,32.8,34.67522583843414,1.8752258384341403,3
16015,Idaho,ID,Boise County,31.2,30.9613341515523,-0.2386658484476989,4
17039,Illinois,IL,De Witt County,36.5,37.68762936682771,1.1876293668277071,3
31075,Nebraska,NE,Grant County,36.6,37.25557813827528,0.6555781382752812,1
31091,Nebraska,NE,Hooker County,39.9,35.80740429886725,-4.092595701132751,4
32015,Nevada,NV,Lander County,33.8,34.679273171843334,0.8792731718433373,3
34035,New Jersey,NJ,Somerset County,26.9,24.758408781950763,-2.1415912180492356,2
35021,New Mexico,NM,Harding County,35.0,35.50065573798274,0.5006557379827399,5
35051,New Mexico,NM,Sierra County,33.7,33.350471939852405,-0.3495280601475983,2
37085,North Carolina,NC,Harnett County,39.4,39.593226272313345,0.19322627231334621,1
37125,North Carolina,NC,Moore County,32.1,36.57521120353072,4.475211203530719,3
37117,North Carolina,NC,Martin County,38.5,42.373769690640955,3.8737696906409553,1
37051,North Carolina,NC,Cumberland County,39.6,39.73577209747989,0.1357720974798866,4
37059,North Carolina,NC,Davie County,34.0,35.38630789657533,1.3863078965753317,1
37083,North Carolina,NC,Halifax County,41.2,44.527505099037874,3.3275050990378716,2
37027,North Carolina,NC,Caldwell County,35.0,39.49711017483411,4.497110174834113,2
37127,North Carolina,NC,Nash County,42.1,39.740818616825194,-2.359181383174807,4
37015,North Carolina,NC,Bertie County,43.5,45.60521797320783,2.1052179732078287,5
37093,North Carolina,NC,Hoke County,35.6,41.661232826642866,6.061232826642865,3
38103,North Dakota,ND,Wells County,37.9,36.70294759604819,-1.1970524039518082,2
47003,Tennessee,TN,Bedford County,41.3,39.42813384419054,-1.8718661558094567,4
47053,Tennessee,TN,Gibson County,40.0,41.02669225245372,1.0266922524537208,3
47033,Tennessee,TN,Crockett County,39.1,40.484372512101885,1.3843725121018835,4
47173,Tennessee,TN,Union County,37.7,40.21222720471148,2.512227204711479,4
47031,Tennessee,TN,Coffee County,39.6,38.91649666787177,-0.6835033321282324,4
47119,Tennessee,TN,Maury County,40.7,37.69813693487925,-3.0018630651207516,2
47121,Tennessee,TN,Meigs County,38.0,39.297331230085625,1.297331230085625,3
47107,Tennessee,TN,McMinn County,40.4,39.52804873698838,-0.8719512630116171,1
47105,Tennessee,TN,Loudon County,36.3,33.90258318579556,-2.3974168142044405,2
47141,Tennessee,TN,Putnam County,38.4,37.84387658297534,-0.5561234170246578,5
47081,Tennessee,TN,Hickman County,39.7,39.81748117354232,0.11748117354231624,4
47079,Tennessee,TN,Henry County,39.4,39.53898349418957,0.13898349418957423,1
47057,Tennessee,TN,Grainger County,38.0,39.095827157201825,1.0958271572018248,5
47159,Tennessee,TN,Smith County,36.9,39.72537274069096,2.825372740690959,2
48387,Texas,TX,Red River County,39.9,40.620437206457154,0.7204372064571558,3
48219,Texas,TX,Hockley County,41.3,40.89912347819445,-0.4008765218055501,5
48127,Texas,TX,Dimmit County,49.9,44.141120657168415,-5.758879342831584,4
48471,Texas,TX,Walker County,42.2,39.13626729154521,-3.0637327084547934,5
48089,Texas,TX,Colorado County,39.7,38.27916421644655,-1.42083578355345,4
48131,Texas,TX,Duval County,42.6,44.55737527831614,1.9573752783161353,1
48475,Texas,TX,Ward County,40.8,37.83794081072526,-2.96205918927474,4
48225,Texas,TX,Houston County,40.4,40.67388692437515,0.27388692437514806,3
48347,Texas,TX,Nacogdoches County,40.6,40.870065921606916,0.2700659216069141,4
48153,Texas,TX,Floyd County,41.1,40.29792441220207,-0.8020755877979298,4
48469,Texas,TX,Victoria County,39.1,38.81745514324975,-0.2825448567502491,1
48223,Texas,TX,Hopkins County,37.6,39.20484793253849,1.6048479325384903,4
48025,Texas,TX,Bee County,43.0,39.73398587118074,-3.2660141288192577,4
48119,Texas,TX,Delta County,36.8,38.60697089242779,1.8069708924277919,4
48455,Texas,TX,Trinity County,38.9,38.69289241987642,-0.20710758012357644,2
48015,Texas,TX,Austin County,36.3,38.32035169712864,2.020351697128646,5
48151,Texas,TX,Fisher County,37.6,39.16508163761658,1.5650816376165793,2
48407,Texas,TX,San Jacinto County,38.2,38.24536518703712,0.045365187037120336,3
48405,Texas,TX,San Augustine County,42.8,40.75923313455398,-2.0407668654460167,3
48477,Texas,TX,Washington County,37.1,35.30880801020921,-1.7911919897907893,1
48435,Texas,TX,Sutton County,41.6,37.74077329518391,-3.859226704816095,5
38071,North Dakota,ND,Ramsey County,36.0,37.367717861684625,1.3677178616846248,3
39077,Ohio,OH,Huron County,41.9,39.43507094155297,-2.4649290584470265,5
39065,Ohio,OH,Hardin County,45.3,39.69348234638465,-5.606517653615349,5
40101,Oklahoma,OK,Muskogee County,44.6,41.19674060943803,-3.4032593905619706,3
40035,Oklahoma,OK,Craig County,43.6,40.55249465516248,-3.047505344837525,5
40075,Oklahoma,OK,Kiowa County,45.4,41.422642944936136,-3.9773570550638624,4
42091,Pennsylvania,PA,Montgomery County,31.2,28.493264630847325,-2.7067353691526748,4
42043,Pennsylvania,PA,Dauphin County,34.3,34.3225696177727,0.022569617772703054,1
42027,Pennsylvania,PA,Centre County,34.7,32.38385400348687,-2.3161459965131357,4
42033,Pennsylvania,PA,Clearfield County,36.9,36.94162913053336,0.041629130533358705,5
42063,Pennsylvania,PA,Indiana County,40.1,37.664226152062014,-2.4357738479379876,1
42031,Pennsylvania,PA,Clarion County,35.7,38.88742881845999,3.187428818459985,2
42035,Pennsylvania,PA,Clinton County,35.3,37.66388701178408,2.3638870117840796,3
42061,Pennsylvania,PA,Huntingdon County,35.8,37.62616797335076,1.8261679733507634,5
42113,Pennsylvania,PA,Sullivan County,36.6,36.874726322376375,0.27472632237637384,3
45079,South Carolina,SC,Richland County,33.9,40.1497373493307,6.249737349330701,3
45047,South Carolina,SC,Greenwood County,40.5,40.05872380412028,-0.44127619587972333,3
45087,South Carolina,SC,Union County,42.9,42.57131658164445,-0.3286834183555456,5
45071,South Carolina,SC,Newberry County,38.7,39.40389497050793,0.7038949705079247,3
45049,South Carolina,SC,Hampton County,43.7,44.663452051179746,0.9634520511797433,1
45005,South Carolina,SC,Allendale County,44.5,48.33266225745679,3.8326622574567892,5
46093,South Dakota,SD,Meade County,33.3,38.766927591719295,5.466927591719298,2
46073,South Dakota,SD,Jerauld County,36.6,35.73442362526096,-0.8655763747390424,2
46117,South Dakota,SD,Stanley County,33.7,37.03832197148323,3.338321971483225,2
47143,Tennessee,TN,Rhea County,39.3,40.44924338893132,1.1492433889313247,5
47093,Tennessee,TN,Knox County,37.5,36.73827580837587,-0.7617241916241326,4
21119,Kentucky,KY,Knott County,42.5,43.47286864519564,0.9728686451956392,5
21003,Kentucky,KY,Allen County,41.8,41.17252746049998,-0.6274725395000189,4
21139,Kentucky,KY,Livingston County,41.1,39.66847416652174,-1.4315258334782612,2
21055,Kentucky,KY,Crittenden County,41.0,41.237833216999945,0.2378332169999453,4
21239,Kentucky,KY,Woodford County,35.1,36.18713307727905,1.0871330772790486,2
21193,Kentucky,KY,Perry County,41.0,42.19309022747684,1.1930902274768371,5
21181,Kentucky,KY,Nicholas County,40.2,40.875988647707125,0.675988647707122,5
21189,Kentucky,KY,Owsley County,41.2,42.80644752308055,1.606447523080547,1
21097,Kentucky,KY,Harrison County,40.0,39.963775484746215,-0.03622451525378523,2
21063,Kentucky,KY,Elliott County,42.2,41.96991928147783,-0.23008071852217427,2
22015,Louisiana,LA,Bossier Parish,44.7,38.92228890837525,-5.777711091624752,2
22077,Louisiana,LA,Pointe Coupee Parish,42.3,41.437140371428136,-0.8628596285718615,4
22125,Louisiana,LA,West Feliciana Parish,40.4,37.25939450715726,-3.140605492842738,4
22091,Louisiana,LA,St. Helena Parish,46.3,44.98836595932015,-1.3116340406798486,2
22025,Louisiana,LA,Catahoula Parish,42.7,43.16583625940322,0.4658362594032184,4
24027,Maryland,MD,Howard County,26.9,28.47230550434805,1.5723055043480514,1
26051,Michigan,MI,Gladwin County,38.1,38.17733757082483,0.07733757082483095,4
27061,Minnesota,MN,Itasca County,34.6,38.410665063694815,3.810665063694813,3
27171,Minnesota,MN,Wright County,37.2,34.84640054873403,-2.3535994512659713,2
27127,Minnesota,MN,Redwood County,39.0,37.94036255159778,-1.0596374484022206,1
27097,Minnesota,MN,Morrison County,39.8,39.36319210458969,-0.43680789541030407,3
27139,Minnesota,MN,Scott County,33.6,31.83691467900543,-1.7630853209945698,2
27129,Minnesota,MN,Renville County,38.4,37.92169113373276,-0.47830886626724123,4
27107,Minnesota,MN,Norman County,37.9,38.08814672340997,0.18814672340997163,1
27065,Minnesota,MN,Kanabec County,37.8,38.36047355220675,0.5604735522067514,3
28083,Mississippi,MS,Leflore County,45.8,47.43723247118668,1.6372324711866852,3
28131,Mississippi,MS,Stone County,41.4,40.55082480494721,-0.849175195052787,3
28051,Mississippi,MS,Holmes County,53.0,49.98220923153892,-3.017790768461083,1
28157,Mississippi,MS,Wilkinson County,49.3,48.87482124236363,-0.4251787576363668,2
28013,Mississippi,MS,Calhoun County,41.9,42.98965668767888,1.0896566876788825,5
29027,Missouri,MO,Callaway County,41.7,38.09401141556329,-3.605988584436716,4
29113,Missouri,MO,Lincoln County,41.3,38.04156187112298,-3.2584381288770174,3
29123,Missouri,MO,Madison County,38.0,40.255783100465386,2.2557831004653863,2
29207,Missouri,MO,Stoddard County,45.2,40.51714742581263,-4.682852574187372,1
30045,Montana,MT,Judith Basin County,33.4,36.7430778104048,3.3430778104048002,2
30013,Montana,MT,Cascade County,35.6,38.67982706045575,3.0798270604557487,5
30007,Montana,MT,Broadwater County,32.0,37.94828266942941,5.94828266942941,3
30049,Montana,MT,Lewis and Clark County,30.1,34.98225331833812,4.882253318338115,3
30027,Montana,MT,Fergus County,32.1,37.141791132683885,5.041791132683883,4
30037,Montana,MT,Golden Valley County,34.1,38.622619620263194,4.5226196202631925,2
30039,Montana,MT,Granite County,32.4,36.24487889041923,3.8448788904192313,3
31185,Nebraska,NE,York County,38.9,37.93355453054451,-0.9664454694554863,2
37019,North Carolina,NC,Brunswick County,30.9,33.43268497410131,2.532684974101315,5
37119,North Carolina,NC,Mecklenburg County,34.1,32.96276606834894,-1.1372339316510605,4
37145,North Carolina,NC,Person County,40.5,39.95432643339803,-0.5456735666019696,5
39171,Ohio,OH,Williams County,41.5,39.31450464157259,-2.18549535842741,1
40079,Oklahoma,OK,Le Flore County,42.7,42.58348495943984,-0.11651504056015938,2
02170,Alaska,AK,Matanuska-Susitna Borough,31.4,36.78792077071304,5.387920770713045,2
02122,Alaska,AK,Kenai Peninsula Borough,32.0,33.78833415945771,1.7883341594577118,1
41045,Oregon,OR,Malheur County,38.3,36.56093964748912,-1.7390603525108759,2
02240,Alaska,AK,Southeast Fairbanks Census Area,37.3,37.3184027738415,0.01840277384150113,1
41039,Oregon,OR,Lane County,32.5,32.89982878995888,0.3998287899588817,4
41001,Oregon,OR,Baker County,34.3,34.851967640436264,0.551967640436267,4
42125,Pennsylvania,PA,Washington County,38.2,34.97724233509576,-3.2227576649042433,1
44005,Rhode Island,RI,Newport County,27.6,27.704812483320083,0.10481248332008164,3
45007,South Carolina,SC,Anderson County,38.5,39.55266874231477,1.052668742314772,1
45083,South Carolina,SC,Spartanburg County,36.4,38.156916396873626,1.7569163968736277,2
46127,South Dakota,SD,Union County,32.6,35.78278361739825,3.1827836173982504,1
04009,Arizona,AZ,Graham County,40.4,40.63677106156941,0.23677106156941363,3
47183,Tennessee,TN,Weakley County,40.0,40.2591547121034,0.2591547121034026,4
48071,Texas,TX,Chambers County,38.7,36.711767868780456,-1.9882321312195472,2
48377,Texas,TX,Presidio County,44.2,39.35659580040683,-4.843404199593174,5
48087,Texas,TX,Collingsworth County,39.4,39.81213916047047,0.41213916047047405,5
49025,Utah,UT,Kane County,36.3,36.241270515584915,-0.058729484415081856,3
49005,Utah,UT,Cache County,35.0,36.2266758498478,1.2266758498478012,3
49003,Utah,UT,Box Elder County,32.0,36.74452598800201,4.74452598800201,3
50009,Vermont,VT,Essex County,32.7,37.07668315586768,4.376683155867674,3
51141,Virginia,VA,Patrick County,40.8,37.81782420558828,-2.9821757944117167,1
51027,Virginia,VA,Buchanan County,44.6,41.91724535288175,-2.6827546471182515,1
51093,Virginia,VA,Isle of Wight County,38.9,35.51844827276239,-3.381551727237607,5
51095,Virginia,VA,James City County,33.8,32.99754683842049,-0.802453161579507,2
54065,West Virginia,WV,Morgan County,38.5,35.86820891593924,-2.631791084060758,2
54023,West Virginia,WV,Grant County,41.1,39.604985816930686,-1.4950141830693155,1
55075,Wisconsin,WI,Marinette County,41.3,36.97022011909219,-4.329779880907807,3
56005,Wyoming,WY,Campbell County,35.0,33.05456273456851,-1.9454372654314867,5
05039,Arkansas,AR,Dallas County,44.0,43.71453719887376,-0.28546280112624345,4
05117,Arkansas,AR,Prairie County,38.3,39.4206428038966,1.120642803896601,1
05067,Arkansas,AR,Jackson County,40.6,42.454355036705394,1.8543550367053925,3
05075,Arkansas,AR,Lawrence County,41.5,41.16375041849959,-0.33624958150041095,1
48269,Texas,TX,King County,40.8,35.55206106895855,-5.247938931041446,3
48345,Texas,TX,Motley County,36.5,38.20306675604202,1.7030667560420198,2
51111,Virginia,VA,Lunenburg County,42.7,39.89347162769444,-2.8065283723055643,4
51177,Virginia,VA,Spotsylvania County,38.3,35.8835934272679,-2.4164065727321002,3
51087,Virginia,VA,Henrico County,35.1,32.85694319393768,-2.24305680606232,3
51101,Virginia,VA,King William County,38.5,36.28022611351453,-2.21977388648547,4
51155,Virginia,VA,Pulaski County,35.6,37.98115475052086,2.3811547505208566,4
51187,Virginia,VA,Warren County,38.1,37.17360206770292,-0.9263979322970783,4
51137,Virginia,VA,Orange County,36.8,34.46461927819403,-2.3353807218059686,1
51067,Virginia,VA,Franklin County,33.5,37.570291251270866,4.070291251270866,2
51139,Virginia,VA,Page County,40.2,37.27063054073783,-2.929369459262176,5
51127,Virginia,VA,New Kent County,37.2,33.32135884843798,-3.8786411515620216,1
51125,Virginia,VA,Nelson County,34.8,37.50107186957333,2.701071869573333,1
51145,Virginia,VA,Powhatan County,35.8,34.83422910602477,-0.9657708939752254,3
51075,Virginia,VA,Goochland County,31.7,32.496617656489036,0.7966176564890368,3
51037,Virginia,VA,Charlotte County,40.7,41.424023988849925,0.7240239888499218,1
51063,Virginia,VA,Floyd County,36.8,37.85519939805083,1.0551993980508314,1
51097,Virginia,VA,King and Queen County,41.8,38.3993588549728,-3.400641145027194,1
53007,Washington,WA,Chelan County,28.8,33.333337894021405,4.533337894021404,5
53037,Washington,WA,Kittitas County,31.0,33.2781566734791,2.278156673479103,3
53041,Washington,WA,Lewis County,40.6,35.857617169588906,-4.7423828304110955,3
53025,Washington,WA,Grant County,42.0,37.25746325738008,-4.742536742619919,5
54021,West Virginia,WV,Gilmer County,40.3,39.82922371916285,-0.47077628083714984,5
54033,West Virginia,WV,Harrison County,40.4,38.75977110377788,-1.6402288962221192,5
54017,West Virginia,WV,Doddridge County,43.3,39.646307360826405,-3.6536926391735918,2
54085,West Virginia,WV,Ritchie County,40.8,38.28799110508277,-2.51200889491723,2
54005,West Virginia,WV,Boone County,41.5,42.677719886207946,1.1777198862079459,4
54093,West Virginia,WV,Tucker County,37.9,39.06423068809745,1.1642306880974544,1
54087,West Virginia,WV,Roane County,39.8,41.2199589584127,1.4199589584126997,5
54001,West Virginia,WV,Barbour County,40.8,40.99292537875969,0.1929253787596963,3
54013,West Virginia,WV,Calhoun County,44.7,41.430497724440194,-3.269502275559809,1
55111,Wisconsin,WI,Sauk County,39.6,36.28228841839748,-3.3177115816025236,1
55113,Wisconsin,WI,Sawyer County,41.1,36.08888332314052,-5.01111667685948,5
55001,Wisconsin,WI,Adams County,38.6,36.37765610104997,-2.2223438989500295,4
01003,Alabama,AL,Baldwin County,36.8,36.24815637504966,-0.5518436249503367,5
01005,Alabama,AL,Barbour County,43.8,44.05840153678022,0.2584015367802195,3
01129,Alabama,AL,Washington County,41.5,41.689070869108306,0.18907086910830628,5
01107,Alabama,AL,Pickens County,43.8,42.86512796111788,-0.9348720388821192,3
01049,Alabama,AL,DeKalb County,38.9,39.830531748124955,0.930531748124956,4
21089,Kentucky,KY,Greenup County,43.8,39.47167287366894,-4.328327126331054,4
04027,Arizona,AZ,Yuma County,42.3,38.09263247251528,-4.20736752748472,1
05091,Arkansas,AR,Miller County,43.7,42.68070650401837,-1.0192934959816355,2
05081,Arkansas,AR,Little River County,38.9,40.268000737434974,1.3680007374349756,1
06065,California,CA,Riverside County,34.0,34.2427950313548,0.2427950313548024,2
06013,California,CA,Contra Costa County,28.4,27.403027493198685,-0.9969725068013133,4
06023,California,CA,Humboldt County,33.1,35.341696929310935,2.2416969293109332,3
08023,Colorado,CO,Costilla County,33.7,35.403482884055904,1.7034828840559015,1
08069,Colorado,CO,Larimer County,21.1,27.689633015955028,6.589633015955027,4
08107,Colorado,CO,Routt County,24.4,26.109883766965645,1.7098837669656461,1
12123,Florida,FL,Taylor County,42.8,40.42010502370709,-2.37989497629291,3
12101,Florida,FL,Pasco County,34.7,35.586198911543086,0.8861989115430831,3
12033,Florida,FL,Escambia County,32.6,38.2316806735688,5.631680673568802,3
12089,Florida,FL,Nassau County,32.5,34.75536277987074,2.2553627798707367,4
13039,Georgia,GA,Camden County,38.1,37.79188527296674,-0.3081147270332636,5
13181,Georgia,GA,Lincoln County,37.5,40.89001888625765,3.39001888625765,5
13313,Georgia,GA,Whitfield County,36.9,38.96533966676697,2.065339666766974,3
13033,Georgia,GA,Burke County,44.8,44.45648407453316,-0.3435159254668392,5
16029,Idaho,ID,Caribou County,32.8,38.007846056216934,5.207846056216937,4
16007,Idaho,ID,Bear Lake County,33.6,37.82880622474843,4.228806224748432,2
17003,Illinois,IL,Alexander County,43.0,42.70759990115227,-0.2924000988477289,2
18123,Indiana,IN,Perry County,40.6,38.62878355570502,-1.9712164442949813,3
20075,Kansas,KS,Hamilton County,40.0,37.42579056123202,-2.57420943876798,4
32003,Nevada,NV,Clark County,32.8,33.88108256682114,1.081082566821145,3
22051,Louisiana,LA,Jefferson Parish,39.7,36.57418346596583,-3.125816534034172,3
04021,Arizona,AZ,Pinal County,38.9,35.14040470647987,-3.7595952935201282,1
26099,Michigan,MI,Macomb County,36.7,35.532406792772534,-1.167593207227469,3
26147,Michigan,MI,St. Clair County,40.8,37.20911402213541,-3.5908859778645876,5
12105,Florida,FL,Polk County,41.6,37.490760454813454,-4.109239545186547,2
19149,Iowa,IA,Plymouth County,37.5,38.2177270055628,0.7177270055628,2
36061,New York,NY,New York County,21.2,26.38998484182442,5.189984841824419,4
20131,Kansas,KS,Nemaha County,34.6,37.710666730227224,3.110666730227223,4
01001,Alabama,AL,Autauga County,38.4,38.66762417914913,0.2676241791491307,1
01025,Alabama,AL,Clarke County,44.4,44.12109434083278,-0.2789056591672221,2
40113,Oklahoma,OK,Osage County,40.3,39.67640663525253,-0.6235933647474639,4
36059,New York,NY,Nassau County,26.9,27.092243010295437,0.19224301029543867,2
21095,Kentucky,KY,Harlan County,44.7,43.253504195695285,-1.4464958043047176,2
36111,New York,NY,Ulster County,32.2,30.85550580121336,-1.3444941987866414,4
48061,Texas,TX,Cameron County,47.6,42.3957443768411,-5.2042556231589,5
21127,Kentucky,KY,Lawrence County,39.7,42.52841963161736,2.8284196316173578,4
22087,Louisiana,LA,St. Bernard Parish,44.1,41.28373497422632,-2.8162650257736814,2
01047,Alabama,AL,Dallas County,50.5,48.348408438289745,-2.151591561710255,3
22085,Louisiana,LA,Sabine Parish,46.4,41.596188661349906,-4.8038113386500925,5
22119,Louisiana,LA,Webster Parish,45.7,43.3971428110724,-2.3028571889276037,3
23015,Maine,ME,Lincoln County,31.8,32.55848642244722,0.7584864224472163,2
01035,Alabama,AL,Conecuh County,44.7,44.94616994713137,0.24616994713136364,1
24009,Maryland,MD,Calvert County,33.9,34.43089159203889,0.5308915920388912,3
24043,Maryland,MD,Washington County,42.3,35.80703317284065,-6.49296682715935,1
26055,Michigan,MI,Grand Traverse County,30.8,32.362881349590275,1.562881349590274,1
26013,Michigan,MI,Baraga County,38.3,39.45623736841249,1.1562373684124907,3
26071,Michigan,MI,Iron County,37.1,38.21438577933657,1.1143857793365655,3
27069,Minnesota,MN,Kittson County,39.3,37.21707113173032,-2.0829288682696756,3
27089,Minnesota,MN,Marshall County,42.2,37.262170318338505,-4.937829681661498,1
28103,Mississippi,MS,Noxubee County,47.0,49.41546497024531,2.41546497024531,5
29143,Missouri,MO,New Madrid County,41.7,42.61411943238068,0.91411943238068,3
29095,Missouri,MO,Jackson County,38.8,36.929381810997626,-1.8706181890023714,4
29157,Missouri,MO,Perry County,37.3,38.979722267424414,1.6797222674244168,1
30061,Montana,MT,Mineral County,35.1,37.84286548416288,2.742865484162877,2
30083,Montana,MT,Richland County,35.7,34.96351363263096,-0.7364863673690394,3
30057,Montana,MT,Madison County,26.5,32.50829448636102,6.008294486361017,4
32009,Nevada,NV,Esmeralda County,35.5,34.531552982345445,-0.9684470176545545,1
34033,New Jersey,NJ,Salem County,36.3,37.76154445213455,1.4615444521345538,3
34007,New Jersey,NJ,Camden County,32.8,33.80819624684224,1.008196246842246,2
34015,New Jersey,NJ,Gloucester County,36.3,34.02485275194754,-2.2751472480524555,4
37087,North Carolina,NC,Haywood County,31.5,35.41869634277549,3.9186963427754904,1
37021,North Carolina,NC,Buncombe County,26.2,33.549763518831746,7.349763518831747,4
37065,North Carolina,NC,Edgecombe County,40.5,45.54328980377646,5.04328980377646,1
38059,North Dakota,ND,Morton County,35.8,38.43031635064078,2.6303163506407827,1
38055,North Dakota,ND,McLean County,36.4,36.24485902270091,-0.15514097729909082,2
38007,North Dakota,ND,Billings County,35.9,33.76654608886984,-2.133453911130161,5
40111,Oklahoma,OK,Okmulgee County,44.2,41.53239512345927,-2.667604876540736,2
41005,Oregon,OR,Clackamas County,29.0,30.55212182137511,1.5521218213751098,3
41003,Oregon,OR,Benton County,26.4,29.533975641190125,3.1339756411901263,1
41023,Oregon,OR,Grant County,30.9,34.83216425974749,3.932164259747495,3
42003,Pennsylvania,PA,Allegheny County,32.0,33.45125077567123,1.4512507756712267,1
42041,Pennsylvania,PA,Cumberland County,33.0,32.500313401129354,-0.49968659887064604,4
42067,Pennsylvania,PA,Juniata County,36.1,38.80415862873002,2.7041586287300206,3
45075,South Carolina,SC,Orangeburg County,47.1,45.91095758504635,-1.1890424149536543,2
45067,South Carolina,SC,Marion County,42.4,45.04077129650123,2.640771296501228,1
45009,South Carolina,SC,Bamberg County,44.3,44.64639336101467,0.34639336101466967,1
46137,South Dakota,SD,Ziebach County,44.9,44.021029102478565,-0.8789708975214339,1
12045,Florida,FL,Gulf County,38.4,37.76275224393292,-0.637247756067076,3
12029,Florida,FL,Dixie County,43.6,40.60986823323537,-2.990131766764634,4
12129,Florida,FL,Wakulla County,37.3,37.5034153316552,0.20341533165520076,3
17097,Illinois,IL,Lake County,31.9,31.27331526154262,-0.6266847384573779,3
16087,Idaho,ID,Washington County,38.5,35.85048791294396,-2.6495120870560385,4
05009,Arkansas,AR,Boone County,39.4,36.61731413631264,-2.7826858636873553,5
06073,California,CA,San Diego County,25.4,26.56811443431416,1.1681144343141625,4
06053,California,CA,Monterey County,32.8,33.33319152827582,0.5331915282758217,3
06045,California,CA,Mendocino County,29.4,32.788981871679326,3.388981871679327,3
06017,California,CA,El Dorado County,24.8,27.86442805881158,3.064428058811579,2
06093,California,CA,Siskiyou County,32.9,35.40269168476539,2.502691684765388,1
08113,Colorado,CO,San Miguel County,24.7,23.87108262058143,-0.82891737941857,4
08071,Colorado,CO,Las Animas County,31.6,34.21648455364595,2.6164845536459467,2
08057,Colorado,CO,Jackson County,28.4,31.344867363491858,2.944867363491859,3
22107,Louisiana,LA,Tensas Parish,46.6,45.55900854140519,-1.0409914585948101,1
22017,Louisiana,LA,Caddo Parish,45.9,43.39622436978557,-2.5037756302144274,2
23027,Maine,ME,Waldo County,33.5,36.90527457848944,3.40527457848944,5
23017,Maine,ME,Oxford County,36.7,38.48096169739963,1.7809616973996256,2
24025,Maryland,MD,Harford County,34.8,34.351260143134226,-0.448739856865771,5
24047,Maryland,MD,Worcester County,36.2,32.69705104857285,-3.5029489514271503,2
24003,Maryland,MD,Anne Arundel County,34.7,31.683431598553614,-3.0165684014463885,2
24023,Maryland,MD,Garrett County,37.3,38.027810250378835,0.7278102503788375,2
37029,North Carolina,NC,Camden County,34.3,37.975103920853186,3.6751039208531893,4
37161,North Carolina,NC,Rutherford County,36.7,39.549074646626,2.8490746466260006,2
38035,North Dakota,ND,Grand Forks County,37.4,36.09363585527452,-1.3063641447254781,4
39161,Ohio,OH,Van Wert County,42.3,39.88220107511602,-2.417798924883975,4
02050,Alaska,AK,Bethel Census Area,41.5,39.031032024069646,-2.4689679759303544,1
41019,Oregon,OR,Douglas County,35.1,34.512957954598825,-0.5870420454011764,3
42111,Pennsylvania,PA,Somerset County,36.6,37.68842122796714,1.0884212279671388,3
42045,Pennsylvania,PA,Delaware County,31.4,33.68987630892735,2.2898763089273544,4
42103,Pennsylvania,PA,Pike County,33.9,32.692082536189545,-1.2079174638104533,2
45019,South Carolina,SC,Charleston County,28.8,33.18719127698808,4.38719127698808,4
45003,South Carolina,SC,Aiken County,37.0,38.96815878500874,1.9681587850087396,2
45021,South Carolina,SC,Cherokee County,32.3,41.91513317174046,9.61513317174046,2
45057,South Carolina,SC,Lancaster County,36.0,37.79671769804761,1.7967176980476083,2
28109,Mississippi,MS,Pearl River County,40.3,40.88032318016776,0.5803231801677597,2
29023,Missouri,MO,Butler County,41.2,41.095983405859094,-0.10401659414090858,3
47063,Tennessee,TN,Hamblen County,38.7,39.54467684352257,0.8446768435225707,1
47187,Tennessee,TN,Williamson County,28.7,31.013798836253955,2.313798836253955,1
47117,Tennessee,TN,Marshall County,40.1,38.45521704703032,-1.6447829529696847,5
48473,Texas,TX,Waller County,41.5,39.1015331221007,-2.3984668778993026,2
48161,Texas,TX,Freestone County,39.3,39.96766144446593,0.667661444465935,3
48453,Texas,TX,Travis County,29.4,29.308468154296893,-0.09153184570310557,4
48495,Texas,TX,Winkler County,39.5,39.224766374041835,-0.27523362595816536,2
48491,Texas,TX,Williamson County,29.6,33.99564609292286,4.39564609292286,4
48423,Texas,TX,Smith County,39.7,38.89500315760201,-0.8049968423979905,4
48461,Texas,TX,Upton County,41.6,41.371651196725885,-0.2283488032741161,2
48373,Texas,TX,Polk County,40.4,38.16635463199539,-2.233645368004609,2
48241,Texas,TX,Jasper County,40.7,40.91287452812078,0.21287452812077845,5
48449,Texas,TX,Titus County,40.2,40.71509647320336,0.5150964732033572,1
48389,Texas,TX,Reeves County,42.7,41.35755663439161,-1.3424433656083963,1
48437,Texas,TX,Swisher County,42.8,41.75148591141672,-1.0485140885832749,5
48173,Texas,TX,Glasscock County,34.2,33.366402945392615,-0.8335970546073881,4
49057,Utah,UT,Weber County,34.4,37.25908803548834,2.859088035488341,5
49047,Utah,UT,Uintah County,34.5,37.1981904255966,2.6981904255966,1
49029,Utah,UT,Morgan County,31.8,32.40283778876086,0.602837788760862,4
49017,Utah,UT,Garfield County,36.3,35.32224006226245,-0.9777599377375452,4
51003,Virginia,VA,Albemarle County,31.7,31.272908478209143,-0.42709152179085663,5
51840,Virginia,VA,Winchester city,37.9,35.83430596209556,-2.0656940379044357,5
51163,Virginia,VA,Rockbridge County,31.8,37.48968530556817,5.689685305568172,3
54081,West Virginia,WV,Raleigh County,39.6,41.10391913374638,1.503919133746379,3
54083,West Virginia,WV,Randolph County,41.3,38.996477902996915,-2.303522097003082,2
54007,West Virginia,WV,Braxton County,39.5,41.150507727208065,1.6505077272080655,1
55099,Wisconsin,WI,Price County,42.1,36.69472958263658,-5.405270417363418,1
56035,Wyoming,WY,Sublette County,29.9,34.265889815708974,4.365889815708975,3
06039,California,CA,Madera County,35.2,39.846435781173575,4.646435781173572,5
06033,California,CA,Lake County,30.7,35.288692931866926,4.588692931866927,1
08037,Colorado,CO,Eagle County,22.6,25.882290800950567,3.282290800950566,5
08109,Colorado,CO,Saguache County,30.3,34.934526447090825,4.634526447090824,3
12001,Florida,FL,Alachua County,33.0,35.4343560629858,2.434356062985799,1
13303,Georgia,GA,Washington County,43.0,44.88798292312396,1.8879829231239569,3
13157,Georgia,GA,Jackson County,41.5,37.476528584851806,-4.023471415148194,1
13309,Georgia,GA,Wheeler County,47.5,42.63273357972648,-4.867266420273523,1
13171,Georgia,GA,Lamar County,41.5,40.400365503659664,-1.099634496340336,2
13221,Georgia,GA,Oglethorpe County,36.0,38.188251425454936,2.1882514254549363,5
13317,Georgia,GA,Wilkes County,43.9,42.90468638425474,-0.9953136157452604,4
13079,Georgia,GA,Crawford County,41.1,39.64365417024793,-1.456345829752074,5
13141,Georgia,GA,Hancock County,47.5,46.07901553483846,-1.4209844651615384,1
13025,Georgia,GA,Brantley County,39.2,40.88145172104591,1.6814517210459101,5
16035,Idaho,ID,Clearwater County,32.8,32.66569225982596,-0.13430774017403735,2
17175,Illinois,IL,Stark County,37.7,38.24756316277598,0.5475631627759796,5
18125,Indiana,IN,Pike County,41.7,39.92224357958859,-1.7777564204114142,3
19107,Iowa,IA,Keokuk County,40.1,39.507832130190735,-0.5921678698092663,5
19017,Iowa,IA,Bremer County,39.5,37.352072216792,-2.1479277832079973,1
19081,Iowa,IA,Hancock County,36.2,37.166760645080025,0.9667606450800221,4
20149,Kansas,KS,Pottawatomie County,31.2,36.73251522468569,5.532515224685692,5
21067,Kentucky,KY,Fayette County,34.9,35.53362401331351,0.6336240133135149,4
21049,Kentucky,KY,Clark County,40.0,38.97329477118631,-1.0267052288136895,2
21051,Kentucky,KY,Clay County,43.2,44.07039613219817,0.8703961321981666,2
21043,Kentucky,KY,Carter County,42.9,41.68063314944347,-1.2193668505565256,3
21229,Kentucky,KY,Washington County,37.4,39.40776480308601,2.007764803086012,1
21033,Kentucky,KY,Caldwell County,38.0,40.12651994841996,2.1265199484199613,4
22099,Louisiana,LA,St. Martin Parish,40.9,42.33199525489769,1.4319952548976929,5
22063,Louisiana,LA,Livingston Parish,37.2,38.244952239057696,1.044952239057693,3
22033,Louisiana,LA,East Baton Rouge Parish,37.9,41.04967219394583,3.1496721939458325,5
22059,Louisiana,LA,LaSalle Parish,39.9,39.71685604821178,-0.1831439517882174,1
22021,Louisiana,LA,Caldwell Parish,39.1,42.700159338276514,3.6001593382765122,1
25015,Massachusetts,MA,Hampshire County,27.7,29.98441666485476,2.28441666485476,5
26079,Michigan,MI,Kalkaska County,35.7,37.008329737828866,1.3083297378288634,2
27023,Minnesota,MN,Chippewa County,41.6,38.55060074427623,-3.0493992557237704,4
27125,Minnesota,MN,Red Lake County,36.8,38.80628525587734,2.0062852558773443,5
28049,Mississippi,MS,Hinds County,47.0,46.15088424891133,-0.849115751088668,3
28053,Mississippi,MS,Humphreys County,51.0,50.07396258053801,-0.9260374194619914,3
29195,Missouri,MO,Saline County,39.1,38.8370063420136,-0.2629936579863994,1
29169,Missouri,MO,Pulaski County,35.4,38.65089097053134,3.2508909705313442,3
30015,Montana,MT,Chouteau County,34.5,37.84581877603871,3.345818776038712,3
30073,Montana,MT,Pondera County,34.4,39.78338936647929,5.3833893664792924,3
31093,Nebraska,NE,Howard County,38.1,38.514141067074746,0.41414106707474474,5
31113,Nebraska,NE,Logan County,37.9,37.35590262788664,-0.544097372113356,2
31103,Nebraska,NE,Keya Paha County,39.8,37.69491462289067,-2.105085377109326,5
35043,New Mexico,NM,Sandoval County,31.1,36.55440524122152,5.454405241221515,2
36077,New York,NY,Otsego County,35.5,34.501456416828944,-0.9985435831710561,2
36067,New York,NY,Onondaga County,35.1,35.84348933156191,0.7434893315619107,4
28007,Mississippi,MS,Attala County,44.4,44.74202470934812,0.3420247093481237,1
28029,Mississippi,MS,Copiah County,46.3,44.105081479153995,-2.1949185208460023,5
29015,Missouri,MO,Benton County,38.4,38.55267466046362,0.15267466046362443,3
29041,Missouri,MO,Chariton County,36.2,40.17182216959119,3.971822169591185,5
30087,Montana,MT,Rosebud County,39.7,37.69325117077639,-2.0067488292236106,5
30055,Montana,MT,McCone County,34.2,36.53127058857616,2.33127058857616,1
31077,Nebraska,NE,Greeley County,38.1,36.71270657055179,-1.3872934294482135,5
51041,Virginia,VA,Chesterfield County,37.7,36.27926429804804,-1.420735701951962,4
51005,Virginia,VA,Alleghany County,40.9,39.15434121232513,-1.74565878767487,1
51017,Virginia,VA,Bath County,40.8,36.38203937643113,-4.417960623568867,3
53065,Washington,WA,Stevens County,32.2,35.62059910908635,3.4205991090863463,3
13307,Georgia,GA,Webster County,43.5,43.74213087526078,0.24213087526077715,4
56003,Wyoming,WY,Big Horn County,34.7,38.04331563042239,3.3433156304223886,3
01097,Alabama,AL,Mobile County,42.2,40.60156009973261,-1.598439900267394,1
04005,Arizona,AZ,Coconino County,27.0,33.139098243167936,6.139098243167936,3
06111,California,CA,Ventura County,28.9,28.618446352935784,-0.2815536470642144,4
13127,Georgia,GA,Glynn County,35.9,37.73932071642047,1.839320716420474,1
01115,Alabama,AL,St. Clair County,33.0,38.69262648466314,5.692626484663137,2
18061,Indiana,IN,Harrison County,36.5,37.75073198998261,1.2507319899826115,4
22105,Louisiana,LA,Tangipahoa Parish,42.3,41.65777915630643,-0.6422208436935648,5
06101,California,CA,Sutter County,32.0,35.997059591750485,3.997059591750485,2
36013,New York,NY,Chautauqua County,34.7,37.82921389757425,3.129213897574246,5
46095,South Dakota,SD,Mellette County,42.8,43.474128456166774,0.6741284561667769,2
23013,Maine,ME,Knox County,27.9,30.853300255257416,2.9533002552574175,4
24013,Maryland,MD,Carroll County,31.5,34.1040742611045,2.6040742611045005,5
21093,Kentucky,KY,Hardin County,38.9,39.01020787060591,0.11020787060591175,1
27031,Minnesota,MN,Cook County,34.8,32.855196883273436,-1.9448031167265611,2
34011,New Jersey,NJ,Cumberland County,36.8,37.70741432152439,0.9074143215243922,4
34021,New Jersey,NJ,Mercer County,30.7,28.828975191909944,-1.8710248080900556,1
39123,Ohio,OH,Ottawa County,41.2,32.10653241295785,-9.093467587042156,3
02275,Alaska,AK,Wrangell City and Borough,34.4,33.64804524090885,-0.7519547590911486,4
02282,Alaska,AK,Yakutat City and Borough,32.6,31.085055605355237,-1.5149443946447647,5
02195,Alaska,AK,Petersburg Borough,30.4,35.76590163232257,5.365901632322569,5
45069,South Carolina,SC,Marlboro County,46.0,44.92218734950806,-1.0778126504919427,5
30089,Montana,MT,Sanders County,35.3,36.146501899580144,0.8465018995801472,5
32031,Nevada,NV,Washoe County,29.8,31.73983573958136,1.9398357395813584,1
33009,New Hampshire,NH,Grafton County,28.8,26.848100841555286,-1.9518991584447143,4
35039,New Mexico,NM,Rio Arriba County,38.8,37.8271426546256,-0.9728573453744005,2
35055,New Mexico,NM,Taos County,29.0,32.05877622101677,3.058776221016771,2
36009,New York,NY,Cattaraugus County,36.5,38.44089154819616,1.9408915481961628,2
36105,New York,NY,Sullivan County,34.8,36.99379296294393,2.193792962943931,3
17043,Illinois,IL,DuPage County,29.4,28.199310760300556,-1.200689239699443,4
27051,Minnesota,MN,Grant County,38.0,38.04945691760959,0.04945691760958937,4
18083,Indiana,IN,Knox County,38.2,39.138534817197495,0.9385348171974925,3
19195,Iowa,IA,Worth County,39.9,38.78951822952633,-1.110481770473669,2
12095,Florida,FL,Orange County,32.8,34.79585992724937,1.99585992724937,2
26089,Michigan,MI,Leelanau County,31.2,27.79430819566538,-3.4056918043346194,1
19125,Iowa,IA,Marion County,38.3,37.87481222768999,-0.4251877723100037,2
01055,Alabama,AL,Etowah County,41.3,40.1452998280505,-1.1547001719495,4
36065,New York,NY,Oneida County,38.2,35.84884530714758,-2.3511546928524254,5
21101,Kentucky,KY,Henderson County,40.3,39.5840409613708,-0.7159590386291939,2
21195,Kentucky,KY,Pike County,41.2,41.67959942489414,0.47959942489413976,3
48361,Texas,TX,Orange County,41.6,38.21870878632156,-3.3812912136784448,5
01109,Alabama,AL,Pike County,40.6,42.33035185775432,1.7303518577543215,4
19147,Iowa,IA,Palo Alto County,41.6,39.327665202632595,-2.2723347973674066,3
19161,Iowa,IA,Sac County,41.1,38.784270490302234,-2.3157295096977677,1
21029,Kentucky,KY,Bullitt County,38.1,38.27067645505245,0.1706764550524511,2
21155,Kentucky,KY,Marion County,41.1,40.782810215087345,-0.3171897849126566,4
21121,Kentucky,KY,Knox County,40.6,44.01598850764514,3.415988507645139,4
21005,Kentucky,KY,Anderson County,38.1,38.2842212361328,0.1842212361327995,3
21099,Kentucky,KY,Hart County,38.2,41.030221216510384,2.830221216510381,4
47163,Tennessee,TN,Sullivan County,40.7,39.42424722529038,-1.2757527747096233,5
47091,Tennessee,TN,Johnson County,39.1,40.14830049751828,1.0483004975182766,1
48167,Texas,TX,Galveston County,39.8,36.739255315522946,-3.0607446844770507,3
48007,Texas,TX,Aransas County,40.3,32.491032333237484,-7.808967666762513,1
48465,Texas,TX,Val Verde County,42.1,41.553419590586635,-0.5465804094133659,1
48403,Texas,TX,Sabine County,38.6,38.13287185869912,-0.46712814130088276,4
48315,Texas,TX,Marion County,41.1,40.4912783477284,-0.6087216522716048,2
49033,Utah,UT,Rich County,33.1,37.25138427515538,4.1513842751553796,3
51153,Virginia,VA,Prince William County,33.1,31.91175110567042,-1.1882488943295826,1
51171,Virginia,VA,Shenandoah County,37.9,36.19167612419744,-1.7083238758025558,3
53031,Washington,WA,Jefferson County,26.1,30.96890866924697,4.86890866924697,3
53011,Washington,WA,Clark County,32.6,33.976057942562356,1.3760579425623547,1
53071,Washington,WA,Walla Walla County,32.7,32.733956341667195,0.03395634166719219,1
53035,Washington,WA,Kitsap County,31.4,31.15758602916291,-0.24241397083708804,2
53019,Washington,WA,Ferry County,36.1,37.300250824354805,1.2002508243548036,5
54011,West Virginia,WV,Cabell County,41.8,38.58971264085327,-3.210287359146726,2
54073,West Virginia,WV,Pleasants County,41.3,38.6829722703508,-2.6170277296491946,2
05103,Arkansas,AR,Ouachita County,42.5,43.97771626543136,1.4777162654313614,2
05061,Arkansas,AR,Howard County,39.7,42.122371833186754,2.4223718331867516,3
05013,Arkansas,AR,Calhoun County,38.7,40.95608083675769,2.2560808367576897,2
05095,Arkansas,AR,Monroe County,43.4,43.77505983326473,0.3750598332647286,3
06021,California,CA,Glenn County,34.1,36.895187295254395,2.7951872952543937,5
06043,California,CA,Mariposa County,32.3,29.904421424210035,-2.395578575789962,2
08031,Colorado,CO,Denver County,23.8,28.883765657470494,5.083765657470494,2
08015,Colorado,CO,Chaffee County,25.3,31.446130321801014,6.146130321801014,5
13067,Georgia,GA,Cobb County,28.9,31.804039103423975,2.904039103423976,5
13029,Georgia,GA,Bryan County,37.1,36.679136258134974,-0.42086374186502695,3
13113,Georgia,GA,Fayette County,31.3,32.697713136897036,1.3977131368970355,2
13217,Georgia,GA,Newton County,42.3,39.59611838627408,-2.703881613725919,1
13319,Georgia,GA,Wilkinson County,43.6,42.9376979572153,-0.6623020427847024,5
13107,Georgia,GA,Emanuel County,42.7,43.0533577671157,0.3533577671156962,1
15009,Hawaii,HI,Maui County,24.1,27.879313329379,3.779313329378997,2
17017,Illinois,IL,Cass County,38.5,39.2255310065971,0.7255310065971017,1
17129,Illinois,IL,Menard County,35.3,38.4821730367586,3.1821730367586056,5
35033,New Mexico,NM,Mora County,37.0,36.41926745054253,-0.5807325494574727,5
37101,North Carolina,NC,Johnston County,36.2,38.57759834181412,2.377598341814114,3
37079,North Carolina,NC,Greene County,41.2,42.43933782636249,1.2393378263624868,3
37057,North Carolina,NC,Davidson County,34.5,38.05373230092416,3.5537323009241604,1
37123,North Carolina,NC,Montgomery County,37.5,38.11250483654711,0.6125048365471102,4
37199,North Carolina,NC,Yancey County,32.3,35.50250183981743,3.2025018398174296,5
38031,North Dakota,ND,Foster County,39.9,35.7149075240478,-4.185092475952196,5
47021,Tennessee,TN,Cheatham County,37.4,36.64668066920627,-0.7533193307937296,4
48257,Texas,TX,Kaufman County,37.5,38.38341348287505,0.8834134828750493,5
48277,Texas,TX,Lamar County,38.6,40.10936681866594,1.5093668186659386,4
48005,Texas,TX,Angelina County,41.1,39.661280773172216,-1.4387192268277857,5
48507,Texas,TX,Zavala County,47.7,45.66513168781428,-2.034868312185722,1
48401,Texas,TX,Rusk County,39.6,39.816980508817736,0.21698050881773412,1
48003,Texas,TX,Andrews County,39.0,37.96334143937256,-1.036658560627437,2
48395,Texas,TX,Robertson County,37.9,40.829441692109526,2.9294416921095277,1
48371,Texas,TX,Pecos County,42.0,41.38592703146593,-0.6140729685340673,5
48051,Texas,TX,Burleson County,38.4,38.257727227845855,-0.14227277215414347,4
48239,Texas,TX,Jackson County,39.5,38.91695109271221,-0.5830489072877896,2
40117,Oklahoma,OK,Pawnee County,40.7,39.14433156948185,-1.5556684305181534,5
40027,Oklahoma,OK,Cleveland County,36.9,35.597435456563105,-1.302564543436894,4
40077,Oklahoma,OK,Latimer County,46.4,40.16129404249327,-6.238705957506731,1
42099,Pennsylvania,PA,Perry County,34.9,36.926926785261905,2.0269267852619066,4
45077,South Carolina,SC,Pickens County,36.8,36.87360577137157,0.0736057713715752,4
45059,South Carolina,SC,Laurens County,41.0,40.75111659216806,-0.24888340783193996,3
45085,South Carolina,SC,Sumter County,40.9,43.66976985997171,2.76976985997171,4
45061,South Carolina,SC,Lee County,49.1,45.926330876344366,-3.1736691236556354,2
46041,South Dakota,SD,Dewey County,40.8,43.58044519141099,2.7804451914109904,4
46069,South Dakota,SD,Hyde County,35.2,35.8175343616983,0.6175343616982971,5
47149,Tennessee,TN,Rutherford County,33.8,36.4837695003017,2.6837695003017004,3
22123,Louisiana,LA,West Carroll Parish,41.0,41.456883433192225,0.4568834331922247,5
23023,Maine,ME,Sagadahoc County,30.7,32.989779100720355,2.289779100720356,4
28137,Mississippi,MS,Tate County,40.4,40.17502174044433,-0.22497825955566952,1
28161,Mississippi,MS,Yalobusha County,43.1,43.08264033480843,-0.017359665191570173,1
48351,Texas,TX,Newton County,42.1,41.46148411913731,-0.6385158808626912,2
51001,Virginia,VA,Accomack County,44.0,38.50629759589652,-5.49370240410348,2
53009,Washington,WA,Clallam County,34.5,31.85250200043417,-2.6474979995658288,3
53047,Washington,WA,Okanogan County,38.6,35.621262993368205,-2.978737006631796,4
55007,Wisconsin,WI,Bayfield County,37.5,34.40572651957121,-3.0942734804287895,5
08019,Colorado,CO,Clear Creek County,25.7,26.72420244458479,1.024202444584791,4
12093,Florida,FL,Okeechobee County,40.1,40.38417680559047,0.28417680559046943,4
13031,Georgia,GA,Bulloch County,39.1,38.91184733386742,-0.18815266613258075,5
13183,Georgia,GA,Long County,41.3,39.949017981074704,-1.3509820189252935,4
17155,Illinois,IL,Putnam County,34.7,33.068389276526936,-1.6316107234730666,4
47145,Tennessee,TN,Roane County,39.4,37.35015365563009,-2.049846344369911,2
47097,Tennessee,TN,Lauderdale County,44.5,43.41174004020514,-1.0882599597948612,2
48103,Texas,TX,Crane County,40.3,40.21396001426864,-0.08603998573135385,1
48237,Texas,TX,Jack County,38.1,39.02344399159387,0.9234439915938708,4
48327,Texas,TX,Menard County,38.3,38.036057743042015,-0.2639422569579821,3
45041,South Carolina,SC,Florence County,38.8,41.89086735252173,3.090867352521734,3
21131,Kentucky,KY,Leslie County,43.7,43.175141165367535,-0.5248588346324681,5
22047,Louisiana,LA,Iberville Parish,45.7,42.92654522229915,-2.773454777700856,5
27103,Minnesota,MN,Nicollet County,36.5,36.52914295403029,0.029142954030291435,4
39003,Ohio,OH,Allen County,47.1,39.688927399023626,-7.411072600976375,1
41047,Oregon,OR,Marion County,39.4,37.54970759961008,-1.8502924003899182,5
45015,South Carolina,SC,Berkeley County,36.6,38.6387198543592,2.0387198543592007,3
48053,Texas,TX,Burnet County,41.7,33.63366708490057,-8.06633291509943,1
48463,Texas,TX,Uvalde County,41.6,38.725849879868136,-2.8741501201318655,5
48311,Texas,TX,McMullen County,42.7,34.44596195608092,-8.254038043919081,2
51085,Virginia,VA,Hanover County,38.1,34.053576312073666,-4.046423687926335,2
51047,Virginia,VA,Culpeper County,38.2,36.36887940767285,-1.831120592327153,5
10001,Delaware,DE,Kent County,39.3,36.70721557245999,-2.5927844275400105,1
13179,Georgia,GA,Liberty County,45.9,42.322827057356555,-3.5771729426434433,4
04012,Arizona,AZ,La Paz County,35.9,37.52535918653209,1.6253591865320942,5
06071,California,CA,San Bernardino County,35.1,34.09798093693131,-1.002019063068694,3
39021,Ohio,OH,Champaign County,39.7,38.48080085770772,-1.2191991422922825,3
24045,Maryland,MD,Wicomico County,36.7,37.675840464793595,0.9758404647935919,2
37165,North Carolina,NC,Scotland County,41.1,42.65358911399901,1.55358911399901,1
02090,Alaska,AK,Fairbanks North Star Borough,32.1,36.81571735551723,4.715717355517228,1
45043,South Carolina,SC,Georgetown County,33.9,38.8690817375523,4.969081737552301,2
26007,Michigan,MI,Alpena County,38.7,37.60518461935623,-1.094815380643773,5
30081,Montana,MT,Ravalli County,32.7,32.434901246444426,-0.2650987535555771,5
36025,New York,NY,Delaware County,35.9,36.00378053144362,0.10378053144361843,1
16027,Idaho,ID,Canyon County,37.7,35.62087925619219,-2.079120743807813,1
27013,Minnesota,MN,Blue Earth County,42.1,34.31312414040779,-7.7868758595922145,2
06099,California,CA,Stanislaus County,34.7,35.57049907538791,0.8704990753879045,4
19101,Iowa,IA,Jefferson County,37.4,36.18150246036885,-1.2184975396311515,4
01009,Alabama,AL,Blount County,37.3,39.04882368620236,1.748823686202364,5
21059,Kentucky,KY,Daviess County,35.6,38.805629810202646,3.2056298102026446,5
48187,Texas,TX,Guadalupe County,39.4,38.38515238821926,-1.0148476117807377,3
22041,Louisiana,LA,Franklin Parish,45.1,44.694240473915535,-0.4057595260844664,5
22127,Louisiana,LA,Winn Parish,43.6,41.47928467279271,-2.120715327207293,4
28119,Mississippi,MS,Quitman County,50.3,49.06733993533032,-1.2326600646696804,3
30099,Montana,MT,Teton County,31.3,37.79908213088745,6.499082130887448,3
30059,Montana,MT,Meagher County,33.7,36.555503427467094,2.8555034274670916,1
51029,Virginia,VA,Buckingham County,41.3,40.619253287867075,-0.6807467121329225,4
51147,Virginia,VA,Prince Edward County,43.0,40.86989277569682,-2.130107224303181,3
51031,Virginia,VA,Campbell County,42.5,37.833659814713386,-4.666340185286614,1
54019,West Virginia,WV,Fayette County,39.4,41.2176109477059,1.8176109477059015,3
54043,West Virginia,WV,Lincoln County,44.7,41.80544201777681,-2.8945579822231906,5
06025,California,CA,Imperial County,38.5,40.47594788762926,1.9759478876292604,2
01119,Alabama,AL,Sumter County,45.2,48.95915337019497,3.7591533701949658,2
05107,Arkansas,AR,Phillips County,51.3,49.20082383049046,-2.0991761695095406,4
06085,California,CA,Santa Clara County,22.0,21.72142281522665,-0.2785771847733507,2
06009,California,CA,Calaveras County,29.4,30.402344436726985,1.002344436726986,3
13191,Georgia,GA,McIntosh County,41.8,41.6894163549475,-0.1105836450525004,5
13215,Georgia,GA,Muscogee County,41.7,41.56552096296145,-0.13447903703855246,1
16059,Idaho,ID,Lemhi County,32.9,36.44637283505569,3.546372835055692,2
22005,Louisiana,LA,Ascension Parish,36.8,39.05375797166394,2.253757971663944,4
01051,Alabama,AL,Elmore County,36.4,38.33451473951654,1.934514739516544,1
46123,South Dakota,SD,Tripp County,41.2,40.69562045604973,-0.5043795439502716,1
22065,Louisiana,LA,Madison Parish,47.4,49.66827437911873,2.268274379118729,4
24031,Maryland,MD,Montgomery County,24.2,27.5752176735675,3.3752176735675015,2
28149,Mississippi,MS,Warren County,41.8,43.86619889491717,2.0661988949171715,3
37013,North Carolina,NC,Beaufort County,38.3,40.120380171593325,1.820380171593328,1
38087,North Dakota,ND,Slope County,37.4,36.67598519894829,-0.7240148010517089,4
48203,Texas,TX,Harrison County,39.9,39.87180716327256,-0.028192836727441772,5
02110,Alaska,AK,Juneau City and Borough,32.8,25.515160190091695,-7.284839809908302,4
48391,Texas,TX,Refugio County,40.7,39.525902920402565,-1.1740970795974377,1
49045,Utah,UT,Tooele County,39.0,34.12205234270311,-4.877947657296893,2
51057,Virginia,VA,Essex County,39.0,38.362254496624935,-0.637745503375065,3
54071,West Virginia,WV,Pendleton County,38.5,39.06530637533112,0.5653063753311187,1
06103,California,CA,Tehama County,32.5,38.865823229137185,6.365823229137185,2
13089,Georgia,GA,DeKalb County,33.5,35.4498171938727,1.949817193872697,1
13123,Georgia,GA,Gilmer County,36.7,34.83437240780124,-1.8656275921987628,2
13075,Georgia,GA,Cook County,40.7,42.403112912737264,1.7031129127372608,1
19069,Iowa,IA,Franklin County,41.0,38.263772356075584,-2.7362276439244155,3
21017,Kentucky,KY,Bourbon County,40.5,39.502721364872656,-0.9972786351273442,3
21069,Kentucky,KY,Fleming County,41.0,41.93867296435466,0.9386729643546587,5
48057,Texas,TX,Calhoun County,36.7,34.93533285064054,-1.764667149359461,5
51195,Virginia,VA,Wise County,41.7,40.959000430630496,-0.7409995693695066,1
53061,Washington,WA,Snohomish County,32.9,28.817359472433058,-4.082640527566941,3
05001,Arkansas,AR,Arkansas County,40.9,41.03022854107706,0.1302285410770594,4
05147,Arkansas,AR,Woodruff County,41.3,43.15795568354697,1.857955683546976,3
08013,Colorado,CO,Boulder County,18.6,24.849644424042697,6.249644424042696,1
12107,Florida,FL,Putnam County,39.8,40.89860771272415,1.098607712724153,1
13189,Georgia,GA,McDuffie County,43.7,43.41991707729588,-0.2800829227041248,4
13269,Georgia,GA,Taylor County,42.7,43.69335060956198,0.9933506095619791,5
16033,Idaho,ID,Clark County,35.7,39.12239439135569,3.422394391355688,2
19083,Iowa,IA,Hardin County,39.2,38.622662761234494,-0.5773372387655087,5
21007,Kentucky,KY,Ballard County,39.5,39.309417104042915,-0.19058289595708544,4
22055,Louisiana,LA,Lafayette Parish,34.7,39.55762318536283,4.857623185362826,1
26119,Michigan,MI,Montmorency County,38.0,36.754500627639,-1.245499372361003,2
29029,Missouri,MO,Camden County,33.5,36.02961181406826,2.529611814068261,3
30077,Montana,MT,Powell County,32.7,37.61133288371383,4.9113328837138255,4
37147,North Carolina,NC,Pitt County,37.3,40.99317717633948,3.693177176339482,3
37099,North Carolina,NC,Jackson County,32.4,36.40676984633669,4.006769846336688,4
38037,North Dakota,ND,Grant County,40.5,38.08662472224399,-2.4133752777560105,4
41043,Oregon,OR,Linn County,34.8,35.943056753093266,1.1430567530932692,2
42005,Pennsylvania,PA,Armstrong County,37.9,37.114662165493,-0.785337834506997,5
47005,Tennessee,TN,Benton County,39.8,39.28385608785806,-0.5161439121419349,4
48133,Texas,TX,Eastland County,37.2,39.30719941031195,2.1071994103119494,3
48155,Texas,TX,Foard County,40.4,37.875234622282726,-2.524765377717273,1
51149,Virginia,VA,Prince George County,41.2,34.88766221487569,-6.312337785124313,2
54045,West Virginia,WV,Logan County,41.0,42.97812677199072,1.9781267719907234,5
08005,Colorado,CO,Arapahoe County,25.7,30.449611438146743,4.749611438146744,2
13103,Georgia,GA,Effingham County,38.6,37.64178550952963,-0.9582144904703682,1
04003,Arizona,AZ,Cochise County,32.9,35.51182603181834,2.611826031818339,5
06083,California,CA,Santa Barbara County,31.6,27.599363981601215,-4.000636018398787,4
06051,California,CA,Mono County,29.1,30.374207441998067,1.2742074419980653,2
22101,Louisiana,LA,St. Mary Parish,44.6,41.84665570565517,-2.753344294344835,5
22037,Louisiana,LA,East Feliciana Parish,40.3,40.85845682684149,0.5584568268414927,1
24035,Maryland,MD,Queen Anne's County,32.7,34.77846655417237,2.0784665541723655,4
37095,North Carolina,NC,Hyde County,39.2,40.48732571899805,1.2873257189980478,5
37173,North Carolina,NC,Swain County,36.8,38.970952454373105,2.170952454373108,5
02013,Alaska,AK,Aleutians East Borough,30.9,30.682274698667065,-0.21772530133293344,1
42101,Pennsylvania,PA,Philadelphia County,34.5,36.283993084779915,1.7839930847799153,2
26029,Michigan,MI,Charlevoix County,36.6,33.879722717888235,-2.7202772821117662,5
29031,Missouri,MO,Cape Girardeau County,40.7,38.26044290562384,-2.4395570943761626,3
30031,Montana,MT,Gallatin County,23.7,26.79275420984294,3.0927542098429406,2
33007,New Hampshire,NH,Coos County,35.9,36.71078462964308,0.8107846296430807,2
16031,Idaho,ID,Cassia County,38.6,36.95844592161949,-1.6415540783805085,5
17185,Illinois,IL,Wabash County,37.6,36.188396673913424,-1.4116033260865777,1
26063,Michigan,MI,Huron County,38.8,37.915491746551226,-0.8845082534487716,2
27077,Minnesota,MN,Lake of the Woods County,38.3,35.95914008728495,-2.3408599127150467,1
36103,New York,NY,Suffolk County,29.8,29.9398756973249,0.13987569732490002,3
46085,South Dakota,SD,Lyman County,39.9,41.420462794985426,1.520462794985427,1
18145,Indiana,IN,Shelby County,39.7,37.46228834412085,-2.2377116558791528,4
20097,Kansas,KS,Kiowa County,35.4,38.86689795070618,3.4668979507061835,1
21125,Kentucky,KY,Laurel County,41.1,40.4696930710726,-0.6303069289274035,1
49035,Utah,UT,Salt Lake County,32.8,33.75614758139477,0.9561475813947737,1
51790,Virginia,VA,Staunton city,39.9,36.41958197146442,-3.4804180285355812,2
11001,District of Columbia,DC,District of Columbia,25.1,28.302444413375813,3.2024444133758116,4
12039,Florida,FL,Gadsden County,44.3,44.63682196262271,0.33682196262271447,1
17031,Illinois,IL,Cook County,32.8,29.3921819102284,-3.407818089771599,4
06015,California,CA,Del Norte County,33.8,36.92223954346777,3.1222395434677708,1
23025,Maine,ME,Somerset County,37.3,38.3435179191382,1.0435179191382034,3
37031,North Carolina,NC,Carteret County,31.6,32.648056933892285,1.0480569338922834,3
39095,Ohio,OH,Lucas County,42.4,38.39192421563909,-4.008075784360912,1
02188,Alaska,AK,Northwest Arctic Borough,38.0,38.651864508680475,0.6518645086804753,1
25011,Massachusetts,MA,Franklin County,25.8,33.111138786701815,7.3111387867018145,5
01063,Alabama,AL,Greene County,51.0,48.574696580778195,-2.4253034192218053,1
30071,Montana,MT,Phillips County,39.4,38.08081034579856,-1.3191896542014376,3
35007,New Mexico,NM,Colfax County,35.6,33.31361242638291,-2.286387573617091,4
19089,Iowa,IA,Howard County,37.3,39.53467450057319,2.234674500573192,3
19045,Iowa,IA,Clinton County,40.9,38.36421103374424,-2.5357889662557582,5
01117,Alabama,AL,Shelby County,32.1,36.63261064409363,4.53261064409363,4
47037,Tennessee,TN,Davidson County,32.3,32.43487552398179,0.13487552398179048,4
18107,Indiana,IN,Montgomery County,42.6,38.648058297050056,-3.951941702949945,4
20161,Kansas,KS,Riley County,35.2,33.790033997206955,-1.4099660027930483,2
21205,Kentucky,KY,Rowan County,41.5,39.24073712540699,-2.259262874593013,2
51119,Virginia,VA,Middlesex County,40.1,35.886929670529604,-4.213070329470398,2
51199,Virginia,VA,York County,33.7,32.49663472210493,-1.2033652778950739,1
53075,Washington,WA,Whitman County,31.2,34.49075554278815,3.290755542788151,2
55029,Wisconsin,WI,Door County,37.2,30.3898038888156,-6.810196111184403,5
55037,Wisconsin,WI,Florence County,40.1,35.16152914537468,-4.938470854625322,5
06055,California,CA,Napa County,28.7,27.485936683493065,-1.2140633165069339,1
13139,Georgia,GA,Hall County,35.0,37.94786389541455,2.9478638954145495,4
16077,Idaho,ID,Power County,37.7,38.64721638582998,0.9472163858299751,1
17035,Illinois,IL,Cumberland County,37.2,38.2333618729624,1.033361872962395,1
37153,North Carolina,NC,Richmond County,39.8,42.81755666424021,3.0175566642402103,5
37103,North Carolina,NC,Jones County,38.2,39.05235598449161,0.8523559844916093,4
48073,Texas,TX,Cherokee County,39.1,40.91439806018472,1.8143980601847218,1
48063,Texas,TX,Camp County,39.9,40.690987480994714,0.7909874809947155,2
19021,Iowa,IA,Buena Vista County,41.0,37.80529842450151,-3.1947015754984918,3
21151,Kentucky,KY,Madison County,35.9,38.40397072454224,2.503970724542242,1
45029,South Carolina,SC,Colleton County,44.8,41.93762467976958,-2.86237532023042,4
47151,Tennessee,TN,Scott County,41.2,42.21285976183281,1.0128597618328072,4
48141,Texas,TX,El Paso County,39.3,40.790713922767935,1.490713922767938,1
51091,Virginia,VA,Highland County,33.8,37.881789691849065,4.0817896918490675,2
51165,Virginia,VA,Rockingham County,34.9,37.61285984789046,2.7128598478904635,4
53015,Washington,WA,Cowlitz County,39.0,35.80897082544971,-3.1910291745502875,1
08111,Colorado,CO,San Juan County,27.4,29.54263554891341,2.142635548913411,5
13135,Georgia,GA,Gwinnett County,33.3,35.57808555827518,2.27808555827518,4
13077,Georgia,GA,Coweta County,44.1,36.33392888584846,-7.7660711141515435,5
13271,Georgia,GA,Telfair County,45.6,42.51627885322782,-3.0837211467721843,4
13283,Georgia,GA,Treutlen County,43.4,44.15297841995404,0.7529784199540401,3
16023,Idaho,ID,Butte County,35.7,40.2822671453534,4.5822671453533985,1
31171,Nebraska,NE,Thomas County,36.9,37.245988565422486,0.3459885654224877,1
34013,New Jersey,NJ,Essex County,29.1,34.18315104513971,5.083151045139708,5
36043,New York,NY,Herkimer County,37.8,37.12640491987289,-0.6735950801271073,1
37017,North Carolina,NC,Bladen County,38.6,42.784733297996006,4.184733297996004,2
38005,North Dakota,ND,Benson County,42.1,42.662678600044416,0.5626786000444142,1
48001,Texas,TX,Anderson County,39.5,38.72773326545214,-0.7722667345478627,2
48199,Texas,TX,Hardin County,37.5,38.370359577271714,0.8703595772717136,2
48243,Texas,TX,Jeff Davis County,39.6,33.797608427794735,-5.802391572205266,2
45035,South Carolina,SC,Dorchester County,36.4,38.599833630545646,2.1998336305456476,5
46055,South Dakota,SD,Haakon County,35.9,35.52476416108956,-0.37523583891044154,4
21065,Kentucky,KY,Estill County,42.2,42.67677675545818,0.4767767554581752,1
22079,Louisiana,LA,Rapides Parish,42.0,42.63129032425324,0.6312903242532428,4
23007,Maine,ME,Franklin County,33.4,36.13696564898854,2.7369656489885443,2
27149,Minnesota,MN,Stevens County,37.9,37.7635693096105,-0.13643069038949562,1
28121,Mississippi,MS,Rankin County,36.3,37.666899088301186,1.3668990883011887,1
30043,Montana,MT,Jefferson County,29.4,34.527516035638946,5.127516035638948,3
40013,Oklahoma,OK,Bryan County,41.2,40.543014307549534,-0.6569856924504691,2
51105,Virginia,VA,Lee County,40.5,41.823598262210254,1.323598262210254,3
05069,Arkansas,AR,Jefferson County,44.5,44.56070327717167,0.0607032771716689,5
51053,Virginia,VA,Dinwiddie County,38.2,39.69125865094799,1.4912586509479837,5
51830,Virginia,VA,Williamsburg city,37.7,33.93868680088267,-3.761313199117332,1
54075,West Virginia,WV,Pocahontas County,44.1,38.29538570201419,-5.804614297985815,3
05093,Arkansas,AR,Mississippi County,43.2,43.93935752097006,0.73935752097006,3
45063,South Carolina,SC,Lexington County,39.0,38.34671048754723,-0.6532895124527727,2
27027,Minnesota,MN,Clay County,35.1,38.14000995366048,3.04000995366048,3
33015,New Hampshire,NH,Rockingham County,31.7,29.330965924347385,-2.369034075652614,1
41013,Oregon,OR,Crook County,33.0,34.109238537931525,1.1092385379315246,5
45031,South Carolina,SC,Darlington County,41.4,43.83338313788722,2.433383137887219,5
13251,Georgia,GA,Screven County,42.3,43.58503731050005,1.2850373105000514,3
05145,Arkansas,AR,White County,40.4,39.97568539865767,-0.42431460134233134,1
29069,Missouri,MO,Dunklin County,43.1,41.47761369203874,-1.6223863079612642,1
48329,Texas,TX,Midland County,38.4,36.56483389724264,-1.8351661027573556,5
51167,Virginia,VA,Russell County,39.4,40.6829765796318,1.2829765796318,3
12055,Florida,FL,Highlands County,36.2,37.99706839589999,1.7970683958999842,3
18183,Indiana,IN,Whitley County,34.6,38.35144345824633,3.751443458246328,2
21197,Kentucky,KY,Powell County,39.7,42.34099037582,2.640990375819996,1
22053,Louisiana,LA,Jefferson Davis Parish,42.3,41.42977924432243,-0.8702207556775647,4
51117,Virginia,VA,Mecklenburg County,41.4,40.703841562891384,-0.6961584371086147,2
19143,Iowa,IA,Osceola County,40.1,37.72197631763617,-2.378023682363832,5
21071,Kentucky,KY,Floyd County,39.9,43.29548739362329,3.3954873936232914,5
48323,Texas,TX,Maverick County,45.2,41.99261165389163,-3.207388346108374,5
12133,Florida,FL,Washington County,41.1,41.216529368090015,0.11652936809001346,5
37111,North Carolina,NC,McDowell County,33.3,38.17718412385283,4.877184123852835,2
48503,Texas,TX,Young County,38.7,38.598471217533834,-0.10152878246616837,5
46075,South Dakota,SD,Jones County,35.5,36.875274898148064,1.3752748981480636,5
06095,California,CA,Solano County,32.8,30.18440919297492,-2.615590807025079,5
12017,Florida,FL,Citrus County,34.5,35.28596946077292,0.7859694607729182,1
13137,Georgia,GA,Habersham County,36.8,38.1617039223607,1.3617039223607037,3
01085,Alabama,AL,Lowndes County,49.6,48.241957799799515,-1.3580422002004866,4
22113,Louisiana,LA,Vermilion Parish,39.1,39.97053603210068,0.8705360321006808,5
25023,Massachusetts,MA,Plymouth County,30.2,33.87141517552303,3.671415175523034,1
27043,Minnesota,MN,Faribault County,37.2,38.42500214090873,1.2250021409087282,3
29189,Missouri,MO,St. Louis County,33.4,35.30625904757005,1.9062590475700532,5
35017,New Mexico,NM,Grant County,35.0,33.78675459581992,-1.2132454041800784,2
37139,North Carolina,NC,Pasquotank County,36.0,40.3743620730368,4.374362073036799,3
42055,Pennsylvania,PA,Franklin County,39.2,36.39973665499304,-2.800263345006961,5
48043,Texas,TX,Brewster County,35.9,36.915008518858926,1.0150085188589273,5
53073,Washington,WA,Whatcom County,28.2,31.596636546745557,3.396636546745558,1
55043,Wisconsin,WI,Grant County,40.5,38.3198085250011,-2.1801914749988995,5
05023,Arkansas,AR,Cleburne County,36.6,38.48065968402821,1.8806596840282097,2
13019,Georgia,GA,Berrien County,38.7,41.39897004025827,2.698970040258267,4
18051,Indiana,IN,Gibson County,40.2,39.036413916035194,-1.163586083964809,3
21177,Kentucky,KY,Muhlenberg County,41.4,41.341083443449634,-0.058916556550364874,2
22097,Louisiana,LA,St. Landry Parish,48.4,44.69348352637564,-3.7065164736243617,5
23021,Maine,ME,Piscataquis County,35.8,36.860663746937334,1.0606637469373368,5
27021,Minnesota,MN,Cass County,38.1,36.454349905693746,-1.645650094306255,1
35037,New Mexico,NM,Quay County,36.0,36.76217250921832,0.7621725092183169,3
37023,North Carolina,NC,Burke County,32.0,36.150638036032866,4.150638036032866,3
41061,Oregon,OR,Union County,35.6,37.75099568915198,2.1509956891519764,4
42097,Pennsylvania,PA,Northumberland County,37.7,37.77215924459547,0.07215924459546841,3
47035,Tennessee,TN,Cumberland County,37.4,36.89919532397365,-0.5008046760263483,1
48333,Texas,TX,Mills County,34.9,37.81406975235999,2.9140697523599925,2
01061,Alabama,AL,Geneva County,38.2,40.68411182831007,2.48411182831007,1
01039,Alabama,AL,Covington County,44.6,40.674776611557114,-3.9252233884428875,5
01111,Alabama,AL,Randolph County,40.9,42.12440791675967,1.2244079167596738,4
01059,Alabama,AL,Franklin County,39.6,40.99600284893933,1.3960028489393252,1
01093,Alabama,AL,Marion County,39.5,39.66163903077458,0.1616390307745803,5
05127,Arkansas,AR,Scott County,38.4,38.713403849283246,0.3134038492832474,1
05077,Arkansas,AR,Lee County,44.9,46.09044111837498,1.1904411183749843,4
05005,Arkansas,AR,Baxter County,41.3,34.31627932471344,-6.9837206752865555,5
05105,Arkansas,AR,Perry County,37.6,40.496771611366874,2.896771611366873,4
06049,California,CA,Modoc County,30.0,34.97556315538017,4.975563155380172,1
08063,Colorado,CO,Kit Carson County,30.2,37.94676340564062,7.746763405640618,3
08125,Colorado,CO,Yuma County,27.9,37.418168642223876,9.518168642223877,3
08099,Colorado,CO,Prowers County,31.6,39.11915259152556,7.519152591525561,3
12087,Florida,FL,Monroe County,29.7,30.2667948694329,0.5667948694329006,5
12021,Florida,FL,Collier County,27.4,29.66986534849964,2.2698653484996427,3
45089,South Carolina,SC,Williamsburg County,47.2,45.43642504330941,-1.76357495669059,3
21203,Kentucky,KY,Rockcastle County,40.5,41.5857484466728,1.0857484466728025,3
22013,Louisiana,LA,Bienville Parish,46.6,45.121741900745725,-1.4782580992542762,3
26137,Michigan,MI,Otsego County,34.4,37.76154624737371,3.3615462473737097,1
30093,Montana,MT,Silver Bow County,29.8,36.837608901672965,7.037608901672964,3
36115,New York,NY,Washington County,36.0,37.18112656759498,1.1811265675949798,1
42059,Pennsylvania,PA,Greene County,36.0,38.92354768031434,2.9235476803143428,4
47025,Tennessee,TN,Claiborne County,41.1,40.70434528075206,-0.3956547192479434,5
48215,Texas,TX,Hidalgo County,47.6,42.59684486680577,-5.003155133194234,3
05029,Arkansas,AR,Conway County,41.3,40.96161232838015,-0.3383876716198486,4
51019,Virginia,VA,Bedford County,35.2,36.20409779454099,1.0040977945409892,4
51685,Virginia,VA,Manassas Park city,37.4,36.07073398551016,-1.3292660144898392,5
54067,West Virginia,WV,Nicholas County,39.4,38.55985243604877,-0.840147563951227,5
16079,Idaho,ID,Shoshone County,34.8,37.99070636572205,3.1907063657220505,3
06077,California,CA,San Joaquin County,33.8,33.17885304731377,-0.6211469526862246,5
24029,Maryland,MD,Kent County,38.9,31.873479104492944,-7.026520895507055,3
34003,New Jersey,NJ,Bergen County,25.8,23.83468129114697,-1.9653187088530295,5
39073,Ohio,OH,Hocking County,42.7,39.69932205150549,-3.0006779484945127,4
06027,California,CA,Inyo County,29.9,31.472822174667225,1.5728221746672268,5
37115,North Carolina,NC,Madison County,31.9,36.53517112735414,4.635171127354141,3
02158,Alaska,AK,Kusilvak Census Area,46.0,44.34092536159747,-1.6590746384025294,3
27173,Minnesota,MN,Yellow Medicine County,39.6,38.42407334093649,-1.1759266590635136,1
48481,Texas,TX,Wharton County,41.4,39.980206414868384,-1.4197935851316146,3
48169,Texas,TX,Garza County,41.2,39.53644570338549,-1.6635542966145138,4
13209,Georgia,GA,Montgomery County,42.7,41.592711451823995,-1.1072885481760082,2
17189,Illinois,IL,Washington County,35.8,38.08904354152585,2.2890435415258494,1
21031,Kentucky,KY,Butler County,42.8,40.06160442526355,-2.738395574736444,2
51530,Virginia,VA,Buena Vista city,40.1,39.56349576401594,-0.5365042359840615,5
30003,Montana,MT,Big Horn County,41.4,41.6673064042503,0.2673064042502986,3
36095,New York,NY,Schoharie County,37.6,32.700823292074254,-4.899176707925747,2
21217,Kentucky,KY,Taylor County,38.2,39.62444326348027,1.4244432634802706,1
12027,Florida,FL,DeSoto County,44.2,40.94150672191876,-3.2584932780812395,1
47041,Tennessee,TN,DeKalb County,41.7,40.484564701367546,-1.2154352986324568,1
45065,South Carolina,SC,McCormick County,38.3,41.48038242700197,3.180382427001973,1
08053,Colorado,CO,Hinsdale County,25.9,33.04246593533271,7.142465935332709,2
21085,Kentucky,KY,Grayson County,42.2,41.79311161770335,-0.4068883822966498,5
34027,New Jersey,NJ,Morris County,25.9,23.928460275387348,-1.9715397246126507,2
51007,Virginia,VA,Amelia County,43.0,38.3513366212663,-4.648663378733701,5
20203,Kansas,KS,Wichita County,40.9,38.06673966940717,-2.833260330592829,3
17071,Illinois,IL,Henderson County,37.2,37.80254450143736,0.6025445014373574,5
16071,Idaho,ID,Oneida County,32.2,37.28729475598626,5.087294755986257,3
16055,Idaho,ID,Kootenai County,34.3,36.578141026049984,2.278141026049987,3
17127,Illinois,IL,Massac County,38.0,39.725832073827114,1.7258320738271138,2
17157,Illinois,IL,Randolph County,37.7,37.865316358912835,0.16531635891283258,4
12015,Florida,FL,Charlotte County,34.4,33.77734565716385,-0.6226543428361495,4
12059,Florida,FL,Holmes County,36.3,41.24098041941396,4.940980419413961,4
12079,Florida,FL,Madison County,36.5,43.04454693151839,6.54454693151839,2
12003,Florida,FL,Baker County,37.6,39.31278350210066,1.712783502100656,1
13285,Georgia,GA,Troup County,41.5,41.161663858916405,-0.33833614108359455,4
13233,Georgia,GA,Polk County,41.7,41.0846335585077,-0.6153664414923057,2
17163,Illinois,IL,St. Clair County,38.2,39.18339407261905,0.9833940726190491,2
13047,Georgia,GA,Catoosa County,36.6,37.83980120370765,1.2398012037076498,1
13295,Georgia,GA,Walker County,41.8,40.47847761986176,-1.3215223801382336,4
13131,Georgia,GA,Grady County,41.8,42.55661079884787,0.7566107988478734,3
13253,Georgia,GA,Seminole County,42.4,43.92122581713245,1.5212258171324535,5
13061,Georgia,GA,Clay County,44.8,43.75371822454547,-1.0462817754545242,3
17117,Illinois,IL,Macoupin County,38.1,38.63001316054916,0.53001316054916,5
13045,Georgia,GA,Carroll County,36.9,39.43616819741625,2.536168197416252,3
17093,Illinois,IL,Kendall County,36.4,33.39572538541494,-3.004274614585057,3
18029,Indiana,IN,Dearborn County,35.1,37.85722242252964,2.7572224225296367,3
18001,Indiana,IN,Adams County,40.0,39.19544379786331,-0.8045562021366877,2
18151,Indiana,IN,Steuben County,34.1,35.01583118325992,0.9158311832599182,1
18007,Indiana,IN,Benton County,40.3,39.35041965196908,-0.9495803480309206,1
26017,Michigan,MI,Bay County,37.2,36.63113274597083,-0.5688672540291719,4
26049,Michigan,MI,Genesee County,39.1,40.47187932672393,1.3718793267239278,4
26021,Michigan,MI,Berrien County,40.0,37.75219602748138,-2.247803972518618,2
17149,Illinois,IL,Pike County,37.3,39.14900538341352,1.8490053834135196,2
17013,Illinois,IL,Calhoun County,34.6,36.73620970641136,2.136209706411357,1
17201,Illinois,IL,Winnebago County,38.5,36.83856198392988,-1.6614380160701216,4
18043,Indiana,IN,Floyd County,36.4,35.72361595867452,-0.6763840413254769,4
19139,Iowa,IA,Muscatine County,37.8,38.924703062486934,1.1247030624869367,5
27035,Minnesota,MN,Crow Wing County,38.6,36.95451680649257,-1.645483193507431,5
17057,Illinois,IL,Fulton County,39.3,39.6002645709613,0.30026457096130343,5
17025,Illinois,IL,Clay County,38.3,38.73527368306582,0.43527368306582304,5
18167,Indiana,IN,Vigo County,41.0,40.213910181398205,-0.7860898186017948,5
20209,Kansas,KS,Wyandotte County,41.5,38.25861070527796,-3.2413892947220404,3
17099,Illinois,IL,LaSalle County,36.6,35.97137689941327,-0.6286231005867293,1
20005,Kansas,KS,Atchison County,40.5,39.32479006421749,-1.1752099357825116,3
36003,New York,NY,Allegany County,34.3,38.44676519360838,4.146765193608381,2
21111,Kentucky,KY,Jefferson County,37.2,36.73872036405392,-0.46127963594608445,1
40049,Oklahoma,OK,Garvin County,42.4,40.61982737556023,-1.7801726244397713,3
45053,South Carolina,SC,Jasper County,37.5,38.32375488383907,0.8237548838390722,4
26145,Michigan,MI,Saginaw County,43.0,39.53579566819246,-3.4642043318075366,5
19145,Iowa,IA,Page County,43.9,37.17555728387935,-6.724442716120649,5
18057,Indiana,IN,Hamilton County,27.9,30.981745971516418,3.081745971516419,2
19085,Iowa,IA,Harrison County,40.1,38.6235669901114,-1.476433009888602,3
26117,Michigan,MI,Montcalm County,39.2,39.1549472455348,-0.04505275446520329,5
19177,Iowa,IA,Van Buren County,41.0,39.68812133903146,-1.3118786609685387,5
26121,Michigan,MI,Muskegon County,43.0,38.906904995993926,-4.093095004006074,3
19119,Iowa,IA,Lyon County,38.5,37.31360068043491,-1.1863993195650906,2
26105,Michigan,MI,Mason County,39.4,35.9309894981725,-3.4690105018274977,4
27047,Minnesota,MN,Freeborn County,40.6,35.54645577644012,-5.053544223559882,1
20011,Kansas,KS,Bourbon County,42.5,40.19903905874325,-2.300960941256747,3
20043,Kansas,KS,Doniphan County,39.0,39.39681349057544,0.3968134905754397,3
20137,Kansas,KS,Norton County,40.1,37.77509971093807,-2.3249002890619295,2
20117,Kansas,KS,Marshall County,41.5,39.14936924888362,-2.350630751116377,4
20129,Kansas,KS,Morton County,38.6,37.97550915882427,-0.624490841175728,2
20175,Kansas,KS,Seward County,45.5,37.3885193754602,-8.111480624539801,2
26043,Michigan,MI,Dickinson County,32.3,37.32548980365892,5.025489803658921,3
26157,Michigan,MI,Tuscola County,39.4,39.15880834442604,-0.2411916555739566,1
26011,Michigan,MI,Arenac County,38.3,38.30109513965407,0.0010951396540761493,2
26127,Michigan,MI,Oceana County,37.9,37.28554786172336,-0.6144521382766399,4
26061,Michigan,MI,Houghton County,34.2,36.471631701178794,2.2716317011787908,4
27133,Minnesota,MN,Rock County,37.8,37.13990814778168,-0.660091852218315,1
46083,South Dakota,SD,Lincoln County,32.6,35.647178998262746,3.047178998262744,5
46099,South Dakota,SD,Minnehaha County,33.9,37.29471492606199,3.3947149260619938,2
46091,South Dakota,SD,Marshall County,32.9,36.540583939546934,3.6405839395469357,2
01103,Alabama,AL,Morgan County,38.7,38.77868931550979,0.07868931550978431,1
21161,Kentucky,KY,Mason County,40.0,40.199419395079715,0.1994193950797154,5
21141,Kentucky,KY,Logan County,40.2,40.4758966761471,0.2758966761470987,3
25005,Massachusetts,MA,Bristol County,33.0,34.16850912627504,1.1685091262750404,5
21185,Kentucky,KY,Oldham County,34.2,33.490074360746306,-0.7099256392536972,1
36011,New York,NY,Cayuga County,41.0,37.09860316286455,-3.901396837135451,3
26033,Michigan,MI,Chippewa County,39.3,40.607464747766315,1.3074647477663177,4
01105,Alabama,AL,Perry County,50.0,48.569211934054856,-1.4307880659451442,1
40143,Oklahoma,OK,Tulsa County,37.0,37.53407443539483,0.5340744353948281,4
01013,Alabama,AL,Butler County,45.5,44.44102314736419,-1.0589768526358085,4
26027,Michigan,MI,Cass County,35.1,37.82433790335431,2.7243379033543107,2
32019,Nevada,NV,Lyon County,35.9,35.62771302769786,-0.2722869723021404,3
33013,New Hampshire,NH,Merrimack County,30.7,32.2613946040398,1.5613946040398012,1
46065,South Dakota,SD,Hughes County,34.8,37.32911367516777,2.529113675167771,5
46049,South Dakota,SD,Faulk County,37.2,35.819453403459626,-1.380546596540377,1
46125,South Dakota,SD,Turner County,34.2,38.727430089109525,4.527430089109522,2
46111,South Dakota,SD,Sanborn County,35.0,37.60731281633352,2.6073128163335184,3
12081,Florida,FL,Manatee County,33.9,33.72618999347596,-0.173810006524036,3
35049,New Mexico,NM,Santa Fe County,23.1,28.83911407375954,5.739114073759538,1
36069,New York,NY,Ontario County,34.1,32.5902032780277,-1.5097967219723003,4
46071,South Dakota,SD,Jackson County,39.7,42.47469336272699,2.7746933627269854,4
46063,South Dakota,SD,Harding County,33.7,37.75943347889787,4.059433478897866,5
12115,Florida,FL,Sarasota County,28.8,30.46122982157492,1.6612298215749206,1
12111,Florida,FL,St. Lucie County,34.7,35.65351409748179,0.9535140974817864,1
13073,Georgia,GA,Columbia County,36.0,35.962042153261784,-0.037957846738216006,2
13291,Georgia,GA,Union County,37.1,35.756002643278705,-1.343997356721296,4
12099,Florida,FL,Palm Beach County,30.5,33.23394043489971,2.733940434899708,4
36039,New York,NY,Greene County,32.4,33.72694541051467,1.326945410514675,3
36037,New York,NY,Genesee County,35.3,36.12400190481775,0.8240019048177558,3
36049,New York,NY,Lewis County,35.9,39.233200788694646,3.333200788694647,4
49041,Utah,UT,Sevier County,35.1,36.78527080653446,1.6852708065344615,5
50015,Vermont,VT,Lamoille County,25.4,34.15933269895299,8.759332698952988,3
51033,Virginia,VA,Caroline County,41.6,37.17961011081291,-4.420389889187092,1
51065,Virginia,VA,Fluvanna County,38.7,34.96810098748794,-3.7318990125120663,2
12005,Florida,FL,Bay County,35.3,35.004350782792294,-0.29564921720770343,2
13087,Georgia,GA,Decatur County,39.8,44.41998548534441,4.619985485344415,2
21225,Kentucky,KY,Union County,38.9,41.1938594808805,2.2938594808804993,3
39059,Ohio,OH,Guernsey County,41.5,41.16697074444354,-0.3330292555564611,5
39147,Ohio,OH,Seneca County,47.1,38.64637790237713,-8.453622097622869,5
37183,North Carolina,NC,Wake County,25.6,31.34758994109049,5.747589941090489,5
37081,North Carolina,NC,Guilford County,33.5,35.92751623178261,2.4275162317826116,5
51680,Virginia,VA,Lynchburg city,39.5,38.30210822227885,-1.1978917777211535,2
51183,Virginia,VA,Sussex County,44.0,42.420989261484,-1.579010738515997,3
51730,Virginia,VA,Petersburg city,46.5,46.0056870484332,-0.49431295156679766,5
13281,Georgia,GA,Towns County,37.0,34.05403858457577,-2.945961415424229,2
13119,Georgia,GA,Franklin County,36.7,39.23732488874068,2.5373248887406774,1
13149,Georgia,GA,Heard County,41.0,39.748490330528234,-1.2515096694717656,3
39049,Ohio,OH,Franklin County,36.1,35.720410175534475,-0.37958982446552625,4
39153,Ohio,OH,Summit County,39.5,36.368430081192095,-3.131569918807905,1
37191,North Carolina,NC,Wayne County,39.1,40.41785419690997,1.3178541969099697,2
37151,North Carolina,NC,Randolph County,32.5,37.60525277984954,5.105252779849543,5
37169,North Carolina,NC,Stokes County,33.1,37.8161008212916,4.716100821291597,1
51690,Virginia,VA,Martinsville city,44.5,42.879753914022494,-1.6202460859775059,5
51660,Virginia,VA,Harrisonburg city,40.4,37.40486337306594,-2.9951366269340554,1
51620,Virginia,VA,Franklin city,46.9,44.09866309993596,-2.8013369000640367,5
54015,West Virginia,WV,Clay County,42.5,42.1135533201996,-0.38644667980040026,2
01075,Alabama,AL,Lamar County,38.3,39.8345762658077,1.5345762658077007,3
01019,Alabama,AL,Cherokee County,40.2,39.855900561992506,-0.34409943800749687,4
39173,Ohio,OH,Wood County,35.7,35.7491590573973,0.04915905739729709,4
39013,Ohio,OH,Belmont County,43.0,39.90540665260136,-3.094593347398643,1
37197,North Carolina,NC,Yadkin County,36.1,37.97798140537286,1.8779814053728572,5
38003,North Dakota,ND,Barnes County,37.8,36.34175668501465,-1.4582433149853458,4
38101,North Dakota,ND,Ward County,37.4,37.25292176785307,-0.1470782321469315,2
54097,West Virginia,WV,Upshur County,41.2,39.52919827406538,-1.6708017259346235,2
55055,Wisconsin,WI,Jefferson County,39.6,35.837836120254956,-3.762163879745046,4
55141,Wisconsin,WI,Wood County,40.9,36.07089837643445,-4.829101623565549,5
01077,Alabama,AL,Lauderdale County,36.5,38.929859350787495,2.4298593507874955,5
01083,Alabama,AL,Limestone County,35.8,38.41425225616049,2.6142522561604906,4
47061,Tennessee,TN,Grundy County,37.6,40.99528565706905,3.3952856570690457,4
47077,Tennessee,TN,Henderson County,43.0,40.1865197028136,-2.813480297186402,2
38061,North Dakota,ND,Mountrail County,39.7,38.20620027555598,-1.493799724444024,3
38049,North Dakota,ND,McHenry County,37.0,38.15889602666194,1.1588960266619424,4
55133,Wisconsin,WI,Waukesha County,32.0,33.24795114474358,1.2479511447435812,3
55119,Wisconsin,WI,Taylor County,40.7,39.85267502747016,-0.8473249725298402,3
56031,Wyoming,WY,Platte County,32.4,36.46452597530633,4.064525975306331,3
56043,Wyoming,WY,Washakie County,39.1,34.51419597680217,-4.585804023197831,3
01015,Alabama,AL,Calhoun County,38.3,40.97054806158528,2.6705480615852863,2
04019,Arizona,AZ,Pima County,32.8,34.12247994620344,1.322479946203444,3
47087,Tennessee,TN,Jackson County,35.5,40.452750937328574,4.952750937328574,4
48135,Texas,TX,Ector County,40.3,38.22326777702481,-2.0767322229751883,2
48055,Texas,TX,Caldwell County,39.0,40.67378157346279,1.67378157346279,1
48445,Texas,TX,Terry County,42.8,41.6439178123462,-1.1560821876537943,4
39089,Ohio,OH,Licking County,36.0,37.17107155148719,1.171071551487188,3
39165,Ohio,OH,Warren County,34.1,33.292587491670716,-0.8074125083292856,3
39119,Ohio,OH,Muskingum County,41.2,40.34681757818713,-0.8531824218128747,2
56019,Wyoming,WY,Johnson County,31.2,34.939813964797146,3.739813964797147,3
04017,Arizona,AZ,Navajo County,38.5,40.44958043695321,1.9495804369532124,4
05113,Arkansas,AR,Polk County,37.0,39.39620756369101,2.396207563691007,2
05031,Arkansas,AR,Craighead County,37.5,39.78662249122485,2.286622491224847,5
48497,Texas,TX,Wise County,40.4,37.377646959174406,-3.0223530408255925,4
48069,Texas,TX,Castro County,40.4,40.8591445854427,0.45914458544270076,3
48309,Texas,TX,McLennan County,39.0,39.10233800574171,0.10233800574170715,2
39139,Ohio,OH,Richland County,39.8,39.87436682296442,0.07436682296442143,5
39163,Ohio,OH,Vinton County,41.2,43.10172053540727,1.9017205354072644,3
39027,Ohio,OH,Clinton County,41.6,38.40686627021024,-3.193133729789764,5
39115,Ohio,OH,Morgan County,41.8,40.21726794475455,-1.5827320552454438,3
05027,Arkansas,AR,Columbia County,41.1,42.814572040892614,1.7145720408926124,4
08007,Colorado,CO,Archuleta County,24.9,30.01096270853172,5.110962708531723,4
08081,Colorado,CO,Moffat County,29.6,38.60615726587822,9.006157265878215,2
08009,Colorado,CO,Baca County,31.0,39.93744667215223,8.937446672152227,4
48331,Texas,TX,Milam County,37.5,39.08697394041984,1.5869739404198384,4
48091,Texas,TX,Comal County,39.1,32.216351173577856,-6.883648826422146,1
48183,Texas,TX,Gregg County,39.9,39.44628101187896,-0.4537189881210395,2
39131,Ohio,OH,Pike County,40.6,41.74346784023827,1.1434678402382659,5
40063,Oklahoma,OK,Hughes County,47.6,42.10046644690417,-5.49953355309583,3
40019,Oklahoma,OK,Carter County,40.7,39.613124878773974,-1.0868751212260293,4
40137,Oklahoma,OK,Stephens County,42.3,39.812999723203696,-2.4870002767963015,4
08115,Colorado,CO,Sedgwick County,29.8,37.43454817009111,7.6345481700911115,2
01021,Alabama,AL,Chilton County,36.3,39.826491943180386,3.526491943180389,4
21163,Kentucky,KY,Meade County,37.8,39.84700513295413,2.0470051329541334,3
48195,Texas,TX,Hansford County,36.8,38.7814552164125,1.981455216412506,5
48353,Texas,TX,Nolan County,41.8,40.17487083172334,-1.6251291682766578,5
48031,Texas,TX,Blanco County,34.8,32.40988633504564,-2.390113664954356,2
48297,Texas,TX,Live Oak County,40.9,36.85632606307353,-4.043673936926467,5
48179,Texas,TX,Gray County,40.5,40.029424236891145,-0.4705757631088545,3
48123,Texas,TX,DeWitt County,41.0,37.89524240994466,-3.1047575900553426,1
40099,Oklahoma,OK,Murray County,44.4,39.26834656067259,-5.131653439327408,4
40057,Oklahoma,OK,Harmon County,43.5,40.905713643587205,-2.5942863564127947,4
40029,Oklahoma,OK,Coal County,43.2,40.95138430785474,-2.2486156921452647,2
48285,Texas,TX,Lavaca County,37.7,39.04849443998393,1.3484944399839307,2
48247,Texas,TX,Jim Hogg County,44.9,44.447902936637206,-0.45209706336279254,4
48045,Texas,TX,Briscoe County,43.3,39.12367995715175,-4.176320042848246,1
48383,Texas,TX,Reagan County,39.4,38.4572461012258,-0.9427538987741997,2
48283,Texas,TX,La Salle County,44.2,41.648379277868,-2.551620722132,4
48205,Texas,TX,Hartley County,35.2,37.18202523156973,1.9820252315697289,1
48033,Texas,TX,Borden County,33.2,37.42023342315871,4.22023342315871,5
41067,Oregon,OR,Washington County,29.6,28.371878141244736,-1.2281218587552658,1
41071,Oregon,OR,Yamhill County,34.5,35.144950593022315,0.6449505930223154,1
29017,Missouri,MO,Bollinger County,41.2,39.589661421231014,-1.6103385787689888,5
29139,Missouri,MO,Montgomery County,41.2,39.51203580958094,-1.6879641904190663,1
29179,Missouri,MO,Reynolds County,40.6,40.544812389227,-0.055187610773003826,1
30019,Montana,MT,Daniels County,31.9,36.10540561884213,4.2054056188421285,1
41069,Oregon,OR,Wheeler County,35.3,34.54994866280772,-0.750051337192275,5
42019,Pennsylvania,PA,Butler County,32.7,33.734004595377044,1.0340045953770414,3
31037,Nebraska,NE,Colfax County,38.8,39.53528612018297,0.7352861201829697,1
31155,Nebraska,NE,Saunders County,36.2,38.014810485320325,1.8148104853203222,4
42025,Pennsylvania,PA,Carbon County,34.4,36.53650609707251,2.1365060970725125,2
42079,Pennsylvania,PA,Luzerne County,38.7,34.87148545018929,-3.8285145498107127,4
31047,Nebraska,NE,Dawson County,41.4,38.90646197429892,-2.4935380257010777,1
31059,Nebraska,NE,Fillmore County,38.9,38.22803437337372,-0.6719656266262817,5
31123,Nebraska,NE,Morrill County,38.9,36.748243176568785,-2.1517568234312137,4
31181,Nebraska,NE,Webster County,39.5,39.44131248899605,-0.058687511003952864,1
42087,Pennsylvania,PA,Mifflin County,38.7,39.713239508235,1.0132395082349959,4
42053,Pennsylvania,PA,Forest County,40.4,38.60618751206969,-1.7938124879303103,4
38065,North Dakota,ND,Oliver County,40.0,35.79709468004413,-4.2029053199558675,1
08103,Colorado,CO,Rio Blanco County,27.9,38.29837529749425,10.398375297494255,2
08075,Colorado,CO,Logan County,30.0,36.17434106335219,6.174341063352188,2
31179,Nebraska,NE,Wayne County,37.3,34.697723065180504,-2.6022769348194927,2
31073,Nebraska,NE,Gosper County,38.7,36.3623831869911,-2.3376168130089,5
31069,Nebraska,NE,Garden County,42.3,37.40621171488693,-4.893788285113068,3
45037,South Carolina,SC,Edgefield County,39.1,39.74299303004419,0.6429930300441882,5
45039,South Carolina,SC,Fairfield County,41.1,44.34304559106743,3.2430455910674283,4
19019,Iowa,IA,Buchanan County,40.6,39.660111977279854,-0.9398880227201474,5
19073,Iowa,IA,Greene County,41.5,38.52882423829415,-2.971175761705851,4
19077,Iowa,IA,Guthrie County,39.8,38.504771139482536,-1.2952288605174616,4
19029,Iowa,IA,Cass County,44.9,39.29890544556845,-5.601094554431548,4
19047,Iowa,IA,Crawford County,44.5,39.27205113553422,-5.22794886446578,1
19117,Iowa,IA,Lucas County,41.1,38.74777826798659,-2.352221732013412,1
29067,Missouri,MO,Douglas County,38.7,40.19222553590883,1.4922255359088297,1
29151,Missouri,MO,Osage County,36.6,37.46374321248707,0.8637432124870656,2
29121,Missouri,MO,Macon County,36.9,40.19429942329979,3.2942994232997904,2
39099,Ohio,OH,Mahoning County,39.7,39.62488282388484,-0.07511717611516389,5
40001,Oklahoma,OK,Adair County,43.6,39.82999417839541,-3.7700058216045917,3
05125,Arkansas,AR,Saline County,37.2,37.339834136568754,0.13983413656875143,1
05137,Arkansas,AR,Stone County,37.2,40.2761468741882,3.076146874188197,5
19091,Iowa,IA,Humboldt County,43.4,39.08996892393952,-4.310031076060476,4
19099,Iowa,IA,Jasper County,39.2,38.517793732410645,-0.6822062675893577,2
19009,Iowa,IA,Audubon County,41.7,37.56352008979181,-4.136479910208195,2
19003,Iowa,IA,Adams County,38.6,39.23253672674572,0.6325367267457196,2
19093,Iowa,IA,Ida County,37.3,39.13540613018098,1.835406130180985,5
29061,Missouri,MO,Daviess County,37.4,39.362599481189505,1.962599481189507,1
29049,Missouri,MO,Clinton County,38.2,38.702076963894235,0.5020769638942326,5
29063,Missouri,MO,DeKalb County,42.3,38.788638557320745,-3.5113614426792523,2
40041,Oklahoma,OK,Delaware County,43.0,36.6748495019905,-6.325150498009499,3
40115,Oklahoma,OK,Ottawa County,44.0,41.54744525053038,-2.45255474946962,4
41025,Oregon,OR,Harney County,34.8,37.50445123415275,2.7044512341527494,1
05051,Arkansas,AR,Garland County,37.8,38.116440725003855,0.3164407250038579,4
05101,Arkansas,AR,Newton County,39.5,38.959101637316,-0.5408983626839969,1
05109,Arkansas,AR,Pike County,37.1,40.362984377097035,3.262984377097034,1
06063,California,CA,Plumas County,29.1,32.60740016160337,3.507400161603371,1
08001,Colorado,CO,Adams County,34.0,35.84233577151182,1.84233577151182,5
08047,Colorado,CO,Gilpin County,25.2,30.40338681411474,5.20338681411474,2
20087,Kansas,KS,Jefferson County,41.5,37.75403458197407,-3.745965418025932,4
20205,Kansas,KS,Wilson County,40.5,39.7737646406003,-0.726235359399702,3
20111,Kansas,KS,Lyon County,39.1,37.95816959621906,-1.1418304037809435,4
20167,Kansas,KS,Russell County,37.0,40.15012679438162,3.1501267943816202,1
20057,Kansas,KS,Ford County,38.7,38.50691025122968,-0.19308974877032625,4
29071,Missouri,MO,Franklin County,38.8,38.05829700873169,-0.7417029912683049,1
29167,Missouri,MO,Polk County,42.0,39.520741487194734,-2.4792585128052664,1
29055,Missouri,MO,Crawford County,38.7,40.196558046226755,1.4965580462267525,2
41041,Oregon,OR,Lincoln County,32.0,30.401126380963714,-1.5988736190362864,3
41057,Oregon,OR,Tillamook County,30.8,32.68624746511975,1.886247465119748,4
08095,Colorado,CO,Phillips County,30.6,38.3704882530934,7.770488253093397,5
08121,Colorado,CO,Washington County,26.8,38.109353461470285,11.309353461470284,3
12019,Florida,FL,Clay County,35.6,36.209879005679774,0.6098790056797725,1
20197,Kansas,KS,Wabaunsee County,41.2,38.32324622783835,-2.8767537721616563,2
20061,Kansas,KS,Geary County,37.0,40.24546645850788,3.2454664585078774,2
20105,Kansas,KS,Lincoln County,41.2,39.792966032776256,-1.4070339672237466,5
27011,Minnesota,MN,Big Stone County,42.6,38.106424321597466,-4.493575678402536,5
27017,Minnesota,MN,Carlton County,41.2,37.70059235346114,-3.499407646538863,4
41027,Oregon,OR,Hood River County,30.5,33.46603157946628,2.966031579466282,5
42117,Pennsylvania,PA,Tioga County,38.8,37.50550771392648,-1.2944922860735204,4
42123,Pennsylvania,PA,Warren County,34.6,37.17280875946024,2.572808759460237,2
45073,South Carolina,SC,Oconee County,31.6,38.02943667136868,6.429436671368677,3
12067,Florida,FL,Lafayette County,40.4,39.924344645195085,-0.47565535480491405,4
13057,Georgia,GA,Cherokee County,35.1,34.71688867855516,-0.3831113214448436,2
20017,Kansas,KS,Chase County,38.8,35.39029262407107,-3.4097073759289245,2
20083,Kansas,KS,Hodgeman County,37.1,37.99457989710065,0.8945798971006482,4
21157,Kentucky,KY,Marshall County,38.5,38.07391855305122,-0.42608144694877836,1
21211,Kentucky,KY,Shelby County,36.1,35.90813947094794,-0.19186052905206452,2
28059,Mississippi,MS,Jackson County,38.4,38.964543204564016,0.5645432045640177,2
28057,Mississippi,MS,Itawamba County,37.8,40.4463104444457,2.646310444445703,2
46101,South Dakota,SD,Moody County,32.8,37.47473431770394,4.674734317703944,3
47131,Tennessee,TN,Obion County,40.9,39.8704818330737,-1.0295181669263016,1
13129,Georgia,GA,Gordon County,40.0,39.62750808610578,-0.37249191389422265,1
13231,Georgia,GA,Pike County,34.2,38.20289879044999,4.00289879044999,4
21073,Kentucky,KY,Franklin County,37.6,37.549423053462434,-0.050576946537567835,4
21199,Kentucky,KY,Pulaski County,39.3,40.7742784142474,1.4742784142474008,3
21215,Kentucky,KY,Spencer County,36.9,36.604200917835406,-0.29579908216459216,1
28093,Mississippi,MS,Marshall County,44.4,44.28596975975525,-0.11403024024475172,5
29145,Missouri,MO,Newton County,36.9,39.407538392362135,2.507538392362136,5
47067,Tennessee,TN,Hancock County,42.6,42.559536552260425,-0.040463447739576,5
47103,Tennessee,TN,Lincoln County,40.5,39.98075870511917,-0.5192412948808283,1
48321,Texas,TX,Matagorda County,41.2,40.69640989726356,-0.503590102736446,2
13011,Georgia,GA,Banks County,36.7,38.31360126297561,1.6136012629756067,4
13167,Georgia,GA,Johnson County,42.8,44.02417322281811,1.2241732228181164,2
21077,Kentucky,KY,Gallatin County,40.3,39.41928462657141,-0.8807153734285862,2
21201,Kentucky,KY,Robertson County,40.8,39.763596451797355,-1.0364035482026424,4
29133,Missouri,MO,Mississippi County,44.5,42.53757555157069,-1.96242444842931,5
29163,Missouri,MO,Pike County,43.3,40.87873558092667,-2.4212644190733243,3
48337,Texas,TX,Montague County,37.2,37.02078318200358,-0.1792168179964193,3
48077,Texas,TX,Clay County,34.5,35.39637014409748,0.8963701440974816,1
48295,Texas,TX,Lipscomb County,37.7,38.706130704251635,1.0061307042516319,4
13299,Georgia,GA,Ware County,39.5,42.53516383495809,3.035163834958091,1
13085,Georgia,GA,Dawson County,34.7,32.222112052700844,-2.477887947299159,3
13227,Georgia,GA,Pickens County,36.7,35.34920223771185,-1.3507977622881526,3
21087,Kentucky,KY,Green County,42.0,41.317358349449194,-0.6826416505508064,2
21045,Kentucky,KY,Casey County,41.4,42.13431282036987,0.7343128203698726,5
29081,Missouri,MO,Harrison County,42.5,40.42517610550646,-2.074823894493541,5
29217,Missouri,MO,Vernon County,41.3,40.907682641980486,-0.3923173580195112,3
30041,Montana,MT,Hill County,34.9,38.52447814092356,3.6244781409235642,2
48079,Texas,TX,Cochran County,43.6,43.10547000617003,-0.4945299938299712,3
48487,Texas,TX,Wilbarger County,41.4,38.07702029883528,-3.3229797011647193,1
48117,Texas,TX,Deaf Smith County,43.6,40.84632487360974,-2.753675126390263,4
49053,Utah,UT,Washington County,29.1,36.22290421609512,7.122904216095115,5
13125,Georgia,GA,Glascock County,37.0,40.46223235321535,3.4622323532153487,4
13273,Georgia,GA,Terrell County,47.1,45.6081922077585,-1.4918077922415023,3
21039,Kentucky,KY,Carlisle County,40.8,39.667769627257904,-1.132230372742093,2
22089,Louisiana,LA,St. Charles Parish,37.3,39.31535576735153,2.0153557673515294,5
31135,Nebraska,NE,Perkins County,39.3,37.74718821029456,-1.5528117897054372,2
31083,Nebraska,NE,Harlan County,36.6,37.28394689313715,0.6839468931371471,3
31055,Nebraska,NE,Douglas County,35.8,34.74089999023052,-1.0591000097694803,2
49021,Utah,UT,Iron County,33.3,37.8179841231652,4.517984123165206,4
50005,Vermont,VT,Caledonia County,29.7,35.46421154125746,5.764211541257463,1
50001,Vermont,VT,Addison County,26.4,30.511057544711292,4.111057544711294,5
13173,Georgia,GA,Lanier County,41.1,41.32385214901731,0.22385214901731132,3
13169,Georgia,GA,Jones County,39.9,40.28899162151895,0.3889916215189544,1
22049,Louisiana,LA,Jackson Parish,40.6,42.181685057008146,1.5816850570081442,5
23001,Maine,ME,Androscoggin County,36.4,37.53270188779156,1.132701887791562,3
26067,Michigan,MI,Ionia County,38.7,38.31751137007363,-0.382488629926371,5
31065,Nebraska,NE,Furnas County,41.4,40.40475693815405,-0.9952430618459474,5
31051,Nebraska,NE,Dixon County,40.5,37.24311989462242,-3.256880105377583,1
32007,Nevada,NV,Elko County,35.5,35.37304426558457,-0.12695573441543218,2
51650,Virginia,VA,Hampton city,42.2,38.429852685857625,-3.7701473141423776,1
51169,Virginia,VA,Scott County,38.6,40.6991206386479,2.0991206386478964,1
13199,Georgia,GA,Meriwether County,40.7,42.40679171048191,1.7067917104819088,1
26025,Michigan,MI,Calhoun County,38.9,38.811193918572165,-0.0888060814278333,2
26015,Michigan,MI,Barry County,33.8,37.60331561751128,3.8033156175112808,1
26075,Michigan,MI,Jackson County,39.7,38.3718651818124,-1.3281348181875998,2
27147,Minnesota,MN,Steele County,36.9,37.63604876278493,0.7360487627849324,3
32013,Nevada,NV,Humboldt County,33.8,36.08013451880256,2.280134518802562,3
33005,New Hampshire,NH,Cheshire County,31.2,33.513612390682276,2.3136123906822768,5
34005,New Jersey,NJ,Burlington County,32.6,31.92696803684925,-0.673031963150752,1
35003,New Mexico,NM,Catron County,33.0,37.200750570120874,4.200750570120874,1
51740,Virginia,VA,Portsmouth city,45.2,41.502084801882525,-3.697915198117478,1
51735,Virginia,VA,Poquoson city,33.2,32.872170914807086,-0.3278290851929171,4
13177,Georgia,GA,Lee County,36.7,39.04097515973238,2.3409751597323805,4
15007,Hawaii,HI,Kauai County,22.8,25.178730302018668,2.378730302018667,2
27003,Minnesota,MN,Anoka County,35.9,35.27958241044791,-0.6204175895520905,4
27143,Minnesota,MN,Sibley County,40.7,37.649411166004214,-3.050588833995789,2
27041,Minnesota,MN,Douglas County,38.6,37.187349847519286,-1.4126501524807153,5
35025,New Mexico,NM,Lea County,35.5,41.040503078771856,5.540503078771856,1
35035,New Mexico,NM,Otero County,38.8,37.79495486050958,-1.00504513949042,1
36015,New York,NY,Chemung County,34.2,37.61411356476115,3.414113564761145,4
53063,Washington,WA,Spokane County,34.0,36.10444900447467,2.1044490044746667,5
54061,West Virginia,WV,Monongalia County,36.7,36.28606877874829,-0.41393122125171544,3
16065,Idaho,ID,Madison County,36.6,36.34802795311123,-0.25197204688877406,3
17109,Illinois,IL,McDonough County,39.3,36.65062577496483,-2.6493742250351673,1
27059,Minnesota,MN,Isanti County,38.6,37.83052245472439,-0.7694775452756133,2
27093,Minnesota,MN,Meeker County,41.1,38.92506151081827,-2.1749384891817343,4
27083,Minnesota,MN,Lyon County,45.5,36.03245116584484,-9.46754883415516,5
28081,Mississippi,MS,Lee County,40.6,40.093223780912545,-0.5067762190874561,5
28133,Mississippi,MS,Sunflower County,47.5,48.323240092423006,0.8232400924230063,4
36007,New York,NY,Broome County,33.3,35.55689101150216,2.2568910115021623,4
36055,New York,NY,Monroe County,36.1,34.02040330231839,-2.079596697681609,4
54029,West Virginia,WV,Hancock County,45.1,38.062948518818814,-7.037051481181187,2
55093,Wisconsin,WI,Pierce County,34.7,34.18904884904519,-0.5109511509548099,2
17021,Illinois,IL,Christian County,36.4,37.00697081003187,0.6069708100318749,1
17135,Illinois,IL,Montgomery County,36.2,38.29621174351778,2.0962117435177774,2
17191,Illinois,IL,Wayne County,37.1,39.944638990023606,2.844638990023604,5
28015,Mississippi,MS,Carroll County,42.1,41.233241479258105,-0.8667585207418966,4
28125,Mississippi,MS,Sharkey County,49.8,48.217081205349075,-1.5829187946509222,1
28069,Mississippi,MS,Kemper County,47.2,48.1328465670334,0.9328465670333941,4
37171,North Carolina,NC,Surry County,35.3,37.41147201316005,2.1114720131600535,4
37045,North Carolina,NC,Cleveland County,37.8,40.59250650283281,2.792506502832815,4
55061,Wisconsin,WI,Kewaunee County,39.6,38.118604943780696,-1.4813950562193057,3
55045,Wisconsin,WI,Green County,40.2,37.46049465577584,-2.7395053442241633,5
55091,Wisconsin,WI,Pepin County,39.3,38.427705109983954,-0.8722948900160432,5
18053,Indiana,IN,Grant County,43.0,39.79776105215233,-3.2022389478476683,4
18085,Indiana,IN,Kosciusko County,39.5,36.7051596388114,-2.794840361188598,5
18045,Indiana,IN,Fountain County,39.0,39.386839201396675,0.3868392013966755,3
18103,Indiana,IN,Miami County,42.1,39.41319722806578,-2.686802771934218,2
28077,Mississippi,MS,Lawrence County,43.3,43.149676080839654,-0.1503239191603427,2
28129,Mississippi,MS,Smith County,42.0,41.289559833829706,-0.7104401661702937,4
29083,Missouri,MO,Henry County,40.1,39.477435406754665,-0.6225645932453361,3
29187,Missouri,MO,St. Francois County,40.0,40.29957667361501,0.2995766736150074,5
38081,North Dakota,ND,Sargent County,36.0,36.26713552445457,0.26713552445456656,1
38023,North Dakota,ND,Divide County,36.7,37.6266717463503,0.9266717463502943,4
38009,North Dakota,ND,Bottineau County,39.3,35.33205233056651,-3.967947669433485,3
56037,Wyoming,WY,Sweetwater County,36.3,37.029538225205265,0.7295382252052676,3
56015,Wyoming,WY,Goshen County,34.7,36.42437743373425,1.7243774337342472,2
05115,Arkansas,AR,Pope County,36.1,39.74647661460605,3.646476614606051,3
18131,Indiana,IN,Pulaski County,41.4,39.247879766241894,-2.1521202337581045,2
18095,Indiana,IN,Madison County,39.6,39.39252879348524,-0.2074712065147608,3
18055,Indiana,IN,Greene County,40.5,38.82060132603737,-1.6793986739626305,5
18073,Indiana,IN,Jasper County,38.0,38.317559670082765,0.3175596700827654,3
29089,Missouri,MO,Howard County,40.0,40.319855570612496,0.31985557061249636,5
29077,Missouri,MO,Greene County,34.5,37.340080648428376,2.8400806484283763,3
29223,Missouri,MO,Wayne County,41.4,40.21413746415154,-1.1858625358484574,1
39001,Ohio,OH,Adams County,45.2,42.26825856686717,-2.931741433132835,4
39081,Ohio,OH,Jefferson County,40.1,39.93640589901419,-0.1635941009858115,5
05149,Arkansas,AR,Yell County,38.7,40.81045164318494,2.1104516431849376,5
05059,Arkansas,AR,Hot Spring County,38.6,40.73522754748728,2.1352275474872755,1
18121,Indiana,IN,Parke County,38.3,40.9157360464077,2.6157360464077044,5
18117,Indiana,IN,Orange County,41.7,39.72544080475036,-1.9745591952496397,2
19031,Iowa,IA,Cedar County,38.3,37.88959289494745,-0.41040710505254907,5
19049,Iowa,IA,Dallas County,32.2,33.38062071958097,1.1806207195809648,4
18105,Indiana,IN,Monroe County,37.6,35.59758080116659,-2.002419198833408,2
19001,Iowa,IA,Adair County,41.9,39.34785506128611,-2.5521449387138873,2
19037,Iowa,IA,Chickasaw County,37.7,39.491860152669354,1.7918601526693507,3
20179,Kansas,KS,Sheridan County,37.8,36.6508682259183,-1.1491317740816953,3
20051,Kansas,KS,Ellis County,41.4,36.77421420366002,-4.625785796339976,3
50017,Vermont,VT,Orange County,26.7,35.23240607662396,8.53240607662396,1
50007,Vermont,VT,Chittenden County,24.5,30.64726201934269,6.147262019342691,1
54059,West Virginia,WV,Mingo County,41.1,44.303245036698414,3.203245036698412,4
13071,Georgia,GA,Colquitt County,40.4,42.01967966377807,1.6196796637780722,1
13235,Georgia,GA,Pulaski County,43.5,41.45233257777283,-2.047667422227171,1
13243,Georgia,GA,Randolph County,48.6,47.526308764630066,-1.0736912353699353,5
17063,Illinois,IL,Grundy County,35.1,34.22578459476077,-0.8742154052392337,3
17139,Illinois,IL,Moultrie County,35.6,38.633744883900555,3.033744883900553,2
18113,Indiana,IN,Noble County,36.5,37.478879354276465,0.9788793542764651,1
18015,Indiana,IN,Carroll County,38.8,39.38185124555026,0.5818512455502614,3
20139,Kansas,KS,Osage County,39.7,38.41772959386499,-1.2822704061350123,4
20065,Kansas,KS,Graham County,38.3,38.99599675039725,0.6959967503972564,3
20123,Kansas,KS,Mitchell County,40.1,38.87854989645861,-1.2214501035413932,1
20145,Kansas,KS,Pawnee County,41.5,37.96481129783412,-3.5351887021658825,5
20055,Kansas,KS,Finney County,43.5,37.68040620657029,-5.819593793429711,3
20187,Kansas,KS,Stanton County,43.2,39.14327361545155,-4.056726384548455,3
50021,Vermont,VT,Rutland County,30.7,32.98277339741023,2.282773397410228,3
13091,Georgia,GA,Dodge County,44.6,42.55951285195889,-2.040487148041109,2
13165,Georgia,GA,Jenkins County,44.5,43.9421467515924,-0.5578532484076035,2
18011,Indiana,IN,Boone County,35.5,34.90029983930728,-0.5997001606927199,1
18149,Indiana,IN,Starke County,40.1,39.19771526962363,-0.9022847303763726,1
47179,Tennessee,TN,Washington County,37.1,35.78697646819798,-1.313023531802024,2
20031,Kansas,KS,Coffey County,39.5,37.203960701502474,-2.2960392984975257,5
20041,Kansas,KS,Dickinson County,38.7,39.044802478826405,0.34480247882640214,4
20193,Kansas,KS,Thomas County,34.3,37.761855455336125,3.461855455336128,5
20067,Kansas,KS,Grant County,40.8,38.632486170185025,-2.167513829814972,4
20049,Kansas,KS,Elk County,42.4,38.25979804318536,-4.140201956814636,4
51035,Virginia,VA,Carroll County,38.9,38.14056439370598,-0.7594356062940193,5
51810,Virginia,VA,Virginia Beach city,32.9,29.35571944182662,-3.54428055817338,2
31071,Nebraska,NE,Garfield County,37.9,37.53850637369949,-0.36149362630050774,5
31009,Nebraska,NE,Blaine County,39.4,37.55903905036268,-1.8409609496373207,1
31007,Nebraska,NE,Banner County,39.0,36.10567361268644,-2.894326387313562,2
31149,Nebraska,NE,Rock County,41.0,38.09001789609645,-2.909982103903552,1
32001,Nevada,NV,Churchill County,33.6,36.38183305406229,2.7818330540622895,2
47017,Tennessee,TN,Carroll County,40.6,40.06291290763656,-0.5370870923634428,1
47113,Tennessee,TN,Madison County,39.5,39.94552089324819,0.44552089324818667,1
47071,Tennessee,TN,Hardin County,37.5,39.11742545850743,1.6174254585074266,3
20159,Kansas,KS,Rice County,36.9,39.15762893100887,2.257628931008874,5
20025,Kansas,KS,Clark County,38.9,35.602587920885114,-3.297412079114885,3
20141,Kansas,KS,Osborne County,38.5,38.91741135330186,0.4174113533018584,4
21227,Kentucky,KY,Warren County,36.3,36.21372983268357,-0.08627016731642811,2
51590,Virginia,VA,Danville city,45.7,43.40472043323237,-2.2952795667676327,2
51115,Virginia,VA,Mathews County,33.3,34.32842908184441,1.0284290818444148,2
32510,Nevada,NV,Carson City,32.6,31.151714180085605,-1.4482858199143962,2
32029,Nevada,NV,Storey County,31.3,25.475448236134337,-5.824551763865664,4
35061,New Mexico,NM,Valencia County,35.5,38.919454808905584,3.4194548089055843,2
47043,Tennessee,TN,Dickson County,35.1,38.69398618571507,3.5939861857150674,1
21149,Kentucky,KY,McLean County,39.8,39.98437279333502,0.18437279333502232,5
21001,Kentucky,KY,Adair County,37.3,41.55977694217647,4.259776942176472,2
51800,Virginia,VA,Suffolk city,41.5,38.406184709562574,-3.0938152904374263,3
51025,Virginia,VA,Brunswick County,45.3,43.27102006352351,-2.028979936476489,3
35057,New Mexico,NM,Torrance County,34.8,39.22268686937221,4.422686869372214,1
35047,New Mexico,NM,San Miguel County,35.1,39.68617822272534,4.586178222725337,1
35005,New Mexico,NM,Chaves County,42.0,39.83589787088205,-2.16410212911795,4
47007,Tennessee,TN,Bledsoe County,42.8,40.49436747118432,-2.3056325288156785,4
47153,Tennessee,TN,Sequatchie County,38.9,37.46421246473262,-1.4357875352673801,4
21137,Kentucky,KY,Lincoln County,40.2,41.852045120800575,1.6520451208005724,3
21021,Kentucky,KY,Boyle County,38.0,38.67018226349273,0.6701822634927268,5
51043,Virginia,VA,Clarke County,34.1,32.430495873761416,-1.6695041262385857,2
53013,Washington,WA,Columbia County,38.3,32.42772260395935,-5.872277396040644,2
35028,New Mexico,NM,Los Alamos County,22.4,30.599369657246164,8.199369657246166,3
36001,New York,NY,Albany County,33.5,32.9140547074311,-0.5859452925689013,5
54009,West Virginia,WV,Brooke County,39.8,38.07089667165855,-1.729103328341445,5
54089,West Virginia,WV,Summers County,42.8,40.75264378624771,-2.0473562137522876,1
21129,Kentucky,KY,Lee County,43.3,43.104658933990656,-0.1953410660093411,3
21233,Kentucky,KY,Webster County,38.2,40.20440909077352,2.004409090773514,1
54055,West Virginia,WV,Mercer County,42.5,40.142241166145304,-2.357758833854696,3
54077,West Virginia,WV,Preston County,41.0,38.25064586592417,-2.74935413407583,2
37001,North Carolina,NC,Alamance County,38.0,37.33575115610612,-0.6642488438938798,2
37063,North Carolina,NC,Durham County,32.5,32.66139474894439,0.16139474894438877,3
54035,West Virginia,WV,Jackson County,37.1,38.906025364837085,1.8060253648370832,2
55127,Wisconsin,WI,Walworth County,33.3,31.99766143814379,-1.3023385618562067,3
21171,Kentucky,KY,Monroe County,39.4,42.04611006155764,2.6461100615576427,1
21091,Kentucky,KY,Hancock County,38.4,39.8803320981104,1.4803320981104022,4
54069,West Virginia,WV,Ohio County,38.1,36.80051913398477,-1.2994808660152302,2
05053,Arkansas,AR,Grant County,35.5,38.46260539274437,2.962605392744372,4
37035,North Carolina,NC,Catawba County,34.1,35.597201982710864,1.4972019827108625,4
37109,North Carolina,NC,Lincoln County,33.2,36.50967211685604,3.309672116856035,1
55089,Wisconsin,WI,Ozaukee County,34.0,33.214872528715034,-0.7851274712849658,3
55009,Wisconsin,WI,Brown County,36.6,36.3204499226737,-0.27955007732629866,3
46135,South Dakota,SD,Yankton County,35.3,36.98418467570586,1.6841846757058647,3
46053,South Dakota,SD,Gregory County,36.8,38.53398977876642,1.7339897787664214,3
05083,Arkansas,AR,Logan County,37.7,40.02088152787509,2.3208815278750876,5
05129,Arkansas,AR,Searcy County,40.8,39.35400995204766,-1.4459900479523355,1
06005,California,CA,Amador County,27.3,31.205425028387843,3.9054250283878424,5
08089,Colorado,CO,Otero County,31.6,38.56244424134191,6.962444241341906,2
38015,North Dakota,ND,Burleigh County,39.2,36.601602008679336,-2.5983979913206667,4
55083,Wisconsin,WI,Oconto County,39.9,36.52104768789077,-3.3789523121092273,3
55071,Wisconsin,WI,Manitowoc County,43.5,35.89077510582352,-7.609224894176478,5
46121,South Dakota,SD,Todd County,44.3,45.09051123705476,0.7905112370547656,4
46039,South Dakota,SD,Deuel County,34.9,38.30744605921062,3.4074460592106206,3
46011,South Dakota,SD,Brookings County,37.8,36.300733160063835,-1.499266839936162,2
08101,Colorado,CO,Pueblo County,31.4,36.9099304780276,5.509930478027599,1
08003,Colorado,CO,Alamosa County,31.9,37.59007997313939,5.69007997313939,1
08011,Colorado,CO,Bent County,33.1,40.568410740928414,7.468410740928412,3
38057,North Dakota,ND,Mercer County,36.3,36.93426748372819,0.6342674837281947,2
38091,North Dakota,ND,Steele County,37.2,35.46288759213307,-1.737112407866931,1
38083,North Dakota,ND,Sheridan County,37.4,39.46368359833741,2.0636835983374127,2
55065,Wisconsin,WI,Lafayette County,39.5,38.31549569166551,-1.184504308334489,4
55125,Wisconsin,WI,Vilas County,35.1,33.86936320615267,-1.2306367938473315,1
55109,Wisconsin,WI,St. Croix County,33.6,34.612967830484855,1.012967830484854,5
46081,South Dakota,SD,Lawrence County,35.0,32.94185008778671,-2.0581499122132882,1
46031,South Dakota,SD,Corson County,46.2,43.426596477480835,-2.7734035225191676,3
08014,Colorado,CO,Broomfield County,24.6,26.630121511233344,2.030121511233343,2
12049,Florida,FL,Hardee County,40.3,41.47930478894554,1.1793047889455437,4
12077,Florida,FL,Liberty County,40.8,40.75775788178233,-0.04224211821766488,2
13161,Georgia,GA,Jeff Davis County,41.3,42.351232505947394,1.0512325059473966,5
13197,Georgia,GA,Marion County,39.9,41.664674693492934,1.7646746934929354,4
56045,Wyoming,WY,Weston County,35.0,36.81809802191422,1.818098021914217,2
05047,Arkansas,AR,Franklin County,40.1,39.11030424873653,-0.9896957512634685,1
05123,Arkansas,AR,St. Francis County,44.5,45.37890795465585,0.8789079546558511,1
47181,Tennessee,TN,Wayne County,40.3,40.72837026278694,0.4283702627869417,5
13175,Georgia,GA,Laurens County,41.5,42.11915870834381,0.6191587083438108,5
13081,Georgia,GA,Crisp County,44.8,44.48166625253283,-0.3183337474671646,4
13003,Georgia,GA,Atkinson County,42.1,43.11157344570849,1.0115734457084855,2
01007,Alabama,AL,Bibb County,41.4,41.16309089864774,-0.23690910135226062,4
38011,North Dakota,ND,Bowman County,37.2,37.01294375763004,-0.18705624236996243,3
27117,Minnesota,MN,Pipestone County,39.5,39.007628786084936,-0.4923712139150638,5
29091,Missouri,MO,Howell County,40.5,40.43104988235124,-0.06895011764876102,3
47115,Tennessee,TN,Marion County,40.8,39.53843364731514,-1.2615663526848593,4
47095,Tennessee,TN,Lake County,44.8,41.53595478385474,-3.264045216145256,1
13247,Georgia,GA,Rockdale County,44.9,40.18069002284643,-4.719309977153571,1
13015,Georgia,GA,Bartow County,37.8,38.63039113864387,0.8303911386438756,1
17169,Illinois,IL,Schuyler County,39.3,38.08538069103071,-1.21461930896929,3
16047,Idaho,ID,Gooding County,37.4,36.8939863668802,-0.5060136331197995,1
29209,Missouri,MO,Stone County,40.0,36.57194144501721,-3.4280585549827904,5
31061,Nebraska,NE,Franklin County,42.3,38.84233797952063,-3.4576620204793684,3
17015,Illinois,IL,Carroll County,36.0,37.61209763876749,1.6120976387674872,5
47125,Tennessee,TN,Montgomery County,42.6,38.87103163073989,-3.7289683692601088,2
47161,Tennessee,TN,Stewart County,36.6,39.001376060268235,2.401376060268234,4
13097,Georgia,GA,Douglas County,42.8,40.47241944110972,-2.3275805588902756,3
13321,Georgia,GA,Worth County,39.1,41.67707444706166,2.577074447061662,2
16037,Idaho,ID,Custer County,32.8,33.75730514574004,0.9573051457400439,5
17005,Illinois,IL,Bond County,37.6,37.04250823167594,-0.5574917683240628,3
17187,Illinois,IL,Warren County,37.7,35.96619537645799,-1.7338046235420137,5
17145,Illinois,IL,Perry County,39.5,38.13148165811787,-1.3685183418821296,3
17065,Illinois,IL,Hamilton County,37.8,39.4578863040794,1.6578863040794047,2
20015,Kansas,KS,Butler County,40.1,37.59066926374293,-2.50933073625707,3
18047,Indiana,IN,Franklin County,37.7,37.645347443549035,-0.05465255645096789,5
19173,Iowa,IA,Taylor County,40.3,37.686271062097155,-2.6137289379028417,4
19109,Iowa,IA,Kossuth County,37.6,38.787023683349744,1.187023683349743,3
48489,Texas,TX,Willacy County,48.8,44.17142405445021,-4.628575945549784,1
48479,Texas,TX,Webb County,41.5,40.68413400956872,-0.815865990431277,3
48201,Texas,TX,Harris County,35.2,36.71333667192189,1.5133366719218841,4
48165,Texas,TX,Gaines County,40.3,40.72265210657917,0.4226521065791715,5
48369,Texas,TX,Parmer County,40.0,40.3966824031512,0.3966824031512033,2
13063,Georgia,GA,Clayton County,45.4,43.029243249436234,-2.370756750563764,1
13211,Georgia,GA,Morgan County,36.1,37.421839041692074,1.3218390416920727,3
17159,Illinois,IL,Richland County,37.4,37.13641574741349,-0.2635842525865115,4
17079,Illinois,IL,Jasper County,35.0,38.717119412332345,3.7171194123323446,5
17049,Illinois,IL,Effingham County,35.5,36.72266714149604,1.2226671414960393,1
20125,Kansas,KS,Montgomery County,45.1,40.495673018453246,-4.604326981546755,4
20039,Kansas,KS,Decatur County,38.6,38.2677657653204,-0.33223423467960345,1
20089,Kansas,KS,Jewell County,40.5,39.10328866293203,-1.3967113370679698,3
18059,Indiana,IN,Hancock County,35.8,37.13712515304373,1.3371251530437362,2
48147,Texas,TX,Fannin County,37.8,38.69923606719121,0.899236067191211,5
48111,Texas,TX,Dallam County,40.1,38.25283155121716,-1.8471684487828384,4
50019,Vermont,VT,Orleans County,32.9,36.971329658341865,4.071329658341867,4
13005,Georgia,GA,Bacon County,41.3,42.00788062008354,0.707880620083543,3
13187,Georgia,GA,Lumpkin County,35.1,33.96653878318711,-1.13346121681289,1
18099,Indiana,IN,Marshall County,35.9,35.349021069962774,-0.5509789300372248,4
19133,Iowa,IA,Monona County,40.9,39.14634383689364,-1.7536561631063563,4
19051,Iowa,IA,Davis County,40.3,36.55117049279349,-3.7488295072065085,2
19065,Iowa,IA,Fayette County,39.7,39.61484945441844,-0.08515054558156265,4
19015,Iowa,IA,Boone County,38.6,38.40837352133649,-0.19162647866350824,1
19183,Iowa,IA,Washington County,40.7,38.46229143472109,-2.237708565278915,3
19113,Iowa,IA,Linn County,37.3,37.0989823919569,-0.2010176080430952,2
19039,Iowa,IA,Clarke County,42.5,37.88534044913036,-4.614659550869639,2
41063,Oregon,OR,Wallowa County,30.4,33.08981406573424,2.6898140657342395,3
41059,Oregon,OR,Umatilla County,37.8,38.74101101202706,0.9410110120270616,2
33003,New Hampshire,NH,Carroll County,28.5,31.98358005601071,3.483580056010709,5
33019,New Hampshire,NH,Sullivan County,32.3,34.53840925138825,2.238409251388255,1
35009,New Mexico,NM,Curry County,34.9,38.98519653626889,4.085196536268889,2
19097,Iowa,IA,Jackson County,41.8,39.068501348274424,-2.7314986517255733,5
26073,Michigan,MI,Isabella County,38.5,38.614067787219184,0.11406778721918442,3
19059,Iowa,IA,Dickinson County,36.9,34.87308040940708,-2.026919590592918,2
19095,Iowa,IA,Iowa County,35.7,37.968473490678,2.268473490677998,2
19135,Iowa,IA,Monroe County,37.5,39.34939074118322,1.849390741183221,3
19197,Iowa,IA,Wright County,41.8,38.30015822610912,-3.4998417738908785,5
20095,Kansas,KS,Kingman County,40.7,37.29856596458659,-3.4014340354134163,5
20113,Kansas,KS,McPherson County,35.3,36.63395121130113,1.3339512113011338,1
20151,Kansas,KS,Pratt County,38.7,38.35767211484895,-0.3423278851510503,5
41029,Oregon,OR,Jackson County,35.9,31.01257788471095,-4.8874221152890485,3
02230,Alaska,AK,Skagway Municipality,33.0,30.25868139688731,-2.7413186031126884,4
42039,Pennsylvania,PA,Crawford County,37.8,38.060708920804394,0.26070892080439734,1
35015,New Mexico,NM,Eddy County,39.1,38.55895005697419,-0.5410499430258113,5
36101,New York,NY,Steuben County,36.6,38.35001249716289,1.750012497162892,1
17067,Illinois,IL,Hancock County,35.1,38.27259473896185,3.1725947389618483,1
16021,Idaho,ID,Boundary County,30.9,37.459796054406475,6.559796054406476,1
26125,Michigan,MI,Oakland County,29.7,30.730400699495412,1.030400699495413,2
26047,Michigan,MI,Emmet County,31.4,32.0425026974055,0.6425026974055044,3
17179,Illinois,IL,Tazewell County,35.2,38.166106385251,2.9661063852509955,2
20045,Kansas,KS,Douglas County,37.7,34.83755309984715,-2.862446900152854,1
20101,Kansas,KS,Lane County,40.3,36.90486777334945,-3.3951322266505457,3
20003,Kansas,KS,Anderson County,36.4,38.45955810540066,2.0595581054006615,4
20073,Kansas,KS,Greenwood County,39.7,38.5223048882177,-1.177695111782306,3
42015,Pennsylvania,PA,Bradford County,34.9,38.386232742038864,3.4862327420388652,4
44001,Rhode Island,RI,Bristol County,25.6,28.834477022184352,3.2344770221843504,1
45033,South Carolina,SC,Dillon County,42.3,46.04780369053938,3.747803690539385,4
25027,Massachusetts,MA,Worcester County,32.7,31.470440180766033,-1.2295598192339696,3
26097,Michigan,MI,Mackinac County,38.1,35.339302148185666,-2.760697851814335,2
16081,Idaho,ID,Teton County,28.8,29.65637949855574,0.8563794985557394,3
16057,Idaho,ID,Latah County,29.1,34.07476305213269,4.974763052132687,1
26035,Michigan,MI,Clare County,42.3,39.22393811656544,-3.076061883434555,1
19167,Iowa,IA,Sioux County,34.0,34.299094245109984,0.29909424510998406,3
27033,Minnesota,MN,Cottonwood County,39.3,37.73417096842375,-1.56582903157625,1
39143,Ohio,OH,Sandusky County,42.2,38.81092044675128,-3.3890795532487203,3
22023,Louisiana,LA,Cameron Parish,39.8,39.23734660297492,-0.5626533970250804,2
26083,Michigan,MI,Keweenaw County,34.3,36.36146892272651,2.0614689227265117,3
26159,Michigan,MI,Van Buren County,39.5,38.40181547158919,-1.0981845284108118,4
26149,Michigan,MI,St. Joseph County,37.4,39.20232186003693,1.8023218600369333,2
16017,Idaho,ID,Bonner County,26.7,35.34046211371937,8.64046211371937,3
17085,Illinois,IL,Jo Daviess County,34.2,35.63317577186847,1.43317577186847,2
19103,Iowa,IA,Johnson County,30.9,32.29699794452172,1.396997944521722,5
27001,Minnesota,MN,Aitkin County,36.2,37.67151696937973,1.4715169693797279,1
20007,Kansas,KS,Barber County,41.9,38.56493723784829,-3.3350627621517077,5
20121,Kansas,KS,Miami County,35.4,38.36656973150024,2.9665697315002433,2
22027,Louisiana,LA,Claiborne Parish,45.1,44.43785576820593,-0.6621442317940733,5
22019,Louisiana,LA,Calcasieu Parish,43.0,40.423101636461254,-2.5768983635387457,5
24021,Maryland,MD,Frederick County,31.2,31.61220381903147,0.41220381903147185,2
26153,Michigan,MI,Schoolcraft County,37.5,36.67976331118906,-0.8202366888109367,5
26009,Michigan,MI,Antrim County,34.8,36.14069438559776,1.3406943855977644,1
17167,Illinois,IL,Sangamon County,38.3,36.65783968002809,-1.6421603199719073,4
16009,Idaho,ID,Benewah County,34.0,37.35943961786347,3.3594396178634724,3
40109,Oklahoma,OK,Oklahoma County,39.4,38.06445172301279,-1.3355482769872111,1
40017,Oklahoma,OK,Canadian County,42.4,36.182531127626426,-6.217468872373573,1
25009,Massachusetts,MA,Essex County,30.8,31.037506215435045,0.2375062154350438,5
25019,Massachusetts,MA,Nantucket County,28.3,26.433015383664536,-1.8669846163354649,5
36073,New York,NY,Orleans County,36.2,37.96029406913707,1.7602940691370677,4
36079,New York,NY,Putnam County,30.1,29.80453944817648,-0.2954605518235205,3
27063,Minnesota,MN,Jackson County,40.0,38.15996119755842,-1.8400388024415832,2
27169,Minnesota,MN,Winona County,34.8,34.918711906057695,0.11871190605769755,2
27155,Minnesota,MN,Traverse County,38.3,37.854493318820886,-0.4455066811791113,5
17133,Illinois,IL,Monroe County,32.6,32.94571541641995,0.3457154164199494,1
17059,Illinois,IL,Gallatin County,38.4,39.540267861376,1.1402678613760031,2
40015,Oklahoma,OK,Caddo County,41.0,40.940194191481375,-0.05980580851862527,3
01011,Alabama,AL,Bullock County,49.4,47.43393106498881,-1.9660689350111866,4
20147,Kansas,KS,Phillips County,37.6,38.70836095481892,1.1083609548189202,5
36081,New York,NY,Queens County,24.7,28.198764937610036,3.498764937610037,3
36033,New York,NY,Franklin County,36.6,39.0348137181992,2.4348137181992016,2
36083,New York,NY,Rensselaer County,34.6,34.250523013423575,-0.3494769865764269,1
27099,Minnesota,MN,Mower County,40.7,38.0358064854854,-2.6641935145146007,2
28047,Mississippi,MS,Harrison County,34.7,39.87586508483444,5.1758650848344345,3
17181,Illinois,IL,Union County,37.6,38.36836077696352,0.7683607769635188,1
17193,Illinois,IL,White County,38.1,39.2804038027656,1.1804038027655963,5
20201,Kansas,KS,Washington County,40.3,38.23516288172874,-2.0648371182712566,3
20019,Kansas,KS,Chautauqua County,40.3,38.903918668250434,-1.3960813317495635,3
20119,Kansas,KS,Meade County,40.4,36.826149717932736,-3.573850282067262,1
20077,Kansas,KS,Harper County,42.3,38.79036383167813,-3.509636168321869,4
20199,Kansas,KS,Wallace County,40.6,37.85227320856165,-2.747726791438353,5
36021,New York,NY,Columbia County,33.0,30.649635018277728,-2.3503649817222723,1
36107,New York,NY,Tioga County,35.2,37.0638287162466,1.8638287162465943,1
28045,Mississippi,MS,Hancock County,36.3,38.45329369986063,2.153293699860633,5
28153,Mississippi,MS,Wayne County,45.5,44.77770709316183,-0.7222929068381703,5
28039,Mississippi,MS,George County,40.4,40.28880627778061,-0.11119372221939017,1
17101,Illinois,IL,Lawrence County,37.8,40.27893325071487,2.4789332507148742,4
17131,Illinois,IL,Mercer County,36.8,38.62598460590538,1.8259846059053828,4
17177,Illinois,IL,Stephenson County,42.1,38.12834076968467,-3.971659230315332,1
36057,New York,NY,Montgomery County,36.0,38.43328983407964,2.4332898340796376,2
01027,Alabama,AL,Clay County,39.6,40.352144285935694,0.7521442859356924,3
21145,Kentucky,KY,McCracken County,41.6,37.52130609511681,-4.078693904883188,2
37179,North Carolina,NC,Union County,31.1,36.764618811688784,5.664618811688783,2
29119,Missouri,MO,McDonald County,41.2,39.656532158989634,-1.5434678410103686,4
29213,Missouri,MO,Taney County,39.2,37.29877992837645,-1.9012200716235554,4
29011,Missouri,MO,Barton County,42.7,39.72102873564057,-2.97897126435943,4
17203,Illinois,IL,Woodford County,34.2,37.65356776613915,3.4535677661391446,4
20107,Kansas,KS,Linn County,38.6,39.79403866117898,1.194038661178979,3
29051,Missouri,MO,Cole County,36.7,38.1695698311209,1.4695698311209,3
36099,New York,NY,Seneca County,37.4,36.748280795908514,-0.651719204091485,4
21117,Kentucky,KY,Kenton County,34.7,38.0060852814337,3.3060852814336954,1
37011,North Carolina,NC,Avery County,33.1,36.51998455557999,3.419984555579987,4
37073,North Carolina,NC,Gates County,37.3,39.46819530036411,2.1681953003641112,5
29021,Missouri,MO,Buchanan County,40.1,39.92505185733128,-0.17494814266871828,3
29165,Missouri,MO,Platte County,39.5,32.50333282482455,-6.996667175175453,3
17113,Illinois,IL,McLean County,35.4,35.24966294960095,-0.15033705039904532,2
17115,Illinois,IL,Macon County,37.1,39.99641971813697,2.8964197181369684,4
36109,New York,NY,Tompkins County,33.0,31.60704465630216,-1.3929553436978388,4
21037,Kentucky,KY,Campbell County,35.5,36.46064850154936,0.9606485015493575,3
37185,North Carolina,NC,Warren County,42.0,42.55248098800677,0.5524809880067707,4
38051,North Dakota,ND,McIntosh County,40.9,36.08042550469146,-4.819574495308537,1
39135,Ohio,OH,Preble County,38.5,39.339196920604905,0.8391969206049055,3
29147,Missouri,MO,Nodaway County,42.3,38.37255185611761,-3.927448143882387,4
29111,Missouri,MO,Lewis County,39.9,40.92711519060576,1.0271151906057625,5
29097,Missouri,MO,Jasper County,35.8,39.79876517889435,3.9987651788943523,3
20091,Kansas,KS,Johnson County,31.6,30.33122081139228,-1.26877918860772,1
21041,Kentucky,KY,Carroll County,40.4,40.16113136761202,-0.23886863238797673,2
48085,Texas,TX,Collin County,28.6,29.799995687605968,1.1999956876059663,5
39015,Ohio,OH,Brown County,42.6,40.0129495158458,-2.5870504841542044,2
39105,Ohio,OH,Meigs County,48.7,41.81166262290273,-6.8883373770972725,5
29009,Missouri,MO,Barry County,38.4,37.875646048652925,-0.5243539513470736,1
29173,Missouri,MO,Ralls County,40.0,39.40500485899291,-0.5949951410070895,1
29129,Missouri,MO,Mercer County,42.4,40.390880272648786,-2.0091197273512122,5
34017,New Jersey,NJ,Hudson County,30.7,26.319432384032396,-4.380567615967603,1
18171,Indiana,IN,Warren County,36.5,37.51433777497886,1.0143377749788627,5
55101,Wisconsin,WI,Racine County,40.0,37.0056527815149,-2.994347218485103,2
18181,Indiana,IN,White County,39.3,38.3297018640282,-0.9702981359717953,3
18017,Indiana,IN,Cass County,40.3,38.50323555465945,-1.7967644453405498,5
18081,Indiana,IN,Johnson County,42.1,35.045031118446744,-7.054968881553258,4
39111,Ohio,OH,Monroe County,43.0,38.40346414373806,-4.596535856261937,3
39029,Ohio,OH,Columbiana County,47.0,39.72592745026824,-7.274072549731763,3
30067,Montana,MT,Park County,27.7,32.47555136391531,4.775551363915309,1
30091,Montana,MT,Sheridan County,32.7,34.62616939460168,1.9261693946016791,5
31105,Nebraska,NE,Kimball County,43.8,36.67214358607963,-7.1278564139203695,4
31029,Nebraska,NE,Chase County,38.5,38.566155701122206,0.06615570112220581,5
17019,Illinois,IL,Champaign County,35.5,32.29795119271495,-3.2020488072850526,2
20173,Kansas,KS,Sedgwick County,33.5,36.89865612328739,3.398656123287388,4
18039,Indiana,IN,Elkhart County,42.5,38.73929992425782,-3.7607000757421787,5
18067,Indiana,IN,Howard County,41.9,38.925063571441086,-2.9749364285589124,4
18013,Indiana,IN,Brown County,36.9,34.82676762739339,-2.0732323726066113,3
18109,Indiana,IN,Morgan County,37.8,38.292822147330185,0.4928221473301875,1
18003,Indiana,IN,Allen County,38.3,38.21503432063425,-0.0849656793657445,1
18169,Indiana,IN,Wabash County,36.9,38.378782919113526,1.4787829191135273,4
39093,Ohio,OH,Lorain County,39.6,37.15430004949141,-2.4456999505085903,5
39155,Ohio,OH,Trumbull County,44.6,39.33953983107489,-5.260460168925114,3
40003,Oklahoma,OK,Alfalfa County,37.7,38.260321590368655,0.5603215903686518,4
31169,Nebraska,NE,Thayer County,40.2,37.141300159447894,-3.0586998405521086,1
31157,Nebraska,NE,Scotts Bluff County,42.0,37.66725849295466,-4.332741507045341,3
31027,Nebraska,NE,Cedar County,40.4,38.296985153839294,-2.103014846160704,2
18115,Indiana,IN,Ohio County,38.1,36.5582522335109,-1.5417477664891024,5
18177,Indiana,IN,Wayne County,39.4,40.07711762972979,0.6771176297297927,3
18135,Indiana,IN,Randolph County,38.9,39.987157367706736,1.0871573677067374,4
18137,Indiana,IN,Ripley County,37.4,37.516006959658235,0.11600695965823604,4
18023,Indiana,IN,Clinton County,39.1,38.76310418280936,-0.3368958171906442,4
18133,Indiana,IN,Putnam County,39.4,36.99162419627673,-2.408375803723267,1
40139,Oklahoma,OK,Texas County,41.3,39.38700183508106,-1.912998164918939,4
40147,Oklahoma,OK,Washington County,41.6,38.12953654737417,-3.470463452625829,5
40085,Oklahoma,OK,Love County,43.5,38.95952306894102,-4.540476931058983,2
02105,Alaska,AK,Hoonah-Angoon Census Area,31.7,36.55073697092149,4.850736970921492,3
31015,Nebraska,NE,Boyd County,40.7,35.884906730911396,-4.815093269088607,4
31025,Nebraska,NE,Cass County,38.1,37.94982732751394,-0.15017267248606458,1
26081,Michigan,MI,Kent County,33.5,35.40354115540408,1.9035411554040778,2
17073,Illinois,IL,Henry County,34.7,39.31564742754144,4.61564742754144,4
19185,Iowa,IA,Wayne County,39.3,38.620911242700345,-0.6790887572996525,1
18025,Indiana,IN,Crawford County,41.0,40.29986295303972,-0.700137046960279,5
18119,Indiana,IN,Owen County,39.9,38.66631457854322,-1.2336854214567765,3
19033,Iowa,IA,Cerro Gordo County,38.4,37.25754214103719,-1.142457858962807,1
02150,Alaska,AK,Kodiak Island Borough,30.3,33.31822094966452,3.0182209496645207,4
40129,Oklahoma,OK,Roger Mills County,40.3,39.061123137550986,-1.2388768624490112,2
31165,Nebraska,NE,Sioux County,40.9,38.26944432644231,-2.630555673557687,2
31131,Nebraska,NE,Otoe County,37.2,37.73766128093203,0.5376612809320278,3
32023,Nevada,NV,Nye County,32.0,34.62689407394639,2.6268940739463886,5
26155,Michigan,MI,Shiawassee County,36.1,38.3486141413972,2.248614141397198,4
19053,Iowa,IA,Decatur County,38.1,40.77410059291024,2.6741005929102357,3
19057,Iowa,IA,Des Moines County,36.6,39.11336727079318,2.513367270793175,1
55137,Wisconsin,WI,Waushara County,41.8,37.21036800843461,-4.5896319915653905,3
56009,Wyoming,WY,Converse County,37.0,37.6826599225723,0.6826599225722987,1
56027,Wyoming,WY,Niobrara County,36.9,36.82246213197918,-0.07753786802081919,1
05135,Arkansas,AR,Sharp County,38.0,39.97213744417244,1.9721374441724393,2
21023,Kentucky,KY,Bracken County,37.2,39.84253986836766,2.642539868367656,4
25007,Massachusetts,MA,Dukes County,28.6,28.066542911135997,-0.5334570888640044,2
25003,Massachusetts,MA,Berkshire County,28.9,31.693996590932187,2.7939965909321884,2
17137,Illinois,IL,Morgan County,37.3,37.47669146252913,0.17669146252913492,5
05035,Arkansas,AR,Crittenden County,41.5,45.85353342446046,4.353533424460458,4
39007,Ohio,OH,Ashtabula County,43.1,40.32388917181253,-2.77611082818747,4
02068,Alaska,AK,Denali Borough,30.8,29.10381814244835,-1.6961818575516503,4
41049,Oregon,OR,Morrow County,37.4,37.66597610937496,0.26597610937496086,3
05055,Arkansas,AR,Greene County,37.6,40.22753062792244,2.6275306279224395,1
08085,Colorado,CO,Montrose County,33.6,32.920457216920475,-0.6795427830795262,2
26023,Michigan,MI,Branch County,39.6,38.67892440970106,-0.9210755902989405,1
34037,New Jersey,NJ,Sussex County,29.3,31.028166770605708,1.7281667706057071,5
36023,New York,NY,Cortland County,34.0,36.07193846902737,2.0719384690273728,3
05089,Arkansas,AR,Marion County,36.8,38.32497159533409,1.5249715953340939,3
42105,Pennsylvania,PA,Potter County,38.2,38.39315494120616,0.19315494120615995,4
42085,Pennsylvania,PA,Mercer County,35.7,37.43825035644982,1.738250356449818,3
48431,Texas,TX,Sterling County,36.7,38.516387243826784,1.8163872438267816,5
51770,Virginia,VA,Roanoke city,36.4,38.47976465333507,2.0797646533350687,4
12011,Florida,FL,Broward County,31.8,34.24667303823347,2.4466730382334667,1
12127,Florida,FL,Volusia County,33.9,34.60422645454155,0.7042264545415549,3
36097,New York,NY,Schuyler County,37.6,35.953528773094654,-1.6464712269053479,3
36041,New York,NY,Hamilton County,37.3,35.4828359757501,-1.817164024249898,5
37195,North Carolina,NC,Wilson County,39.2,40.831244475932166,1.6312444759321636,3
27025,Minnesota,MN,Chisago County,38.3,36.73636794110809,-1.5636320588919048,4
27091,Minnesota,MN,Martin County,38.0,38.33903243796011,0.33903243796010685,2
26001,Michigan,MI,Alcona County,36.6,36.75262735847417,0.1526273584741702,4
51011,Virginia,VA,Appomattox County,42.4,39.46101488565192,-2.9389851143480783,3
51173,Virginia,VA,Smyth County,40.7,40.14387003535131,-0.5561299646486901,3
13145,Georgia,GA,Harris County,32.7,36.54314177405134,3.8431417740513396,4
13143,Georgia,GA,Haralson County,33.8,38.87328861877252,5.073288618772523,1
13083,Georgia,GA,Dade County,36.0,34.68587343832322,-1.3141265616767797,1
37003,North Carolina,NC,Alexander County,33.8,37.062849708021965,3.2628497080219674,5
37189,North Carolina,NC,Watauga County,33.7,34.24071863560034,0.5407186356003351,1
28075,Mississippi,MS,Lauderdale County,39.3,44.59776590820982,5.297765908209826,1
28003,Mississippi,MS,Alcorn County,42.4,40.71962524773958,-1.6803747522604198,2
28011,Mississippi,MS,Bolivar County,45.6,46.89378275056464,1.2937827505646382,1
51750,Virginia,VA,Radford city,38.1,38.94032812334517,0.8403281233451665,5
51630,Virginia,VA,Fredericksburg city,38.2,32.10967247135975,-6.090327528640252,4
51157,Virginia,VA,Rappahannock County,36.1,30.7208734324264,-5.3791265675736,2
51670,Virginia,VA,Hopewell city,45.9,43.26739805692287,-2.632601943077127,2
51640,Virginia,VA,Galax city,41.1,39.192738583422624,-1.9072614165773771,1
13275,Georgia,GA,Thomas County,38.7,42.13787913151924,3.4378791315192387,5
13259,Georgia,GA,Stewart County,43.2,41.175931403051145,-2.024068596948858,1
38063,North Dakota,ND,Nelson County,39.2,36.59069735608552,-2.609302643914482,1
38047,North Dakota,ND,Logan County,38.2,37.60287997175267,-0.5971200282473319,5
39023,Ohio,OH,Clark County,41.8,38.94441557563574,-2.8555844243642596,5
39041,Ohio,OH,Delaware County,32.2,30.228372444906896,-1.9716275550931073,5
28095,Mississippi,MS,Monroe County,40.9,41.52792480377538,0.6279248037753788,2
46017,South Dakota,SD,Buffalo County,44.4,46.33304057572226,1.9330405757222593,3
55053,Wisconsin,WI,Jackson County,44.5,39.29671604766504,-5.2032839523349566,5
55015,Wisconsin,WI,Calumet County,39.7,36.21875274738115,-3.48124725261885,1
55005,Wisconsin,WI,Barron County,39.4,38.09118175672247,-1.3088182432775284,3
55067,Wisconsin,WI,Langlade County,39.7,37.09431930189822,-2.6056806981017857,5
13065,Georgia,GA,Clinch County,44.9,43.32955095904469,-1.5704490409553102,1
17151,Illinois,IL,Pope County,37.7,38.59993658017331,0.8999365801733106,5
17023,Illinois,IL,Clark County,35.0,38.752996174885624,3.7529961748856238,1
39109,Ohio,OH,Miami County,39.8,38.32003734876961,-1.4799626512303874,3
39159,Ohio,OH,Union County,37.4,34.31517996925372,-3.084820030746279,2
39019,Ohio,OH,Carroll County,40.7,38.33880551526034,-2.361194484739663,3
47075,Tennessee,TN,Haywood County,44.3,44.77927967372913,0.47927967372913116,3
47023,Tennessee,TN,Chester County,39.2,40.48382966993759,1.2838296699375888,5
26091,Michigan,MI,Lenawee County,42.4,37.66516007889357,-4.734839921106428,3
26151,Michigan,MI,Sanilac County,38.5,39.43736082260135,0.9373608226013488,2
17195,Illinois,IL,Whiteside County,35.3,38.00702934304143,2.707029343041434,1
18019,Indiana,IN,Clark County,41.2,37.46283915826148,-3.737160841738522,5
40083,Oklahoma,OK,Logan County,42.2,38.81239564479773,-3.3876043552022708,4
40091,Oklahoma,OK,McIntosh County,42.1,39.951491909293146,-2.148508090706855,5
47101,Tennessee,TN,Lewis County,39.0,40.26816981845241,1.2681698184524066,4
47133,Tennessee,TN,Overton County,38.0,39.861130081599725,1.8611300815997254,1
26031,Michigan,MI,Cheboygan County,36.8,36.24395831992085,-0.5560416800791472,1
26069,Michigan,MI,Iosco County,38.2,36.28389566853701,-1.9161043314629893,4
18153,Indiana,IN,Sullivan County,38.1,41.03901269114916,2.939012691149159,5
18077,Indiana,IN,Jefferson County,38.4,36.7678554067206,-1.6321445932793992,5
18127,Indiana,IN,Porter County,37.0,34.54320923342764,-2.456790766572361,5
40107,Oklahoma,OK,Okfuskee County,44.6,42.751729230474545,-1.848270769525456,4
40043,Oklahoma,OK,Dewey County,40.8,39.190901067270225,-1.609098932729772,4
48209,Texas,TX,Hays County,34.4,33.91412037207225,-0.4858796279277513,3
48121,Texas,TX,Denton County,30.7,32.224488872772746,1.5244888727727464,4
48303,Texas,TX,Lubbock County,36.3,37.39502320218485,1.095023202184855,3
48399,Texas,TX,Runnels County,38.1,39.58013898733403,1.4801389873340298,3
27157,Minnesota,MN,Wabasha County,33.1,38.247583116037646,5.147583116037644,1
28005,Mississippi,MS,Amite County,45.0,42.847356830897766,-2.152643169102234,4
18075,Indiana,IN,Jay County,42.1,39.912315221690385,-2.1876847783096167,1
18163,Indiana,IN,Vanderburgh County,39.3,39.09143702431823,-0.2085629756817653,3
18155,Indiana,IN,Switzerland County,39.5,38.996096251749265,-0.5039037482507354,2
41053,Oregon,OR,Polk County,34.4,34.685939237570565,0.2859392375705667,1
42077,Pennsylvania,PA,Lehigh County,34.3,35.30721432258071,1.0072143225807153,4
48259,Texas,TX,Kendall County,32.8,30.997073046389083,-1.802926953610914,1
48325,Texas,TX,Medina County,40.3,39.08321297431389,-1.2167870256861093,2
48249,Texas,TX,Jim Wells County,42.6,41.31523727087859,-1.284762729121411,5
48193,Texas,TX,Hamilton County,37.5,35.884155214248096,-1.6158447857519036,5
28027,Mississippi,MS,Coahoma County,48.4,48.042374070551155,-0.35762592944884375,3
28147,Mississippi,MS,Walthall County,41.4,45.12734237667577,3.7273423766757716,2
29153,Missouri,MO,Ozark County,44.2,39.72053441964867,-4.479465580351331,2
26139,Michigan,MI,Ottawa County,35.9,33.10631856187283,-2.793681438127166,3
26093,Michigan,MI,Livingston County,35.4,32.234387272150954,-3.1656127278490445,1
17095,Illinois,IL,Knox County,38.8,38.447641051808496,-0.35235894819150104,5
42069,Pennsylvania,PA,Lackawanna County,33.2,33.92835604449743,0.7283560444974242,1
42093,Pennsylvania,PA,Montour County,35.3,35.127845992961575,-0.1721540070384222,2
46087,South Dakota,SD,McCook County,34.7,38.53632306383419,3.836323063834186,2
48293,Texas,TX,Limestone County,40.1,39.99469345088525,-0.10530654911475068,4
48191,Texas,TX,Hall County,41.1,39.59468158876047,-1.5053184112395286,4
48305,Texas,TX,Lynn County,40.5,40.47633134617336,-0.02366865382663974,3
48107,Texas,TX,Crosby County,41.3,41.199053679773726,-0.10094632022627081,5
48137,Texas,TX,Edwards County,42.3,35.52167904617242,-6.778320953827574,1
31129,Nebraska,NE,Nuckolls County,38.2,37.08111897904491,-1.1188810209550937,3
31153,Nebraska,NE,Sarpy County,38.4,35.145391500500445,-3.254608499499554,1
31049,Nebraska,NE,Deuel County,38.5,38.47156729092611,-0.02843270907388984,1
26101,Michigan,MI,Manistee County,38.0,36.256432202588066,-1.7435677974119344,3
19131,Iowa,IA,Mitchell County,44.9,38.1213338159587,-6.778666184041299,2
26161,Michigan,MI,Washtenaw County,30.1,30.854973718791065,0.7549737187910637,4
19129,Iowa,IA,Mills County,40.7,38.65433108485954,-2.0456689151404603,4
46067,South Dakota,SD,Hutchinson County,34.1,36.7988854724057,2.698885472405699,2
46033,South Dakota,SD,Custer County,37.5,31.288720529067596,-6.2112794709324035,4
06075,California,CA,San Francisco County,17.7,21.668075358034887,3.9680753580348878,4
08017,Colorado,CO,Cheyenne County,27.6,38.01770804934328,10.417708049343275,1
01037,Alabama,AL,Coosa County,42.8,40.61684830826676,-2.1831516917332365,2
22009,Louisiana,LA,Avoyelles Parish,45.8,43.18820600129585,-2.611793998704144,1
31177,Nebraska,NE,Washington County,37.8,35.544550844217376,-2.255449155782621,3
34029,New Jersey,NJ,Ocean County,33.2,36.26278735778933,3.0627873577893254,5
17011,Illinois,IL,Bureau County,37.8,36.58048505971457,-1.2195149402854284,3
20191,Kansas,KS,Sumner County,39.8,39.459718193567696,-0.34028180643230144,2
01133,Alabama,AL,Winston County,36.3,39.13113723307134,2.8311372330713453,4
24510,Maryland,MD,Baltimore city,38.5,38.237794232721974,-0.2622057672780258,5
48027,Texas,TX,Bell County,39.0,39.014598249991735,0.014598249991735202,1
48021,Texas,TX,Bastrop County,40.2,38.38186595856085,-1.8181340414391514,2
48441,Texas,TX,Taylor County,36.5,39.13427380685126,2.6342738068512617,4
38039,North Dakota,ND,Griggs County,37.0,37.19435757290009,0.19435757290008837,4
39149,Ohio,OH,Shelby County,37.9,39.016775679848614,1.1167756798486153,3
27071,Minnesota,MN,Koochiching County,36.9,36.62358841702353,-0.27641158297647195,4
20181,Kansas,KS,Sherman County,40.5,38.881580731034944,-1.6184192689650558,5
21083,Kentucky,KY,Graves County,40.5,40.815518656429745,0.3155186564297452,2
30079,Montana,MT,Prairie County,36.5,35.637765262604916,-0.8622347373950845,5
12061,Florida,FL,Indian River County,33.0,32.582331989269775,-0.41766801073022464,2
37041,North Carolina,NC,Chowan County,39.4,40.70379929456813,1.3037992945681296,5
39075,Ohio,OH,Holmes County,42.7,38.01415115679592,-4.685848843204084,2
26095,Michigan,MI,Luce County,39.0,39.41697580432171,0.41697580432170867,1
27067,Minnesota,MN,Kandiyohi County,36.6,38.62645567035125,2.026455670351247,2
27121,Minnesota,MN,Pope County,38.1,37.89411330816048,-0.2058866918395239,5
28099,Mississippi,MS,Neshoba County,42.4,42.85853999927043,0.4585399992704282,5
01045,Alabama,AL,Dale County,44.3,39.78382345129652,-4.516176548703477,1
40071,Oklahoma,OK,Kay County,44.0,40.82136602882965,-3.178633971170349,1
12091,Florida,FL,Okaloosa County,33.6,35.54092415673653,1.9409241567365285,2
13099,Georgia,GA,Early County,45.1,44.815406401392025,-0.2845935986079766,4
37143,North Carolina,NC,Perquimans County,33.8,38.71447362668035,4.914473626680355,2
38033,North Dakota,ND,Golden Valley County,40.9,36.16112282969905,-4.738877170300945,1
38013,North Dakota,ND,Burke County,35.1,36.97346911397478,1.873469113974778,4
28009,Mississippi,MS,Benton County,43.6,43.568984025189685,-0.031015974810316038,2
29085,Missouri,MO,Hickory County,43.9,38.30935626161477,-5.590643738385232,3
29065,Missouri,MO,Dent County,38.9,40.40201480463251,1.502014804632509,3
31111,Nebraska,NE,Lincoln County,39.4,38.57750680401221,-0.8224931959877892,1
31081,Nebraska,NE,Hamilton County,41.7,37.87115725980674,-3.8288427401932594,5
46105,South Dakota,SD,Perkins County,33.5,38.72556917627536,5.225569176275357,2
21019,Kentucky,KY,Boyd County,40.8,41.15285138704968,0.35285138704968233,5
46043,South Dakota,SD,Douglas County,36.2,37.49103019258406,1.29103019258406,4
23005,Maine,ME,Cumberland County,29.4,29.892757687001943,0.49275768700194433,4
13101,Georgia,GA,Echols County,41.5,42.64905176407064,1.1490517640706415,3
13239,Georgia,GA,Quitman County,44.1,42.55589222253065,-1.5441077774693497,2
39087,Ohio,OH,Lawrence County,44.9,40.90720493865664,-3.992795061343358,3
39053,Ohio,OH,Gallia County,40.1,42.08788417320781,1.98788417320781,5
39039,Ohio,OH,Defiance County,42.2,37.97379558868548,-4.226204411314519,4
38095,North Dakota,ND,Towner County,36.6,37.39700126320788,0.797001263207882,3
56023,Wyoming,WY,Lincoln County,31.6,34.03875414868128,2.4387541486812765,2
55131,Wisconsin,WI,Washington County,37.1,34.74441379682549,-2.3555862031745107,1
55077,Wisconsin,WI,Marquette County,40.9,37.10741611504572,-3.7925838849542757,3
48291,Texas,TX,Liberty County,39.8,39.754037448077675,-0.04596255192232235,1
37025,North Carolina,NC,Cabarrus County,34.6,35.271515309916346,0.6715153099163444,5
13111,Georgia,GA,Fannin County,38.9,35.68256685829579,-3.2174331417042055,4
13115,Georgia,GA,Floyd County,40.1,37.859202763779194,-2.240797236220807,1
02198,Alaska,AK,Prince of Wales-Hyder Census Area,37.6,39.96259541491543,2.3625954149154254,5
40025,Oklahoma,OK,Cimarron County,39.5,37.62970913651933,-1.870290863480669,4
41037,Oregon,OR,Lake County,34.1,34.594242340631475,0.4942423406314731,4
02016,Alaska,AK,Aleutians West Census Area,28.9,28.70439815158694,-0.19560184841305883,4
42083,Pennsylvania,PA,McKean County,36.3,38.951853289878414,2.6518532898784173,5
54105,West Virginia,WV,Wirt County,41.5,39.36307515753101,-2.136924842468993,3
55097,Wisconsin,WI,Portage County,36.0,32.88008713833128,-3.1199128616687233,1
55047,Wisconsin,WI,Green Lake County,41.3,35.97112247689405,-5.328877523105945,5
40123,Oklahoma,OK,Pontotoc County,43.3,40.38607787071678,-2.9139221292832147,1
40097,Oklahoma,OK,Mayes County,43.1,39.12661517640097,-3.9733848235990337,1
27161,Minnesota,MN,Waseca County,41.2,37.6262276801957,-3.5737723198043057,4
27101,Minnesota,MN,Murray County,40.5,35.196963422206395,-5.3030365777936055,2
27039,Minnesota,MN,Dodge County,37.6,37.155349408820555,-0.44465059117944605,2
27113,Minnesota,MN,Pennington County,30.5,38.7273692873806,8.227369287380597,5
28085,Mississippi,MS,Lincoln County,42.9,42.206565708404185,-0.693434291595814,1
42115,Pennsylvania,PA,Susquehanna County,33.2,36.531796168796234,3.331796168796231,5
46009,South Dakota,SD,Bon Homme County,36.0,37.677321830221786,1.6773218302217856,2
47109,Tennessee,TN,McNairy County,43.1,40.34724230232877,-2.7527576976712282,4
47027,Tennessee,TN,Clay County,39.4,41.5816429887327,2.1816429887327047,5
55107,Wisconsin,WI,Rusk County,36.8,38.96543469335042,2.16543469335042,5
55021,Wisconsin,WI,Columbia County,38.7,36.01160749731443,-2.6883925026855735,5
40149,Oklahoma,OK,Washita County,40.7,39.8508427691305,-0.8491572308695012,5
40131,Oklahoma,OK,Rogers County,40.9,37.505277011198544,-3.3947229888014547,2
40127,Oklahoma,OK,Pushmataha County,43.5,40.22674800279657,-3.273251997203431,4
28079,Mississippi,MS,Leake County,45.1,44.66111757782794,-0.43888242217206397,4
28105,Mississippi,MS,Oktibbeha County,41.1,40.30512974261527,-0.7948702573847299,2
28067,Mississippi,MS,Jones County,43.4,42.446298284475674,-0.9537017155243248,2
28135,Mississippi,MS,Tallahatchie County,45.3,46.72508243567027,1.4250824356702694,1
05119,Arkansas,AR,Pulaski County,38.4,39.76377168185721,1.3637716818572088,3
55103,Wisconsin,WI,Richland County,41.8,37.811567262219285,-3.9884327377807125,5
55135,Wisconsin,WI,Waupaca County,36.7,35.60223339158712,-1.0977666084128828,5
55087,Wisconsin,WI,Outagamie County,39.5,36.67061254290006,-2.8293874570999407,2
40153,Oklahoma,OK,Woodward County,42.0,38.2504737053076,-3.7495262946924015,5
40069,Oklahoma,OK,Johnston County,43.7,41.56758530561516,-2.132414694384842,4
42075,Pennsylvania,PA,Lebanon County,37.3,36.30369232136368,-0.9963076786363203,1
28115,Mississippi,MS,Pontotoc County,43.4,40.84045202501561,-2.5595479749843904,1
28123,Mississippi,MS,Scott County,45.8,42.9653635415083,-2.834636458491694,1
28159,Mississippi,MS,Winston County,45.3,43.69816260101155,-1.6018373989884438,4
28043,Mississippi,MS,Grenada County,45.0,44.7937233008659,-0.20627669913410074,5
48197,Texas,TX,Hardeman County,37.1,40.00894381704865,2.9089438170486517,1
48483,Texas,TX,Wheeler County,39.8,39.858263804906635,0.05826380490663752,3
48017,Texas,TX,Bailey County,37.9,41.28819321696075,3.388193216960751,5
47175,Tennessee,TN,Van Buren County,39.2,39.837525785667715,0.6375257856677123,4
48439,Texas,TX,Tarrant County,37.7,35.563083862274816,-2.136916137725187,5
42021,Pennsylvania,PA,Cambria County,37.1,37.504698722775046,0.40469872277504493,3
42081,Pennsylvania,PA,Lycoming County,35.6,37.34102892436662,1.741028924366617,5
28019,Mississippi,MS,Choctaw County,41.6,42.45378564435591,0.8537856443559093,3
29101,Missouri,MO,Johnson County,40.0,37.9632043977539,-2.0367956022461016,4
29203,Missouri,MO,Shannon County,41.4,41.62533373026297,0.22533373026297454,3
48485,Texas,TX,Wichita County,38.9,38.40554079997459,-0.49445920002541044,4
49027,Utah,UT,Millard County,35.4,34.30371259925682,-1.0962874007431793,2
51099,Virginia,VA,King George County,35.2,35.867525057433745,0.6675250574337426,5
48307,Texas,TX,McCulloch County,39.3,37.59398541185644,-1.7060145881435602,4
48177,Texas,TX,Gonzales County,39.5,40.84899225795213,1.3489922579521334,5
48221,Texas,TX,Hood County,33.5,33.694071871223564,0.19407187122356362,2
42065,Pennsylvania,PA,Jefferson County,35.8,39.049677790072685,3.2496777900726883,1
42009,Pennsylvania,PA,Bedford County,35.3,37.57558910363513,2.2755891036351343,3
29073,Missouri,MO,Gasconade County,38.6,38.16331429148532,-0.43668570851468047,1
29109,Missouri,MO,Lawrence County,41.9,39.67341938485733,-2.226580615142666,3
29079,Missouri,MO,Grundy County,39.7,40.61878384133566,0.9187838413356602,5
29215,Missouri,MO,Texas County,41.3,41.72303921413915,0.4230392141391519,3
51089,Virginia,VA,Henry County,43.4,39.895549134815525,-3.5044508651844737,1
48501,Texas,TX,Yoakum County,40.7,38.26175771960642,-2.438242280393581,2
48227,Texas,TX,Howard County,41.6,38.67224939124361,-2.9277506087563907,5
48099,Texas,TX,Coryell County,37.7,38.790436044840206,1.090436044840203,5
48451,Texas,TX,Tom Green County,37.6,38.59547692559234,0.9954769255923352,1
48149,Texas,TX,Fayette County,36.0,36.993463224069295,0.9934632240692949,5
48447,Texas,TX,Throckmorton County,37.9,37.20826687524832,-0.6917331247516785,4
48009,Texas,TX,Archer County,36.1,38.215801819543955,2.115801819543954,5
42109,Pennsylvania,PA,Snyder County,36.5,37.8290690848964,1.3290690848964033,3
42131,Pennsylvania,PA,Wyoming County,35.8,36.6389501259026,0.8389501259026062,4
29175,Missouri,MO,Randolph County,41.6,40.3117821916687,-1.2882178083313036,1
29117,Missouri,MO,Livingston County,38.6,39.591645521447326,0.9916455214473245,5
29125,Missouri,MO,Maries County,38.8,39.58369897571347,0.7836989757134702,1
29205,Missouri,MO,Shelby County,41.4,40.43333945932399,-0.9666605406760098,2
51077,Virginia,VA,Grayson County,42.4,38.36086601579791,-4.039133984202088,1
53059,Washington,WA,Skamania County,35.8,33.909688831375796,-1.8903111686242013,1
48013,Texas,TX,Atascosa County,43.0,39.92122630066454,-3.078773699335457,3
48143,Texas,TX,Erath County,39.7,37.605810602115504,-2.0941893978844988,1
48375,Texas,TX,Potter County,38.6,39.00851662459647,0.40851662459646576,5
48341,Texas,TX,Moore County,39.0,39.99281195417024,0.9928119541702429,1
48233,Texas,TX,Hutchinson County,37.7,39.58999821256472,1.88999821256472,3
48319,Texas,TX,Mason County,36.3,37.00313904997071,0.7031390499707157,5
45011,South Carolina,SC,Barnwell County,43.4,43.96633154190405,0.5663315419040487,3
29057,Missouri,MO,Dade County,44.5,39.69178790254355,-4.8082120974564475,5
29185,Missouri,MO,St. Clair County,41.1,40.539904793005995,-0.5600952069940064,5
29199,Missouri,MO,Scotland County,39.2,40.04037833874717,0.8403783387471648,4
30107,Montana,MT,Wheatland County,35.4,39.05803430985944,3.6580343098594383,2
53003,Washington,WA,Asotin County,34.8,34.983241242675824,0.18324124267582675,5
53023,Washington,WA,Garfield County,36.6,35.72940401503111,-0.8705959849688938,5
48019,Texas,TX,Bandera County,36.0,34.90755637413437,-1.0924436258656272,1
48279,Texas,TX,Lamb County,41.7,41.071596953248665,-0.6284030467513375,3
48175,Texas,TX,Goliad County,38.9,38.73637542997673,-0.16362457002326636,1
48023,Texas,TX,Baylor County,35.9,39.54155685036935,3.641556850369355,2
48317,Texas,TX,Martin County,39.0,39.42367205453568,0.4236720545356789,3
45081,South Carolina,SC,Saluda County,38.9,40.0404819235061,1.1404819235061012,1
45023,South Carolina,SC,Chester County,42.0,42.324868139137656,0.32486813913765644,3
30017,Montana,MT,Custer County,35.8,38.42480692514616,2.62480692514616,4
30033,Montana,MT,Garfield County,32.0,38.34316234235515,6.34316234235515,3
30011,Montana,MT,Carter County,33.4,37.920279040653206,4.520279040653207,3
30109,Montana,MT,Wibaux County,34.5,35.912492234366226,1.4124922343662263,4
54053,West Virginia,WV,Mason County,44.3,41.4926234705528,-2.807376529447197,5
55079,Wisconsin,WI,Milwaukee County,39.4,35.582633412625306,-3.8173665873746927,3
48275,Texas,TX,Knox County,39.9,39.73678559344163,-0.1632144065583674,2
48425,Texas,TX,Somervell County,33.2,33.72287253745466,0.5228725374546599,4
48163,Texas,TX,Frio County,41.6,42.1228391850257,0.5228391850256955,1
48313,Texas,TX,Madison County,40.4,39.0825019390528,-1.3174980609472016,3
48411,Texas,TX,San Saba County,39.4,38.46658799393809,-0.9334120060619071,1
48263,Texas,TX,Kent County,34.9,36.82825892934068,1.9282589293406787,2
46107,South Dakota,SD,Potter County,34.1,33.94893993743116,-0.1510600625688383,4
46037,South Dakota,SD,Day County,37.8,37.40158902948845,-0.3984109705115486,1
46035,South Dakota,SD,Davison County,36.9,37.59275262555434,0.6927526255543413,4
46077,South Dakota,SD,Kingsbury County,34.2,36.74827675477444,2.5482767547744345,1
46057,South Dakota,SD,Hamlin County,34.2,36.33705106161927,2.1370510616192675,3
31089,Nebraska,NE,Holt County,39.2,39.519730506163505,0.31973050616350207,3
31079,Nebraska,NE,Hall County,38.0,38.92522680149284,0.9252268014928404,5
31119,Nebraska,NE,Madison County,40.3,38.35485647876241,-1.9451435212375898,2
55063,Wisconsin,WI,La Crosse County,34.6,35.992282731894704,1.3922827318947029,3
55123,Wisconsin,WI,Vernon County,40.4,38.87565571989496,-1.5243442801050406,2
48075,Texas,TX,Childress County,41.1,39.825127305122834,-1.2748726948771676,3
48433,Texas,TX,Stonewall County,38.6,37.528231056233835,-1.0717689437661662,4
38089,North Dakota,ND,Stark County,39.3,38.594889162064995,-0.7051108379350026,5
38093,North Dakota,ND,Stutsman County,40.2,36.13509932986587,-4.064900670134136,1
38043,North Dakota,ND,Kidder County,38.1,38.514233227172355,0.4142332271723532,3
46007,South Dakota,SD,Bennett County,43.0,44.033287663283126,1.0332876632831258,4
46019,South Dakota,SD,Butte County,34.9,38.10898641128768,3.2089864112876825,5
31019,Nebraska,NE,Buffalo County,43.4,37.79654498639096,-5.603455013609036,2
31159,Nebraska,NE,Seward County,41.7,38.16021249377833,-3.5397875062216713,1
31001,Nebraska,NE,Adams County,40.7,37.85058823648679,-2.84941176351321,4
05111,Arkansas,AR,Poinsett County,40.8,41.960689481865906,1.1606894818659086,4
05141,Arkansas,AR,Van Buren County,37.0,38.414795247266575,1.414795247266575,3
05079,Arkansas,AR,Lincoln County,39.8,41.98135992986813,2.1813599298681297,3
48109,Texas,TX,Culberson County,43.1,38.94461756443871,-4.155382435561293,2
48413,Texas,TX,Schleicher County,39.7,39.62912537263673,-0.0708746273632741,1
38045,North Dakota,ND,LaMoure County,37.6,35.94753494624724,-1.6524650537527634,1
39011,Ohio,OH,Auglaize County,42.6,38.641189997459826,-3.958810002540176,5
39045,Ohio,OH,Fairfield County,39.0,34.92132979531158,-4.078670204688422,3
46102,South Dakota,SD,Oglala Lakota County,43.9,44.23336960949438,0.3333696094943832,3
47039,Tennessee,TN,Decatur County,41.5,39.25789460714661,-2.2421053928533894,1
21237,Kentucky,KY,Wolfe County,44.7,42.31213982627522,-2.387860173724782,3
21153,Kentucky,KY,Magoffin County,44.8,43.06132407404481,-1.7386759259551852,5
31101,Nebraska,NE,Keith County,37.0,38.10624642417907,1.1062464241790693,1
31003,Nebraska,NE,Antelope County,40.8,38.612314220042904,-2.187685779957093,5
31141,Nebraska,NE,Platte County,36.4,37.409286529330245,1.0092865293302467,1
48011,Texas,TX,Armstrong County,34.4,36.02017352126504,1.6201735212650448,5
48095,Texas,TX,Concho County,39.4,36.01138272007465,-3.3886172799253487,3
49001,Utah,UT,Beaver County,32.5,38.53345795786079,6.03345795786079,3
51121,Virginia,VA,Montgomery County,35.8,35.56923676411904,-0.23076323588095704,1
39151,Ohio,OH,Stark County,38.3,38.55552308601512,0.2555230860151241,1
39071,Ohio,OH,Highland County,43.1,40.037259790517034,-3.0627402094829677,3
39063,Ohio,OH,Hancock County,37.0,37.77532156043465,0.775321560434648,3
21223,Kentucky,KY,Trimble County,38.6,38.1660751198001,-0.4339248801999034,2
21103,Kentucky,KY,Henry County,40.6,39.49978329189837,-1.1002167081016339,1
22045,Louisiana,LA,Iberia Parish,43.4,41.56741319676687,-1.8325868032331272,1
22073,Louisiana,LA,Ouachita Parish,42.1,43.051209308994245,0.9512093089942439,4
31143,Nebraska,NE,Polk County,40.2,37.78729848691435,-2.4127015130856506,2
31173,Nebraska,NE,Thurston County,48.8,40.75808821158375,-8.04191178841625,5
31085,Nebraska,NE,Hayes County,40.5,35.510552978990965,-4.989447021009035,3
51683,Virginia,VA,Manassas city,35.1,32.25392668648045,-2.846073313519554,5
51049,Virginia,VA,Cumberland County,38.6,40.50634846114794,1.9063484611479353,3
51540,Virginia,VA,Charlottesville city,35.2,34.47680984482841,-0.7231901551715936,3
39069,Ohio,OH,Henry County,42.8,37.20507598282096,-5.594924017179039,5
39083,Ohio,OH,Knox County,35.8,38.713686567316856,2.9136865673168586,2
39101,Ohio,OH,Marion County,45.2,39.10020644768443,-6.099793552315575,1
39117,Ohio,OH,Morrow County,42.6,38.797358156685306,-3.802641843314696,4
39055,Ohio,OH,Geauga County,36.3,34.666720176463436,-1.6332798235365615,2
22121,Louisiana,LA,West Baton Rouge Parish,40.6,40.54487757150642,-0.05512242849358273,5
23011,Maine,ME,Kennebec County,33.6,34.53882843229913,0.9388284322991254,3
35006,New Mexico,NM,Cibola County,38.3,40.95617648182622,2.656176481826222,1
35041,New Mexico,NM,Roosevelt County,34.3,39.55752527030664,5.257525270306644,5
35059,New Mexico,NM,Union County,35.4,38.83597101382558,3.4359710138255792,5
51036,Virginia,VA,Charles City County,41.9,39.05894193502328,-2.841058064976721,2
51045,Virginia,VA,Craig County,36.2,37.44784645993324,1.2478464599332355,3
51595,Virginia,VA,Emporia city,47.1,46.53325596592448,-0.5667440340755192,4
51600,Virginia,VA,Fairfax city,32.2,25.460109240307403,-6.739890759692599,3
51678,Virginia,VA,Lexington city,35.1,35.497923494766454,0.3979234947664523,3
39097,Ohio,OH,Madison County,41.7,37.34572020796153,-4.354279792038476,1
39005,Ohio,OH,Ashland County,40.5,38.72695234451325,-1.7730476554867494,5
39031,Ohio,OH,Coshocton County,40.5,40.851747269805486,0.351747269805486,1
39047,Ohio,OH,Fayette County,40.6,39.16560079379252,-1.4343992062074804,4
26123,Michigan,MI,Newaygo County,39.2,38.37374064503098,-0.8262593549690251,3
26107,Michigan,MI,Mecosta County,33.4,39.13386579031073,5.73386579031073,4
26057,Michigan,MI,Gratiot County,35.6,39.285156342210435,3.6851563422104334,4
26037,Michigan,MI,Clinton County,35.9,36.30562285593464,0.405622855934638,1
36117,New York,NY,Wayne County,37.2,37.62509210286685,0.4250921028668486,4
36089,New York,NY,St. Lawrence County,37.1,38.3713894088028,1.271389408802797,4
51580,Virginia,VA,Covington city,38.8,40.32211574766591,1.5221157476659144,4
51720,Virginia,VA,Norton city,41.8,40.326436198817305,-1.4735638011826921,3
54049,West Virginia,WV,Marion County,39.8,39.69701617365202,-0.10298382634798031,2
40103,Oklahoma,OK,Noble County,40.5,39.6374725115697,-0.8625274884303025,2
40055,Oklahoma,OK,Greer County,41.5,41.51305850715764,0.013058507157637678,4
26133,Michigan,MI,Osceola County,38.7,39.574178389882654,0.8741783898826512,3
26039,Michigan,MI,Crawford County,38.2,37.392199545191744,-0.8078004548082589,5
27037,Minnesota,MN,Dakota County,32.9,33.002674285566044,0.10267428556604585,3
37181,North Carolina,NC,Vance County,41.2,43.41895037996666,2.218950379966657,2
37157,North Carolina,NC,Rockingham County,37.8,40.723904377091465,2.9239043770914677,2
38001,North Dakota,ND,Adams County,38.2,34.567522145914715,-3.6324778540852876,4
38075,North Dakota,ND,Renville County,37.4,36.644060822119584,-0.7559391778804141,3
54101,West Virginia,WV,Webster County,37.9,42.36756186314919,4.467561863149193,4
54079,West Virginia,WV,Putnam County,38.1,37.80561016803777,-0.2943898319622349,2
40051,Oklahoma,OK,Grady County,41.0,39.2782570061483,-1.7217429938516986,2
27111,Minnesota,MN,Otter Tail County,38.2,37.71705635930694,-0.4829436406930654,3
27109,Minnesota,MN,Olmsted County,35.4,33.881740001751254,-1.5182599982487446,2
27085,Minnesota,MN,McLeod County,40.3,37.2481820378821,-3.0518179621178945,3
27095,Minnesota,MN,Mille Lacs County,42.6,35.97617141467232,-6.623828585327679,5
39025,Ohio,OH,Clermont County,40.1,37.28402377123647,-2.8159762287635317,4
39037,Ohio,OH,Darke County,40.1,39.63307320500666,-0.46692679499334133,2
40053,Oklahoma,OK,Grant County,44.8,39.427530931728064,-5.372469068271933,4
19025,Iowa,IA,Calhoun County,38.9,39.27381701151083,0.37381701151083035,2
47111,Tennessee,TN,Macon County,40.4,40.59827196625426,0.1982719662542607,1
48421,Texas,TX,Sherman County,37.9,40.073879975268966,2.1738799752689673,4
06031,California,CA,Kings County,31.9,39.303295420079365,7.403295420079367,5
27153,Minnesota,MN,Todd County,40.5,38.641861113255445,-1.8581388867445554,4
27009,Minnesota,MN,Benton County,37.2,38.01935720888908,0.8193572088890804,4
46047,South Dakota,SD,Fall River County,36.5,35.779082668450926,-0.7209173315490744,4
36085,New York,NY,Richmond County,29.4,28.794731848953152,-0.6052681510468467,5
01123,Alabama,AL,Tallapoosa County,41.9,40.85500889367811,-1.0449911063218877,3
18021,Indiana,IN,Clay County,42.3,39.02707004319878,-3.272929956801214,1
46061,South Dakota,SD,Hanson County,33.1,35.09404154658413,1.9940415465841284,2
46045,South Dakota,SD,Edmunds County,35.6,36.690822218064355,1.0908222180643534,2
21057,Kentucky,KY,Cumberland County,42.8,41.364802804331696,-1.4351971956683016,2
26111,Michigan,MI,Midland County,31.1,36.50027920151284,5.400279201512838,4
12051,Florida,FL,Hendry County,38.6,41.06822400304529,2.468224003045286,5
13297,Georgia,GA,Walton County,35.8,38.60479116006894,2.8047911600689446,3
13263,Georgia,GA,Talbot County,43.9,43.35755215618944,-0.5424478438105567,2
13277,Georgia,GA,Tift County,41.9,40.7548803046496,-1.1451196953503953,4
48365,Texas,TX,Panola County,38.3,39.78659203136707,1.4865920313670742,3
47047,Tennessee,TN,Fayette County,36.8,38.533052207541225,1.7330522075412276,5
37005,North Carolina,NC,Alleghany County,36.6,34.893042924679364,-1.7069570753206378,3
38021,North Dakota,ND,Dickey County,38.4,39.15142567783848,0.7514256778384834,1
27123,Minnesota,MN,Ramsey County,32.6,32.735868757816824,0.13586875781682295,3
27079,Minnesota,MN,Le Sueur County,38.7,36.95674572078786,-1.7432542792121453,5
16019,Idaho,ID,Bonneville County,35.2,35.267287590777265,0.0672875907772621,2
16051,Idaho,ID,Jefferson County,37.2,36.95280374485919,-0.247196255140814,5
17051,Illinois,IL,Fayette County,37.2,38.76961766982653,1.5696176698265276,2
51071,Virginia,VA,Giles County,36.9,38.33904749705667,1.43904749705667,5
51710,Virginia,VA,Norfolk city,40.0,35.63107874761769,-4.368921252382307,5
29105,Missouri,MO,Laclede County,44.1,40.45911377354938,-3.6408862264506183,5
50013,Vermont,VT,Grand Isle County,27.1,32.50932475510689,5.409324755106887,2
28073,Mississippi,MS,Lamar County,39.5,39.38492128584499,-0.11507871415501114,4
05065,Arkansas,AR,Izard County,36.9,39.0229542614831,2.122954261483102,1
08025,Colorado,CO,Crowley County,33.3,40.77924637753668,7.479246377536683,3
17147,Illinois,IL,Piatt County,33.8,35.556148246801094,1.7561482468010965,4
17103,Illinois,IL,Lee County,37.5,36.69243778441584,-0.8075622155841629,5
17171,Illinois,IL,Scott County,35.0,37.6214164022913,2.6214164022913025,4
55105,Wisconsin,WI,Rock County,38.1,37.4469144451348,-0.6530855548651999,3
56021,Wyoming,WY,Laramie County,34.3,37.22158516663198,2.921585166631985,4
42119,Pennsylvania,PA,Union County,35.3,35.224725254806735,-0.07527474519326205,4
53001,Washington,WA,Adams County,38.3,38.98054188770297,0.6805418877029723,1
55139,Wisconsin,WI,Winnebago County,39.6,36.27322876830192,-3.326771231698082,5
55019,Wisconsin,WI,Clark County,43.1,39.15580523478207,-3.9441947652179294,2
13159,Georgia,GA,Jasper County,39.5,39.58696728277451,0.08696728277450916,3
17165,Illinois,IL,Saline County,39.6,40.129513468045275,0.5295134680452733,1
18031,Indiana,IN,Decatur County,41.6,37.54923511961817,-4.050764880381834,1
19011,Iowa,IA,Benton County,41.7,37.760254887674435,-3.939745112325568,2
17009,Illinois,IL,Brown County,40.6,39.27444218548078,-1.3255578145192217,4
18097,Indiana,IN,Marion County,39.3,38.63518243026799,-0.6648175697320085,3
42047,Pennsylvania,PA,Elk County,37.8,36.56851180160332,-1.2314881983966757,4
26085,Michigan,MI,Lake County,42.0,37.33313288868132,-4.66686711131868,3
28017,Mississippi,MS,Chickasaw County,47.3,44.626653509991634,-2.673346490008363,1
29131,Missouri,MO,Miller County,39.7,40.692544381708856,0.9925443817088535,4
01017,Alabama,AL,Chambers County,45.4,42.600759081016015,-2.7992409189839833,3
17007,Illinois,IL,Boone County,39.5,38.817782706263046,-0.6822172937369544,3
18091,Indiana,IN,LaPorte County,39.7,38.13138895637652,-1.5686110436234841,4
29115,Missouri,MO,Linn County,41.4,40.5161725016346,-0.8838274983653989,2
29103,Missouri,MO,Knox County,38.9,40.599698865043734,1.699698865043736,5
31023,Nebraska,NE,Butler County,39.4,39.05176798455996,-0.3482320154400398,4
31163,Nebraska,NE,Sherman County,40.0,37.98707276046043,-2.0129272395395716,4
37105,North Carolina,NC,Lee County,38.4,39.04642206800864,0.6464220680086399,4
29135,Missouri,MO,Moniteau County,39.8,40.08909750878875,0.28909750878874974,2
30065,Montana,MT,Musselshell County,33.3,37.787149129397136,4.487149129397139,2
31125,Nebraska,NE,Nance County,40.5,38.4868365169235,-2.0131634830764966,3
19191,Iowa,IA,Winneshiek County,36.5,32.841452432958704,-3.658547567041296,5
20103,Kansas,KS,Leavenworth County,40.1,37.327716694393374,-2.772283305606628,1
05087,Arkansas,AR,Madison County,36.0,39.478729037526875,3.4787290375268753,2
08119,Colorado,CO,Teller County,26.9,30.460469867911968,3.5604698679119693,3
13223,Georgia,GA,Paulding County,38.5,38.14949983705398,-0.3505001629460196,2
37107,North Carolina,NC,Lenoir County,40.4,42.88699728471091,2.4869972847109096,3
35053,New Mexico,NM,Socorro County,35.0,35.867215429041224,0.8672154290412237,5
36093,New York,NY,Schenectady County,34.3,34.05793361169129,-0.2420663883087073,2
37135,North Carolina,NC,Orange County,26.3,28.994513831312744,2.6945138313127437,1
36087,New York,NY,Rockland County,32.0,33.02592694638767,1.0259269463876706,3
01057,Alabama,AL,Fayette County,39.2,40.50810815128971,1.3081081512897086,4
26019,Michigan,MI,Benzie County,35.0,34.463152333819174,-0.5368476661808259,2
13193,Georgia,GA,Macon County,48.3,44.76883193104789,-3.5311680689521054,4
16001,Idaho,ID,Ada County,28.7,34.80115275868384,6.101152758683842,1
37061,North Carolina,NC,Duplin County,39.4,42.33110408822682,2.9311040882268244,2
38073,North Dakota,ND,Ransom County,38.3,37.561134919053174,-0.7388650809468231,3
38027,North Dakota,ND,Eddy County,39.7,37.96379626187843,-1.7362037381215742,5
38029,North Dakota,ND,Emmons County,36.8,37.73600961111033,0.936009611110336,4
40021,Oklahoma,OK,Cherokee County,44.3,42.00346396720851,-2.2965360327914865,1
27049,Minnesota,MN,Goodhue County,36.4,36.91542039224286,0.5154203922428593,4
29181,Missouri,MO,Ripley County,42.8,41.34866315184047,-1.451336848159528,2
31031,Nebraska,NE,Cherry County,42.0,39.02473179023413,-2.975268209765872,2
17055,Illinois,IL,Franklin County,39.6,39.51222852653056,-0.08777147346943792,4
32027,Nevada,NV,Pershing County,34.8,37.26790763652373,2.4679076365237336,1
35027,New Mexico,NM,Lincoln County,30.5,32.91726234714896,2.417262347148963,5
47015,Tennessee,TN,Cannon County,36.2,39.46636081846566,3.2663608184656567,1
48265,Texas,TX,Kerr County,34.9,34.45080719945207,-0.44919280054792665,3
48251,Texas,TX,Johnson County,41.6,37.24762542673446,-4.352374573265543,1
48035,Texas,TX,Bosque County,37.0,37.125818614573426,0.1258186145734257,2
42107,Pennsylvania,PA,Schuylkill County,39.0,36.58631581515815,-2.4136841848418484,2
46029,South Dakota,SD,Codington County,39.8,36.38642641779556,-3.4135735822044353,5
47083,Tennessee,TN,Houston County,38.1,40.0641297696888,1.964129769688796,4
48081,Texas,TX,Coke County,39.6,37.46732161844662,-2.132678381553383,5
34039,New Jersey,NJ,Union County,28.0,30.419137801087068,2.419137801087068,2
39085,Ohio,OH,Lake County,40.9,33.628514904962515,-7.271485095037484,1
37037,North Carolina,NC,Chatham County,30.7,34.319498917227065,3.619498917227066,4
38025,North Dakota,ND,Dunn County,37.8,35.96518576312737,-1.8348142368726243,3
48217,Texas,TX,Hill County,37.1,38.92382484474441,1.8238248447444079,4
48363,Texas,TX,Palo Pinto County,36.9,38.19752396907158,1.2975239690715838,3
48335,Texas,TX,Mitchell County,41.1,39.718629748128336,-1.3813702518716653,1
48189,Texas,TX,Hale County,42.7,40.93963161053474,-1.7603683894652633,3
48159,Texas,TX,Franklin County,34.5,38.167459217453505,3.667459217453505,5
48101,Texas,TX,Cottle County,42.4,40.191621533460214,-2.2083784665397843,4
53043,Washington,WA,Lincoln County,34.9,35.52473066417083,0.6247306641708334,3
55081,Wisconsin,WI,Monroe County,38.7,39.41930360111843,0.7193036011184262,2
02164,Alaska,AK,Lake and Peninsula Borough,38.2,40.08767022449496,1.8876702244949541,2
40059,Oklahoma,OK,Harper County,43.2,38.383087373108886,-4.816912626891117,2
47069,Tennessee,TN,Hardeman County,47.5,43.5271217368759,-3.9728782631241017,5
53039,Washington,WA,Klickitat County,32.5,32.11064828146298,-0.38935171853702144,5
48171,Texas,TX,Gillespie County,34.2,30.83286935296058,-3.367130647039424,3
48093,Texas,TX,Comanche County,39.1,37.722272486549066,-1.3777275134509352,1
48049,Texas,TX,Brown County,38.3,38.87155746773292,0.5715574677329229,1
48267,Texas,TX,Kimble County,37.6,34.28030856571489,-3.3196914342851116,4
48429,Texas,TX,Stephens County,38.8,39.60785585118237,0.8078558511823744,2
48235,Texas,TX,Irion County,35.7,37.48249721087185,1.7824972108718455,2
48065,Texas,TX,Carson County,34.2,39.20567110851655,5.005671108516545,2
48129,Texas,TX,Donley County,37.3,38.984313428333984,1.6843134283339865,3
39103,Ohio,OH,Medina County,36.0,35.63075768915444,-0.36924231084555714,4
39091,Ohio,OH,Logan County,38.7,37.88038023473942,-0.8196197652605832,4
39175,Ohio,OH,Wyandot County,40.0,37.99603146699049,-2.0039685330095125,1
39107,Ohio,OH,Mercer County,37.8,38.37757260937296,0.5775726093729645,3
40009,Oklahoma,OK,Beckham County,42.7,40.23280673518777,-2.467193264812231,4
42007,Pennsylvania,PA,Beaver County,37.2,36.47542609308704,-0.7245739069129655,2
27081,Minnesota,MN,Lincoln County,38.2,38.99864545309959,0.7986454530995886,4
39129,Ohio,OH,Pickaway County,42.9,37.60215976489657,-5.297840235103429,4
39121,Ohio,OH,Noble County,44.8,40.50940111687606,-4.290598883123934,2
40039,Oklahoma,OK,Custer County,38.8,39.60164761839538,0.8016476183953856,5
39057,Ohio,OH,Greene County,39.2,34.042755828750856,-5.157244171249147,4
39127,Ohio,OH,Perry County,42.9,38.955305166474815,-3.9446948335251832,1
40121,Oklahoma,OK,Pittsburg County,41.4,40.42178630480494,-0.9782136951950591,1
28023,Mississippi,MS,Clarke County,44.7,43.43473607627329,-1.2652639237267138,3
29149,Missouri,MO,Oregon County,44.3,41.45914427432035,-2.8408557256796456,3
29005,Missouri,MO,Atchison County,39.4,39.41750973336494,0.017509733364938995,5
31095,Nebraska,NE,Jefferson County,39.9,38.89953341147546,-1.0004665885245387,1
56025,Wyoming,WY,Natrona County,37.8,37.424636273214674,-0.3753637267853236,3
18101,Indiana,IN,Martin County,39.6,38.99882997838584,-0.6011700216141591,5
40119,Oklahoma,OK,Payne County,38.5,37.799214278136986,-0.7007857218630136,3
40011,Oklahoma,OK,Blaine County,43.6,38.78366223383613,-4.816337766163869,2
40005,Oklahoma,OK,Atoka County,42.8,40.64701108298914,-2.152988917010859,2
46115,South Dakota,SD,Spink County,36.8,37.94196810278997,1.1419681027899742,4
12085,Florida,FL,Martin County,27.6,31.474747208235023,3.8747472082350214,1
32005,Nevada,NV,Douglas County,30.5,29.67147698390132,-0.8285230160986785,1
17089,Illinois,IL,Kane County,37.3,34.32054147232235,-2.97945852767765,2
21207,Kentucky,KY,Russell County,40.0,41.41527569054552,1.4152756905455206,1
27151,Minnesota,MN,Swift County,39.7,38.68459615714454,-1.0154038428554628,4
29229,Missouri,MO,Wright County,40.9,41.944141882510294,1.0441418825102957,5
31151,Nebraska,NE,Saline County,40.8,38.34986307184908,-2.4501369281509184,5
46059,South Dakota,SD,Hand County,34.5,37.10991937196998,2.60991937196998,3
46025,South Dakota,SD,Clark County,38.0,36.85411805925194,-1.1458819407480618,1
46097,South Dakota,SD,Miner County,36.3,37.642887021061526,1.3428870210615287,3
46021,South Dakota,SD,Campbell County,35.0,34.8612848749121,-0.13871512508789863,1
13053,Georgia,GA,Chattahoochee County,43.1,37.93182857445101,-5.168171425548991,4
17033,Illinois,IL,Crawford County,36.8,37.70205116643573,0.9020511664357329,2
18141,Indiana,IN,St. Joseph County,37.8,37.75105803036298,-0.04894196963702058,4
17107,Illinois,IL,Logan County,38.8,37.35114077710688,-1.4488592228931196,5
29059,Missouri,MO,Dallas County,40.6,40.98621890401961,0.3862189040196071,3
31063,Nebraska,NE,Frontier County,40.6,37.42470386482526,-3.17529613517474,5
51775,Virginia,VA,Salem city,35.2,35.73012771451737,0.53012771451737,5
18087,Indiana,IN,LaGrange County,42.1,37.17683812726037,-4.923161872739634,3
22003,Louisiana,LA,Allen Parish,40.9,42.25779309880872,1.3577930988087203,4
23019,Maine,ME,Penobscot County,38.8,36.09495448074777,-2.7050455192522307,1
26045,Michigan,MI,Eaton County,34.9,36.49341555896269,1.5934155589626897,4
05033,Arkansas,AR,Crawford County,39.5,39.384044692844355,-0.1159553071556445,2
19193,Iowa,IA,Woodbury County,38.5,38.806428274308225,0.3064282743082245,5
01125,Alabama,AL,Tuscaloosa County,41.4,39.00990204287056,-2.3900979571294414,4
31145,Nebraska,NE,Red Willow County,39.5,37.97460466693749,-1.5253953330625123,4
31033,Nebraska,NE,Cheyenne County,41.2,36.14356551107568,-5.0564344889243245,5
26059,Michigan,MI,Hillsdale County,36.8,38.9488186060675,2.1488186060675005,2
19157,Iowa,IA,Poweshiek County,42.3,36.68690274377509,-5.613097256224904,5
26087,Michigan,MI,Lapeer County,35.5,36.47293319041089,0.9729331904108918,5
26077,Michigan,MI,Kalamazoo County,35.7,36.2296051959354,0.529605195935396,4
26165,Michigan,MI,Wexford County,38.2,38.51355078165294,0.3135507816529355,5
27005,Minnesota,MN,Becker County,39.3,38.49200713121663,-0.8079928687833657,1
08021,Colorado,CO,Conejos County,30.5,38.1415276208929,7.6415276208929015,1
29155,Missouri,MO,Pemiscot County,43.8,44.27174371923681,0.47174371923681235,3
36019,New York,NY,Clinton County,41.8,35.41184805781044,-6.388151942189559,2
48181,Texas,TX,Grayson County,37.2,38.47058882786035,1.2705888278603439,3
51700,Virginia,VA,Newport News city,40.6,38.82097606921969,-1.779023930780312,3
16011,Idaho,ID,Bingham County,41.1,37.840459356531746,-3.259540643468256,2
17087,Illinois,IL,Johnson County,36.5,37.60996361663689,1.1099636166368896,4
17123,Illinois,IL,Marshall County,37.0,37.44883389764678,0.4488338976467787,2
35019,New Mexico,NM,Guadalupe County,35.6,38.21255173667406,2.6125517366740567,2
36123,New York,NY,Yates County,35.3,38.459818462356,3.159818462356,2
28097,Mississippi,MS,Montgomery County,45.5,44.33070962895868,-1.1692903710413205,1
37077,North Carolina,NC,Granville County,37.5,39.18279348001946,1.6827934800194626,1
40151,Oklahoma,OK,Woods County,40.7,37.51675728004577,-3.1832427199542295,5
51550,Virginia,VA,Chesapeake city,41.2,35.01658361593249,-6.183416384067513,4
51510,Virginia,VA,Alexandria city,29.5,25.29447559465954,-4.205524405340459,4
53051,Washington,WA,Pend Oreille County,32.8,35.8065529305948,3.0065529305948004,1
56041,Wyoming,WY,Uinta County,35.5,36.183142973873714,0.6831429738737143,3
17141,Illinois,IL,Ogle County,35.9,37.4976442736493,1.5976442736493013,5
18063,Indiana,IN,Hendricks County,38.9,34.38063435520835,-4.519365644791648,3
18159,Indiana,IN,Tipton County,36.1,36.910332148655,0.8103321486550001,5
18049,Indiana,IN,Fulton County,41.8,38.84937624318317,-2.9506237568168245,2
28127,Mississippi,MS,Simpson County,41.7,43.89096159211173,2.1909615921117265,2
28117,Mississippi,MS,Prentiss County,40.4,40.897215881224994,0.4972158812249958,3
28107,Mississippi,MS,Panola County,46.0,45.540297266539945,-0.4597027334600554,2
42073,Pennsylvania,PA,Lawrence County,35.8,37.58294447450784,1.7829444745078433,3
29186,Missouri,MO,Ste. Genevieve County,36.7,38.87965305430829,2.1796530543082895,1
29510,Missouri,MO,St. Louis city,36.7,39.42913761600895,2.7291376160089484,2
55031,Wisconsin,WI,Douglas County,40.4,37.3901257213184,-3.0098742786816004,4
05071,Arkansas,AR,Johnson County,39.1,39.15654820021332,0.056548200213320854,4
18033,Indiana,IN,DeKalb County,37.5,38.33013411595097,0.830134115950969,4
19151,Iowa,IA,Pocahontas County,37.2,39.23894180003985,2.0389418000398507,1
19169,Iowa,IA,Story County,35.5,34.35270455296535,-1.1472954470346508,3
19013,Iowa,IA,Black Hawk County,39.1,37.525844995153136,-1.5741550048468653,2
19123,Iowa,IA,Mahaska County,42.4,39.33893053085746,-3.061069469142538,2
28037,Mississippi,MS,Franklin County,42.3,43.38973324008703,1.0897332400870354,1
28063,Mississippi,MS,Jefferson County,52.2,49.24049991931244,-2.9595000806875618,1
31087,Nebraska,NE,Hitchcock County,43.4,39.36619753597726,-4.033802464022742,1
31107,Nebraska,NE,Knox County,43.8,38.317299635487544,-5.4827003645124535,4
31043,Nebraska,NE,Dakota County,45.8,38.79476936543758,-7.005230634562416,4
55049,Wisconsin,WI,Iowa County,39.4,36.99991744221906,-2.400082557780941,1
19181,Iowa,IA,Warren County,42.1,36.51921396662859,-5.58078603337141,5
19087,Iowa,IA,Henry County,40.9,37.09744430362795,-3.802555696372046,5
19027,Iowa,IA,Carroll County,42.0,39.49410138325769,-2.505898616742307,5
19121,Iowa,IA,Madison County,38.2,37.29961798656854,-0.9003820134314608,2
19035,Iowa,IA,Cherokee County,40.2,38.555022574274986,-1.644977425725017,4
29141,Missouri,MO,Morgan County,43.1,39.61448545187151,-3.485514548128492,4
30021,Montana,MT,Dawson County,35.7,35.28228230756684,-0.4177176924331647,3
30025,Montana,MT,Fallon County,33.5,35.50514359252941,2.005143592529407,5
31127,Nebraska,NE,Nemaha County,40.9,39.35524628692422,-1.544753713075778,1
33011,New Hampshire,NH,Hillsborough County,29.8,30.4586957201157,0.6586957201156984,3
20155,Kansas,KS,Reno County,38.0,38.690125561777,0.6901255617770019,2
20109,Kansas,KS,Logan County,38.5,36.89505500477928,-1.6049449952207198,4
20133,Kansas,KS,Neosho County,42.8,39.498248248951384,-3.301751751048613,3
20079,Kansas,KS,Harvey County,37.3,36.38528414164956,-0.9147158583504407,5
20001,Kansas,KS,Allen County,41.3,39.440209819576616,-1.8597901804233814,2
31053,Nebraska,NE,Dodge County,38.7,38.94307963619523,0.2430796361952261,4
31021,Nebraska,NE,Burt County,40.6,38.42399453080819,-2.1760054691918143,2
17183,Illinois,IL,Vermilion County,41.0,40.74599993759995,-0.2540000624000527,1
17091,Illinois,IL,Kankakee County,40.3,38.20552095790133,-2.094479042098669,5
20021,Kansas,KS,Cherokee County,42.0,39.391539149715186,-2.608460850284814,2
20153,Kansas,KS,Rawlins County,41.5,38.11444483366,-3.385555166339998,5
21009,Kentucky,KY,Barren County,40.7,40.81728577404973,0.1172857740497264,2
31041,Nebraska,NE,Custer County,38.7,39.20700899257753,0.507008992577525,2
31045,Nebraska,NE,Dawes County,39.5,38.62477457149728,-0.8752254285027234,4
31183,Nebraska,NE,Wheeler County,38.6,36.7440143214592,-1.8559856785408044,3
31117,Nebraska,NE,McPherson County,40.8,37.13788032099675,-3.662119679003247,5
20037,Kansas,KS,Crawford County,42.6,40.00375248678358,-2.5962475132164187,4
18165,Indiana,IN,Vermillion County,40.8,39.33083297295365,-1.4691670270463462,1
20029,Kansas,KS,Cloud County,41.5,40.21755698123003,-1.2824430187699676,5
21143,Kentucky,KY,Lyon County,38.3,36.397055314788766,-1.9029446852112315,2
21173,Kentucky,KY,Montgomery County,42.3,40.72770305313236,-1.5722969468676382,1
51021,Virginia,VA,Bland County,39.5,38.10113486508688,-1.3988651349131231,1
51197,Virginia,VA,Wythe County,38.4,40.10993380465666,1.7099338046566643,5
31067,Nebraska,NE,Gage County,42.6,38.50823390877156,-4.091766091228443,5
17121,Illinois,IL,Marion County,38.5,38.871139549503845,0.37113954950384453,5
19071,Iowa,IA,Fremont County,36.3,37.2847860422349,0.9847860422349015,1
21105,Kentucky,KY,Hickman County,40.8,40.309111341597216,-0.4908886584027812,5
22007,Louisiana,LA,Assumption Parish,41.2,41.667296679338705,0.4672966793387019,3
51079,Virginia,VA,Greene County,36.8,36.567727826348474,-0.23227217365152342,2
19155,Iowa,IA,Pottawattamie County,42.6,38.27793066638999,-4.32206933361001,1
19043,Iowa,IA,Clayton County,40.6,38.9193946585169,-1.6806053414831013,2
22061,Louisiana,LA,Lincoln Parish,42.0,42.516206155306136,0.5162061553061363,5
22093,Louisiana,LA,St. James Parish,43.9,41.53974577053651,-2.360254229463486,5
26143,Michigan,MI,Roscommon County,35.4,36.745577536633675,1.3455775366336766,1
27029,Minnesota,MN,Clearwater County,39.2,37.07776126272509,-2.1222387372749125,1
51760,Virginia,VA,Richmond city,35.8,38.32644512228471,2.526445122284713,2
51135,Virginia,VA,Nottoway County,44.4,41.699482535596005,-2.700517464403994,4
17037,Illinois,IL,DeKalb County,35.7,36.35974161842901,0.6597416184290097,5
27105,Minnesota,MN,Nobles County,40.7,38.36954881904568,-2.33045118095432,1
17199,Illinois,IL,Williamson County,38.4,38.75586806600239,0.35586806600239385,3
17053,Illinois,IL,Ford County,38.0,38.87164409354577,0.8716440935457683,3
27057,Minnesota,MN,Hubbard County,40.0,38.25895402693251,-1.741045973067493,4
27141,Minnesota,MN,Sherburne County,37.7,36.38190109560153,-1.3180989043984752,1
51570,Virginia,VA,Colonial Heights city,39.1,37.1230222259575,-1.9769777740425027,3
55027,Wisconsin,WI,Dodge County,40.5,36.05219530407236,-4.447804695927637,1
55017,Wisconsin,WI,Chippewa County,40.0,37.935393699866346,-2.0646063001336543,5
21053,Kentucky,KY,Clinton County,39.6,41.766284024342454,2.1662840243424526,5
01127,Alabama,AL,Walker County,42.9,40.27336922425464,-2.6266307757453617,1
08051,Colorado,CO,Gunnison County,23.7,27.846277012075245,4.146277012075245,3
08039,Colorado,CO,Elbert County,25.0,33.873786908061625,8.873786908061625,3
27007,Minnesota,MN,Beltrami County,41.1,38.91525108292227,-2.1847489170777337,4
28145,Mississippi,MS,Union County,39.8,40.30015469713551,0.500154697135514,3
28035,Mississippi,MS,Forrest County,43.9,41.99000385981291,-1.90999614018709,1
28031,Mississippi,MS,Covington County,41.4,42.61991605715756,1.2199160571575618,5
55041,Wisconsin,WI,Forest County,42.3,37.00812859815272,-5.291871401847274,2
55033,Wisconsin,WI,Dunn County,41.0,34.94809617093816,-6.0519038290618425,1
40033,Oklahoma,OK,Cotton County,42.4,40.23975455604649,-2.1602454439535066,3
36027,New York,NY,Dutchess County,34.3,29.153293537990223,-5.146706462009774,4
13069,Georgia,GA,Coffee County,41.4,43.96706203034213,2.5670620303421288,3
28061,Mississippi,MS,Jasper County,44.1,44.58867271237404,0.48867271237404,4
29047,Missouri,MO,Clay County,35.2,36.137353157493536,0.9373531574935328,4
29225,Missouri,MO,Webster County,38.6,40.087753221796085,1.4877532217960834,3
29075,Missouri,MO,Gentry County,37.6,40.33769314361616,2.7376931436161556,3
01081,Alabama,AL,Lee County,35.2,37.82064759159112,2.6206475915911156,4
08045,Colorado,CO,Garfield County,26.7,32.026445271187576,5.326445271187577,5
48493,Texas,TX,Wilson County,42.1,36.9303398148496,-5.1696601851503985,2
55115,Wisconsin,WI,Shawano County,45.0,35.5653347270608,-9.434665272939199,5
18157,Indiana,IN,Tippecanoe County,35.1,35.12188247955894,0.02188247955893985,4
19171,Iowa,IA,Tama County,41.3,39.18535296514395,-2.1146470348560484,2
13035,Georgia,GA,Butts County,40.2,39.446798038602665,-0.7532019613973375,5
13117,Georgia,GA,Forsyth County,31.3,31.528287491903313,0.22828749190331266,4
29043,Missouri,MO,Christian County,36.7,37.90164434416953,1.2016443441695301,2
29003,Missouri,MO,Andrew County,42.1,39.01985470393826,-3.080145296061744,1
12063,Florida,FL,Jackson County,42.7,41.43309196474737,-1.2669080352526336,1
17077,Illinois,IL,Jackson County,39.0,38.17231148075716,-0.8276885192428409,2
19023,Iowa,IA,Butler County,39.5,37.94771343312884,-1.5522865668711603,4
19067,Iowa,IA,Floyd County,42.8,38.55222612322601,-4.247773876773984,5
19105,Iowa,IA,Jones County,39.4,38.47505363438389,-0.9249463656161083,2
20085,Kansas,KS,Jackson County,43.3,38.73882494989404,-4.561175050105959,3
20081,Kansas,KS,Haskell County,40.5,36.18959922480352,-4.310400775196477,4
20195,Kansas,KS,Trego County,36.2,37.29449693922083,1.094496939220825,2
13255,Georgia,GA,Spalding County,40.2,41.017439595386115,0.8174395953861122,3
13043,Georgia,GA,Candler County,44.0,43.131189387285055,-0.8688106127149453,5
29219,Missouri,MO,Warren County,37.6,38.00927063090216,0.40927063090215654,2
29053,Missouri,MO,Cooper County,41.1,39.2352245461673,-1.8647754538326993,2
29093,Missouri,MO,Iron County,39.4,40.75944800058833,1.3594480005883298,5
17001,Illinois,IL,Adams County,39.5,38.23715450365126,-1.2628454963487385,3
30111,Montana,MT,Yellowstone County,34.6,36.65078371026195,2.050783710261946,4
20033,Kansas,KS,Comanche County,38.7,40.08844419525116,1.3884441952511537,1
21113,Kentucky,KY,Jessamine County,36.7,38.75970175144391,2.05970175144391,2
21191,Kentucky,KY,Pendleton County,39.9,39.63217734192937,-0.267822658070628,5
13155,Georgia,GA,Irwin County,40.3,41.247121781365955,0.9471217813659578,2
13287,Georgia,GA,Turner County,43.7,44.76843192366488,1.0684319236648747,2
30095,Montana,MT,Stillwater County,31.9,32.28614088070591,0.38614088070590924,5
30103,Montana,MT,Treasure County,31.0,36.424276724218586,5.424276724218586,2
30101,Montana,MT,Toole County,35.1,36.844578248438744,1.7445782484387422,2
19005,Iowa,IA,Allamakee County,38.3,39.03750339752938,0.7375033975293803,5
21213,Kentucky,KY,Simpson County,41.0,39.38767854747896,-1.6123214525210372,5
55025,Wisconsin,WI,Dane County,31.6,28.78110633218772,-2.818893667812283,2
21221,Kentucky,KY,Trigg County,40.3,39.47568683623226,-0.8243131637677337,3
47139,Tennessee,TN,Polk County,37.6,39.15082228470704,1.5508222847070385,3
47137,Tennessee,TN,Pickett County,39.8,38.49083289510352,-1.3091671048964741,5
13109,Georgia,GA,Evans County,44.8,42.751443812356406,-2.048556187643591,1
13007,Georgia,GA,Baker County,41.9,43.537867785243186,1.6378677852431878,2
15005,Hawaii,HI,Kalawao County,29.1,32.369085833127535,3.2690858331275336,4
31035,Nebraska,NE,Clay County,44.2,37.229510110849304,-6.970489889150699,5
31167,Nebraska,NE,Stanton County,37.9,37.15765427624343,-0.7423457237565714,3
31017,Nebraska,NE,Brown County,40.6,37.015019607409606,-3.5849803925903956,1
32021,Nevada,NV,Mineral County,35.0,35.84908641515047,0.8490864151504667,4
39017,Ohio,OH,Butler County,36.5,36.56919110313155,0.0691911031315513,3
27055,Minnesota,MN,Houston County,38.4,36.5573929689213,-1.8426070310786997,2
16063,Idaho,ID,Lincoln County,36.5,38.17106137141992,1.671061371419917,2
19075,Iowa,IA,Grundy County,38.7,37.60819480150556,-1.0918051984944412,2
19141,Iowa,IA,O'Brien County,38.8,38.5485579953989,-0.25144200460109545,4
20135,Kansas,KS,Ness County,37.8,34.48661067884522,-3.31338932115478,3
28111,Mississippi,MS,Perry County,41.7,41.95188174641256,0.25188174641255756,3
29137,Missouri,MO,Monroe County,41.4,40.211982402794725,-1.188017597205274,3
29107,Missouri,MO,Lafayette County,38.9,38.99733927796586,0.09733927796585817,5
31039,Nebraska,NE,Cuming County,39.7,37.0239022735365,-2.676097726463503,1
20023,Kansas,KS,Cheyenne County,39.9,36.281758234842755,-3.6182417651572436,3
29001,Missouri,MO,Adair County,42.0,39.61190011689626,-2.3880998831037417,2
31137,Nebraska,NE,Phelps County,43.2,37.87265278642619,-5.327347213573816,5
36035,New York,NY,Fulton County,36.3,36.67076061435372,0.37076061435372054,4
47099,Tennessee,TN,Lawrence County,41.0,41.064423252960346,0.06442325296034568,2
31147,Nebraska,NE,Richardson County,44.2,38.233552145226085,-5.966447854773918,3
17069,Illinois,IL,Hardin County,37.8,37.83544382330915,0.03544382330915141,4
39033,Ohio,OH,Crawford County,44.0,39.981311375159486,-4.0186886248405145,4
40081,Oklahoma,OK,Lincoln County,42.3,40.79613015803191,-1.5038698419680898,2
46129,South Dakota,SD,Walworth County,34.8,38.534096682795315,3.734096682795318,1
48253,Texas,TX,Jones County,42.6,38.26682564824045,-4.333174351759553,2
48417,Texas,TX,Shackelford County,38.1,38.44336746550975,0.3433674655097505,4
42037,Pennsylvania,PA,Columbia County,37.2,36.113077995256106,-1.0869220047438972,5
46015,South Dakota,SD,Brule County,36.8,37.661072216212666,0.8610722162126692,5
27019,Minnesota,MN,Carver County,33.1,33.919395189885165,0.8193951898851637,1
28091,Mississippi,MS,Marion County,44.1,43.68195149750958,-0.41804850249042147,5
28025,Mississippi,MS,Clay County,42.6,45.4936544963908,2.893654496390802,2
29035,Missouri,MO,Carter County,40.0,41.00893055446348,1.0089305544634826,4
31013,Nebraska,NE,Box Butte County,40.5,37.81966948066514,-2.680330519334859,3
19007,Iowa,IA,Appanoose County,43.3,39.813925187925015,-3.486074812074982,1
21075,Kentucky,KY,Fulton County,45.4,41.535538010746535,-3.8644619892534635,2
20169,Kansas,KS,Saline County,37.9,35.98038194885974,-1.9196180511402616,1
51520,Virginia,VA,Bristol city,41.3,39.69487989578517,-1.6051201042148264,2
40007,Oklahoma,OK,Beaver County,39.2,37.6620691036975,-1.5379308963025053,3
50011,Vermont,VT,Franklin County,31.1,36.35996955259779,5.259969552597788,5
54051,West Virginia,WV,Marshall County,42.3,39.26890486389731,-3.031095136102685,3
55013,Wisconsin,WI,Burnett County,43.1,35.268357074299104,-7.831642925700898,2
16053,Idaho,ID,Jerome County,40.1,37.974183151758155,-2.125816848241847,3
51820,Virginia,VA,Waynesboro city,38.1,37.94437546736592,-0.1556245326340786,2
55069,Wisconsin,WI,Lincoln County,40.3,37.12685888978815,-3.1731411102118443,3
01029,Alabama,AL,Cleburne County,39.4,40.18695410362014,0.7869541036201397,1
16045,Idaho,ID,Gem County,31.4,36.08088196903215,4.68088196903215,4
37067,North Carolina,NC,Forsyth County,31.8,38.15061903015929,6.35061903015929,3
06035,California,CA,Lassen County,32.8,35.76655122019992,2.966551220199925,4
12109,Florida,FL,St. Johns County,26.5,32.535305053536504,6.035305053536504,2
48385,Texas,TX,Real County,41.3,35.80320210673105,-5.496797893268948,4
40073,Oklahoma,OK,Kingfisher County,41.3,38.57188430916084,-2.7281156908391537,5
26113,Michigan,MI,Missaukee County,38.3,38.93260259884456,0.6326025988445636,4
35031,New Mexico,NM,McKinley County,37.4,42.46818711073071,5.068187110730712,1
40037,Oklahoma,OK,Creek County,39.4,39.99952580295039,0.5995258029503887,4
37069,North Carolina,NC,Franklin County,38.0,38.64890516698416,0.6489051669841572,4
39141,Ohio,OH,Ross County,42.2,40.111483831840175,-2.0885161681598277,1
46051,South Dakota,SD,Grant County,33.1,37.009575548324584,3.9095755483245824,3
27045,Minnesota,MN,Fillmore County,37.2,38.66122628126858,1.46122628126858,4
29127,Missouri,MO,Marion County,36.1,39.896755104986795,3.7967551049867936,3
46003,South Dakota,SD,Aurora County,33.4,37.677096539193165,4.277096539193167,3
18111,Indiana,IN,Newton County,41.5,37.983988318011555,-3.516011681988445,4
26005,Michigan,MI,Allegan County,31.6,37.410378687872495,5.810378687872493,1
47073,Tennessee,TN,Hawkins County,37.5,39.92763100980824,2.4276310098082376,3
51081,Virginia,VA,Greensville County,46.2,43.52906935218553,-2.6709306478144725,4
08097,Colorado,CO,Pitkin County,21.1,23.850866309528,2.750866309528,3
37097,North Carolina,NC,Iredell County,33.5,36.69605433950728,3.1960543395072776,5
42013,Pennsylvania,PA,Blair County,36.2,37.44825159248185,1.24825159248185,2
20189,Kansas,KS,Stevens County,40.3,38.36401478450018,-1.9359852154998194,5
20071,Kansas,KS,Greeley County,36.5,37.352743980759165,0.8527439807591648,2
56011,Wyoming,WY,Crook County,31.2,35.01243549628594,3.8124354962859393,1
18079,Indiana,IN,Jennings County,41.8,40.02024156919742,-1.7797584308025804,1
40093,Oklahoma,OK,Major County,41.6,37.72287097167776,-3.877129028322244,1
13257,Georgia,GA,Stephens County,37.5,39.73009799181557,2.230097991815569,1
23009,Maine,ME,Hancock County,28.3,33.61924367766112,5.319243677661117,2
48255,Texas,TX,Karnes County,40.5,39.76252924610641,-0.7374707538935894,1
26065,Michigan,MI,Ingham County,34.0,35.25831648893516,1.258316488935158,4
40031,Oklahoma,OK,Comanche County,43.8,39.30720602670441,-4.492793973295591,5
18005,Indiana,IN,Bartholomew County,34.0,35.4098112490849,1.4098112490849033,4
47171,Tennessee,TN,Unicoi County,36.8,36.9533141119345,0.15331411193450606,3
53077,Washington,WA,Yakima County,42.0,37.78560424907526,-4.214395750924737,5
08041,Colorado,CO,El Paso County,28.1,35.08151613229363,6.981516132293628,1
42121,Pennsylvania,PA,Venango County,35.5,37.52623131019952,2.0262313101995204,2
46027,South Dakota,SD,Clay County,39.9,36.11272919433023,-3.7872708056697704,3
39137,Ohio,OH,Putnam County,40.0,39.008699360198015,-0.9913006398019846,4
08073,Colorado,CO,Lincoln County,30.3,38.22294541650324,7.922945416503236,1
19137,Iowa,IA,Montgomery County,39.8,39.082870429232834,-0.7171295707671632,5
20047,Kansas,KS,Edwards County,42.2,38.389869769699445,-3.810130230300558,4
26129,Michigan,MI,Ogemaw County,38.3,38.18260838288192,-0.11739161711808066,1
35023,New Mexico,NM,Hidalgo County,34.9,38.47726341724373,3.577263417243728,1
19115,Iowa,IA,Louisa County,44.8,35.89387658452226,-8.906123415477737,1
13293,Georgia,GA,Upson County,41.7,42.221975390902315,0.5219753909023126,5
28071,Mississippi,MS,Lafayette County,40.0,37.21051281413495,-2.789487185865049,2
29211,Missouri,MO,Sullivan County,40.0,40.05782797551007,0.05782797551007235,1
31139,Nebraska,NE,Pierce County,41.4,38.22119471990271,-3.1788052800972864,1
31109,Nebraska,NE,Lancaster County,33.1,36.24315922383908,3.1431592238390778,4
31175,Nebraska,NE,Valley County,40.2,38.76437960941428,-1.4356203905857257,5
37187,North Carolina,NC,Washington County,41.0,42.345567981229,1.345567981229003,4
21015,Kentucky,KY,Boone County,38.5,35.667050964842694,-2.8329490351573057,3
31133,Nebraska,NE,Pawnee County,39.2,39.69235672137864,0.4923567213786342,2
39009,Ohio,OH,Athens County,38.3,39.320477655544074,1.0204776555440773,4
17083,Illinois,IL,Jersey County,37.8,36.125473211774455,-1.674526788225542,2
17081,Illinois,IL,Jefferson County,38.8,39.33682025291302,0.5368202529130244,3
17041,Illinois,IL,Douglas County,36.7,36.96487497368003,0.26487497368002977,5
41009,Oregon,OR,Columbia County,36.9,33.1510456942495,-3.7489543057505017,5
53069,Washington,WA,Wahkiakum County,40.3,33.787411195742386,-6.512588804257611,5
50023,Vermont,VT,Washington County,26.8,32.86129367025914,6.061293670259136,4
51610,Virginia,VA,Falls Church city,30.1,29.69737751261408,-0.40262248738592277,3
41011,Oregon,OR,Coos County,31.1,32.24623472730468,1.1462347273046802,2
46109,South Dakota,SD,Roberts County,42.8,39.11949591293681,-3.680504087063184,4
12035,Florida,FL,Flagler County,33.4,32.23354242535485,-1.1664575746451504,4
13147,Georgia,GA,Hart County,36.1,37.565605198736456,1.465605198736455,5
20183,Kansas,KS,Smith County,41.0,38.58657320200777,-2.41342679799223,5
18037,Indiana,IN,Dubois County,38.4,35.43117353845192,-2.968826461548076,4
19127,Iowa,IA,Marshall County,40.7,37.89747305356695,-2.802526946433055,2
20127,Kansas,KS,Morris County,40.4,38.30334907666765,-2.096650923332348,1
20185,Kansas,KS,Stafford County,38.6,37.91351021264325,-0.6864897873567486,3
55073,Wisconsin,WI,Marathon County,35.9,34.49932072884064,-1.4006792711593619,4
01067,Alabama,AL,Henry County,38.3,39.64048365770717,1.3404836577071748,4
17173,Illinois,IL,Shelby County,37.2,38.87990075984993,1.6799007598499287,3
48505,Texas,TX,Zapata County,46.1,45.5163278509836,-0.583672149016401,2
50025,Vermont,VT,Windham County,26.0,30.81233713887788,4.812337138877879,5
08105,Colorado,CO,Rio Grande County,26.4,37.18940019276944,10.789400192769442,1
05143,Arkansas,AR,Washington County,33.5,35.45553363052767,1.9555336305276683,1
08061,Colorado,CO,Kiowa County,30.0,36.795653276326675,6.795653276326675,2
35001,New Mexico,NM,Bernalillo County,28.1,34.9575160886133,6.857516088613302,3
46013,South Dakota,SD,Brown County,35.9,38.49886040102109,2.598860401021092,3
47011,Tennessee,TN,Bradley County,39.2,38.27457550736142,-0.9254244926385837,2
16075,Idaho,ID,Payette County,37.4,36.55362455658979,-0.84637544341021,1
29177,Missouri,MO,Ray County,40.4,38.79816680897183,-1.6018331910281702,3
01031,Alabama,AL,Coffee County,34.1,39.60285026391536,5.502850263915356,3
22109,Louisiana,LA,Terrebonne Parish,40.5,40.08975480430225,-0.41024519569774753,4
19153,Iowa,IA,Polk County,38.9,35.43223526522533,-3.4677647347746685,2
48357,Texas,TX,Ochiltree County,38.7,37.51132552633529,-1.1886744736647117,3
39113,Ohio,OH,Montgomery County,41.5,37.88808117287819,-3.611918827121812,1
37071,North Carolina,NC,Gaston County,36.5,38.24489234825937,1.74489234825937,1
38079,North Dakota,ND,Rolette County,45.4,42.85869915203923,-2.5413008479607697,2
48097,Texas,TX,Cooke County,37.3,38.84229114542998,1.542291145429985,4
08087,Colorado,CO,Morgan County,31.3,38.61488326359825,7.314883263598251,1
12043,Florida,FL,Glades County,39.7,38.26157473299088,-1.4384252670091229,4
47129,Tennessee,TN,Morgan County,40.2,41.06006729746707,0.8600672974670687,5
48115,Texas,TX,Dawson County,42.6,42.12477585651012,-0.47522414348988207,1
39145,Ohio,OH,Scioto County,43.7,41.81880397014266,-1.8811960298573425,1
29045,Missouri,MO,Clark County,40.4,40.41055962097225,0.010559620972252048,2
38019,North Dakota,ND,Cavalier County,36.6,37.23846203613003,0.6384620361300293,3
49009,Utah,UT,Daggett County,33.8,38.64920712994843,4.849207129948432,2
51013,Virginia,VA,Arlington County,25.9,23.779729770256615,-2.120270229743383,2
39051,Ohio,OH,Fulton County,42.4,37.97583952318449,-4.4241604768155085,5
40045,Oklahoma,OK,Ellis County,41.2,37.94161278259224,-3.2583872174077655,5
02063,Alaska,AK,Chugach Census Area,30.4,31.60445787470728,1.2044578747072805,3
13095,Georgia,GA,Dougherty County,44.4,46.50832364928497,2.1083236492849693,2
13059,Georgia,GA,Clarke County,37.0,38.22192353562801,1.221923535628008,1
42001,Pennsylvania,PA,Adams County,37.3,34.64257741846733,-2.657422581532664,5
27115,Minnesota,MN,Pine County,38.9,36.673172184140356,-2.226827815859643,1
55117,Wisconsin,WI,Sheboygan County,40.5,35.0664257981436,-5.433574201856402,3
13017,Georgia,GA,Ben Hill County,41.9,43.27481764176736,1.3748176417673648,4
02060,Alaska,AK,Bristol Bay Borough,32.0,35.52458684998162,3.524586849981617,3
26131,Michigan,MI,Ontonagon County,38.1,36.625597418330706,-1.4744025816692954,2
13037,Georgia,GA,Calhoun County,46.6,47.79894460136393,1.1989446013639267,3
33001,New Hampshire,NH,Belknap County,30.3,29.399840726407803,-0.9001592735921982,5
48381,Texas,TX,Randall County,33.9,36.21636130954811,2.316361309548114,2
48207,Texas,TX,Haskell County,39.7,39.74647929760396,0.04647929760395897,3
48281,Texas,TX,Lampasas County,38.3,37.186230242688616,-1.1137697573113812,4
48271,Texas,TX,Kinney County,41.5,37.328125819777334,-4.171874180222666,3
49039,Utah,UT,Sanpete County,32.9,38.87233003343007,5.972330033430069,3
13225,Georgia,GA,Peach County,42.7,40.672481746559555,-2.027518253440448,4
17061,Illinois,IL,Greene County,37.5,39.45410825418508,1.9541082541850798,2
19079,Iowa,IA,Hamilton County,35.4,37.67908880457003,2.27908880457003,2
27135,Minnesota,MN,Roseau County,33.3,36.897987789656895,3.597987789656898,2
28141,Mississippi,MS,Tishomingo County,39.9,39.645924213256805,-0.25407578674319353,4
29227,Missouri,MO,Worth County,39.7,39.668204370069994,-0.031795629930009284,3
31057,Nebraska,NE,Dundy County,41.2,36.75481796283881,-4.445182037161196,2
39157,Ohio,OH,Tuscarawas County,43.7,39.33379047681102,-4.366209523188985,2
39125,Ohio,OH,Paulding County,39.4,39.73575895791931,0.3357589579193103,3
40061,Oklahoma,OK,Haskell County,43.7,42.35518366493072,-1.3448163350692823,4
54091,West Virginia,WV,Taylor County,40.3,39.509594100446265,-0.7904058995537326,2
19179,Iowa,IA,Wapello County,42.0,38.817496760539,-3.182503239460999,2
20115,Kansas,KS,Marion County,38.7,39.08566431150359,0.3856643115035894,4
20163,Kansas,KS,Rooks County,38.3,39.94779812623377,1.6477981262337735,1
21169,Kentucky,KY,Metcalfe County,41.7,41.06883527314022,-0.6311647268597795,3
18173,Indiana,IN,Warrick County,39.8,37.2255900395104,-2.5744099604895965,1
17143,Illinois,IL,Peoria County,35.6,37.764410359144186,2.164410359144185,5
19187,Iowa,IA,Webster County,38.7,38.48530039539053,-0.21469960460947135,4
20207,Kansas,KS,Woodson County,38.4,39.65373710580754,1.253737105807538,4
20053,Kansas,KS,Ellsworth County,39.8,37.20143751319221,-2.5985624868077863,2
21035,Kentucky,KY,Calloway County,40.6,38.345472283932,-2.2545277160680044,1
13093,Georgia,GA,Dooly County,44.0,44.050969916055216,0.05096991605521595,3
16067,Idaho,ID,Minidoka County,34.8,38.44899389659382,3.6489938965938222,4
20063,Kansas,KS,Gove County,40.2,34.575811627757496,-5.624188372242507,1
22095,Louisiana,LA,St. John the Baptist Parish,43.8,42.28841482332054,-1.5115851766794606,5
27165,Minnesota,MN,Watonwan County,39.3,37.20177538028743,-2.0982246197125676,3
28065,Mississippi,MS,Jefferson Davis County,43.8,46.38363078703305,2.5836307870330515,3
29025,Missouri,MO,Caldwell County,40.0,40.30639124822877,0.3063912482287705,2
19061,Iowa,IA,Dubuque County,41.5,37.233502392475785,-4.266497607524215,1
20157,Kansas,KS,Republic County,38.2,39.28866660745808,1.0886666074580802,5
21219,Kentucky,KY,Todd County,39.6,40.7190512752368,1.1190512752367994,5
47051,Tennessee,TN,Franklin County,39.0,37.55137961325968,-1.4486203867403233,1
48359,Texas,TX,Oldham County,36.7,37.91473206654258,1.2147320665425738,5
50003,Vermont,VT,Bennington County,28.3,32.47816300371801,4.178163003718009,4
29221,Missouri,MO,Washington County,39.0,42.10661623981176,3.106616239811757,5
31121,Nebraska,NE,Merrick County,40.1,37.36485651519993,-2.7351434848000693,5
31099,Nebraska,NE,Kearney County,38.3,36.47037998094899,-1.8296200190510064,5
31097,Nebraska,NE,Johnson County,40.3,38.2748790158429,-2.0251209841570983,5
31011,Nebraska,NE,Boone County,35.3,38.40546448350651,3.105464483506516,4
36121,New York,NY,Wyoming County,35.8,36.09659035678894,0.29659035678893986,5
21047,Kentucky,KY,Christian County,41.8,40.833754798808066,-0.9662452011919314,2
18093,Indiana,IN,Lawrence County,39.8,39.604257077300566,-0.19574292269943072,1
18179,Indiana,IN,Wells County,40.7,38.324576989106205,-2.3754230108937975,5
19041,Iowa,IA,Clay County,40.6,37.865687877473526,-2.7343121225264753,2
55059,Wisconsin,WI,Kenosha County,43.2,36.22155822238887,-6.978441777611131,5
55095,Wisconsin,WI,Polk County,40.0,36.52926400936545,-3.4707359906345516,1
55129,Wisconsin,WI,Washburn County,35.7,37.28663300662879,1.5866330066287873,4
17111,Illinois,IL,McHenry County,34.2,32.25128949306209,-1.948710506937914,2
20035,Kansas,KS,Cowley County,41.8,38.98903638154134,-2.8109636184586577,3
18009,Indiana,IN,Blackford County,37.5,40.58900592824252,3.0890059282425213,3
39079,Ohio,OH,Jackson County,43.7,40.972528654329885,-2.727471345670118,4
42057,Pennsylvania,PA,Fulton County,36.0,38.24012456812635,2.2401245681263475,5
45001,South Carolina,SC,Abbeville County,38.7,40.37405850655046,1.674058506550459,4
20143,Kansas,KS,Ottawa County,36.9,39.73192204107653,2.831922041076531,2
20027,Kansas,KS,Clay County,40.1,37.40235423537536,-2.697645764624639,5
21081,Kentucky,KY,Grant County,37.8,39.286922506871434,1.4869225068714371,4
53021,Washington,WA,Franklin County,39.7,38.48645720971664,-1.2135427902833626,4
55085,Wisconsin,WI,Oneida County,38.5,34.98984975751234,-3.5101502424876614,4
05043,Arkansas,AR,Drew County,41.6,42.03737471857741,0.4373747185774093,5
08079,Colorado,CO,Mineral County,26.6,29.848407945339112,3.2484079453391104,4
17029,Illinois,IL,Coles County,38.5,38.63487806973148,0.13487806973147798,1
47089,Tennessee,TN,Jefferson County,38.8,38.4849189484233,-0.31508105157669775,1
20177,Kansas,KS,Shawnee County,40.0,37.64625308101149,-2.353746918988513,1
56001,Wyoming,WY,Albany County,35.0,31.823632761426524,-3.1763672385734765,3
13207,Georgia,GA,Monroe County,37.7,38.2584832181862,0.558483218186197,3
46119,South Dakota,SD,Sully County,37.4,34.50757057420852,-2.8924294257914767,1
48113,Texas,TX,Dallas County,34.8,35.884126358396344,1.0841263583963467,5
48083,Texas,TX,Coleman County,38.2,37.81863461364156,-0.3813653863584463,5
47177,Tennessee,TN,Warren County,39.2,39.842496248836866,0.6424962488368635,2
47169,Tennessee,TN,Trousdale County,38.6,40.278298076220175,1.6782980762201731,4
48367,Texas,TX,Parker County,36.8,35.680809280355476,-1.1191907196445214,4
22069,Louisiana,LA,Natchitoches Parish,45.0,43.30878418922249,-1.691215810777507,5
27131,Minnesota,MN,Rice County,35.0,36.49975435365522,1.49975435365522,4
01053,Alabama,AL,Escambia County,43.5,43.57247268117216,0.0724726811721581,4
48299,Texas,TX,Llano County,38.5,33.19596044221469,-5.304039557785309,1
48047,Texas,TX,Brooks County,45.0,43.26101043781035,-1.7389895621896514,5
04011,Arizona,AZ,Greenlee County,32.5,37.89479608843106,5.3947960884310575,1
48397,Texas,TX,Rockwall County,34.9,32.837220710463185,-2.062779289536813,5
48059,Texas,TX,Callahan County,36.4,37.91278889730749,1.5127888973074946,2
48145,Texas,TX,Falls County,42.7,41.06203710403675,-1.6379628959632555,1
38041,North Dakota,ND,Hettinger County,37.5,38.26822870626508,0.7682287062650772,3
04023,Arizona,AZ,Santa Cruz County,32.4,40.20167129566956,7.801671295669564,2
13055,Georgia,GA,Chattooga County,39.0,41.44766162857106,2.447661628571062,2
17075,Illinois,IL,Iroquois County,38.3,37.49840482292563,-0.8015951770743683,5
20009,Kansas,KS,Barton County,41.3,38.75230218586661,-2.547697814133386,3
49031,Utah,UT,Piute County,35.5,39.155477233519704,3.6554772335197043,4
55039,Wisconsin,WI,Fond du Lac County,41.7,37.08123766162016,-4.618762338379845,4
05049,Arkansas,AR,Fulton County,39.0,40.525230828935634,1.5252308289356336,3
35013,New Mexico,NM,Doña Ana County,36.0,39.47910820104864,3.479108201048639,3
37033,North Carolina,NC,Caswell County,35.5,40.68610211517304,5.186102115173043,5
39169,Ohio,OH,Wayne County,40.1,39.233587245689534,-0.8664127543104669,3
39133,Ohio,OH,Portage County,38.5,35.61356508846603,-2.886434911533968,2
40047,Oklahoma,OK,Garfield County,42.3,38.80370881605419,-3.4962911839458073,4
06029,California,CA,Kern County,35.9,38.17250357723831,2.272503577238311,5
18143,Indiana,IN,Scott County,39.5,39.78468351141024,0.2846835114102433,1
56017,Wyoming,WY,Hot Springs County,38.8,36.187319112418514,-2.612680887581483,2
40105,Oklahoma,OK,Nowata County,41.2,41.03845300400321,-0.1615469959967939,1
44003,Rhode Island,RI,Kent County,32.9,33.394145243534275,0.4941452435342768,5
28041,Mississippi,MS,Greene County,42.6,42.028824240703024,-0.5711757592969775,2
42011,Pennsylvania,PA,Berks County,35.0,36.32655475867339,1.3265547586733888,3
46005,South Dakota,SD,Beadle County,34.7,37.2409034884617,2.5409034884616943,2
27159,Minnesota,MN,Wadena County,42.9,38.74985691425736,-4.150143085742641,4
01079,Alabama,AL,Lawrence County,40.7,39.64144243386353,-1.0585575661364715,3
48231,Texas,TX,Hunt County,41.8,39.21742648949489,-2.5825735105051066,4
31161,Nebraska,NE,Sheridan County,36.3,39.0627142439192,2.7627142439192056,2
17119,Illinois,IL,Madison County,35.8,37.2010295482608,1.4010295482608015,2
28155,Mississippi,MS,Webster County,39.8,41.3645608391204,1.5645608391204036,4
29161,Missouri,MO,Phelps County,39.2,38.71856288931759,-0.481437110682414,2
29007,Missouri,MO,Audrain County,40.2,40.47325890987674,0.27325890987673773,5
